customer_id,gender,date_of_birth,state,city,income_band,risk_segment,customer_since,source_updated_at,dw_updated_at
CUST000022,Female,1992-03-29,Negeri Sembilan,Seremban,>RM15k,High,2022-10-06,2026-08-01,2026-08-14 00:26:12.005687
CUST000023,Male,2002-07-23,Melaka,Melaka City,RM10k-15k,Low,2019-05-23,2026-08-01,2026-08-14 00:26:12.005687
CUST000024,Male,1989-06-16,Johor,Johor Bahru,RM6k-10k,Medium,2018-12-06,2026-08-01,2026-08-14 00:26:12.005687
CUST000025,Male,2000-02-02,Perak,Ipoh,RM10k-15k,Low,2022-05-19,2026-08-01,2026-08-14 00:26:12.005687
CUST000026,Female,1955-07-01,Johor,Muar,RM6k-10k,Low,2021-06-14,2026-08-01,2026-08-14 00:26:12.005687
CUST000027,Female,1963-05-11,Sabah,Sandakan,RM3k-6k,Medium,2022-11-13,2026-08-01,2026-08-14 00:26:12.005687
CUST000028,Female,1985-09-04,Sarawak,Miri,RM3k-6k,Medium,2023-05-04,2026-08-01,2026-08-14 00:26:12.005687
CUST000029,Female,1981-06-27,Kuala Lumpur,Kuala Lumpur,RM6k-10k,Medium,2019-07-01,2026-08-01,2026-08-14 00:26:12.005687
CUST000030,Male,1960-11-26,Kuala Lumpur,Kuala Lumpur,RM6k-10k,Medium,2023-12-11,2026-08-01,2026-08-14 00:26:12.005687
CUST000031,Male,1990-03-13,Selangor,Petaling Jaya,RM10k-15k,High,2025-12-05,2026-08-01,2026-08-14 00:26:12.005687
CUST000032,Male,1957-11-15,Melaka,Melaka City,RM3k-6k,Medium,2020-08-05,2026-08-01,2026-08-14 00:26:12.005687
CUST000033,Female,2003-07-18,Selangor,Shah Alam,<RM3k,Low,2025-06-05,2026-08-01,2026-08-14 00:26:12.005687
CUST000034,Female,1962-08-31,Melaka,Melaka City,RM3k-6k,Medium,2025-06-04,2026-08-01,2026-08-14 00:26:12.005687
CUST000035,Female,1976-10-29,Johor,Batu Pahat,RM10k-15k,Medium,2021-05-07,2026-08-01,2026-08-14 00:26:12.005687
CUST000036,Female,1995-05-04,Selangor,Shah Alam,<RM3k,Low,2024-05-12,2026-08-01,2026-08-14 00:26:12.005687
CUST000037,Female,1980-03-09,Melaka,Melaka City,RM10k-15k,Medium,2025-06-16,2026-08-01,2026-08-14 00:26:12.005687
CUST000038,Female,1991-06-12,Penang,Bayan Lepas,<RM3k,Medium,2024-10-23,2026-08-01,2026-08-14 00:26:12.005687
CUST000039,Female,1989-06-23,Selangor,Subang Jaya,RM3k-6k,Low,2021-02-09,2026-08-01,2026-08-14 00:26:12.005687
CUST000040,Male,2001-06-27,Kuala Lumpur,Kuala Lumpur,RM10k-15k,Low,2023-05-01,2026-08-01,2026-08-14 00:26:12.005687
CUST000041,Female,1977-09-24,Kuala Lumpur,Kuala Lumpur,RM3k-6k,Medium,2022-09-27,2026-08-01,2026-08-14 00:26:12.005687
CUST000042,Male,2002-12-19,Kuala Lumpur,Kuala Lumpur,RM10k-15k,Low,2021-04-23,2026-08-01,2026-08-14 00:26:12.005687
CUST000043,Male,1980-04-26,Selangor,Klang,<RM3k,Medium,2023-02-11,2026-08-01,2026-08-14 00:26:12.005687
CUST000044,Female,1998-10-08,Penang,George Town,RM6k-10k,Low,2025-06-21,2026-08-01,2026-08-14 00:26:12.005687
CUST000045,Male,1990-11-24,Selangor,Subang Jaya,RM6k-10k,Medium,2018-03-17,2026-08-01,2026-08-14 00:26:12.005687
CUST000046,Male,1961-07-06,Kuala Lumpur,Kuala Lumpur,>RM15k,Medium,2025-03-18,2026-08-01,2026-08-14 00:26:12.005687
CUST000047,Female,1986-07-15,Selangor,Petaling Jaya,<RM3k,Low,2020-12-11,2026-08-01,2026-08-14 00:26:12.005687
CUST000048,Female,1998-01-14,Selangor,Shah Alam,RM3k-6k,Low,2024-08-16,2026-08-01,2026-08-14 00:26:12.005687
CUST000049,Male,1961-04-16,Negeri Sembilan,Seremban,RM6k-10k,Low,2018-11-11,2026-08-01,2026-08-14 00:26:12.005687
CUST000050,Female,1996-02-03,Selangor,Petaling Jaya,>RM15k,Low,2025-02-15,2026-08-01,2026-08-14 00:26:12.005687
CUST000051,Female,1960-03-01,Kuala Lumpur,Kuala Lumpur,RM10k-15k,Low,2021-08-01,2026-08-01,2026-08-14 00:26:12.005687
CUST000052,Female,1997-09-05,Penang,George Town,RM10k-15k,Low,2025-05-01,2026-08-01,2026-08-14 00:26:12.005687
CUST000053,Male,1993-08-27,Melaka,Melaka City,RM6k-10k,Medium,2021-06-03,2026-08-01,2026-08-14 00:26:12.005687
CUST000054,Male,1962-06-07,Sabah,Kota Kinabalu,RM6k-10k,Medium,2023-12-21,2026-08-01,2026-08-14 00:26:12.005687
CUST000055,Male,1990-08-05,Sarawak,Miri,RM10k-15k,Low,2022-10-08,2026-08-01,2026-08-14 00:26:12.005687
CUST000056,Male,1960-09-21,Melaka,Melaka City,RM10k-15k,Low,2019-08-09,2026-08-01,2026-08-14 00:26:12.005687
CUST000057,Female,1982-10-31,Penang,Bayan Lepas,RM10k-15k,Medium,2019-12-30,2026-08-01,2026-08-14 00:26:12.005687
CUST000058,Male,2000-04-06,Negeri Sembilan,Seremban,RM10k-15k,Low,2022-04-23,2026-08-01,2026-08-14 00:26:12.005687
CUST000059,Female,1965-02-02,Kuala Lumpur,Kuala Lumpur,RM10k-15k,Medium,2021-11-22,2026-08-01,2026-08-14 00:26:12.005687
CUST000060,Female,1963-07-08,Sarawak,Miri,<RM3k,Low,2022-12-05,2026-08-01,2026-08-14 00:26:12.005687
CUST000061,Male,1975-09-20,Sarawak,Miri,RM3k-6k,High,2024-06-14,2026-08-01,2026-08-14 00:26:12.005687
CUST000062,Female,1973-01-22,Melaka,Melaka City,>RM15k,Low,2024-03-09,2026-08-01,2026-08-14 00:26:12.005687
CUST000063,Male,1957-05-17,Johor,Muar,RM6k-10k,Low,2018-06-21,2026-08-01,2026-08-14 00:26:12.005687
CUST000064,Male,1977-05-05,Sabah,Sandakan,<RM3k,Medium,2021-12-17,2026-08-01,2026-08-14 00:26:12.005687
CUST000065,Male,1967-09-19,Selangor,Shah Alam,RM6k-10k,Low,2019-03-10,2026-08-01,2026-08-14 00:26:12.005687
CUST000066,Male,1961-02-05,Penang,Butterworth,RM6k-10k,Medium,2022-02-07,2026-08-01,2026-08-14 00:26:12.005687
CUST000067,Male,1968-07-10,Selangor,Petaling Jaya,RM10k-15k,Low,2022-04-15,2026-08-01,2026-08-14 00:26:12.005687
CUST000068,Female,1956-01-05,Penang,Butterworth,RM10k-15k,Low,2025-12-18,2026-08-01,2026-08-14 00:26:12.005687
CUST000069,Female,1999-11-01,Perak,Ipoh,<RM3k,Low,2021-02-08,2026-08-01,2026-08-14 00:26:12.005687
CUST000070,Female,2003-09-16,Selangor,Petaling Jaya,RM3k-6k,Medium,2021-08-13,2026-08-01,2026-08-14 00:26:12.005687
CUST000071,Female,1973-01-04,Selangor,Klang,<RM3k,High,2022-02-03,2026-08-01,2026-08-14 00:26:12.005687
CUST000072,Female,1997-12-14,Selangor,Klang,RM10k-15k,Low,2019-01-15,2026-08-01,2026-08-14 00:26:12.005687
CUST000073,Male,1977-08-09,Perak,Taiping,<RM3k,Medium,2018-06-25,2026-08-01,2026-08-14 00:26:12.005687
CUST000074,Female,1999-09-14,Perak,Ipoh,RM6k-10k,Medium,2023-09-04,2026-08-01,2026-08-14 00:26:12.005687
CUST000075,Female,1963-06-26,Sabah,Sandakan,RM6k-10k,Low,2020-05-28,2026-08-01,2026-08-14 00:26:12.005687
CUST000076,Female,1968-12-10,Kuala Lumpur,Kuala Lumpur,RM6k-10k,Low,2020-11-24,2026-08-01,2026-08-14 00:26:12.005687
CUST000077,Female,1991-04-01,Sarawak,Kuching,RM6k-10k,Low,2025-12-08,2026-08-01,2026-08-14 00:26:12.005687
CUST000078,Male,1965-10-13,Perak,Ipoh,RM6k-10k,Low,2019-12-27,2026-08-01,2026-08-14 00:26:12.005687
CUST000079,Male,1995-05-09,Kuala Lumpur,Kuala Lumpur,RM6k-10k,Medium,2025-03-26,2026-08-01,2026-08-14 00:26:12.005687
CUST000080,Male,1975-11-13,Selangor,Klang,<RM3k,Low,2023-01-10,2026-08-01,2026-08-14 00:26:12.005687
CUST000081,Male,1974-10-16,Johor,Batu Pahat,RM3k-6k,Low,2020-02-14,2026-08-01,2026-08-14 00:26:12.005687
CUST000082,Female,1977-03-18,Selangor,Shah Alam,RM6k-10k,Medium,2025-08-19,2026-08-01,2026-08-14 00:26:12.005687
CUST000083,Male,1994-02-03,Kuala Lumpur,Kuala Lumpur,RM3k-6k,Low,2022-12-23,2026-08-01,2026-08-14 00:26:12.005687
CUST000084,Female,1955-04-11,Selangor,Subang Jaya,RM10k-15k,Medium,2020-07-02,2026-08-01,2026-08-14 00:26:12.005687
CUST000085,Female,1991-10-13,Kuala Lumpur,Kuala Lumpur,RM3k-6k,Medium,2021-08-11,2026-08-01,2026-08-14 00:26:12.005687
CUST000086,Female,1993-03-07,Kuala Lumpur,Kuala Lumpur,RM10k-15k,Low,2020-12-23,2026-08-01,2026-08-14 00:26:12.005687
CUST000087,Male,1995-03-27,Selangor,Klang,<RM3k,Low,2024-10-05,2026-08-01,2026-08-14 00:26:12.005687
CUST000088,Female,2003-11-01,Sarawak,Miri,RM10k-15k,Low,2021-09-21,2026-08-01,2026-08-14 00:26:12.005687
CUST000089,Female,1993-04-30,Johor,Johor Bahru,RM3k-6k,High,2023-07-03,2026-08-01,2026-08-14 00:26:12.005687
CUST000090,Male,1980-11-26,Johor,Batu Pahat,RM6k-10k,Low,2024-01-21,2026-08-01,2026-08-14 00:26:12.005687
CUST000091,Female,1977-11-02,Perak,Ipoh,RM3k-6k,High,2021-03-02,2026-08-01,2026-08-14 00:26:12.005687
CUST000092,Male,1974-01-09,Johor,Johor Bahru,RM6k-10k,High,2025-05-16,2026-08-01,2026-08-14 00:26:12.005687
CUST000093,Female,1995-07-12,Kuala Lumpur,Kuala Lumpur,RM3k-6k,Low,2021-05-26,2026-08-01,2026-08-14 00:26:12.005687
CUST000094,Female,1974-03-30,Selangor,Klang,RM10k-15k,Medium,2020-02-11,2026-08-01,2026-08-14 00:26:12.005687
CUST000095,Female,1983-01-21,Selangor,Klang,RM6k-10k,Medium,2023-08-10,2026-08-01,2026-08-14 00:26:12.005687
CUST000096,Male,1959-09-16,Penang,Bayan Lepas,>RM15k,Low,2019-01-08,2026-08-01,2026-08-14 00:26:12.005687
CUST000097,Female,1970-07-19,Johor,Johor Bahru,RM6k-10k,High,2025-11-17,2026-08-01,2026-08-14 00:26:12.005687
CUST000098,Female,1968-01-16,Selangor,Petaling Jaya,RM6k-10k,Low,2023-06-20,2026-08-01,2026-08-14 00:26:12.005687
CUST000099,Female,1976-04-25,Penang,Butterworth,RM10k-15k,High,2020-07-13,2026-08-01,2026-08-14 00:26:12.005687
CUST000100,Male,1979-08-09,Negeri Sembilan,Seremban,RM3k-6k,Medium,2018-08-27,2026-08-01,2026-08-14 00:26:12.005687
CUST000101,Male,1990-02-08,Selangor,Shah Alam,RM6k-10k,Low,2022-09-06,2026-08-01,2026-08-14 00:26:12.005687
CUST000102,Male,1976-02-28,Johor,Johor Bahru,RM3k-6k,Low,2022-09-10,2026-08-01,2026-08-14 00:26:12.005687
CUST000103,Female,1962-05-14,Johor,Johor Bahru,RM10k-15k,Low,2024-05-09,2026-08-01,2026-08-14 00:26:12.005687
CUST000104,Male,1981-09-14,Perak,Ipoh,<RM3k,Low,2020-04-08,2026-08-01,2026-08-14 00:26:12.005687
CUST000105,Male,1957-09-05,Sabah,Kota Kinabalu,RM3k-6k,Medium,2019-09-12,2026-08-01,2026-08-14 00:26:12.005687
CUST000106,Male,1996-08-07,Perak,Taiping,RM6k-10k,Low,2021-04-20,2026-08-01,2026-08-14 00:26:12.005687
CUST000107,Female,1992-10-03,Selangor,Shah Alam,RM3k-6k,High,2024-07-18,2026-08-01,2026-08-14 00:26:12.005687
CUST000108,Female,1966-01-13,Johor,Batu Pahat,RM3k-6k,Low,2025-04-06,2026-08-01,2026-08-14 00:26:12.005687
CUST000109,Female,1967-11-24,Sarawak,Miri,RM3k-6k,Low,2020-11-02,2026-08-01,2026-08-14 00:26:12.005687
CUST000110,Male,1956-05-10,Selangor,Klang,RM10k-15k,Low,2018-05-20,2026-08-01,2026-08-14 00:26:12.005687
CUST000111,Female,1972-11-08,Negeri Sembilan,Seremban,RM3k-6k,Low,2018-11-21,2026-08-01,2026-08-14 00:26:12.005687
CUST000112,Female,1956-11-15,Selangor,Shah Alam,RM3k-6k,Medium,2022-05-10,2026-08-01,2026-08-14 00:26:12.005687
CUST000113,Female,2000-11-16,Johor,Muar,>RM15k,Low,2018-03-14,2026-08-01,2026-08-14 00:26:12.005687
CUST000114,Male,1961-07-29,Johor,Muar,>RM15k,Medium,2023-10-16,2026-08-01,2026-08-14 00:26:12.005687
CUST000115,Female,1987-04-23,Johor,Johor Bahru,<RM3k,Medium,2018-04-07,2026-08-01,2026-08-14 00:26:12.005687
CUST000116,Male,1982-12-14,Sarawak,Miri,RM6k-10k,Low,2021-05-22,2026-08-01,2026-08-14 00:26:12.005687
CUST000117,Male,1966-08-09,Kuala Lumpur,Kuala Lumpur,<RM3k,Low,2024-05-18,2026-08-01,2026-08-14 00:26:12.005687
CUST000118,Male,1994-08-07,Penang,George Town,>RM15k,Low,2021-09-28,2026-08-01,2026-08-14 00:26:12.005687
CUST000119,Female,1960-05-02,Penang,Bayan Lepas,RM3k-6k,Low,2023-05-26,2026-08-01,2026-08-14 00:26:12.005687
CUST000120,Male,1998-06-14,Sarawak,Miri,RM3k-6k,Medium,2020-09-02,2026-08-01,2026-08-14 00:26:12.005687
CUST000121,Male,1991-04-11,Penang,George Town,RM3k-6k,Low,2024-05-06,2026-08-01,2026-08-14 00:26:12.005687
CUST000122,Male,1986-02-12,Negeri Sembilan,Seremban,RM6k-10k,Low,2021-05-31,2026-08-01,2026-08-14 00:26:12.005687
CUST000123,Female,1998-02-06,Melaka,Melaka City,<RM3k,Low,2024-01-09,2026-08-01,2026-08-14 00:26:12.005687
CUST000124,Female,1974-10-02,Selangor,Subang Jaya,RM10k-15k,Low,2025-08-13,2026-08-01,2026-08-14 00:26:12.005687
CUST000125,Female,1968-10-19,Sarawak,Kuching,RM6k-10k,High,2021-01-17,2026-08-01,2026-08-14 00:26:12.005687
CUST000126,Male,1962-07-28,Negeri Sembilan,Seremban,RM6k-10k,Medium,2019-11-09,2026-08-01,2026-08-14 00:26:12.005687
CUST000127,Female,2000-04-16,Selangor,Subang Jaya,RM10k-15k,Medium,2025-06-18,2026-08-01,2026-08-14 00:26:12.005687
CUST000128,Female,1974-09-01,Penang,Butterworth,RM3k-6k,Low,2023-06-12,2026-08-01,2026-08-14 00:26:12.005687
CUST000129,Female,1995-08-21,Selangor,Petaling Jaya,<RM3k,Low,2025-01-08,2026-08-01,2026-08-14 00:26:12.005687
CUST000130,Male,1971-04-15,Penang,George Town,RM3k-6k,Low,2021-01-10,2026-08-01,2026-08-14 00:26:12.005687
CUST000131,Female,2001-10-16,Kuala Lumpur,Kuala Lumpur,RM10k-15k,Medium,2020-10-14,2026-08-01,2026-08-14 00:26:12.005687
CUST000132,Male,1997-08-17,Sabah,Kota Kinabalu,<RM3k,Low,2018-12-29,2026-08-01,2026-08-14 00:26:12.005687
CUST000133,Male,1970-02-03,Selangor,Shah Alam,RM10k-15k,Low,2024-03-07,2026-08-01,2026-08-14 00:26:12.005687
CUST000134,Female,1978-11-06,Penang,Butterworth,RM6k-10k,Medium,2024-10-01,2026-08-01,2026-08-14 00:26:12.005687
CUST000135,Male,1993-11-26,Kuala Lumpur,Kuala Lumpur,RM6k-10k,Medium,2024-07-22,2026-08-01,2026-08-14 00:26:12.005687
CUST000136,Female,1966-01-31,Perak,Taiping,RM6k-10k,Low,2020-04-30,2026-08-01,2026-08-14 00:26:12.005687
CUST000137,Male,1956-02-28,Johor,Johor Bahru,<RM3k,Low,2021-11-27,2026-08-01,2026-08-14 00:26:12.005687
CUST000138,Female,1969-02-24,Penang,George Town,RM3k-6k,High,2021-12-11,2026-08-01,2026-08-14 00:26:12.005687
CUST000139,Male,1983-12-09,Selangor,Subang Jaya,RM10k-15k,Low,2018-12-18,2026-08-01,2026-08-14 00:26:12.005687
CUST000140,Female,1961-09-08,Kuala Lumpur,Kuala Lumpur,RM3k-6k,High,2018-01-01,2026-08-01,2026-08-14 00:26:12.005687
CUST000141,Female,1971-05-03,Johor,Johor Bahru,RM6k-10k,Low,2020-09-02,2026-08-01,2026-08-14 00:26:12.005687
CUST000142,Male,2000-01-04,Negeri Sembilan,Seremban,>RM15k,High,2022-01-30,2026-08-01,2026-08-14 00:26:12.005687
CUST000143,Male,1958-09-05,Selangor,Petaling Jaya,<RM3k,High,2025-11-28,2026-08-01,2026-08-14 00:26:12.005687
CUST000144,Male,1957-06-19,Perak,Ipoh,RM3k-6k,Low,2024-12-27,2026-08-01,2026-08-14 00:26:12.005687
CUST000145,Female,1975-10-08,Kuala Lumpur,Kuala Lumpur,RM3k-6k,Medium,2023-09-23,2026-08-01,2026-08-14 00:26:12.005687
CUST000146,Female,1955-08-18,Perak,Taiping,<RM3k,Low,2025-09-13,2026-08-01,2026-08-14 00:26:12.005687
CUST000147,Female,1956-05-12,Selangor,Shah Alam,>RM15k,Low,2024-03-12,2026-08-01,2026-08-14 00:26:12.005687
CUST000148,Male,1963-12-19,Johor,Muar,>RM15k,Low,2022-03-18,2026-08-01,2026-08-14 00:26:12.005687
CUST000149,Female,1960-01-04,Selangor,Petaling Jaya,RM3k-6k,Medium,2025-04-17,2026-08-01,2026-08-14 00:26:12.005687
CUST000150,Female,1994-09-24,Kuala Lumpur,Kuala Lumpur,>RM15k,Low,2025-05-11,2026-08-01,2026-08-14 00:26:12.005687
CUST000151,Male,1961-01-04,Selangor,Klang,<RM3k,Low,2019-08-16,2026-08-01,2026-08-14 00:26:12.005687
CUST000152,Male,1980-08-24,Selangor,Petaling Jaya,>RM15k,High,2020-04-05,2026-08-01,2026-08-14 00:26:12.005687
CUST000153,Female,1989-07-22,Johor,Batu Pahat,RM10k-15k,Medium,2025-09-29,2026-08-01,2026-08-14 00:26:12.005687
CUST000154,Male,1985-08-31,Negeri Sembilan,Seremban,RM3k-6k,Low,2018-01-17,2026-08-01,2026-08-14 00:26:12.005687
CUST000155,Female,1987-01-14,Johor,Johor Bahru,RM6k-10k,Low,2022-02-22,2026-08-01,2026-08-14 00:26:12.005687
CUST000156,Male,1972-07-11,Melaka,Melaka City,RM10k-15k,Low,2021-01-23,2026-08-01,2026-08-14 00:26:12.005687
CUST000157,Female,1998-07-20,Johor,Muar,RM3k-6k,Low,2023-12-16,2026-08-01,2026-08-14 00:26:12.005687
CUST000158,Male,1958-05-14,Kuala Lumpur,Kuala Lumpur,RM3k-6k,High,2025-08-31,2026-08-01,2026-08-14 00:26:12.005687
CUST000159,Male,1960-04-04,Selangor,Klang,RM6k-10k,High,2020-07-18,2026-08-01,2026-08-14 00:26:12.005687
CUST000160,Male,1996-12-12,Selangor,Subang Jaya,<RM3k,Low,2019-10-06,2026-08-01,2026-08-14 00:26:12.005687
CUST000161,Female,1958-05-08,Selangor,Klang,<RM3k,Low,2020-08-20,2026-08-01,2026-08-14 00:26:12.005687
CUST000162,Male,1964-05-27,Sarawak,Miri,RM3k-6k,Low,2023-09-22,2026-08-01,2026-08-14 00:26:12.005687
CUST000163,Female,1963-06-27,Perak,Ipoh,RM10k-15k,Low,2020-11-16,2026-08-01,2026-08-14 00:26:12.005687
CUST000164,Female,1956-08-14,Penang,George Town,RM3k-6k,Low,2023-02-20,2026-08-01,2026-08-14 00:26:12.005687
CUST000165,Male,1960-09-24,Johor,Johor Bahru,RM6k-10k,Low,2020-10-13,2026-08-01,2026-08-14 00:26:12.005687
CUST000166,Female,1983-01-23,Selangor,Shah Alam,RM3k-6k,Low,2023-12-03,2026-08-01,2026-08-14 00:26:12.005687
CUST000167,Male,1987-05-25,Penang,Bayan Lepas,RM3k-6k,Low,2018-07-02,2026-08-01,2026-08-14 00:26:12.005687
CUST000168,Male,1959-01-30,Kuala Lumpur,Kuala Lumpur,RM6k-10k,Medium,2020-09-27,2026-08-01,2026-08-14 00:26:12.005687
CUST000169,Female,2001-03-04,Kuala Lumpur,Kuala Lumpur,<RM3k,Medium,2020-06-23,2026-08-01,2026-08-14 00:26:12.005687
CUST000170,Male,1959-09-10,Selangor,Petaling Jaya,RM6k-10k,Low,2022-10-13,2026-08-01,2026-08-14 00:26:12.005687
CUST000171,Female,1988-08-29,Kuala Lumpur,Kuala Lumpur,RM3k-6k,Low,2023-03-06,2026-08-01,2026-08-14 00:26:12.005687
CUST000172,Male,1994-03-20,Perak,Ipoh,RM6k-10k,Medium,2023-10-25,2026-08-01,2026-08-14 00:26:12.005687
CUST000173,Female,1980-07-07,Kuala Lumpur,Kuala Lumpur,RM3k-6k,Low,2025-03-19,2026-08-01,2026-08-14 00:26:12.005687
CUST000174,Male,1979-02-01,Kuala Lumpur,Kuala Lumpur,RM10k-15k,High,2024-05-14,2026-08-01,2026-08-14 00:26:12.005687
CUST000175,Female,1960-05-05,Melaka,Melaka City,<RM3k,Low,2018-05-02,2026-08-01,2026-08-14 00:26:12.005687
CUST000176,Female,1966-11-01,Negeri Sembilan,Seremban,>RM15k,High,2023-06-03,2026-08-01,2026-08-14 00:26:12.005687
CUST000177,Female,1996-09-04,Johor,Batu Pahat,RM3k-6k,Low,2018-02-18,2026-08-01,2026-08-14 00:26:12.005687
CUST000178,Male,1972-01-31,Johor,Johor Bahru,<RM3k,Medium,2021-04-23,2026-08-01,2026-08-14 00:26:12.005687
CUST000179,Male,1956-09-08,Sabah,Kota Kinabalu,RM6k-10k,Low,2022-09-27,2026-08-01,2026-08-14 00:26:12.005687
CUST000180,Male,1990-09-24,Kuala Lumpur,Kuala Lumpur,RM3k-6k,Medium,2020-07-21,2026-08-01,2026-08-14 00:26:12.005687
CUST000181,Male,1988-06-30,Johor,Muar,RM3k-6k,Medium,2023-08-06,2026-08-01,2026-08-14 00:26:12.005687
CUST000182,Male,1958-04-02,Kuala Lumpur,Kuala Lumpur,RM10k-15k,Low,2024-05-14,2026-08-01,2026-08-14 00:26:12.005687
CUST000183,Male,1957-07-03,Selangor,Petaling Jaya,RM10k-15k,Medium,2022-11-12,2026-08-01,2026-08-14 00:26:12.005687
CUST000184,Female,1960-09-15,Negeri Sembilan,Seremban,RM6k-10k,Low,2022-03-14,2026-08-01,2026-08-14 00:26:12.005687
CUST000185,Male,1957-06-29,Sabah,Sandakan,>RM15k,Low,2025-10-13,2026-08-01,2026-08-14 00:26:12.005687
CUST000186,Male,1985-03-12,Negeri Sembilan,Seremban,RM3k-6k,Low,2023-03-21,2026-08-01,2026-08-14 00:26:12.005687
CUST000187,Female,1961-07-01,Sabah,Sandakan,<RM3k,Medium,2019-10-31,2026-08-01,2026-08-14 00:26:12.005687
CUST000188,Female,1984-09-27,Penang,Bayan Lepas,RM10k-15k,Medium,2023-04-02,2026-08-01,2026-08-14 00:26:12.005687
CUST000189,Male,1963-08-19,Sabah,Kota Kinabalu,RM3k-6k,Low,2021-11-06,2026-08-01,2026-08-14 00:26:12.005687
CUST000190,Female,2002-08-25,Perak,Ipoh,<RM3k,Medium,2018-03-11,2026-08-01,2026-08-14 00:26:12.005687
CUST000191,Male,1990-07-27,Johor,Johor Bahru,<RM3k,High,2025-04-29,2026-08-01,2026-08-14 00:26:12.005687
CUST000192,Female,1973-05-08,Selangor,Klang,RM3k-6k,Medium,2024-05-13,2026-08-01,2026-08-14 00:26:12.005687
CUST000193,Female,1976-01-03,Johor,Batu Pahat,RM3k-6k,Low,2022-12-09,2026-08-01,2026-08-14 00:26:12.005687
CUST000194,Male,1958-03-10,Selangor,Klang,RM3k-6k,Low,2023-05-20,2026-08-01,2026-08-14 00:26:12.005687
CUST000195,Female,1957-09-09,Johor,Batu Pahat,RM6k-10k,Low,2022-08-13,2026-08-01,2026-08-14 00:26:12.005687
CUST000196,Female,1981-05-03,Kuala Lumpur,Kuala Lumpur,RM10k-15k,Low,2020-09-29,2026-08-01,2026-08-14 00:26:12.005687
CUST000197,Male,1956-02-12,Penang,Butterworth,>RM15k,Low,2025-06-17,2026-08-01,2026-08-14 00:26:12.005687
CUST000198,Male,1986-04-11,Selangor,Shah Alam,<RM3k,Medium,2022-06-04,2026-08-01,2026-08-14 00:26:12.005687
CUST000199,Female,1973-09-27,Selangor,Shah Alam,<RM3k,Medium,2020-09-16,2026-08-01,2026-08-14 00:26:12.005687
CUST000200,Female,1961-11-03,Johor,Johor Bahru,RM6k-10k,Medium,2023-06-24,2026-08-01,2026-08-14 00:26:12.005687
CUST000201,Male,1981-03-31,Kuala Lumpur,Kuala Lumpur,<RM3k,Low,2019-04-05,2026-08-01,2026-08-14 00:26:12.005687
CUST000202,Male,1982-02-02,Negeri Sembilan,Seremban,RM3k-6k,Low,2020-07-22,2026-08-01,2026-08-14 00:26:12.005687
CUST000203,Male,1991-07-26,Johor,Johor Bahru,RM6k-10k,Medium,2019-01-13,2026-08-01,2026-08-14 00:26:12.005687
CUST000204,Female,1964-09-09,Selangor,Petaling Jaya,RM10k-15k,Medium,2018-09-06,2026-08-01,2026-08-14 00:26:12.005687
CUST000205,Female,1981-10-26,Kuala Lumpur,Kuala Lumpur,RM3k-6k,High,2024-07-28,2026-08-01,2026-08-14 00:26:12.005687
CUST000206,Female,1996-05-22,Sarawak,Kuching,RM6k-10k,Low,2021-06-30,2026-08-01,2026-08-14 00:26:12.005687
CUST000207,Female,1968-03-24,Penang,Butterworth,RM6k-10k,Low,2024-11-08,2026-08-01,2026-08-14 00:26:12.005687
CUST000208,Male,1995-12-03,Selangor,Klang,RM10k-15k,Medium,2023-02-06,2026-08-01,2026-08-14 00:26:12.005687
CUST000209,Female,1990-06-11,Selangor,Petaling Jaya,RM3k-6k,Medium,2019-11-15,2026-08-01,2026-08-14 00:26:12.005687
CUST000210,Male,1976-01-19,Sabah,Sandakan,RM10k-15k,Low,2019-09-10,2026-08-01,2026-08-14 00:26:12.005687
CUST000211,Male,1998-04-10,Negeri Sembilan,Seremban,RM10k-15k,Medium,2021-08-28,2026-08-01,2026-08-14 00:26:12.005687
CUST000212,Male,2002-05-14,Selangor,Subang Jaya,RM3k-6k,Low,2018-10-04,2026-08-01,2026-08-14 00:26:12.005687
CUST000213,Female,1966-08-09,Kuala Lumpur,Kuala Lumpur,RM6k-10k,Low,2022-09-05,2026-08-01,2026-08-14 00:26:12.005687
CUST000214,Male,2003-01-03,Kuala Lumpur,Kuala Lumpur,RM6k-10k,Low,2021-09-03,2026-08-01,2026-08-14 00:26:12.005687
CUST000215,Male,1955-02-13,Kuala Lumpur,Kuala Lumpur,RM3k-6k,Medium,2019-02-11,2026-08-01,2026-08-14 00:26:12.005687
CUST000216,Male,1961-05-02,Sabah,Sandakan,RM3k-6k,Medium,2022-03-13,2026-08-01,2026-08-14 00:26:12.005687
CUST000217,Female,1957-02-11,Negeri Sembilan,Seremban,RM3k-6k,Low,2024-10-15,2026-08-01,2026-08-14 00:26:12.005687
CUST000218,Female,1973-01-06,Negeri Sembilan,Seremban,RM10k-15k,Medium,2025-04-08,2026-08-01,2026-08-14 00:26:12.005687
CUST000219,Male,2000-11-28,Sabah,Kota Kinabalu,<RM3k,Medium,2021-05-08,2026-08-01,2026-08-14 00:26:12.005687
CUST000220,Female,1984-05-31,Kuala Lumpur,Kuala Lumpur,RM6k-10k,Low,2018-08-02,2026-08-01,2026-08-14 00:26:12.005687
CUST000221,Female,1985-03-18,Negeri Sembilan,Seremban,RM3k-6k,Low,2024-11-27,2026-08-01,2026-08-14 00:26:12.005687
CUST000222,Female,1959-02-27,Selangor,Petaling Jaya,RM6k-10k,Low,2022-05-29,2026-08-01,2026-08-14 00:26:12.005687
CUST000223,Male,1980-04-15,Selangor,Klang,RM6k-10k,Low,2024-01-30,2026-08-01,2026-08-14 00:26:12.005687
CUST000224,Male,1973-10-01,Perak,Taiping,RM6k-10k,High,2018-05-13,2026-08-01,2026-08-14 00:26:12.005687
CUST000225,Female,1978-06-28,Kuala Lumpur,Kuala Lumpur,RM6k-10k,Medium,2020-05-11,2026-08-01,2026-08-14 00:26:12.005687
CUST000226,Male,1967-10-18,Sarawak,Kuching,RM3k-6k,Low,2020-04-14,2026-08-01,2026-08-14 00:26:12.005687
CUST000227,Female,1964-11-16,Negeri Sembilan,Seremban,RM3k-6k,Low,2023-09-25,2026-08-01,2026-08-14 00:26:12.005687
CUST000228,Male,2001-08-24,Sabah,Kota Kinabalu,RM10k-15k,Low,2023-06-13,2026-08-01,2026-08-14 00:26:12.005687
CUST000229,Male,1982-05-12,Sabah,Kota Kinabalu,<RM3k,Low,2023-12-04,2026-08-01,2026-08-14 00:26:12.005687
CUST000230,Female,1975-03-02,Selangor,Klang,RM10k-15k,Low,2021-03-06,2026-08-01,2026-08-14 00:26:12.005687
CUST000231,Female,1958-08-13,Kuala Lumpur,Kuala Lumpur,RM6k-10k,Low,2020-06-28,2026-08-01,2026-08-14 00:26:12.005687
CUST000232,Female,1992-05-14,Sabah,Sandakan,RM10k-15k,Low,2019-07-07,2026-08-01,2026-08-14 00:26:12.005687
CUST000233,Male,1978-02-26,Penang,Bayan Lepas,RM3k-6k,Low,2020-01-12,2026-08-01,2026-08-14 00:26:12.005687
CUST000234,Male,1973-12-12,Melaka,Melaka City,RM6k-10k,Low,2019-04-25,2026-08-01,2026-08-14 00:26:12.005687
CUST000235,Male,1987-09-05,Kuala Lumpur,Kuala Lumpur,<RM3k,Low,2024-08-02,2026-08-01,2026-08-14 00:26:12.005687
CUST000236,Male,1961-06-16,Selangor,Klang,>RM15k,Low,2023-06-03,2026-08-01,2026-08-14 00:26:12.005687
CUST000237,Female,1981-02-15,Selangor,Klang,RM6k-10k,Low,2023-06-04,2026-08-01,2026-08-14 00:26:12.005687
CUST000238,Male,1997-04-16,Perak,Ipoh,RM6k-10k,Low,2025-01-31,2026-08-01,2026-08-14 00:26:12.005687
CUST000239,Female,1977-09-25,Sabah,Kota Kinabalu,RM10k-15k,Low,2023-12-01,2026-08-01,2026-08-14 00:26:12.005687
CUST000240,Female,1955-01-08,Negeri Sembilan,Seremban,RM3k-6k,High,2020-07-25,2026-08-01,2026-08-14 00:26:12.005687
CUST000241,Male,1966-04-07,Selangor,Petaling Jaya,RM6k-10k,Low,2020-07-03,2026-08-01,2026-08-14 00:26:12.005687
CUST000242,Male,1957-09-28,Johor,Johor Bahru,RM10k-15k,Medium,2019-01-07,2026-08-01,2026-08-14 00:26:12.005687
CUST000243,Female,1979-07-05,Kuala Lumpur,Kuala Lumpur,<RM3k,Low,2023-10-11,2026-08-01,2026-08-14 00:26:12.005687
CUST000244,Male,1972-11-08,Selangor,Subang Jaya,>RM15k,Low,2024-12-28,2026-08-01,2026-08-14 00:26:12.005687
CUST000245,Male,1961-06-27,Selangor,Shah Alam,>RM15k,Medium,2023-09-18,2026-08-01,2026-08-14 00:26:12.005687
CUST000246,Male,1988-08-27,Penang,George Town,>RM15k,Medium,2021-10-06,2026-08-01,2026-08-14 00:26:12.005687
CUST000247,Male,1963-08-27,Johor,Muar,RM10k-15k,High,2020-08-31,2026-08-01,2026-08-14 00:26:12.005687
CUST000248,Female,1971-09-29,Selangor,Klang,RM3k-6k,Low,2021-07-04,2026-08-01,2026-08-14 00:26:12.005687
CUST000249,Female,2003-05-24,Penang,Butterworth,RM6k-10k,Low,2020-03-01,2026-08-01,2026-08-14 00:26:12.005687
CUST000250,Female,1958-04-01,Sarawak,Kuching,<RM3k,Medium,2019-04-29,2026-08-01,2026-08-14 00:26:12.005687
CUST000251,Male,1967-02-19,Selangor,Shah Alam,RM10k-15k,Low,2021-06-14,2026-08-01,2026-08-14 00:26:12.005687
CUST000252,Male,1970-07-29,Selangor,Shah Alam,<RM3k,Low,2019-11-23,2026-08-01,2026-08-14 00:26:12.005687
CUST000253,Female,1979-12-05,Perak,Ipoh,RM10k-15k,Medium,2023-11-29,2026-08-01,2026-08-14 00:26:12.005687
CUST000254,Female,1967-01-02,Sabah,Kota Kinabalu,RM3k-6k,Low,2025-04-01,2026-08-01,2026-08-14 00:26:12.005687
CUST000255,Female,2002-07-12,Sarawak,Kuching,<RM3k,Medium,2019-07-20,2026-08-01,2026-08-14 00:26:12.005687
CUST000256,Male,1955-04-07,Selangor,Petaling Jaya,<RM3k,Low,2018-01-18,2026-08-01,2026-08-14 00:26:12.005687
CUST000257,Male,2001-06-14,Johor,Batu Pahat,RM6k-10k,Low,2024-12-28,2026-08-01,2026-08-14 00:26:12.005687
CUST000258,Female,1981-03-15,Melaka,Melaka City,RM3k-6k,High,2020-05-08,2026-08-01,2026-08-14 00:26:12.005687
CUST000259,Female,1956-11-16,Selangor,Petaling Jaya,RM3k-6k,Low,2020-01-16,2026-08-01,2026-08-14 00:26:12.005687
CUST000260,Male,1960-09-18,Johor,Muar,<RM3k,Low,2024-11-03,2026-08-01,2026-08-14 00:26:12.005687
CUST000261,Female,1960-01-19,Negeri Sembilan,Seremban,RM3k-6k,Low,2024-09-18,2026-08-01,2026-08-14 00:26:12.005687
CUST000262,Male,1969-02-01,Kuala Lumpur,Kuala Lumpur,>RM15k,Low,2022-08-24,2026-08-01,2026-08-14 00:26:12.005687
CUST000263,Female,1971-04-27,Perak,Taiping,RM6k-10k,Low,2019-04-01,2026-08-01,2026-08-14 00:26:12.005687
CUST000264,Female,1986-06-01,Sarawak,Miri,RM3k-6k,Low,2023-08-23,2026-08-01,2026-08-14 00:26:12.005687
CUST000265,Male,1970-04-01,Kuala Lumpur,Kuala Lumpur,<RM3k,Low,2023-11-30,2026-08-01,2026-08-14 00:26:12.005687
CUST000266,Female,1990-07-12,Perak,Ipoh,<RM3k,Low,2021-07-18,2026-08-01,2026-08-14 00:26:12.005687
CUST000267,Female,1969-05-24,Johor,Muar,RM3k-6k,Medium,2022-06-28,2026-08-01,2026-08-14 00:26:12.005687
CUST000268,Female,1967-11-28,Sarawak,Miri,<RM3k,Low,2022-04-16,2026-08-01,2026-08-14 00:26:12.005687
CUST000269,Female,1968-06-28,Melaka,Melaka City,<RM3k,High,2023-04-17,2026-08-01,2026-08-14 00:26:12.005687
CUST000270,Female,1971-02-17,Melaka,Melaka City,<RM3k,Low,2022-02-15,2026-08-01,2026-08-14 00:26:12.005687
CUST000271,Female,1996-01-18,Kuala Lumpur,Kuala Lumpur,RM3k-6k,Low,2025-10-16,2026-08-01,2026-08-14 00:26:12.005687
CUST000272,Female,1967-02-05,Sabah,Kota Kinabalu,RM10k-15k,High,2018-04-13,2026-08-01,2026-08-14 00:26:12.005687
CUST000273,Female,1968-05-22,Melaka,Melaka City,<RM3k,Medium,2018-06-03,2026-08-01,2026-08-14 00:26:12.005687
CUST000274,Male,2001-11-19,Penang,Bayan Lepas,RM6k-10k,Low,2019-03-18,2026-08-01,2026-08-14 00:26:12.005687
CUST000275,Male,1987-01-12,Penang,Bayan Lepas,RM6k-10k,Low,2019-03-12,2026-08-01,2026-08-14 00:26:12.005687
CUST000276,Female,1964-05-02,Kuala Lumpur,Kuala Lumpur,RM10k-15k,Medium,2021-12-27,2026-08-01,2026-08-14 00:26:12.005687
CUST000277,Female,1997-07-15,Sarawak,Kuching,RM3k-6k,Low,2018-08-20,2026-08-01,2026-08-14 00:26:12.005687
CUST000278,Male,1963-12-23,Kuala Lumpur,Kuala Lumpur,RM10k-15k,Low,2019-07-13,2026-08-01,2026-08-14 00:26:12.005687
CUST000279,Male,1962-12-11,Selangor,Shah Alam,RM10k-15k,Low,2022-02-26,2026-08-01,2026-08-14 00:26:12.005687
CUST000280,Male,1976-10-21,Melaka,Melaka City,>RM15k,Medium,2025-03-12,2026-08-01,2026-08-14 00:26:12.005687
CUST000281,Female,1988-11-14,Negeri Sembilan,Seremban,RM10k-15k,Medium,2024-06-02,2026-08-01,2026-08-14 00:26:12.005687
CUST000282,Female,1964-04-10,Negeri Sembilan,Seremban,<RM3k,Low,2019-09-26,2026-08-01,2026-08-14 00:26:12.005687
CUST000283,Female,1991-11-29,Johor,Johor Bahru,>RM15k,High,2018-06-10,2026-08-01,2026-08-14 00:26:12.005687
CUST000284,Female,1962-09-05,Kuala Lumpur,Kuala Lumpur,RM10k-15k,Low,2023-11-29,2026-08-01,2026-08-14 00:26:12.005687
CUST000285,Male,1993-04-21,Johor,Johor Bahru,RM3k-6k,Medium,2024-03-26,2026-08-01,2026-08-14 00:26:12.005687
CUST000286,Female,1959-09-12,Kuala Lumpur,Kuala Lumpur,<RM3k,Low,2025-06-06,2026-08-01,2026-08-14 00:26:12.005687
CUST000287,Female,1977-10-03,Melaka,Melaka City,>RM15k,Medium,2021-06-18,2026-08-01,2026-08-14 00:26:12.005687
CUST000288,Female,1986-05-14,Penang,Bayan Lepas,<RM3k,Medium,2018-06-20,2026-08-01,2026-08-14 00:26:12.005687
CUST000289,Male,1968-01-05,Selangor,Petaling Jaya,RM10k-15k,Low,2025-07-12,2026-08-01,2026-08-14 00:26:12.005687
CUST000290,Female,1984-12-27,Kuala Lumpur,Kuala Lumpur,RM3k-6k,Medium,2020-04-19,2026-08-01,2026-08-14 00:26:12.005687
CUST000291,Male,1988-09-28,Selangor,Subang Jaya,RM6k-10k,Medium,2021-01-22,2026-08-01,2026-08-14 00:26:12.005687
CUST000292,Female,1986-11-09,Sarawak,Kuching,<RM3k,Low,2021-04-24,2026-08-01,2026-08-14 00:26:12.005687
CUST000293,Male,1974-06-12,Perak,Taiping,RM6k-10k,Low,2025-11-16,2026-08-01,2026-08-14 00:26:12.005687
CUST000294,Female,1992-11-20,Kuala Lumpur,Kuala Lumpur,RM6k-10k,Low,2020-11-21,2026-08-01,2026-08-14 00:26:12.005687
CUST000295,Male,1990-11-06,Kuala Lumpur,Kuala Lumpur,>RM15k,Medium,2022-06-14,2026-08-01,2026-08-14 00:26:12.005687
CUST000296,Male,1970-12-28,Selangor,Subang Jaya,RM3k-6k,Medium,2022-01-12,2026-08-01,2026-08-14 00:26:12.005687
CUST000297,Male,1990-12-08,Kuala Lumpur,Kuala Lumpur,<RM3k,Low,2025-12-01,2026-08-01,2026-08-14 00:26:12.005687
CUST000298,Male,2000-01-01,Negeri Sembilan,Seremban,RM3k-6k,Low,2025-08-13,2026-08-01,2026-08-14 00:26:12.005687
CUST000299,Male,1995-01-06,Perak,Ipoh,<RM3k,Medium,2023-01-20,2026-08-01,2026-08-14 00:26:12.005687
CUST000300,Male,1990-12-04,Kuala Lumpur,Kuala Lumpur,>RM15k,Low,2018-11-06,2026-08-01,2026-08-14 00:26:12.005687
CUST000301,Male,1992-07-22,Sabah,Sandakan,<RM3k,Low,2020-10-08,2026-08-01,2026-08-14 00:26:12.005687
CUST000302,Female,1994-06-06,Selangor,Petaling Jaya,RM3k-6k,Low,2023-04-30,2026-08-01,2026-08-14 00:26:12.005687
CUST000303,Male,1969-03-02,Selangor,Subang Jaya,RM10k-15k,Low,2024-06-04,2026-08-01,2026-08-14 00:26:12.005687
CUST000304,Male,1990-04-29,Penang,George Town,RM3k-6k,High,2024-01-06,2026-08-01,2026-08-14 00:26:12.005687
CUST000305,Male,1964-10-08,Kuala Lumpur,Kuala Lumpur,RM3k-6k,Medium,2021-11-23,2026-08-01,2026-08-14 00:26:12.005687
CUST000306,Female,1972-07-24,Johor,Muar,RM6k-10k,Low,2023-05-13,2026-08-01,2026-08-14 00:26:12.005687
CUST000307,Female,2000-10-15,Sarawak,Miri,RM3k-6k,Medium,2020-06-21,2026-08-01,2026-08-14 00:26:12.005687
CUST000308,Male,1968-11-13,Melaka,Melaka City,RM10k-15k,Low,2023-02-01,2026-08-01,2026-08-14 00:26:12.005687
CUST000309,Female,1996-05-02,Selangor,Shah Alam,RM6k-10k,High,2021-10-29,2026-08-01,2026-08-14 00:26:12.005687
CUST000310,Female,1975-09-14,Penang,George Town,RM3k-6k,Low,2023-06-21,2026-08-01,2026-08-14 00:26:12.005687
CUST000311,Female,1965-04-13,Selangor,Klang,RM6k-10k,High,2024-12-21,2026-08-01,2026-08-14 00:26:12.005687
CUST000312,Female,1959-10-03,Penang,Bayan Lepas,RM10k-15k,Medium,2024-07-23,2026-08-01,2026-08-14 00:26:12.005687
CUST000313,Female,1981-11-10,Selangor,Shah Alam,RM3k-6k,Medium,2023-11-10,2026-08-01,2026-08-14 00:26:12.005687
CUST000314,Female,1977-02-10,Penang,George Town,RM10k-15k,Low,2024-02-21,2026-08-01,2026-08-14 00:26:12.005687
CUST000315,Female,1980-01-21,Kuala Lumpur,Kuala Lumpur,RM3k-6k,Medium,2019-05-23,2026-08-01,2026-08-14 00:26:12.005687
CUST000316,Female,1957-02-11,Negeri Sembilan,Seremban,RM6k-10k,Medium,2019-06-25,2026-08-01,2026-08-14 00:26:12.005687
CUST000317,Female,1968-02-20,Melaka,Melaka City,RM10k-15k,Low,2024-09-15,2026-08-01,2026-08-14 00:26:12.005687
CUST000318,Male,1955-03-12,Selangor,Petaling Jaya,<RM3k,Low,2022-04-29,2026-08-01,2026-08-14 00:26:12.005687
CUST000319,Female,1969-10-27,Sabah,Sandakan,RM3k-6k,Medium,2021-06-14,2026-08-01,2026-08-14 00:26:12.005687
CUST000320,Male,2000-08-22,Kuala Lumpur,Kuala Lumpur,<RM3k,High,2023-04-27,2026-08-01,2026-08-14 00:26:12.005687
CUST000321,Male,1962-06-18,Sabah,Kota Kinabalu,RM6k-10k,Medium,2018-08-31,2026-08-01,2026-08-14 00:26:12.005687
CUST000322,Female,1988-10-10,Selangor,Shah Alam,RM6k-10k,Low,2019-04-28,2026-08-01,2026-08-14 00:26:12.005687
CUST000323,Female,1955-04-14,Kuala Lumpur,Kuala Lumpur,RM3k-6k,Medium,2019-03-06,2026-08-01,2026-08-14 00:26:12.005687
CUST000324,Male,1982-07-12,Perak,Ipoh,<RM3k,Low,2022-07-12,2026-08-01,2026-08-14 00:26:12.005687
CUST000325,Male,2000-02-15,Johor,Muar,>RM15k,Low,2018-07-13,2026-08-01,2026-08-14 00:26:12.005687
CUST000326,Male,1971-09-18,Johor,Johor Bahru,RM3k-6k,Medium,2018-05-11,2026-08-01,2026-08-14 00:26:12.005687
CUST000327,Male,1964-08-29,Johor,Batu Pahat,RM3k-6k,Medium,2023-05-31,2026-08-01,2026-08-14 00:26:12.005687
CUST000328,Male,1982-12-15,Kuala Lumpur,Kuala Lumpur,<RM3k,Medium,2023-11-17,2026-08-01,2026-08-14 00:26:12.005687
CUST000329,Male,1968-09-01,Kuala Lumpur,Kuala Lumpur,RM6k-10k,Low,2020-01-23,2026-08-01,2026-08-14 00:26:12.005687
CUST000330,Female,1998-09-07,Penang,George Town,RM3k-6k,Low,2023-07-12,2026-08-01,2026-08-14 00:26:12.005687
CUST000331,Male,1996-08-06,Penang,George Town,RM10k-15k,Medium,2018-10-09,2026-08-01,2026-08-14 00:26:12.005687
CUST000332,Female,1986-12-18,Kuala Lumpur,Kuala Lumpur,RM6k-10k,Low,2021-04-10,2026-08-01,2026-08-14 00:26:12.005687
CUST000333,Male,1986-04-24,Selangor,Subang Jaya,<RM3k,High,2020-12-04,2026-08-01,2026-08-14 00:26:12.005687
CUST000334,Male,1984-07-09,Penang,George Town,RM6k-10k,High,2020-10-08,2026-08-01,2026-08-14 00:26:12.005687
CUST000335,Female,1991-01-10,Perak,Taiping,RM3k-6k,High,2024-12-07,2026-08-01,2026-08-14 00:26:12.005687
CUST000336,Male,1977-07-19,Sarawak,Kuching,<RM3k,High,2018-08-18,2026-08-01,2026-08-14 00:26:12.005687
CUST000337,Female,2002-07-07,Johor,Muar,RM6k-10k,Low,2023-01-11,2026-08-01,2026-08-14 00:26:12.005687
CUST000338,Male,1971-12-09,Johor,Johor Bahru,RM3k-6k,Low,2020-03-10,2026-08-01,2026-08-14 00:26:12.005687
CUST000339,Female,1955-06-09,Penang,Butterworth,>RM15k,Medium,2021-11-21,2026-08-01,2026-08-14 00:26:12.005687
CUST000340,Male,1989-03-24,Selangor,Shah Alam,RM6k-10k,Low,2019-08-11,2026-08-01,2026-08-14 00:26:12.005687
CUST000341,Female,1987-06-13,Kuala Lumpur,Kuala Lumpur,RM3k-6k,Medium,2023-11-12,2026-08-01,2026-08-14 00:26:12.005687
CUST000342,Male,2003-01-24,Kuala Lumpur,Kuala Lumpur,>RM15k,Low,2018-06-27,2026-08-01,2026-08-14 00:26:12.005687
CUST000343,Male,1974-05-15,Sarawak,Kuching,RM6k-10k,Medium,2018-08-10,2026-08-01,2026-08-14 00:26:12.005687
CUST000344,Male,1975-10-24,Selangor,Petaling Jaya,<RM3k,Medium,2020-08-18,2026-08-01,2026-08-14 00:26:12.005687
CUST000345,Male,1982-07-15,Penang,George Town,RM6k-10k,Medium,2025-01-22,2026-08-01,2026-08-14 00:26:12.005687
CUST000346,Male,1974-03-20,Penang,George Town,>RM15k,Low,2018-03-11,2026-08-01,2026-08-14 00:26:12.005687
CUST000347,Male,1993-06-15,Selangor,Klang,RM3k-6k,Medium,2019-06-04,2026-08-01,2026-08-14 00:26:12.005687
CUST000348,Female,1975-12-23,Sarawak,Kuching,RM3k-6k,High,2021-12-07,2026-08-01,2026-08-14 00:26:12.005687
CUST000349,Male,1993-05-24,Perak,Ipoh,RM3k-6k,Low,2018-03-04,2026-08-01,2026-08-14 00:26:12.005687
CUST000350,Female,1975-11-07,Kuala Lumpur,Kuala Lumpur,RM3k-6k,Low,2022-04-10,2026-08-01,2026-08-14 00:26:12.005687
CUST000351,Male,1966-01-11,Sabah,Sandakan,<RM3k,Low,2020-11-24,2026-08-01,2026-08-14 00:26:12.005687
CUST000352,Female,2003-07-16,Johor,Muar,RM6k-10k,Medium,2023-03-01,2026-08-01,2026-08-14 00:26:12.005687
CUST000353,Male,1980-10-17,Selangor,Petaling Jaya,>RM15k,Medium,2018-06-20,2026-08-01,2026-08-14 00:26:12.005687
CUST000354,Male,1989-08-18,Perak,Taiping,RM10k-15k,Medium,2019-06-01,2026-08-01,2026-08-14 00:26:12.005687
CUST000355,Female,1983-12-21,Perak,Ipoh,<RM3k,Low,2019-05-04,2026-08-01,2026-08-14 00:26:12.005687
CUST000356,Male,1972-08-06,Selangor,Shah Alam,RM3k-6k,Low,2023-11-25,2026-08-01,2026-08-14 00:26:12.005687
CUST000357,Male,2002-08-19,Negeri Sembilan,Seremban,<RM3k,High,2023-11-29,2026-08-01,2026-08-14 00:26:12.005687
CUST000358,Male,1973-03-15,Penang,George Town,RM3k-6k,Medium,2018-12-06,2026-08-01,2026-08-14 00:26:12.005687
CUST000359,Male,2003-08-29,Penang,Bayan Lepas,RM6k-10k,Low,2021-03-28,2026-08-01,2026-08-14 00:26:12.005687
CUST000360,Male,1976-02-09,Kuala Lumpur,Kuala Lumpur,RM3k-6k,Low,2023-08-19,2026-08-01,2026-08-14 00:26:12.005687
CUST000361,Male,1956-02-10,Selangor,Petaling Jaya,RM10k-15k,Low,2018-01-21,2026-08-01,2026-08-14 00:26:12.005687
CUST000362,Female,1956-10-19,Johor,Batu Pahat,RM3k-6k,Medium,2018-10-21,2026-08-01,2026-08-14 00:26:12.005687
CUST000363,Female,2002-09-15,Penang,Bayan Lepas,RM6k-10k,Medium,2023-02-24,2026-08-01,2026-08-14 00:26:12.005687
CUST000364,Female,1980-11-10,Johor,Batu Pahat,RM10k-15k,Medium,2022-07-08,2026-08-01,2026-08-14 00:26:12.005687
CUST000365,Male,1973-12-29,Sabah,Kota Kinabalu,RM6k-10k,Medium,2023-08-28,2026-08-01,2026-08-14 00:26:12.005687
CUST000366,Female,1994-10-03,Selangor,Petaling Jaya,>RM15k,Medium,2021-09-25,2026-08-01,2026-08-14 00:26:12.005687
CUST000367,Male,1985-03-28,Perak,Ipoh,RM10k-15k,Low,2025-03-19,2026-08-01,2026-08-14 00:26:12.005687
CUST000368,Male,1987-05-14,Sarawak,Kuching,RM6k-10k,Low,2019-01-02,2026-08-01,2026-08-14 00:26:12.005687
CUST000369,Female,1988-08-01,Sabah,Sandakan,RM3k-6k,Low,2019-03-28,2026-08-01,2026-08-14 00:26:12.005687
CUST000370,Male,1964-09-20,Sabah,Sandakan,RM3k-6k,High,2023-01-30,2026-08-01,2026-08-14 00:26:12.005687
CUST000371,Male,1959-04-29,Melaka,Melaka City,RM10k-15k,Medium,2024-11-08,2026-08-01,2026-08-14 00:26:12.005687
CUST000372,Female,1990-09-02,Kuala Lumpur,Kuala Lumpur,<RM3k,Medium,2018-03-08,2026-08-01,2026-08-14 00:26:12.005687
CUST000373,Female,1956-01-26,Perak,Taiping,>RM15k,Medium,2023-09-02,2026-08-01,2026-08-14 00:26:12.005687
CUST000374,Female,1990-04-02,Negeri Sembilan,Seremban,RM3k-6k,Low,2025-10-11,2026-08-01,2026-08-14 00:26:12.005687
CUST000375,Female,1961-05-14,Penang,Butterworth,RM10k-15k,Low,2022-07-05,2026-08-01,2026-08-14 00:26:12.005687
CUST000376,Female,1967-11-12,Selangor,Klang,RM3k-6k,Medium,2024-08-24,2026-08-01,2026-08-14 00:26:12.005687
CUST000377,Male,1989-09-05,Negeri Sembilan,Seremban,>RM15k,High,2020-02-04,2026-08-01,2026-08-14 00:26:12.005687
CUST000378,Female,1985-07-08,Kuala Lumpur,Kuala Lumpur,<RM3k,Low,2024-06-09,2026-08-01,2026-08-14 00:26:12.005687
CUST000379,Female,1993-04-17,Selangor,Shah Alam,RM3k-6k,Low,2021-08-30,2026-08-01,2026-08-14 00:26:12.005687
CUST000380,Male,1984-12-07,Kuala Lumpur,Kuala Lumpur,RM10k-15k,High,2020-05-21,2026-08-01,2026-08-14 00:26:12.005687
CUST000381,Male,1957-05-06,Johor,Johor Bahru,RM3k-6k,Medium,2019-08-03,2026-08-01,2026-08-14 00:26:12.005687
CUST000382,Male,1996-02-23,Selangor,Subang Jaya,RM3k-6k,Medium,2024-10-27,2026-08-01,2026-08-14 00:26:12.005687
CUST000383,Male,1965-07-27,Johor,Johor Bahru,>RM15k,Low,2023-09-28,2026-08-01,2026-08-14 00:26:12.005687
CUST000384,Female,1961-09-01,Melaka,Melaka City,RM10k-15k,Low,2024-04-22,2026-08-01,2026-08-14 00:26:12.005687
CUST000385,Female,1998-01-17,Johor,Muar,<RM3k,Low,2023-08-18,2026-08-01,2026-08-14 00:26:12.005687
CUST000386,Male,1964-07-18,Johor,Batu Pahat,RM6k-10k,Low,2020-01-17,2026-08-01,2026-08-14 00:26:12.005687
CUST000387,Male,1981-04-07,Melaka,Melaka City,RM3k-6k,Medium,2019-07-14,2026-08-01,2026-08-14 00:26:12.005687
CUST000388,Male,1978-10-23,Sarawak,Miri,RM3k-6k,Medium,2023-03-08,2026-08-01,2026-08-14 00:26:12.005687
CUST000389,Female,1992-09-14,Selangor,Klang,RM6k-10k,Medium,2020-01-08,2026-08-01,2026-08-14 00:26:12.005687
CUST000390,Male,1957-03-01,Kuala Lumpur,Kuala Lumpur,<RM3k,Low,2023-03-08,2026-08-01,2026-08-14 00:26:12.005687
CUST000391,Male,1960-03-24,Penang,Bayan Lepas,RM3k-6k,Low,2025-03-17,2026-08-01,2026-08-14 00:26:12.005687
CUST000392,Female,1975-05-13,Sarawak,Kuching,RM3k-6k,Medium,2023-12-28,2026-08-01,2026-08-14 00:26:12.005687
CUST000393,Male,1978-03-10,Penang,Bayan Lepas,RM10k-15k,Low,2021-10-09,2026-08-01,2026-08-14 00:26:12.005687
CUST000394,Male,1993-08-14,Selangor,Shah Alam,RM6k-10k,Low,2025-04-08,2026-08-01,2026-08-14 00:26:12.005687
CUST000395,Female,1984-09-05,Sabah,Sandakan,RM3k-6k,Low,2022-05-29,2026-08-01,2026-08-14 00:26:12.005687
CUST000396,Female,1962-04-15,Perak,Ipoh,>RM15k,Low,2021-10-04,2026-08-01,2026-08-14 00:26:12.005687
CUST000397,Male,2002-12-18,Penang,Butterworth,RM10k-15k,Low,2025-09-01,2026-08-01,2026-08-14 00:26:12.005687
CUST000398,Female,1977-07-15,Sarawak,Kuching,RM3k-6k,Low,2020-09-05,2026-08-01,2026-08-14 00:26:12.005687
CUST000399,Female,2002-04-06,Sabah,Sandakan,>RM15k,Medium,2019-08-28,2026-08-01,2026-08-14 00:26:12.005687
CUST000400,Female,2003-06-30,Perak,Taiping,RM3k-6k,Low,2019-02-10,2026-08-01,2026-08-14 00:26:12.005687
CUST000401,Female,1957-07-13,Perak,Ipoh,RM3k-6k,Medium,2023-01-06,2026-08-01,2026-08-14 00:26:12.005687
CUST000402,Male,1979-10-15,Perak,Taiping,RM3k-6k,Medium,2022-01-29,2026-08-01,2026-08-14 00:26:12.005687
CUST000404,Female,1979-06-02,Johor,Batu Pahat,RM6k-10k,Low,2019-03-05,2026-08-01,2026-08-14 00:26:12.005687
CUST000405,Male,1970-03-09,Perak,Ipoh,RM6k-10k,Low,2020-07-22,2026-08-01,2026-08-14 00:26:12.005687
CUST000406,Male,1982-05-19,Penang,Butterworth,>RM15k,Low,2018-12-19,2026-08-01,2026-08-14 00:26:12.005687
CUST000407,Female,1979-02-12,Johor,Batu Pahat,RM3k-6k,Low,2020-06-21,2026-08-01,2026-08-14 00:26:12.005687
CUST000408,Male,1964-02-11,Kuala Lumpur,Kuala Lumpur,<RM3k,High,2025-09-06,2026-08-01,2026-08-14 00:26:12.005687
CUST000409,Female,1969-02-19,Perak,Taiping,RM3k-6k,Low,2025-03-04,2026-08-01,2026-08-14 00:26:12.005687
CUST000410,Male,1962-03-18,Penang,Bayan Lepas,<RM3k,Low,2021-12-20,2026-08-01,2026-08-14 00:26:12.005687
CUST000411,Male,1996-05-02,Selangor,Klang,>RM15k,High,2018-10-18,2026-08-01,2026-08-14 00:26:12.005687
CUST000412,Male,1988-03-09,Selangor,Subang Jaya,RM6k-10k,Medium,2025-12-16,2026-08-01,2026-08-14 00:26:12.005687
CUST000413,Female,1973-12-27,Selangor,Petaling Jaya,RM10k-15k,Medium,2019-04-05,2026-08-01,2026-08-14 00:26:12.005687
CUST000414,Male,1974-05-23,Negeri Sembilan,Seremban,RM10k-15k,Low,2018-10-23,2026-08-01,2026-08-14 00:26:12.005687
CUST000415,Female,1958-11-16,Sarawak,Miri,RM3k-6k,High,2021-04-15,2026-08-01,2026-08-14 00:26:12.005687
CUST000416,Female,1969-03-16,Penang,Butterworth,<RM3k,Medium,2025-07-12,2026-08-01,2026-08-14 00:26:12.005687
CUST000417,Female,2000-04-17,Selangor,Klang,RM3k-6k,Medium,2024-05-21,2026-08-01,2026-08-14 00:26:12.005687
CUST000418,Male,1956-07-15,Sabah,Kota Kinabalu,RM10k-15k,Medium,2020-11-16,2026-08-01,2026-08-14 00:26:12.005687
CUST000419,Female,1962-02-28,Johor,Muar,RM3k-6k,Low,2021-08-22,2026-08-01,2026-08-14 00:26:12.005687
CUST000420,Male,1996-06-14,Negeri Sembilan,Seremban,<RM3k,High,2018-06-27,2026-08-01,2026-08-14 00:26:12.005687
CUST000421,Male,1980-06-29,Kuala Lumpur,Kuala Lumpur,RM6k-10k,High,2020-03-01,2026-08-01,2026-08-14 00:26:12.005687
CUST000422,Female,1956-08-01,Kuala Lumpur,Kuala Lumpur,RM3k-6k,Medium,2023-05-12,2026-08-01,2026-08-14 00:26:12.005687
CUST000423,Female,1978-12-30,Penang,Bayan Lepas,RM6k-10k,Low,2021-05-12,2026-08-01,2026-08-14 00:26:12.005687
CUST000424,Female,1991-09-30,Selangor,Subang Jaya,<RM3k,Medium,2025-10-30,2026-08-01,2026-08-14 00:26:12.005687
CUST000425,Male,1971-11-28,Penang,George Town,RM6k-10k,Low,2021-07-25,2026-08-01,2026-08-14 00:26:12.005687
CUST000426,Male,1973-09-19,Sabah,Sandakan,RM3k-6k,Medium,2024-10-09,2026-08-01,2026-08-14 00:26:12.005687
CUST000427,Female,1985-12-07,Kuala Lumpur,Kuala Lumpur,RM10k-15k,Low,2023-10-25,2026-08-01,2026-08-14 00:26:12.005687
CUST000428,Male,1984-05-02,Johor,Batu Pahat,RM6k-10k,Medium,2022-01-22,2026-08-01,2026-08-14 00:26:12.005687
CUST000429,Female,1999-03-29,Perak,Taiping,<RM3k,High,2024-12-12,2026-08-01,2026-08-14 00:26:12.005687
CUST000430,Male,1967-02-19,Sarawak,Miri,RM10k-15k,Low,2024-12-18,2026-08-01,2026-08-14 00:26:12.005687
CUST000431,Male,1968-07-11,Johor,Muar,RM10k-15k,Medium,2020-07-27,2026-08-01,2026-08-14 00:26:12.005687
CUST000432,Male,1962-08-13,Selangor,Petaling Jaya,RM6k-10k,Medium,2020-03-24,2026-08-01,2026-08-14 00:26:12.005687
CUST000433,Male,1987-07-31,Penang,Butterworth,>RM15k,Low,2023-09-01,2026-08-01,2026-08-14 00:26:12.005687
CUST000434,Male,1981-02-18,Johor,Batu Pahat,RM10k-15k,Low,2018-03-21,2026-08-01,2026-08-14 00:26:12.005687
CUST000435,Female,1972-01-01,Sabah,Kota Kinabalu,RM3k-6k,Low,2023-08-11,2026-08-01,2026-08-14 00:26:12.005687
CUST000436,Female,1989-01-30,Penang,Butterworth,RM3k-6k,Medium,2021-06-24,2026-08-01,2026-08-14 00:26:12.005687
CUST000437,Female,1973-06-16,Selangor,Shah Alam,RM3k-6k,Low,2024-02-19,2026-08-01,2026-08-14 00:26:12.005687
CUST000438,Male,1964-07-30,Sabah,Sandakan,RM6k-10k,Low,2019-01-15,2026-08-01,2026-08-14 00:26:12.005687
CUST000439,Male,1981-06-14,Johor,Muar,>RM15k,Low,2022-08-08,2026-08-01,2026-08-14 00:26:12.005687
CUST000440,Male,1976-05-19,Kuala Lumpur,Kuala Lumpur,RM6k-10k,Low,2022-04-15,2026-08-01,2026-08-14 00:26:12.005687
CUST000441,Male,1974-11-11,Penang,George Town,RM3k-6k,Low,2018-02-12,2026-08-01,2026-08-14 00:26:12.005687
CUST000442,Female,1976-10-14,Negeri Sembilan,Seremban,>RM15k,Medium,2022-03-13,2026-08-01,2026-08-14 00:26:12.005687
CUST000443,Male,1999-10-17,Perak,Taiping,RM6k-10k,Low,2023-03-31,2026-08-01,2026-08-14 00:26:12.005687
CUST000444,Female,1965-08-01,Selangor,Petaling Jaya,RM3k-6k,Medium,2021-03-29,2026-08-01,2026-08-14 00:26:12.005687
CUST000445,Female,1968-07-06,Perak,Ipoh,>RM15k,Medium,2022-11-24,2026-08-01,2026-08-14 00:26:12.005687
CUST000446,Male,1982-09-08,Selangor,Petaling Jaya,RM3k-6k,Medium,2020-08-11,2026-08-01,2026-08-14 00:26:12.005687
CUST000447,Male,1957-04-15,Johor,Johor Bahru,RM6k-10k,Low,2022-11-22,2026-08-01,2026-08-14 00:26:12.005687
CUST000448,Male,1962-02-24,Johor,Johor Bahru,RM3k-6k,Medium,2019-12-12,2026-08-01,2026-08-14 00:26:12.005687
CUST000449,Female,1982-10-01,Selangor,Petaling Jaya,>RM15k,Medium,2020-04-01,2026-08-01,2026-08-14 00:26:12.005687
CUST000450,Male,1979-12-23,Selangor,Klang,RM3k-6k,Low,2018-07-27,2026-08-01,2026-08-14 00:26:12.005687
CUST000451,Female,1986-12-26,Negeri Sembilan,Seremban,RM3k-6k,Low,2018-10-13,2026-08-01,2026-08-14 00:26:12.005687
CUST000452,Male,1960-07-22,Selangor,Klang,RM6k-10k,Low,2019-01-28,2026-08-01,2026-08-14 00:26:12.005687
CUST000453,Male,1996-11-01,Sarawak,Miri,RM10k-15k,Medium,2019-07-08,2026-08-01,2026-08-14 00:26:12.005687
CUST000454,Female,1978-10-16,Perak,Ipoh,<RM3k,Low,2023-10-01,2026-08-01,2026-08-14 00:26:12.005687
CUST000455,Female,1962-08-06,Johor,Muar,RM3k-6k,High,2019-09-24,2026-08-01,2026-08-14 00:26:12.005687
CUST000456,Female,1970-04-08,Kuala Lumpur,Kuala Lumpur,>RM15k,Medium,2020-11-03,2026-08-01,2026-08-14 00:26:12.005687
CUST000457,Male,1966-02-22,Selangor,Klang,RM10k-15k,Medium,2019-05-23,2026-08-01,2026-08-14 00:26:12.005687
CUST000458,Female,1977-02-27,Kuala Lumpur,Kuala Lumpur,RM3k-6k,High,2021-05-23,2026-08-01,2026-08-14 00:26:12.005687
CUST000459,Male,1977-12-31,Penang,George Town,RM3k-6k,Medium,2019-12-16,2026-08-01,2026-08-14 00:26:12.005687
CUST000460,Male,1976-04-02,Negeri Sembilan,Seremban,RM3k-6k,Low,2020-08-18,2026-08-01,2026-08-14 00:26:12.005687
CUST000461,Male,1977-08-03,Melaka,Melaka City,RM6k-10k,Low,2018-07-20,2026-08-01,2026-08-14 00:26:12.005687
CUST000462,Female,1999-06-27,Kuala Lumpur,Kuala Lumpur,RM6k-10k,Medium,2022-01-14,2026-08-01,2026-08-14 00:26:12.005687
CUST000463,Male,2001-12-29,Selangor,Klang,RM10k-15k,Low,2020-02-26,2026-08-01,2026-08-14 00:26:12.005687
CUST000464,Female,1979-01-02,Kuala Lumpur,Kuala Lumpur,<RM3k,High,2023-03-18,2026-08-01,2026-08-14 00:26:12.005687
CUST000465,Male,2002-03-09,Negeri Sembilan,Seremban,RM10k-15k,Low,2025-12-24,2026-08-01,2026-08-14 00:26:12.005687
CUST000466,Male,1995-02-07,Selangor,Klang,<RM3k,Low,2021-11-18,2026-08-01,2026-08-14 00:26:12.005687
CUST000467,Male,1995-03-05,Selangor,Shah Alam,RM10k-15k,Medium,2022-02-02,2026-08-01,2026-08-14 00:26:12.005687
CUST000468,Male,1966-01-21,Penang,Butterworth,<RM3k,Medium,2024-08-22,2026-08-01,2026-08-14 00:26:12.005687
CUST000469,Female,1976-06-25,Penang,George Town,<RM3k,Medium,2020-10-03,2026-08-01,2026-08-14 00:26:12.005687
CUST000470,Male,1972-04-01,Selangor,Shah Alam,RM3k-6k,Low,2019-02-17,2026-08-01,2026-08-14 00:26:12.005687
CUST000471,Female,1959-09-23,Perak,Taiping,RM3k-6k,Low,2023-10-06,2026-08-01,2026-08-14 00:26:12.005687
CUST000472,Female,1958-09-05,Kuala Lumpur,Kuala Lumpur,RM3k-6k,Medium,2023-03-13,2026-08-01,2026-08-14 00:26:12.005687
CUST000473,Female,1985-07-01,Kuala Lumpur,Kuala Lumpur,RM6k-10k,High,2021-10-03,2026-08-01,2026-08-14 00:26:12.005687
CUST000474,Female,1975-08-13,Kuala Lumpur,Kuala Lumpur,>RM15k,Low,2021-02-03,2026-08-01,2026-08-14 00:26:12.005687
CUST000475,Female,1995-06-17,Selangor,Klang,RM6k-10k,Medium,2018-03-28,2026-08-01,2026-08-14 00:26:12.005687
CUST000476,Female,1987-10-07,Negeri Sembilan,Seremban,RM6k-10k,Low,2022-06-16,2026-08-01,2026-08-14 00:26:12.005687
CUST000477,Female,1959-03-05,Johor,Muar,RM3k-6k,Medium,2022-05-18,2026-08-01,2026-08-14 00:26:12.005687
CUST000478,Male,1996-01-25,Sabah,Sandakan,RM10k-15k,Low,2022-02-15,2026-08-01,2026-08-14 00:26:12.005687
CUST000479,Male,1979-04-23,Selangor,Petaling Jaya,<RM3k,High,2020-06-07,2026-08-01,2026-08-14 00:26:12.005687
CUST000480,Female,1982-09-23,Perak,Taiping,RM3k-6k,Low,2019-03-20,2026-08-01,2026-08-14 00:26:12.005687
CUST000481,Female,2002-04-25,Negeri Sembilan,Seremban,<RM3k,Medium,2022-07-27,2026-08-01,2026-08-14 00:26:12.005687
CUST000482,Female,1986-05-12,Selangor,Subang Jaya,RM3k-6k,Medium,2022-12-17,2026-08-01,2026-08-14 00:26:12.005687
CUST000483,Male,1956-02-03,Negeri Sembilan,Seremban,RM6k-10k,Low,2019-05-21,2026-08-01,2026-08-14 00:26:12.005687
CUST000484,Female,1963-09-08,Penang,Butterworth,<RM3k,Low,2018-12-19,2026-08-01,2026-08-14 00:26:12.005687
CUST000485,Female,1975-11-21,Sabah,Sandakan,<RM3k,Medium,2021-11-10,2026-08-01,2026-08-14 00:26:12.005687
CUST000486,Female,1956-10-27,Selangor,Klang,RM10k-15k,Medium,2018-05-20,2026-08-01,2026-08-14 00:26:12.005687
CUST000487,Female,1963-03-17,Penang,Butterworth,<RM3k,Medium,2019-07-20,2026-08-01,2026-08-14 00:26:12.005687
CUST000488,Female,1993-10-16,Johor,Johor Bahru,RM6k-10k,Medium,2023-02-02,2026-08-01,2026-08-14 00:26:12.005687
CUST000489,Male,1961-12-30,Negeri Sembilan,Seremban,RM3k-6k,Low,2020-05-22,2026-08-01,2026-08-14 00:26:12.005687
CUST000490,Male,1963-03-09,Melaka,Melaka City,>RM15k,High,2021-09-07,2026-08-01,2026-08-14 00:26:12.005687
CUST000491,Male,1979-09-23,Selangor,Shah Alam,RM6k-10k,Low,2023-07-01,2026-08-01,2026-08-14 00:26:12.005687
CUST000492,Male,1959-06-20,Negeri Sembilan,Seremban,<RM3k,Medium,2019-06-01,2026-08-01,2026-08-14 00:26:12.005687
CUST000493,Male,1967-07-12,Melaka,Melaka City,>RM15k,High,2019-10-27,2026-08-01,2026-08-14 00:26:12.005687
CUST000494,Female,2000-12-08,Penang,Bayan Lepas,RM3k-6k,High,2020-05-18,2026-08-01,2026-08-14 00:26:12.005687
CUST000495,Male,1985-12-09,Kuala Lumpur,Kuala Lumpur,RM3k-6k,Low,2021-05-03,2026-08-01,2026-08-14 00:26:12.005687
CUST000496,Male,2002-03-18,Kuala Lumpur,Kuala Lumpur,RM6k-10k,Low,2022-06-24,2026-08-01,2026-08-14 00:26:12.005687
CUST000497,Female,1972-05-10,Kuala Lumpur,Kuala Lumpur,RM6k-10k,Medium,2018-08-02,2026-08-01,2026-08-14 00:26:12.005687
CUST000498,Male,1985-03-12,Kuala Lumpur,Kuala Lumpur,RM3k-6k,Low,2021-10-16,2026-08-01,2026-08-14 00:26:12.005687
CUST000499,Female,1966-09-09,Negeri Sembilan,Seremban,RM3k-6k,Medium,2023-07-01,2026-08-01,2026-08-14 00:26:12.005687
CUST000500,Male,1973-07-21,Selangor,Petaling Jaya,<RM3k,Low,2024-10-22,2026-08-01,2026-08-14 00:26:12.005687
CUST000501,Male,1963-07-23,Perak,Taiping,RM6k-10k,Low,2022-04-24,2026-08-01,2026-08-14 00:26:12.005687
CUST000502,Male,1995-10-29,Penang,Butterworth,>RM15k,Low,2023-01-03,2026-08-01,2026-08-14 00:26:12.005687
CUST000503,Male,1964-01-07,Penang,George Town,RM3k-6k,Medium,2024-07-05,2026-08-01,2026-08-14 00:26:12.005687
CUST000504,Male,1965-01-11,Selangor,Petaling Jaya,>RM15k,Medium,2023-10-26,2026-08-01,2026-08-14 00:26:12.005687
CUST000505,Male,1977-09-22,Penang,George Town,<RM3k,Low,2022-04-12,2026-08-01,2026-08-14 00:26:12.005687
CUST000506,Male,1976-01-15,Penang,Bayan Lepas,RM10k-15k,Low,2022-07-13,2026-08-01,2026-08-14 00:26:12.005687
CUST000507,Female,1970-05-18,Penang,Bayan Lepas,>RM15k,Low,2025-12-14,2026-08-01,2026-08-14 00:26:12.005687
CUST000508,Male,1972-06-29,Selangor,Subang Jaya,RM6k-10k,Medium,2024-01-21,2026-08-01,2026-08-14 00:26:12.005687
CUST000509,Male,1969-06-15,Perak,Taiping,<RM3k,Medium,2019-12-06,2026-08-01,2026-08-14 00:26:12.005687
CUST000510,Female,1999-09-20,Kuala Lumpur,Kuala Lumpur,RM3k-6k,Medium,2021-08-18,2026-08-01,2026-08-14 00:26:12.005687
CUST000511,Female,1983-06-09,Penang,George Town,<RM3k,High,2023-12-08,2026-08-01,2026-08-14 00:26:12.005687
CUST000512,Male,2000-01-25,Johor,Johor Bahru,RM6k-10k,Low,2022-03-06,2026-08-01,2026-08-14 00:26:12.005687
CUST000513,Female,2003-05-09,Selangor,Klang,>RM15k,High,2021-06-16,2026-08-01,2026-08-14 00:26:12.005687
CUST000514,Female,1986-11-22,Sarawak,Miri,RM3k-6k,Low,2022-11-13,2026-08-01,2026-08-14 00:26:12.005687
CUST000515,Female,1995-06-16,Kuala Lumpur,Kuala Lumpur,<RM3k,Medium,2021-01-03,2026-08-01,2026-08-14 00:26:12.005687
CUST000516,Female,1960-06-04,Negeri Sembilan,Seremban,RM3k-6k,Low,2023-06-04,2026-08-01,2026-08-14 00:26:12.005687
CUST000517,Female,2001-07-08,Melaka,Melaka City,RM6k-10k,Medium,2023-11-07,2026-08-01,2026-08-14 00:26:12.005687
CUST000518,Male,1978-08-17,Selangor,Shah Alam,RM6k-10k,Medium,2025-03-08,2026-08-01,2026-08-14 00:26:12.005687
CUST000519,Female,1989-12-15,Selangor,Subang Jaya,RM3k-6k,Low,2025-08-23,2026-08-01,2026-08-14 00:26:12.005687
CUST000520,Male,1967-01-08,Kuala Lumpur,Kuala Lumpur,RM10k-15k,High,2023-09-10,2026-08-01,2026-08-14 00:26:12.005687
CUST000521,Male,1959-09-06,Melaka,Melaka City,<RM3k,High,2024-01-17,2026-08-01,2026-08-14 00:26:12.005687
CUST000522,Female,1998-05-11,Penang,Bayan Lepas,RM6k-10k,High,2024-03-05,2026-08-01,2026-08-14 00:26:12.005687
CUST000523,Female,1977-01-08,Kuala Lumpur,Kuala Lumpur,RM3k-6k,Low,2020-08-22,2026-08-01,2026-08-14 00:26:12.005687
CUST000524,Male,1961-10-12,Johor,Batu Pahat,<RM3k,High,2025-04-28,2026-08-01,2026-08-14 00:26:12.005687
CUST000525,Female,1987-04-07,Kuala Lumpur,Kuala Lumpur,RM6k-10k,Medium,2022-01-29,2026-08-01,2026-08-14 00:26:12.005687
CUST000526,Female,1957-08-29,Penang,Bayan Lepas,RM6k-10k,Medium,2024-12-09,2026-08-01,2026-08-14 00:26:12.005687
CUST000527,Male,1977-01-26,Johor,Batu Pahat,RM3k-6k,Low,2019-09-27,2026-08-01,2026-08-14 00:26:12.005687
CUST000528,Male,1989-07-07,Kuala Lumpur,Kuala Lumpur,RM10k-15k,Medium,2020-06-25,2026-08-01,2026-08-14 00:26:12.005687
CUST000529,Male,1990-04-19,Sarawak,Kuching,RM6k-10k,Medium,2022-12-17,2026-08-01,2026-08-14 00:26:12.005687
CUST000530,Female,1977-03-18,Selangor,Klang,RM3k-6k,Medium,2022-08-18,2026-08-01,2026-08-14 00:26:12.005687
CUST000531,Male,1973-02-15,Johor,Batu Pahat,>RM15k,High,2021-03-21,2026-08-01,2026-08-14 00:26:12.005687
CUST000532,Male,1996-01-29,Penang,Butterworth,>RM15k,Low,2019-10-08,2026-08-01,2026-08-14 00:26:12.005687
CUST000533,Female,1964-01-20,Negeri Sembilan,Seremban,<RM3k,Medium,2019-10-29,2026-08-01,2026-08-14 00:26:12.005687
CUST000535,Female,1962-09-07,Melaka,Melaka City,RM10k-15k,Low,2018-03-03,2026-08-01,2026-08-14 00:26:12.005687
CUST000536,Female,1994-04-02,Selangor,Klang,<RM3k,Low,2018-12-15,2026-08-01,2026-08-14 00:26:12.005687
CUST000537,Male,1978-01-09,Sarawak,Kuching,RM6k-10k,Low,2025-05-26,2026-08-01,2026-08-14 00:26:12.005687
CUST000538,Female,1956-10-30,Selangor,Shah Alam,<RM3k,Low,2025-10-31,2026-08-01,2026-08-14 00:26:12.005687
CUST000539,Female,1963-04-09,Perak,Taiping,RM6k-10k,Low,2018-08-19,2026-08-01,2026-08-14 00:26:12.005687
CUST000540,Male,1956-05-17,Kuala Lumpur,Kuala Lumpur,>RM15k,Low,2019-02-20,2026-08-01,2026-08-14 00:26:12.005687
CUST000541,Male,1994-11-27,Negeri Sembilan,Seremban,RM3k-6k,Medium,2020-08-19,2026-08-01,2026-08-14 00:26:12.005687
CUST000542,Male,1977-08-08,Negeri Sembilan,Seremban,RM6k-10k,Low,2022-09-08,2026-08-01,2026-08-14 00:26:12.005687
CUST000543,Male,1958-05-03,Johor,Johor Bahru,RM3k-6k,Low,2019-07-11,2026-08-01,2026-08-14 00:26:12.005687
CUST000544,Male,1965-11-04,Johor,Batu Pahat,RM6k-10k,Low,2025-11-09,2026-08-01,2026-08-14 00:26:12.005687
CUST000545,Female,1985-03-16,Penang,George Town,RM10k-15k,Low,2021-12-14,2026-08-01,2026-08-14 00:26:12.005687
CUST000546,Female,1984-02-03,Selangor,Shah Alam,RM3k-6k,Low,2022-04-18,2026-08-01,2026-08-14 00:26:12.005687
CUST000547,Female,1995-02-21,Perak,Taiping,RM6k-10k,High,2019-07-24,2026-08-01,2026-08-14 00:26:12.005687
CUST000548,Female,1956-04-07,Perak,Taiping,RM3k-6k,Medium,2020-06-17,2026-08-01,2026-08-14 00:26:12.005687
CUST000549,Male,1958-05-26,Johor,Batu Pahat,RM10k-15k,Low,2023-11-21,2026-08-01,2026-08-14 00:26:12.005687
CUST000550,Female,1956-09-25,Kuala Lumpur,Kuala Lumpur,RM6k-10k,Low,2023-01-22,2026-08-01,2026-08-14 00:26:12.005687
CUST000551,Female,1974-04-23,Melaka,Melaka City,RM6k-10k,Low,2019-10-19,2026-08-01,2026-08-14 00:26:12.005687
CUST000552,Female,1990-08-18,Kuala Lumpur,Kuala Lumpur,RM3k-6k,Medium,2021-07-13,2026-08-01,2026-08-14 00:26:12.005687
CUST000553,Female,1987-06-27,Penang,Bayan Lepas,RM6k-10k,High,2019-06-26,2026-08-01,2026-08-14 00:26:12.005687
CUST000554,Male,1965-04-19,Kuala Lumpur,Kuala Lumpur,RM6k-10k,Low,2021-04-05,2026-08-01,2026-08-14 00:26:12.005687
CUST000555,Female,1987-03-15,Kuala Lumpur,Kuala Lumpur,RM6k-10k,Low,2019-09-26,2026-08-01,2026-08-14 00:26:12.005687
CUST000556,Female,1987-03-01,Kuala Lumpur,Kuala Lumpur,RM6k-10k,Medium,2025-11-01,2026-08-01,2026-08-14 00:26:12.005687
CUST000557,Female,1964-05-18,Selangor,Subang Jaya,RM10k-15k,Low,2020-05-19,2026-08-01,2026-08-14 00:26:12.005687
CUST000558,Male,1991-09-29,Penang,George Town,RM3k-6k,Low,2021-10-15,2026-08-01,2026-08-14 00:26:12.005687
CUST000559,Male,1975-09-10,Johor,Batu Pahat,<RM3k,Medium,2023-02-18,2026-08-01,2026-08-14 00:26:12.005687
CUST000560,Male,1957-11-27,Perak,Ipoh,>RM15k,Medium,2018-04-30,2026-08-01,2026-08-14 00:26:12.005687
CUST000561,Female,1974-02-19,Perak,Ipoh,<RM3k,Low,2019-09-05,2026-08-01,2026-08-14 00:26:12.005687
CUST000562,Female,1992-09-18,Kuala Lumpur,Kuala Lumpur,>RM15k,Medium,2025-11-28,2026-08-01,2026-08-14 00:26:12.005687
CUST000563,Male,1989-02-10,Kuala Lumpur,Kuala Lumpur,RM6k-10k,Low,2023-07-29,2026-08-01,2026-08-14 00:26:12.005687
CUST000564,Male,1968-02-25,Penang,Butterworth,>RM15k,Low,2019-12-08,2026-08-01,2026-08-14 00:26:12.005687
CUST000565,Male,1992-02-01,Perak,Ipoh,RM6k-10k,Medium,2021-06-10,2026-08-01,2026-08-14 00:26:12.005687
CUST000566,Male,1974-02-01,Penang,Butterworth,RM10k-15k,Medium,2024-11-09,2026-08-01,2026-08-14 00:26:12.005687
CUST000567,Male,1977-07-20,Selangor,Shah Alam,RM6k-10k,Medium,2019-07-30,2026-08-01,2026-08-14 00:26:12.005687
CUST000568,Female,1959-03-31,Sarawak,Kuching,RM6k-10k,Medium,2020-05-23,2026-08-01,2026-08-14 00:26:12.005687
CUST000569,Female,2003-11-08,Kuala Lumpur,Kuala Lumpur,RM3k-6k,Medium,2019-12-03,2026-08-01,2026-08-14 00:26:12.005687
CUST000570,Male,1996-02-03,Penang,George Town,<RM3k,Medium,2023-04-27,2026-08-01,2026-08-14 00:26:12.005687
CUST000571,Female,1964-07-20,Kuala Lumpur,Kuala Lumpur,RM3k-6k,Medium,2022-03-21,2026-08-01,2026-08-14 00:26:12.005687
CUST000572,Male,1982-06-22,Perak,Ipoh,>RM15k,Low,2022-01-02,2026-08-01,2026-08-14 00:26:12.005687
CUST000573,Female,1993-03-27,Selangor,Petaling Jaya,RM3k-6k,Medium,2021-01-10,2026-08-01,2026-08-14 00:26:12.005687
CUST000574,Male,1979-09-23,Perak,Ipoh,RM10k-15k,Low,2020-08-16,2026-08-01,2026-08-14 00:26:12.005687
CUST000575,Male,1965-04-30,Kuala Lumpur,Kuala Lumpur,RM6k-10k,Medium,2022-02-09,2026-08-01,2026-08-14 00:26:12.005687
CUST000576,Male,2002-06-16,Penang,Butterworth,RM3k-6k,Low,2024-05-23,2026-08-01,2026-08-14 00:26:12.005687
CUST000577,Male,1968-03-03,Kuala Lumpur,Kuala Lumpur,>RM15k,Low,2024-07-01,2026-08-01,2026-08-14 00:26:12.005687
CUST000578,Male,1971-05-23,Perak,Ipoh,<RM3k,Medium,2024-04-10,2026-08-01,2026-08-14 00:26:12.005687
CUST000579,Male,1973-03-17,Kuala Lumpur,Kuala Lumpur,RM6k-10k,Medium,2018-05-14,2026-08-01,2026-08-14 00:26:12.005687
CUST000580,Female,1998-08-24,Kuala Lumpur,Kuala Lumpur,RM3k-6k,Low,2021-12-02,2026-08-01,2026-08-14 00:26:12.005687
CUST000581,Male,1979-07-02,Perak,Taiping,<RM3k,Low,2021-02-23,2026-08-01,2026-08-14 00:26:12.005687
CUST000582,Male,1990-04-06,Kuala Lumpur,Kuala Lumpur,RM3k-6k,Medium,2025-06-24,2026-08-01,2026-08-14 00:26:12.005687
CUST000583,Female,1999-02-27,Selangor,Shah Alam,RM6k-10k,High,2021-04-28,2026-08-01,2026-08-14 00:26:12.005687
CUST000584,Female,2000-06-29,Sarawak,Kuching,<RM3k,Low,2019-12-22,2026-08-01,2026-08-14 00:26:12.005687
CUST000585,Male,1996-12-17,Sarawak,Miri,RM10k-15k,Low,2020-01-03,2026-08-01,2026-08-14 00:26:12.005687
CUST000586,Male,1999-06-25,Sarawak,Kuching,RM6k-10k,Low,2019-07-24,2026-08-01,2026-08-14 00:26:12.005687
CUST000587,Female,2001-06-17,Selangor,Shah Alam,<RM3k,Low,2021-07-14,2026-08-01,2026-08-14 00:26:12.005687
CUST000588,Female,2003-07-23,Johor,Batu Pahat,RM3k-6k,Low,2020-02-11,2026-08-01,2026-08-14 00:26:12.005687
CUST000589,Female,1986-07-05,Sabah,Sandakan,<RM3k,Medium,2022-07-14,2026-08-01,2026-08-14 00:26:12.005687
CUST000590,Female,1961-06-14,Kuala Lumpur,Kuala Lumpur,RM10k-15k,Low,2019-11-06,2026-08-01,2026-08-14 00:26:12.005687
CUST000591,Male,1960-07-20,Perak,Ipoh,RM6k-10k,Low,2022-09-05,2026-08-01,2026-08-14 00:26:12.005687
CUST000592,Female,1994-01-01,Kuala Lumpur,Kuala Lumpur,<RM3k,Low,2022-12-04,2026-08-01,2026-08-14 00:26:12.005687
CUST000593,Female,1970-06-28,Melaka,Melaka City,RM6k-10k,Low,2023-05-11,2026-08-01,2026-08-14 00:26:12.005687
CUST000594,Male,1994-06-02,Penang,George Town,RM6k-10k,Low,2025-01-21,2026-08-01,2026-08-14 00:26:12.005687
CUST000595,Female,2000-10-19,Johor,Muar,RM6k-10k,Low,2018-08-13,2026-08-01,2026-08-14 00:26:12.005687
CUST000596,Female,1986-07-28,Johor,Batu Pahat,<RM3k,Low,2018-06-04,2026-08-01,2026-08-14 00:26:12.005687
CUST000597,Male,1992-06-12,Selangor,Shah Alam,<RM3k,Medium,2021-09-05,2026-08-01,2026-08-14 00:26:12.005687
CUST000598,Male,1968-08-30,Selangor,Shah Alam,RM3k-6k,Low,2022-02-16,2026-08-01,2026-08-14 00:26:12.005687
CUST000599,Male,1976-04-16,Perak,Taiping,RM6k-10k,Medium,2024-01-22,2026-08-01,2026-08-14 00:26:12.005687
CUST000600,Male,2002-04-16,Johor,Muar,RM6k-10k,High,2019-10-25,2026-08-01,2026-08-14 00:26:12.005687
CUST000601,Female,1995-01-09,Johor,Batu Pahat,RM3k-6k,Low,2021-08-22,2026-08-01,2026-08-14 00:26:12.005687
CUST000602,Male,1965-01-06,Selangor,Subang Jaya,RM3k-6k,Low,2022-11-21,2026-08-01,2026-08-14 00:26:12.005687
CUST000603,Male,2000-11-16,Perak,Ipoh,RM6k-10k,Medium,2023-04-02,2026-08-01,2026-08-14 00:26:12.005687
CUST000604,Male,1979-06-24,Selangor,Subang Jaya,<RM3k,Low,2022-05-06,2026-08-01,2026-08-14 00:26:12.005687
CUST000605,Male,1996-05-06,Selangor,Shah Alam,RM6k-10k,Low,2022-09-21,2026-08-01,2026-08-14 00:26:12.005687
CUST000606,Male,1980-07-20,Negeri Sembilan,Seremban,RM3k-6k,Medium,2019-04-25,2026-08-01,2026-08-14 00:26:12.005687
CUST000607,Male,1984-08-03,Johor,Batu Pahat,RM3k-6k,Medium,2021-09-19,2026-08-01,2026-08-14 00:26:12.005687
CUST000608,Female,1962-12-06,Johor,Johor Bahru,RM6k-10k,High,2022-05-01,2026-08-01,2026-08-14 00:26:12.005687
CUST000609,Male,1971-08-05,Negeri Sembilan,Seremban,RM3k-6k,Low,2018-08-19,2026-08-01,2026-08-14 00:26:12.005687
CUST000610,Female,1990-05-27,Selangor,Subang Jaya,RM6k-10k,Low,2025-09-30,2026-08-01,2026-08-14 00:26:12.005687
CUST000611,Male,1996-04-10,Negeri Sembilan,Seremban,<RM3k,Low,2023-01-24,2026-08-01,2026-08-14 00:26:12.005687
CUST000612,Male,1959-05-10,Perak,Ipoh,RM3k-6k,Low,2023-09-28,2026-08-01,2026-08-14 00:26:12.005687
CUST000613,Male,1958-10-07,Penang,Bayan Lepas,RM6k-10k,Low,2022-04-11,2026-08-01,2026-08-14 00:26:12.005687
CUST000614,Male,1988-12-16,Selangor,Petaling Jaya,<RM3k,Low,2025-06-11,2026-08-01,2026-08-14 00:26:12.005687
CUST000615,Female,1976-11-27,Kuala Lumpur,Kuala Lumpur,RM6k-10k,Low,2018-01-17,2026-08-01,2026-08-14 00:26:12.005687
CUST000616,Male,1996-07-30,Johor,Muar,RM10k-15k,Low,2025-08-30,2026-08-01,2026-08-14 00:26:12.005687
CUST000617,Male,1958-05-05,Kuala Lumpur,Kuala Lumpur,>RM15k,Low,2019-08-28,2026-08-01,2026-08-14 00:26:12.005687
CUST000618,Female,1972-02-13,Kuala Lumpur,Kuala Lumpur,RM3k-6k,Low,2025-01-27,2026-08-01,2026-08-14 00:26:12.005687
CUST000619,Female,1956-09-26,Penang,Bayan Lepas,RM3k-6k,Medium,2018-06-29,2026-08-01,2026-08-14 00:26:12.005687
CUST000620,Female,1989-10-04,Perak,Taiping,RM3k-6k,Low,2020-07-02,2026-08-01,2026-08-14 00:26:12.005687
CUST000621,Male,1997-01-12,Kuala Lumpur,Kuala Lumpur,>RM15k,Medium,2022-07-24,2026-08-01,2026-08-14 00:26:12.005687
CUST000622,Female,1962-09-06,Sabah,Kota Kinabalu,RM3k-6k,Low,2023-04-05,2026-08-01,2026-08-14 00:26:12.005687
CUST000623,Male,1970-11-15,Negeri Sembilan,Seremban,RM3k-6k,Low,2018-02-14,2026-08-01,2026-08-14 00:26:12.005687
CUST000624,Female,1996-06-13,Sabah,Sandakan,RM10k-15k,High,2020-11-14,2026-08-01,2026-08-14 00:26:12.005687
CUST000625,Male,1957-01-11,Sabah,Sandakan,<RM3k,High,2024-09-26,2026-08-01,2026-08-14 00:26:12.005687
CUST000626,Female,2001-08-24,Perak,Ipoh,RM6k-10k,Low,2019-06-19,2026-08-01,2026-08-14 00:26:12.005687
CUST000627,Male,1998-06-17,Selangor,Klang,RM3k-6k,Low,2025-07-30,2026-08-01,2026-08-14 00:26:12.005687
CUST000628,Female,1962-06-25,Selangor,Klang,RM6k-10k,Medium,2023-09-06,2026-08-01,2026-08-14 00:26:12.005687
CUST000629,Male,1961-10-22,Negeri Sembilan,Seremban,RM10k-15k,Low,2025-10-20,2026-08-01,2026-08-14 00:26:12.005687
CUST000630,Male,1988-11-24,Perak,Ipoh,RM3k-6k,Low,2025-03-23,2026-08-01,2026-08-14 00:26:12.005687
CUST000631,Male,1955-06-30,Sabah,Sandakan,RM6k-10k,Low,2019-10-24,2026-08-01,2026-08-14 00:26:12.005687
CUST000632,Male,1979-10-14,Negeri Sembilan,Seremban,RM6k-10k,Low,2025-07-12,2026-08-01,2026-08-14 00:26:12.005687
CUST000633,Female,1958-03-25,Selangor,Petaling Jaya,<RM3k,Medium,2021-12-17,2026-08-01,2026-08-14 00:26:12.005687
CUST000634,Female,1981-01-15,Selangor,Klang,RM10k-15k,Medium,2020-01-25,2026-08-01,2026-08-14 00:26:12.005687
CUST000635,Female,1972-02-28,Penang,George Town,RM10k-15k,Low,2025-02-16,2026-08-01,2026-08-14 00:26:12.005687
CUST000636,Female,1989-08-13,Kuala Lumpur,Kuala Lumpur,>RM15k,Low,2021-10-06,2026-08-01,2026-08-14 00:26:12.005687
CUST000637,Male,1998-02-25,Penang,Bayan Lepas,RM6k-10k,Low,2023-07-01,2026-08-01,2026-08-14 00:26:12.005687
CUST000638,Male,1978-12-12,Sarawak,Miri,RM3k-6k,Medium,2022-11-17,2026-08-01,2026-08-14 00:26:12.005687
CUST000639,Male,1986-06-12,Penang,Bayan Lepas,RM3k-6k,High,2020-05-22,2026-08-01,2026-08-14 00:26:12.005687
CUST000640,Male,1984-05-31,Selangor,Subang Jaya,RM3k-6k,Low,2025-11-11,2026-08-01,2026-08-14 00:26:12.005687
CUST000641,Male,2003-04-05,Perak,Ipoh,<RM3k,Medium,2024-09-01,2026-08-01,2026-08-14 00:26:12.005687
CUST000642,Male,1966-04-25,Kuala Lumpur,Kuala Lumpur,RM3k-6k,Low,2022-03-26,2026-08-01,2026-08-14 00:26:12.005687
CUST000643,Female,1966-09-15,Melaka,Melaka City,RM3k-6k,Medium,2022-08-04,2026-08-01,2026-08-14 00:26:12.005687
CUST000644,Female,1973-07-18,Kuala Lumpur,Kuala Lumpur,<RM3k,Low,2018-07-23,2026-08-01,2026-08-14 00:26:12.005687
CUST000645,Male,1991-02-04,Sarawak,Miri,RM10k-15k,Low,2023-11-03,2026-08-01,2026-08-14 00:26:12.005687
CUST000646,Male,1997-05-24,Johor,Batu Pahat,<RM3k,Low,2025-04-11,2026-08-01,2026-08-14 00:26:12.005687
CUST000647,Female,1968-08-16,Johor,Muar,RM6k-10k,Medium,2025-10-02,2026-08-01,2026-08-14 00:26:12.005687
CUST000648,Male,1960-05-20,Johor,Johor Bahru,RM10k-15k,Low,2022-06-24,2026-08-01,2026-08-14 00:26:12.005687
CUST000649,Male,1984-10-27,Selangor,Klang,RM6k-10k,Low,2025-12-23,2026-08-01,2026-08-14 00:26:12.005687
CUST000650,Female,1984-04-12,Johor,Muar,<RM3k,Medium,2024-05-20,2026-08-01,2026-08-14 00:26:12.005687
CUST000651,Female,1973-05-12,Sarawak,Miri,RM6k-10k,Medium,2022-01-14,2026-08-01,2026-08-14 00:26:12.005687
CUST000652,Male,1964-01-12,Sarawak,Miri,RM10k-15k,Low,2024-05-26,2026-08-01,2026-08-14 00:26:12.005687
CUST000653,Male,1996-08-22,Kuala Lumpur,Kuala Lumpur,RM10k-15k,Low,2019-04-03,2026-08-01,2026-08-14 00:26:12.005687
CUST000654,Female,1996-06-23,Perak,Ipoh,RM3k-6k,Medium,2023-05-28,2026-08-01,2026-08-14 00:26:12.005687
CUST000655,Male,1991-08-17,Sarawak,Miri,<RM3k,Low,2022-12-15,2026-08-01,2026-08-14 00:26:12.005687
CUST000656,Female,1983-05-16,Sarawak,Kuching,RM6k-10k,Low,2021-12-11,2026-08-01,2026-08-14 00:26:12.005687
CUST000657,Male,1967-10-23,Johor,Batu Pahat,RM3k-6k,Low,2023-02-24,2026-08-01,2026-08-14 00:26:12.005687
CUST000658,Female,1974-09-30,Kuala Lumpur,Kuala Lumpur,RM10k-15k,Low,2024-10-25,2026-08-01,2026-08-14 00:26:12.005687
CUST000659,Male,1958-05-09,Negeri Sembilan,Seremban,RM6k-10k,Medium,2022-07-30,2026-08-01,2026-08-14 00:26:12.005687
CUST000660,Female,1967-03-29,Selangor,Subang Jaya,RM10k-15k,Medium,2021-01-12,2026-08-01,2026-08-14 00:26:12.005687
CUST000661,Female,1977-01-26,Selangor,Klang,>RM15k,Low,2021-05-17,2026-08-01,2026-08-14 00:26:12.005687
CUST000662,Male,1976-05-27,Sabah,Sandakan,RM6k-10k,High,2022-07-18,2026-08-01,2026-08-14 00:26:12.005687
CUST000663,Female,1958-12-09,Selangor,Klang,>RM15k,Medium,2022-08-26,2026-08-01,2026-08-14 00:26:12.005687
CUST000664,Female,2001-12-02,Sarawak,Miri,RM6k-10k,Medium,2020-07-04,2026-08-01,2026-08-14 00:26:12.005687
CUST000665,Female,1968-02-22,Kuala Lumpur,Kuala Lumpur,RM3k-6k,Low,2022-04-09,2026-08-01,2026-08-14 00:26:12.005687
CUST000666,Male,1979-12-13,Sabah,Sandakan,RM10k-15k,Low,2020-04-19,2026-08-01,2026-08-14 00:26:12.005687
CUST000667,Male,1977-10-18,Negeri Sembilan,Seremban,RM6k-10k,Medium,2025-07-22,2026-08-01,2026-08-14 00:26:12.005687
CUST000668,Male,1978-01-01,Negeri Sembilan,Seremban,>RM15k,Medium,2022-04-11,2026-08-01,2026-08-14 00:26:12.005687
CUST000669,Female,1996-05-27,Melaka,Melaka City,RM3k-6k,Low,2024-09-12,2026-08-01,2026-08-14 00:26:12.005687
CUST000670,Female,1991-07-26,Melaka,Melaka City,RM3k-6k,Low,2021-01-13,2026-08-01,2026-08-14 00:26:12.005687
CUST000671,Female,1997-07-06,Selangor,Shah Alam,RM10k-15k,Low,2021-02-23,2026-08-01,2026-08-14 00:26:12.005687
CUST000672,Male,1973-07-28,Negeri Sembilan,Seremban,<RM3k,Low,2020-04-22,2026-08-01,2026-08-14 00:26:12.005687
CUST000673,Male,1967-12-29,Melaka,Melaka City,RM6k-10k,Low,2022-07-26,2026-08-01,2026-08-14 00:26:12.005687
CUST000674,Male,1975-12-11,Johor,Johor Bahru,RM6k-10k,Low,2022-12-06,2026-08-01,2026-08-14 00:26:12.005687
CUST000675,Male,1982-07-06,Selangor,Petaling Jaya,<RM3k,Low,2022-07-12,2026-08-01,2026-08-14 00:26:12.005687
CUST000676,Female,1971-07-06,Kuala Lumpur,Kuala Lumpur,<RM3k,Medium,2024-09-10,2026-08-01,2026-08-14 00:26:12.005687
CUST000677,Male,1977-07-17,Penang,George Town,RM10k-15k,Medium,2022-01-31,2026-08-01,2026-08-14 00:26:12.005687
CUST000678,Male,1962-05-24,Perak,Taiping,<RM3k,Low,2024-07-26,2026-08-01,2026-08-14 00:26:12.005687
CUST000679,Female,1983-08-10,Selangor,Subang Jaya,RM10k-15k,Low,2018-06-19,2026-08-01,2026-08-14 00:26:12.005687
CUST000680,Female,1989-12-22,Selangor,Subang Jaya,RM10k-15k,Low,2020-11-17,2026-08-01,2026-08-14 00:26:12.005687
CUST000681,Female,1980-10-29,Penang,George Town,RM6k-10k,Low,2023-09-13,2026-08-01,2026-08-14 00:26:12.005687
CUST000682,Female,1997-10-10,Kuala Lumpur,Kuala Lumpur,RM3k-6k,Medium,2021-01-25,2026-08-01,2026-08-14 00:26:12.005687
CUST000683,Female,2003-10-14,Negeri Sembilan,Seremban,<RM3k,Low,2023-11-07,2026-08-01,2026-08-14 00:26:12.005687
CUST000684,Female,1999-05-16,Selangor,Petaling Jaya,RM10k-15k,Medium,2022-09-25,2026-08-01,2026-08-14 00:26:12.005687
CUST000685,Male,1959-07-22,Kuala Lumpur,Kuala Lumpur,<RM3k,Low,2021-11-15,2026-08-01,2026-08-14 00:26:12.005687
CUST000686,Female,1998-02-26,Kuala Lumpur,Kuala Lumpur,RM3k-6k,High,2022-06-18,2026-08-01,2026-08-14 00:26:12.005687
CUST000687,Female,1971-05-08,Sarawak,Miri,>RM15k,Medium,2025-03-18,2026-08-01,2026-08-14 00:26:12.005687
CUST000688,Male,1977-02-19,Sarawak,Kuching,RM3k-6k,Medium,2023-06-06,2026-08-01,2026-08-14 00:26:12.005687
CUST000689,Male,1975-03-09,Kuala Lumpur,Kuala Lumpur,RM3k-6k,High,2025-11-14,2026-08-01,2026-08-14 00:26:12.005687
CUST000690,Male,1968-12-01,Kuala Lumpur,Kuala Lumpur,>RM15k,Low,2018-10-07,2026-08-01,2026-08-14 00:26:12.005687
CUST000691,Female,1997-12-24,Johor,Johor Bahru,<RM3k,Low,2024-07-02,2026-08-01,2026-08-14 00:26:12.005687
CUST000692,Male,1986-04-04,Selangor,Shah Alam,<RM3k,Low,2025-02-16,2026-08-01,2026-08-14 00:26:12.005687
CUST000693,Female,2002-05-18,Sabah,Sandakan,RM3k-6k,Medium,2025-06-03,2026-08-01,2026-08-14 00:26:12.005687
CUST000694,Female,2001-10-11,Kuala Lumpur,Kuala Lumpur,RM10k-15k,Medium,2022-04-24,2026-08-01,2026-08-14 00:26:12.005687
CUST000695,Male,1975-07-27,Johor,Muar,RM10k-15k,Low,2021-11-24,2026-08-01,2026-08-14 00:26:12.005687
CUST000696,Male,1990-08-16,Selangor,Klang,RM10k-15k,Medium,2022-09-01,2026-08-01,2026-08-14 00:26:12.005687
CUST000697,Male,1979-08-13,Johor,Johor Bahru,>RM15k,Low,2025-04-24,2026-08-01,2026-08-14 00:26:12.005687
CUST000698,Male,1979-03-31,Johor,Johor Bahru,<RM3k,Low,2024-12-06,2026-08-01,2026-08-14 00:26:12.005687
CUST000699,Male,1991-03-29,Kuala Lumpur,Kuala Lumpur,RM6k-10k,Medium,2025-06-24,2026-08-01,2026-08-14 00:26:12.005687
CUST000700,Female,1988-09-30,Selangor,Klang,<RM3k,Low,2025-10-01,2026-08-01,2026-08-14 00:26:12.005687
CUST000701,Female,1999-09-03,Kuala Lumpur,Kuala Lumpur,>RM15k,Low,2022-12-27,2026-08-01,2026-08-14 00:26:12.005687
CUST000702,Female,1992-11-07,Kuala Lumpur,Kuala Lumpur,>RM15k,Medium,2020-01-27,2026-08-01,2026-08-14 00:26:12.005687
CUST000703,Female,1985-06-25,Negeri Sembilan,Seremban,RM3k-6k,Low,2019-03-17,2026-08-01,2026-08-14 00:26:12.005687
CUST000704,Male,2000-01-16,Selangor,Petaling Jaya,RM10k-15k,Low,2025-03-07,2026-08-01,2026-08-14 00:26:12.005687
CUST000705,Female,1960-01-07,Selangor,Shah Alam,RM6k-10k,Low,2019-03-21,2026-08-01,2026-08-14 00:26:12.005687
CUST000706,Male,1992-05-24,Kuala Lumpur,Kuala Lumpur,<RM3k,Low,2018-07-25,2026-08-01,2026-08-14 00:26:12.005687
CUST000707,Male,1974-03-22,Sabah,Sandakan,RM6k-10k,Medium,2021-10-11,2026-08-01,2026-08-14 00:26:12.005687
CUST000708,Male,1976-03-23,Melaka,Melaka City,>RM15k,Medium,2023-12-11,2026-08-01,2026-08-14 00:26:12.005687
CUST000709,Female,1993-04-19,Sabah,Kota Kinabalu,RM3k-6k,Low,2023-11-19,2026-08-01,2026-08-14 00:26:12.005687
CUST000710,Female,1968-05-28,Penang,Bayan Lepas,<RM3k,Medium,2020-01-13,2026-08-01,2026-08-14 00:26:12.005687
CUST000711,Male,1998-04-18,Sarawak,Miri,>RM15k,Medium,2022-01-04,2026-08-01,2026-08-14 00:26:12.005687
CUST000712,Male,1979-06-29,Selangor,Shah Alam,RM3k-6k,Medium,2025-02-25,2026-08-01,2026-08-14 00:26:12.005687
CUST000713,Male,1972-02-06,Sarawak,Kuching,RM3k-6k,Medium,2024-05-25,2026-08-01,2026-08-14 00:26:12.005687
CUST000714,Male,1971-01-30,Sabah,Kota Kinabalu,RM6k-10k,Low,2025-05-01,2026-08-01,2026-08-14 00:26:12.005687
CUST000715,Male,1975-08-16,Kuala Lumpur,Kuala Lumpur,RM6k-10k,Medium,2024-02-27,2026-08-01,2026-08-14 00:26:12.005687
CUST000716,Female,2001-03-11,Johor,Muar,RM3k-6k,Low,2018-09-24,2026-08-01,2026-08-14 00:26:12.005687
CUST000717,Male,1960-01-11,Selangor,Subang Jaya,<RM3k,Low,2019-08-18,2026-08-01,2026-08-14 00:26:12.005687
CUST000718,Female,1979-11-21,Kuala Lumpur,Kuala Lumpur,RM10k-15k,Low,2019-05-09,2026-08-01,2026-08-14 00:26:12.005687
CUST000719,Male,1995-11-30,Sarawak,Kuching,RM6k-10k,Low,2019-01-23,2026-08-01,2026-08-14 00:26:12.005687
CUST000720,Male,1978-02-16,Kuala Lumpur,Kuala Lumpur,RM6k-10k,Low,2024-11-12,2026-08-01,2026-08-14 00:26:12.005687
CUST000721,Male,1982-09-25,Sabah,Sandakan,RM10k-15k,High,2023-08-24,2026-08-01,2026-08-14 00:26:12.005687
CUST000722,Female,1972-01-23,Negeri Sembilan,Seremban,<RM3k,Low,2025-04-23,2026-08-01,2026-08-14 00:26:12.005687
CUST000723,Female,1961-09-03,Johor,Muar,RM10k-15k,Low,2020-07-24,2026-08-01,2026-08-14 00:26:12.005687
CUST000724,Male,1986-04-30,Selangor,Klang,RM10k-15k,High,2025-11-02,2026-08-01,2026-08-14 00:26:12.005687
CUST000725,Female,2000-01-28,Penang,Bayan Lepas,>RM15k,Low,2025-06-13,2026-08-01,2026-08-14 00:26:12.005687
CUST000726,Female,1980-06-24,Sarawak,Miri,RM3k-6k,Low,2018-11-06,2026-08-01,2026-08-14 00:26:12.005687
CUST000727,Female,1976-03-02,Selangor,Subang Jaya,RM3k-6k,Medium,2024-12-11,2026-08-01,2026-08-14 00:26:12.005687
CUST000728,Female,1961-04-28,Selangor,Klang,RM6k-10k,High,2018-11-20,2026-08-01,2026-08-14 00:26:12.005687
CUST000729,Female,2001-04-15,Penang,Bayan Lepas,>RM15k,Medium,2021-08-11,2026-08-01,2026-08-14 00:26:12.005687
CUST000730,Male,1997-08-03,Negeri Sembilan,Seremban,>RM15k,Low,2019-06-13,2026-08-01,2026-08-14 00:26:12.005687
CUST000731,Female,1999-03-12,Selangor,Shah Alam,RM3k-6k,Medium,2022-08-23,2026-08-01,2026-08-14 00:26:12.005687
CUST000732,Female,1972-08-03,Selangor,Petaling Jaya,RM6k-10k,Medium,2018-02-21,2026-08-01,2026-08-14 00:26:12.005687
CUST000733,Female,1985-08-21,Negeri Sembilan,Seremban,<RM3k,High,2024-10-10,2026-08-01,2026-08-14 00:26:12.005687
CUST000734,Female,1976-03-12,Kuala Lumpur,Kuala Lumpur,RM6k-10k,Low,2021-10-23,2026-08-01,2026-08-14 00:26:12.005687
CUST000735,Female,1966-07-01,Kuala Lumpur,Kuala Lumpur,RM10k-15k,Medium,2024-12-20,2026-08-01,2026-08-14 00:26:12.005687
CUST000736,Male,1965-01-28,Penang,George Town,RM10k-15k,Medium,2021-06-19,2026-08-01,2026-08-14 00:26:12.005687
CUST000737,Female,1973-10-22,Kuala Lumpur,Kuala Lumpur,RM3k-6k,Low,2022-06-15,2026-08-01,2026-08-14 00:26:12.005687
CUST000738,Female,1982-02-11,Selangor,Petaling Jaya,>RM15k,Low,2023-11-26,2026-08-01,2026-08-14 00:26:12.005687
CUST000739,Female,1960-12-23,Penang,Butterworth,<RM3k,Low,2025-10-09,2026-08-01,2026-08-14 00:26:12.005687
CUST000740,Female,1989-05-25,Perak,Ipoh,RM6k-10k,High,2020-12-29,2026-08-01,2026-08-14 00:26:12.005687
CUST000741,Female,1977-06-06,Johor,Johor Bahru,RM6k-10k,Low,2022-03-02,2026-08-01,2026-08-14 00:26:12.005687
CUST000742,Female,1998-03-05,Selangor,Shah Alam,RM6k-10k,Medium,2020-08-05,2026-08-01,2026-08-14 00:26:12.005687
CUST000743,Male,1968-08-29,Penang,Bayan Lepas,RM10k-15k,Low,2018-05-01,2026-08-01,2026-08-14 00:26:12.005687
CUST000744,Female,1957-07-12,Penang,Bayan Lepas,RM6k-10k,Medium,2024-12-25,2026-08-01,2026-08-14 00:26:12.005687
CUST000745,Male,1970-04-16,Sarawak,Miri,<RM3k,Low,2022-07-02,2026-08-01,2026-08-14 00:26:12.005687
CUST000746,Female,2002-09-09,Sabah,Sandakan,<RM3k,High,2020-12-23,2026-08-01,2026-08-14 00:26:12.005687
CUST000747,Female,1970-10-11,Perak,Ipoh,RM6k-10k,Low,2024-03-19,2026-08-01,2026-08-14 00:26:12.005687
CUST000748,Female,1989-06-26,Melaka,Melaka City,RM6k-10k,Medium,2024-07-19,2026-08-01,2026-08-14 00:26:12.005687
CUST000749,Male,1996-04-26,Sarawak,Miri,RM6k-10k,Medium,2025-11-16,2026-08-01,2026-08-14 00:26:12.005687
CUST000750,Male,1968-12-05,Kuala Lumpur,Kuala Lumpur,RM3k-6k,Low,2021-06-29,2026-08-01,2026-08-14 00:26:12.005687
CUST000751,Female,1986-06-26,Negeri Sembilan,Seremban,<RM3k,High,2018-11-04,2026-08-01,2026-08-14 00:26:12.005687
CUST000752,Female,1965-01-07,Melaka,Melaka City,RM10k-15k,Low,2021-11-18,2026-08-01,2026-08-14 00:26:12.005687
CUST000753,Female,1972-09-30,Selangor,Petaling Jaya,RM6k-10k,High,2021-07-10,2026-08-01,2026-08-14 00:26:12.005687
CUST000754,Female,1969-07-04,Kuala Lumpur,Kuala Lumpur,RM6k-10k,Low,2019-08-30,2026-08-01,2026-08-14 00:26:12.005687
CUST000755,Male,1987-12-12,Penang,Butterworth,RM3k-6k,Medium,2022-09-10,2026-08-01,2026-08-14 00:26:12.005687
CUST000756,Female,1997-11-27,Johor,Muar,RM3k-6k,High,2021-04-24,2026-08-01,2026-08-14 00:26:12.005687
CUST000757,Female,1967-05-14,Sabah,Kota Kinabalu,RM3k-6k,High,2025-01-18,2026-08-01,2026-08-14 00:26:12.005687
CUST000758,Male,1969-04-11,Johor,Batu Pahat,<RM3k,Low,2018-05-20,2026-08-01,2026-08-14 00:26:12.005687
CUST000759,Female,1995-03-23,Kuala Lumpur,Kuala Lumpur,RM6k-10k,Low,2023-09-23,2026-08-01,2026-08-14 00:26:12.005687
CUST000760,Female,1977-09-04,Selangor,Petaling Jaya,RM3k-6k,Medium,2022-10-25,2026-08-01,2026-08-14 00:26:12.005687
CUST000761,Male,1980-02-20,Melaka,Melaka City,RM3k-6k,Low,2019-11-07,2026-08-01,2026-08-14 00:26:12.005687
CUST000762,Female,1989-07-30,Kuala Lumpur,Kuala Lumpur,>RM15k,High,2020-10-26,2026-08-01,2026-08-14 00:26:12.005687
CUST000763,Female,1961-09-28,Sabah,Kota Kinabalu,RM3k-6k,Low,2024-11-15,2026-08-01,2026-08-14 00:26:12.005687
CUST000764,Female,1997-09-22,Selangor,Shah Alam,RM6k-10k,Low,2020-11-29,2026-08-01,2026-08-14 00:26:12.005687
CUST000765,Male,1972-11-23,Johor,Johor Bahru,RM3k-6k,Medium,2023-04-25,2026-08-01,2026-08-14 00:26:12.005687
CUST000766,Female,1987-04-08,Johor,Johor Bahru,RM3k-6k,Low,2022-02-06,2026-08-01,2026-08-14 00:26:12.005687
CUST000767,Female,1976-03-05,Selangor,Subang Jaya,<RM3k,Low,2025-02-27,2026-08-01,2026-08-14 00:26:12.005687
CUST000768,Female,1991-11-25,Perak,Taiping,RM10k-15k,Low,2023-04-14,2026-08-01,2026-08-14 00:26:12.005687
CUST000769,Female,1984-12-18,Perak,Taiping,RM3k-6k,High,2024-09-03,2026-08-01,2026-08-14 00:26:12.005687
CUST000770,Male,1963-06-29,Kuala Lumpur,Kuala Lumpur,RM6k-10k,Medium,2025-03-24,2026-08-01,2026-08-14 00:26:12.005687
CUST000771,Female,1964-03-15,Selangor,Klang,>RM15k,High,2019-01-13,2026-08-01,2026-08-14 00:26:12.005687
CUST000772,Male,1997-12-28,Sabah,Sandakan,<RM3k,Low,2024-09-01,2026-08-01,2026-08-14 00:26:12.005687
CUST000773,Male,1980-06-16,Perak,Taiping,RM6k-10k,Low,2025-09-06,2026-08-01,2026-08-14 00:26:12.005687
CUST000774,Male,1968-07-05,Johor,Batu Pahat,<RM3k,Low,2018-04-16,2026-08-01,2026-08-14 00:26:12.005687
CUST000775,Female,1962-01-07,Sabah,Sandakan,RM3k-6k,Low,2021-08-19,2026-08-01,2026-08-14 00:26:12.005687
CUST000776,Male,1961-04-16,Kuala Lumpur,Kuala Lumpur,RM10k-15k,Low,2020-01-15,2026-08-01,2026-08-14 00:26:12.005687
CUST000777,Male,2000-01-27,Kuala Lumpur,Kuala Lumpur,<RM3k,Low,2025-11-10,2026-08-01,2026-08-14 00:26:12.005687
CUST000778,Female,2002-10-31,Perak,Ipoh,>RM15k,Low,2020-10-25,2026-08-01,2026-08-14 00:26:12.005687
CUST000779,Male,1974-04-13,Perak,Taiping,RM6k-10k,Medium,2019-07-01,2026-08-01,2026-08-14 00:26:12.005687
CUST000780,Male,1964-11-17,Sarawak,Miri,RM3k-6k,Low,2018-10-07,2026-08-01,2026-08-14 00:26:12.005687
CUST000781,Female,1975-07-11,Selangor,Subang Jaya,<RM3k,Low,2024-05-06,2026-08-01,2026-08-14 00:26:12.005687
CUST000782,Male,1961-09-11,Johor,Johor Bahru,RM6k-10k,Low,2018-06-21,2026-08-01,2026-08-14 00:26:12.005687
CUST000783,Female,1981-12-06,Perak,Ipoh,RM6k-10k,Low,2020-06-09,2026-08-01,2026-08-14 00:26:12.005687
CUST000784,Male,1985-09-03,Selangor,Petaling Jaya,RM3k-6k,Medium,2022-06-08,2026-08-01,2026-08-14 00:26:12.005687
CUST000785,Male,2003-04-11,Johor,Muar,RM6k-10k,Medium,2018-05-11,2026-08-01,2026-08-14 00:26:12.005687
CUST000786,Female,1970-08-16,Penang,Butterworth,<RM3k,Medium,2019-05-26,2026-08-01,2026-08-14 00:26:12.005687
CUST000787,Male,1964-09-10,Selangor,Shah Alam,>RM15k,Low,2025-12-13,2026-08-01,2026-08-14 00:26:12.005687
CUST000788,Female,1961-07-14,Selangor,Subang Jaya,RM3k-6k,Low,2021-08-30,2026-08-01,2026-08-14 00:26:12.005687
CUST000789,Male,1973-06-24,Selangor,Shah Alam,RM6k-10k,Medium,2020-06-05,2026-08-01,2026-08-14 00:26:12.005687
CUST000790,Male,1984-06-14,Melaka,Melaka City,RM10k-15k,High,2024-12-15,2026-08-01,2026-08-14 00:26:12.005687
CUST000791,Female,1958-04-07,Selangor,Klang,RM6k-10k,Medium,2018-08-24,2026-08-01,2026-08-14 00:26:12.005687
CUST000792,Female,1992-03-09,Kuala Lumpur,Kuala Lumpur,RM10k-15k,Low,2020-02-11,2026-08-01,2026-08-14 00:26:12.005687
CUST000793,Female,1977-07-18,Kuala Lumpur,Kuala Lumpur,>RM15k,Medium,2024-11-18,2026-08-01,2026-08-14 00:26:12.005687
CUST000794,Female,1993-11-12,Kuala Lumpur,Kuala Lumpur,RM3k-6k,High,2024-01-09,2026-08-01,2026-08-14 00:26:12.005687
CUST000795,Female,1977-09-18,Selangor,Klang,RM3k-6k,Low,2021-06-15,2026-08-01,2026-08-14 00:26:12.005687
CUST000796,Female,1962-08-15,Penang,Butterworth,RM6k-10k,Low,2025-11-04,2026-08-01,2026-08-14 00:26:12.005687
CUST000797,Female,1956-01-20,Kuala Lumpur,Kuala Lumpur,<RM3k,Medium,2022-08-11,2026-08-01,2026-08-14 00:26:12.005687
CUST000798,Female,1982-04-14,Selangor,Shah Alam,RM6k-10k,Medium,2023-12-18,2026-08-01,2026-08-14 00:26:12.005687
CUST000799,Male,1981-06-06,Kuala Lumpur,Kuala Lumpur,<RM3k,Low,2025-11-16,2026-08-01,2026-08-14 00:26:12.005687
CUST000800,Male,1994-11-13,Selangor,Subang Jaya,>RM15k,Low,2022-01-13,2026-08-01,2026-08-14 00:26:12.005687
CUST000801,Male,1997-12-25,Kuala Lumpur,Kuala Lumpur,RM6k-10k,Medium,2021-11-05,2026-08-01,2026-08-14 00:26:12.005687
CUST000802,Female,1962-11-22,Penang,Bayan Lepas,RM6k-10k,Medium,2023-04-23,2026-08-01,2026-08-14 00:26:12.005687
CUST000803,Male,1970-06-02,Perak,Taiping,RM3k-6k,Medium,2018-07-15,2026-08-01,2026-08-14 00:26:12.005687
CUST000804,Male,1965-03-05,Sabah,Kota Kinabalu,>RM15k,Low,2021-06-05,2026-08-01,2026-08-14 00:26:12.005687
CUST000805,Female,1960-03-24,Selangor,Petaling Jaya,RM10k-15k,Low,2023-07-12,2026-08-01,2026-08-14 00:26:12.005687
CUST000806,Female,1955-02-13,Sarawak,Miri,RM10k-15k,Medium,2021-01-12,2026-08-01,2026-08-14 00:26:12.005687
CUST000807,Male,1959-01-13,Perak,Taiping,RM10k-15k,Low,2023-09-07,2026-08-01,2026-08-14 00:26:12.005687
CUST000808,Female,1980-09-14,Kuala Lumpur,Kuala Lumpur,<RM3k,Low,2021-03-24,2026-08-01,2026-08-14 00:26:12.005687
CUST000809,Male,1962-06-10,Johor,Batu Pahat,<RM3k,Medium,2019-07-22,2026-08-01,2026-08-14 00:26:12.005687
CUST000810,Male,1964-07-16,Sabah,Sandakan,RM3k-6k,Low,2019-03-04,2026-08-01,2026-08-14 00:26:12.005687
CUST000811,Female,1960-10-09,Selangor,Shah Alam,RM6k-10k,Medium,2022-05-13,2026-08-01,2026-08-14 00:26:12.005687
CUST000812,Female,1990-06-27,Selangor,Klang,RM6k-10k,Low,2019-07-20,2026-08-01,2026-08-14 00:26:12.005687
CUST000813,Male,1986-02-23,Penang,George Town,RM3k-6k,Medium,2020-12-14,2026-08-01,2026-08-14 00:26:12.005687
CUST000814,Male,2002-02-22,Kuala Lumpur,Kuala Lumpur,>RM15k,Medium,2022-02-27,2026-08-01,2026-08-14 00:26:12.005687
CUST000815,Female,1960-06-18,Negeri Sembilan,Seremban,<RM3k,Low,2018-05-26,2026-08-01,2026-08-14 00:26:12.005687
CUST000816,Male,1965-03-24,Kuala Lumpur,Kuala Lumpur,RM10k-15k,Medium,2021-05-13,2026-08-01,2026-08-14 00:26:12.005687
CUST000817,Male,1977-04-30,Kuala Lumpur,Kuala Lumpur,RM6k-10k,Low,2020-06-29,2026-08-01,2026-08-14 00:26:12.005687
CUST000818,Male,1986-10-21,Kuala Lumpur,Kuala Lumpur,RM3k-6k,Medium,2020-07-06,2026-08-01,2026-08-14 00:26:12.005687
CUST000819,Male,1961-05-16,Selangor,Shah Alam,<RM3k,Low,2025-04-10,2026-08-01,2026-08-14 00:26:12.005687
CUST000820,Female,1965-05-18,Melaka,Melaka City,RM6k-10k,High,2025-05-25,2026-08-01,2026-08-14 00:26:12.005687
CUST000821,Female,1975-08-27,Sarawak,Miri,RM10k-15k,Low,2020-05-27,2026-08-01,2026-08-14 00:26:12.005687
CUST000822,Male,1955-11-19,Melaka,Melaka City,RM3k-6k,Medium,2025-01-17,2026-08-01,2026-08-14 00:26:12.005687
CUST000823,Female,1974-05-14,Johor,Johor Bahru,RM6k-10k,Low,2019-10-14,2026-08-01,2026-08-14 00:26:12.005687
CUST000824,Male,1992-03-02,Johor,Muar,RM6k-10k,Low,2020-10-10,2026-08-01,2026-08-14 00:26:12.005687
CUST000825,Male,1980-10-20,Selangor,Subang Jaya,RM3k-6k,Low,2025-07-11,2026-08-01,2026-08-14 00:26:12.005687
CUST000826,Female,1976-04-06,Kuala Lumpur,Kuala Lumpur,RM6k-10k,Low,2018-10-24,2026-08-01,2026-08-14 00:26:12.005687
CUST000827,Male,1978-11-27,Melaka,Melaka City,RM3k-6k,Low,2021-01-21,2026-08-01,2026-08-14 00:26:12.005687
CUST000828,Female,2001-05-22,Johor,Johor Bahru,RM10k-15k,Low,2024-06-09,2026-08-01,2026-08-14 00:26:12.005687
CUST000829,Male,1980-07-01,Johor,Johor Bahru,RM6k-10k,Medium,2025-07-10,2026-08-01,2026-08-14 00:26:12.005687
CUST000830,Female,1981-03-06,Johor,Batu Pahat,<RM3k,Low,2025-08-02,2026-08-01,2026-08-14 00:26:12.005687
CUST000831,Male,2000-08-09,Sabah,Kota Kinabalu,RM10k-15k,Low,2025-01-15,2026-08-01,2026-08-14 00:26:12.005687
CUST000832,Male,1962-09-19,Selangor,Subang Jaya,RM3k-6k,High,2025-09-18,2026-08-01,2026-08-14 00:26:12.005687
CUST000833,Female,1959-09-14,Perak,Taiping,>RM15k,Medium,2021-10-06,2026-08-01,2026-08-14 00:26:12.005687
CUST000834,Male,1977-01-14,Perak,Taiping,RM6k-10k,Low,2020-08-01,2026-08-01,2026-08-14 00:26:12.005687
CUST000835,Male,1970-08-11,Sarawak,Kuching,<RM3k,Low,2021-01-29,2026-08-01,2026-08-14 00:26:12.005687
CUST000836,Male,1964-12-09,Kuala Lumpur,Kuala Lumpur,RM10k-15k,Low,2018-12-19,2026-08-01,2026-08-14 00:26:12.005687
CUST000837,Male,1960-11-08,Kuala Lumpur,Kuala Lumpur,<RM3k,Medium,2019-02-07,2026-08-01,2026-08-14 00:26:12.005687
CUST000838,Male,1998-01-08,Johor,Muar,RM10k-15k,Medium,2025-10-15,2026-08-01,2026-08-14 00:26:12.005687
CUST000839,Female,1985-02-05,Sarawak,Kuching,>RM15k,Medium,2019-07-11,2026-08-01,2026-08-14 00:26:12.005687
CUST000840,Male,1988-11-07,Negeri Sembilan,Seremban,RM6k-10k,High,2022-12-06,2026-08-01,2026-08-14 00:26:12.005687
CUST000841,Female,1960-10-14,Penang,Butterworth,RM6k-10k,Medium,2019-11-10,2026-08-01,2026-08-14 00:26:12.005687
CUST000842,Male,1971-09-20,Selangor,Shah Alam,RM6k-10k,High,2023-04-24,2026-08-01,2026-08-14 00:26:12.005687
CUST000843,Male,1985-06-02,Selangor,Klang,RM3k-6k,Medium,2021-10-05,2026-08-01,2026-08-14 00:26:12.005687
CUST000844,Female,1980-11-10,Penang,George Town,<RM3k,Medium,2018-11-04,2026-08-01,2026-08-14 00:26:12.005687
CUST000845,Female,1989-01-17,Selangor,Petaling Jaya,>RM15k,Medium,2020-12-22,2026-08-01,2026-08-14 00:26:12.005687
CUST000846,Male,1987-10-21,Penang,George Town,RM3k-6k,Medium,2023-11-05,2026-08-01,2026-08-14 00:26:12.005687
CUST000847,Female,1975-04-03,Sarawak,Miri,RM3k-6k,Low,2024-05-26,2026-08-01,2026-08-14 00:26:12.005687
CUST000848,Male,1993-05-11,Selangor,Shah Alam,RM3k-6k,Low,2020-04-25,2026-08-01,2026-08-14 00:26:12.005687
CUST000849,Female,1967-09-21,Selangor,Petaling Jaya,>RM15k,Low,2020-05-16,2026-08-01,2026-08-14 00:26:12.005687
CUST000850,Male,1958-12-05,Kuala Lumpur,Kuala Lumpur,>RM15k,Low,2023-11-02,2026-08-01,2026-08-14 00:26:12.005687
CUST000851,Female,1999-10-02,Selangor,Subang Jaya,RM3k-6k,High,2021-05-25,2026-08-01,2026-08-14 00:26:12.005687
CUST000852,Female,1956-02-07,Perak,Taiping,RM3k-6k,Medium,2018-07-24,2026-08-01,2026-08-14 00:26:12.005687
CUST000853,Male,1968-11-24,Selangor,Klang,RM10k-15k,Low,2018-12-25,2026-08-01,2026-08-14 00:26:12.005687
CUST000854,Male,1960-08-10,Kuala Lumpur,Kuala Lumpur,RM3k-6k,Low,2020-12-27,2026-08-01,2026-08-14 00:26:12.005687
CUST000855,Female,1966-05-11,Kuala Lumpur,Kuala Lumpur,>RM15k,Low,2020-03-03,2026-08-01,2026-08-14 00:26:12.005687
CUST000856,Female,1974-05-09,Kuala Lumpur,Kuala Lumpur,>RM15k,Medium,2018-12-14,2026-08-01,2026-08-14 00:26:12.005687
CUST000857,Male,1961-05-08,Perak,Taiping,RM10k-15k,High,2024-04-06,2026-08-01,2026-08-14 00:26:12.005687
CUST000858,Male,1977-11-13,Penang,Butterworth,<RM3k,Low,2021-09-02,2026-08-01,2026-08-14 00:26:12.005687
CUST000859,Female,2000-06-08,Johor,Johor Bahru,RM6k-10k,Low,2023-08-28,2026-08-01,2026-08-14 00:26:12.005687
CUST000860,Male,1961-09-08,Johor,Batu Pahat,>RM15k,High,2018-01-06,2026-08-01,2026-08-14 00:26:12.005687
CUST000861,Male,2000-05-26,Kuala Lumpur,Kuala Lumpur,RM3k-6k,Medium,2021-03-20,2026-08-01,2026-08-14 00:26:12.005687
CUST000862,Male,1975-02-22,Johor,Muar,RM10k-15k,Medium,2021-10-28,2026-08-01,2026-08-14 00:26:12.005687
CUST000863,Male,1984-01-11,Kuala Lumpur,Kuala Lumpur,RM3k-6k,Low,2022-08-14,2026-08-01,2026-08-14 00:26:12.005687
CUST000864,Male,1976-08-21,Melaka,Melaka City,>RM15k,Low,2025-09-28,2026-08-01,2026-08-14 00:26:12.005687
CUST000865,Female,1970-07-07,Kuala Lumpur,Kuala Lumpur,RM6k-10k,Medium,2021-08-31,2026-08-01,2026-08-14 00:26:12.005687
CUST000866,Male,1960-05-06,Johor,Batu Pahat,<RM3k,Low,2021-11-30,2026-08-01,2026-08-14 00:26:12.005687
CUST000867,Male,1984-01-27,Kuala Lumpur,Kuala Lumpur,RM3k-6k,Medium,2025-02-27,2026-08-01,2026-08-14 00:26:12.005687
CUST000868,Male,1999-11-30,Sabah,Sandakan,<RM3k,Medium,2021-03-09,2026-08-01,2026-08-14 00:26:12.005687
CUST000869,Female,1980-07-08,Kuala Lumpur,Kuala Lumpur,RM3k-6k,Low,2021-02-26,2026-08-01,2026-08-14 00:26:12.005687
CUST000870,Female,1984-05-10,Melaka,Melaka City,>RM15k,Low,2019-04-12,2026-08-01,2026-08-14 00:26:12.005687
CUST000871,Male,1986-07-17,Kuala Lumpur,Kuala Lumpur,RM3k-6k,Medium,2023-10-11,2026-08-01,2026-08-14 00:26:12.005687
CUST000872,Female,1974-01-14,Sarawak,Miri,>RM15k,High,2018-02-26,2026-08-01,2026-08-14 00:26:12.005687
CUST000873,Male,1960-11-28,Perak,Ipoh,<RM3k,Low,2019-10-01,2026-08-01,2026-08-14 00:26:12.005687
CUST000874,Female,1979-11-02,Selangor,Klang,RM6k-10k,Medium,2021-05-06,2026-08-01,2026-08-14 00:26:12.005687
CUST000875,Male,1997-07-29,Selangor,Klang,>RM15k,Low,2021-06-21,2026-08-01,2026-08-14 00:26:12.005687
CUST000876,Male,1970-05-24,Selangor,Subang Jaya,RM6k-10k,High,2018-04-23,2026-08-01,2026-08-14 00:26:12.005687
CUST000877,Female,1997-09-12,Sarawak,Miri,>RM15k,Medium,2022-03-27,2026-08-01,2026-08-14 00:26:12.005687
CUST000878,Female,1996-11-10,Sarawak,Miri,>RM15k,Low,2025-10-10,2026-08-01,2026-08-14 00:26:12.005687
CUST000879,Male,1966-12-30,Kuala Lumpur,Kuala Lumpur,RM6k-10k,Medium,2018-11-02,2026-08-01,2026-08-14 00:26:12.005687
CUST000880,Male,1983-03-05,Selangor,Subang Jaya,RM10k-15k,Medium,2021-12-12,2026-08-01,2026-08-14 00:26:12.005687
CUST000881,Female,1991-08-18,Selangor,Petaling Jaya,<RM3k,Medium,2022-09-12,2026-08-01,2026-08-14 00:26:12.005687
CUST000882,Male,1979-04-01,Kuala Lumpur,Kuala Lumpur,RM3k-6k,Low,2020-08-04,2026-08-01,2026-08-14 00:26:12.005687
CUST000883,Male,1989-04-07,Penang,Butterworth,RM3k-6k,Medium,2022-08-06,2026-08-01,2026-08-14 00:26:12.005687
CUST000884,Female,1999-08-19,Selangor,Klang,RM10k-15k,Medium,2020-09-22,2026-08-01,2026-08-14 00:26:12.005687
CUST000885,Female,1985-09-25,Selangor,Petaling Jaya,RM6k-10k,Low,2019-04-09,2026-08-01,2026-08-14 00:26:12.005687
CUST000886,Female,1996-01-22,Sarawak,Miri,RM6k-10k,Low,2024-09-20,2026-08-01,2026-08-14 00:26:12.005687
CUST000887,Female,1994-03-31,Sabah,Kota Kinabalu,>RM15k,High,2025-12-27,2026-08-01,2026-08-14 00:26:12.005687
CUST000888,Female,1994-10-28,Sabah,Sandakan,<RM3k,Medium,2021-02-01,2026-08-01,2026-08-14 00:26:12.005687
CUST000889,Female,1996-10-05,Kuala Lumpur,Kuala Lumpur,>RM15k,Low,2018-09-28,2026-08-01,2026-08-14 00:26:12.005687
CUST000890,Male,1966-01-20,Melaka,Melaka City,<RM3k,Medium,2019-04-23,2026-08-01,2026-08-14 00:26:12.005687
CUST000891,Female,1955-11-25,Penang,Bayan Lepas,RM3k-6k,Low,2025-02-28,2026-08-01,2026-08-14 00:26:12.005687
CUST000892,Male,1962-07-03,Johor,Muar,RM6k-10k,Medium,2025-01-16,2026-08-01,2026-08-14 00:26:12.005687
CUST000893,Female,1967-03-27,Kuala Lumpur,Kuala Lumpur,RM3k-6k,Low,2021-12-06,2026-08-01,2026-08-14 00:26:12.005687
CUST000894,Female,1988-10-23,Melaka,Melaka City,RM6k-10k,Low,2024-12-20,2026-08-01,2026-08-14 00:26:12.005687
CUST000895,Male,1979-12-26,Johor,Johor Bahru,RM10k-15k,High,2019-10-13,2026-08-01,2026-08-14 00:26:12.005687
CUST000896,Male,1977-12-17,Sarawak,Kuching,RM10k-15k,Medium,2021-03-15,2026-08-01,2026-08-14 00:26:12.005687
CUST000897,Female,1955-06-12,Perak,Taiping,<RM3k,Low,2018-11-26,2026-08-01,2026-08-14 00:26:12.005687
CUST000898,Female,1988-07-01,Sabah,Kota Kinabalu,RM3k-6k,High,2022-05-11,2026-08-01,2026-08-14 00:26:12.005687
CUST000899,Female,1972-11-05,Perak,Taiping,<RM3k,High,2023-08-06,2026-08-01,2026-08-14 00:26:12.005687
CUST000900,Male,1992-04-08,Melaka,Melaka City,RM6k-10k,Medium,2025-09-09,2026-08-01,2026-08-14 00:26:12.005687
CUST000901,Female,1960-07-10,Selangor,Klang,<RM3k,Low,2024-01-13,2026-08-01,2026-08-14 00:26:12.005687
CUST000902,Female,1969-06-20,Selangor,Shah Alam,RM3k-6k,Low,2023-04-27,2026-08-01,2026-08-14 00:26:12.005687
CUST000903,Female,1957-09-05,Perak,Ipoh,RM10k-15k,Medium,2023-05-22,2026-08-01,2026-08-14 00:26:12.005687
CUST000904,Female,1968-12-12,Johor,Batu Pahat,>RM15k,High,2023-01-12,2026-08-01,2026-08-14 00:26:12.005687
CUST000905,Male,2000-03-29,Penang,Butterworth,RM10k-15k,Low,2021-05-11,2026-08-01,2026-08-14 00:26:12.005687
CUST000906,Male,1979-01-18,Perak,Ipoh,<RM3k,Low,2021-12-31,2026-08-01,2026-08-14 00:26:12.005687
CUST000907,Male,1976-07-15,Johor,Johor Bahru,RM6k-10k,Low,2019-05-20,2026-08-01,2026-08-14 00:26:12.005687
CUST000908,Female,1968-05-27,Sabah,Sandakan,<RM3k,Low,2018-02-28,2026-08-01,2026-08-14 00:26:12.005687
CUST000909,Female,1967-12-24,Selangor,Subang Jaya,RM3k-6k,Medium,2024-04-25,2026-08-01,2026-08-14 00:26:12.005687
CUST000910,Female,1987-09-11,Sarawak,Miri,RM3k-6k,Low,2021-12-19,2026-08-01,2026-08-14 00:26:12.005687
CUST000911,Male,2003-04-09,Kuala Lumpur,Kuala Lumpur,>RM15k,Medium,2024-12-19,2026-08-01,2026-08-14 00:26:12.005687
CUST000912,Male,1991-08-03,Penang,Butterworth,RM6k-10k,Medium,2018-12-22,2026-08-01,2026-08-14 00:26:12.005687
CUST000913,Male,1991-02-10,Melaka,Melaka City,RM3k-6k,Low,2021-02-18,2026-08-01,2026-08-14 00:26:12.005687
CUST000914,Male,1978-02-16,Selangor,Subang Jaya,RM6k-10k,High,2020-01-22,2026-08-01,2026-08-14 00:26:12.005687
CUST000915,Male,1959-11-01,Selangor,Klang,>RM15k,Low,2024-09-23,2026-08-01,2026-08-14 00:26:12.005687
CUST000916,Male,1990-06-19,Selangor,Subang Jaya,<RM3k,Low,2021-01-05,2026-08-01,2026-08-14 00:26:12.005687
CUST000917,Female,1994-08-16,Penang,Butterworth,RM10k-15k,Low,2023-01-31,2026-08-01,2026-08-14 00:26:12.005687
CUST000918,Female,1980-01-04,Selangor,Klang,RM3k-6k,Low,2018-09-04,2026-08-01,2026-08-14 00:26:12.005687
CUST000919,Female,1959-06-26,Kuala Lumpur,Kuala Lumpur,<RM3k,Low,2022-03-20,2026-08-01,2026-08-14 00:26:12.005687
CUST000920,Male,1989-12-05,Melaka,Melaka City,>RM15k,High,2021-07-13,2026-08-01,2026-08-14 00:26:12.005687
CUST000921,Female,2000-02-17,Selangor,Petaling Jaya,<RM3k,Low,2022-11-19,2026-08-01,2026-08-14 00:26:12.005687
CUST000922,Male,1966-01-09,Johor,Muar,RM10k-15k,Low,2022-09-06,2026-08-01,2026-08-14 00:26:12.005687
CUST000923,Male,1962-10-24,Penang,Butterworth,<RM3k,Medium,2018-11-11,2026-08-01,2026-08-14 00:26:12.005687
CUST000924,Male,1991-03-15,Kuala Lumpur,Kuala Lumpur,RM6k-10k,High,2018-05-27,2026-08-01,2026-08-14 00:26:12.005687
CUST000925,Female,1971-04-05,Kuala Lumpur,Kuala Lumpur,RM6k-10k,Low,2019-01-02,2026-08-01,2026-08-14 00:26:12.005687
CUST000926,Female,1990-01-14,Negeri Sembilan,Seremban,RM10k-15k,Low,2019-09-28,2026-08-01,2026-08-14 00:26:12.005687
CUST000927,Female,1989-06-15,Perak,Taiping,RM10k-15k,Low,2023-10-24,2026-08-01,2026-08-14 00:26:12.005687
CUST000928,Male,1968-01-24,Kuala Lumpur,Kuala Lumpur,RM6k-10k,Low,2020-02-26,2026-08-01,2026-08-14 00:26:12.005687
CUST000929,Male,1957-01-26,Sabah,Kota Kinabalu,RM3k-6k,Low,2025-10-04,2026-08-01,2026-08-14 00:26:12.005687
CUST000930,Male,1982-03-29,Johor,Batu Pahat,<RM3k,Medium,2018-09-11,2026-08-01,2026-08-14 00:26:12.005687
CUST000931,Female,1974-12-24,Kuala Lumpur,Kuala Lumpur,RM6k-10k,Low,2022-01-23,2026-08-01,2026-08-14 00:26:12.005687
CUST000932,Female,1996-11-27,Perak,Taiping,RM6k-10k,Low,2023-09-22,2026-08-01,2026-08-14 00:26:12.005687
CUST000933,Female,1972-07-16,Johor,Johor Bahru,<RM3k,Medium,2018-06-07,2026-08-01,2026-08-14 00:26:12.005687
CUST000934,Male,1967-03-24,Selangor,Shah Alam,>RM15k,Low,2022-02-10,2026-08-01,2026-08-14 00:26:12.005687
CUST000935,Male,1997-02-22,Melaka,Melaka City,RM3k-6k,Low,2018-07-18,2026-08-01,2026-08-14 00:26:12.005687
CUST000936,Female,1991-01-23,Selangor,Shah Alam,<RM3k,Medium,2024-04-26,2026-08-01,2026-08-14 00:26:12.005687
CUST000937,Male,1985-04-19,Selangor,Subang Jaya,>RM15k,Low,2021-09-27,2026-08-01,2026-08-14 00:26:12.005687
CUST000938,Female,2001-09-28,Selangor,Subang Jaya,RM6k-10k,Low,2024-11-30,2026-08-01,2026-08-14 00:26:12.005687
CUST000939,Male,1993-05-13,Sabah,Sandakan,RM10k-15k,Low,2023-04-06,2026-08-01,2026-08-14 00:26:12.005687
CUST000940,Female,1997-06-11,Perak,Taiping,<RM3k,Medium,2020-07-14,2026-08-01,2026-08-14 00:26:12.005687
CUST000941,Female,1994-02-23,Melaka,Melaka City,RM3k-6k,Medium,2019-03-29,2026-08-01,2026-08-14 00:26:12.005687
CUST000942,Male,1974-09-03,Selangor,Petaling Jaya,RM6k-10k,Low,2019-04-08,2026-08-01,2026-08-14 00:26:12.005687
CUST000943,Female,1958-01-20,Sabah,Sandakan,RM3k-6k,Low,2018-04-07,2026-08-01,2026-08-14 00:26:12.005687
CUST000944,Female,1984-10-01,Penang,Butterworth,RM6k-10k,Low,2020-05-27,2026-08-01,2026-08-14 00:26:12.005687
CUST000945,Female,1992-06-23,Selangor,Petaling Jaya,RM3k-6k,Low,2023-11-01,2026-08-01,2026-08-14 00:26:12.005687
CUST000946,Female,2003-08-05,Kuala Lumpur,Kuala Lumpur,RM3k-6k,Medium,2020-11-02,2026-08-01,2026-08-14 00:26:12.005687
CUST000947,Male,1988-05-25,Sarawak,Kuching,<RM3k,High,2019-03-03,2026-08-01,2026-08-14 00:26:12.005687
CUST000948,Male,1982-11-07,Selangor,Shah Alam,RM3k-6k,Medium,2018-08-22,2026-08-01,2026-08-14 00:26:12.005687
CUST000949,Male,1983-03-17,Penang,Butterworth,RM3k-6k,Low,2021-07-03,2026-08-01,2026-08-14 00:26:12.005687
CUST000950,Female,1960-08-20,Johor,Batu Pahat,RM10k-15k,Medium,2019-09-06,2026-08-01,2026-08-14 00:26:12.005687
CUST000951,Male,1955-05-12,Kuala Lumpur,Kuala Lumpur,RM6k-10k,Low,2023-11-15,2026-08-01,2026-08-14 00:26:12.005687
CUST000952,Female,1957-03-24,Negeri Sembilan,Seremban,<RM3k,Low,2020-09-10,2026-08-01,2026-08-14 00:26:12.005687
CUST000953,Female,1999-05-03,Sarawak,Kuching,RM6k-10k,High,2019-01-01,2026-08-01,2026-08-14 00:26:12.005687
CUST000954,Female,1993-09-21,Johor,Johor Bahru,RM3k-6k,Low,2020-03-07,2026-08-01,2026-08-14 00:26:12.005687
CUST000955,Male,1967-10-01,Perak,Taiping,RM3k-6k,Low,2021-07-17,2026-08-01,2026-08-14 00:26:12.005687
CUST000956,Male,1975-10-04,Johor,Muar,RM10k-15k,Medium,2018-04-21,2026-08-01,2026-08-14 00:26:12.005687
CUST000957,Male,1978-09-11,Sabah,Sandakan,RM6k-10k,Medium,2018-11-22,2026-08-01,2026-08-14 00:26:12.005687
CUST000958,Male,1967-02-03,Kuala Lumpur,Kuala Lumpur,RM6k-10k,Medium,2025-09-07,2026-08-01,2026-08-14 00:26:12.005687
CUST000959,Male,1975-09-17,Johor,Batu Pahat,RM3k-6k,Low,2020-10-12,2026-08-01,2026-08-14 00:26:12.005687
CUST000960,Male,1972-01-13,Selangor,Shah Alam,<RM3k,Medium,2023-12-26,2026-08-01,2026-08-14 00:26:12.005687
CUST000961,Male,1989-01-15,Johor,Batu Pahat,RM10k-15k,Low,2025-04-19,2026-08-01,2026-08-14 00:26:12.005687
CUST000962,Female,1992-02-09,Johor,Batu Pahat,RM6k-10k,High,2018-11-28,2026-08-01,2026-08-14 00:26:12.005687
CUST000963,Female,1959-10-28,Kuala Lumpur,Kuala Lumpur,RM6k-10k,Low,2023-06-28,2026-08-01,2026-08-14 00:26:12.005687
CUST000964,Female,1977-10-18,Negeri Sembilan,Seremban,>RM15k,Low,2024-08-30,2026-08-01,2026-08-14 00:26:12.005687
CUST000965,Male,2003-07-27,Kuala Lumpur,Kuala Lumpur,RM3k-6k,Medium,2018-03-09,2026-08-01,2026-08-14 00:26:12.005687
CUST000966,Female,1997-07-21,Kuala Lumpur,Kuala Lumpur,RM10k-15k,Low,2020-06-26,2026-08-01,2026-08-14 00:26:12.005687
CUST000967,Male,1993-11-22,Selangor,Subang Jaya,RM6k-10k,Medium,2019-01-28,2026-08-01,2026-08-14 00:26:12.005687
CUST000968,Female,1991-01-04,Penang,Butterworth,RM3k-6k,Low,2018-04-04,2026-08-01,2026-08-14 00:26:12.005687
CUST000969,Male,1955-03-19,Kuala Lumpur,Kuala Lumpur,<RM3k,Low,2020-05-08,2026-08-01,2026-08-14 00:26:12.005687
CUST000970,Female,2002-09-21,Johor,Muar,RM6k-10k,Low,2019-06-19,2026-08-01,2026-08-14 00:26:12.005687
CUST000971,Female,1991-01-08,Perak,Taiping,RM3k-6k,Low,2025-02-28,2026-08-01,2026-08-14 00:26:12.005687
CUST000972,Female,1998-07-14,Kuala Lumpur,Kuala Lumpur,RM6k-10k,Low,2019-11-25,2026-08-01,2026-08-14 00:26:12.005687
CUST000973,Female,1999-07-14,Negeri Sembilan,Seremban,RM6k-10k,Low,2023-12-23,2026-08-01,2026-08-14 00:26:12.005687
CUST000974,Male,1967-06-22,Selangor,Petaling Jaya,RM3k-6k,Low,2018-05-31,2026-08-01,2026-08-14 00:26:12.005687
CUST000975,Female,1955-09-05,Penang,Bayan Lepas,RM6k-10k,Medium,2022-12-09,2026-08-01,2026-08-14 00:26:12.005687
CUST000976,Male,1987-04-17,Kuala Lumpur,Kuala Lumpur,RM6k-10k,Medium,2023-07-23,2026-08-01,2026-08-14 00:26:12.005687
CUST000977,Female,1977-06-27,Perak,Ipoh,RM3k-6k,Low,2019-03-22,2026-08-01,2026-08-14 00:26:12.005687
CUST000978,Female,1956-01-03,Sarawak,Kuching,RM10k-15k,Low,2021-06-13,2026-08-01,2026-08-14 00:26:12.005687
CUST000979,Male,1968-04-08,Kuala Lumpur,Kuala Lumpur,<RM3k,Low,2025-06-06,2026-08-01,2026-08-14 00:26:12.005687
CUST000980,Female,2003-07-24,Kuala Lumpur,Kuala Lumpur,>RM15k,Low,2022-11-29,2026-08-01,2026-08-14 00:26:12.005687
CUST000981,Male,1972-10-20,Selangor,Subang Jaya,<RM3k,Low,2024-06-18,2026-08-01,2026-08-14 00:26:12.005687
CUST000982,Male,1967-10-15,Kuala Lumpur,Kuala Lumpur,RM3k-6k,Low,2021-05-25,2026-08-01,2026-08-14 00:26:12.005687
CUST000983,Male,1987-01-26,Negeri Sembilan,Seremban,RM6k-10k,High,2019-12-01,2026-08-01,2026-08-14 00:26:12.005687
CUST000984,Female,1987-07-29,Penang,Butterworth,<RM3k,Medium,2021-10-04,2026-08-01,2026-08-14 00:26:12.005687
CUST000985,Female,1971-04-10,Penang,Bayan Lepas,RM3k-6k,Low,2021-03-27,2026-08-01,2026-08-14 00:26:12.005687
CUST000986,Male,1996-08-09,Negeri Sembilan,Seremban,<RM3k,Low,2025-11-11,2026-08-01,2026-08-14 00:26:12.005687
CUST000987,Female,1983-06-08,Sarawak,Kuching,RM6k-10k,Low,2021-06-05,2026-08-01,2026-08-14 00:26:12.005687
CUST000988,Female,1962-11-11,Sarawak,Kuching,RM6k-10k,Low,2023-01-07,2026-08-01,2026-08-14 00:26:12.005687
CUST000989,Female,1970-12-03,Selangor,Klang,<RM3k,Low,2022-09-13,2026-08-01,2026-08-14 00:26:12.005687
CUST000990,Male,1996-07-17,Selangor,Subang Jaya,RM3k-6k,Low,2020-12-21,2026-08-01,2026-08-14 00:26:12.005687
CUST000991,Male,1959-05-18,Selangor,Petaling Jaya,RM3k-6k,Low,2020-12-30,2026-08-01,2026-08-14 00:26:12.005687
CUST000992,Male,1955-08-08,Selangor,Subang Jaya,>RM15k,Low,2024-10-03,2026-08-01,2026-08-14 00:26:12.005687
CUST000993,Male,1987-03-02,Selangor,Petaling Jaya,<RM3k,Medium,2019-09-06,2026-08-01,2026-08-14 00:26:12.005687
CUST000994,Female,1976-08-27,Kuala Lumpur,Kuala Lumpur,RM6k-10k,Low,2021-04-29,2026-08-01,2026-08-14 00:26:12.005687
CUST000995,Male,1967-05-22,Selangor,Subang Jaya,RM6k-10k,High,2023-05-03,2026-08-01,2026-08-14 00:26:12.005687
CUST000996,Female,1978-02-16,Johor,Muar,RM6k-10k,Low,2018-06-15,2026-08-01,2026-08-14 00:26:12.005687
CUST000997,Male,1963-12-30,Selangor,Petaling Jaya,>RM15k,Low,2023-06-03,2026-08-01,2026-08-14 00:26:12.005687
CUST000998,Female,1973-04-30,Kuala Lumpur,Kuala Lumpur,RM3k-6k,Low,2024-08-29,2026-08-01,2026-08-14 00:26:12.005687
CUST000999,Male,1966-06-17,Selangor,Shah Alam,RM10k-15k,Low,2021-07-16,2026-08-01,2026-08-14 00:26:12.005687
CUST001000,Female,1983-09-24,Johor,Batu Pahat,RM3k-6k,Low,2022-08-30,2026-08-01,2026-08-14 00:26:12.005687
CUST001001,Female,1988-01-03,Perak,Taiping,RM6k-10k,Low,2021-11-22,2026-08-01,2026-08-14 00:26:12.005687
CUST001002,Female,1999-10-29,Perak,Ipoh,RM3k-6k,Low,2023-04-30,2026-08-01,2026-08-14 00:26:12.005687
CUST001003,Female,1958-04-27,Selangor,Subang Jaya,RM3k-6k,Low,2018-05-29,2026-08-01,2026-08-14 00:26:12.005687
CUST001004,Female,1971-01-08,Kuala Lumpur,Kuala Lumpur,<RM3k,Low,2022-12-09,2026-08-01,2026-08-14 00:26:12.005687
CUST001005,Male,1967-12-16,Selangor,Shah Alam,<RM3k,Medium,2021-08-25,2026-08-01,2026-08-14 00:26:12.005687
CUST001006,Female,1983-05-20,Kuala Lumpur,Kuala Lumpur,>RM15k,Medium,2018-04-15,2026-08-01,2026-08-14 00:26:12.005687
CUST001007,Male,1981-02-13,Selangor,Subang Jaya,RM10k-15k,Medium,2024-05-26,2026-08-01,2026-08-14 00:26:12.005687
CUST001008,Female,1997-12-29,Negeri Sembilan,Seremban,RM3k-6k,High,2019-03-20,2026-08-01,2026-08-14 00:26:12.005687
CUST001009,Male,2000-01-11,Selangor,Petaling Jaya,RM6k-10k,Low,2022-09-24,2026-08-01,2026-08-14 00:26:12.005687
CUST001010,Female,1992-11-15,Selangor,Petaling Jaya,RM6k-10k,High,2024-10-19,2026-08-01,2026-08-14 00:26:12.005687
CUST001011,Male,1964-09-29,Perak,Ipoh,RM3k-6k,Low,2025-05-13,2026-08-01,2026-08-14 00:26:12.005687
CUST001012,Male,1956-12-29,Johor,Muar,RM3k-6k,Low,2023-01-09,2026-08-01,2026-08-14 00:26:12.005687
CUST001013,Female,1999-01-21,Kuala Lumpur,Kuala Lumpur,RM6k-10k,Medium,2023-09-24,2026-08-01,2026-08-14 00:26:12.005687
CUST001014,Male,2001-03-12,Kuala Lumpur,Kuala Lumpur,RM3k-6k,Low,2022-09-05,2026-08-01,2026-08-14 00:26:12.005687
CUST001015,Female,1967-04-08,Negeri Sembilan,Seremban,RM6k-10k,Low,2024-03-21,2026-08-01,2026-08-14 00:26:12.005687
CUST001016,Female,1957-04-14,Kuala Lumpur,Kuala Lumpur,RM3k-6k,Low,2025-10-21,2026-08-01,2026-08-14 00:26:12.005687
CUST001017,Male,1988-05-07,Penang,Bayan Lepas,<RM3k,Low,2021-09-01,2026-08-01,2026-08-14 00:26:12.005687
CUST001018,Male,1983-11-06,Sabah,Sandakan,RM6k-10k,Low,2021-04-21,2026-08-01,2026-08-14 00:26:12.005687
CUST001019,Female,1998-07-20,Selangor,Subang Jaya,RM6k-10k,Medium,2019-05-22,2026-08-01,2026-08-14 00:26:12.005687
CUST001020,Female,1983-03-11,Perak,Ipoh,>RM15k,Low,2025-10-31,2026-08-01,2026-08-14 00:26:12.005687
CUST001021,Male,1992-04-03,Kuala Lumpur,Kuala Lumpur,RM3k-6k,Low,2025-04-18,2026-08-01,2026-08-14 00:26:12.005687
CUST001022,Male,1993-07-13,Selangor,Shah Alam,RM10k-15k,Low,2023-08-26,2026-08-01,2026-08-14 00:26:12.005687
CUST001023,Male,1955-06-25,Selangor,Petaling Jaya,>RM15k,High,2023-04-10,2026-08-01,2026-08-14 00:26:12.005687
CUST001024,Male,1962-04-10,Negeri Sembilan,Seremban,RM6k-10k,High,2019-08-21,2026-08-01,2026-08-14 00:26:12.005687
CUST001025,Male,1993-03-21,Selangor,Klang,>RM15k,Medium,2025-04-10,2026-08-01,2026-08-14 00:26:12.005687
CUST001026,Female,1963-10-16,Kuala Lumpur,Kuala Lumpur,>RM15k,Low,2018-06-19,2026-08-01,2026-08-14 00:26:12.005687
CUST001027,Male,1965-02-05,Melaka,Melaka City,RM10k-15k,Low,2022-12-09,2026-08-01,2026-08-14 00:26:12.005687
CUST001028,Female,1991-11-07,Kuala Lumpur,Kuala Lumpur,>RM15k,Low,2020-01-11,2026-08-01,2026-08-14 00:26:12.005687
CUST001029,Male,1965-01-07,Melaka,Melaka City,RM6k-10k,Medium,2021-08-20,2026-08-01,2026-08-14 00:26:12.005687
CUST001030,Female,1962-04-29,Perak,Taiping,RM6k-10k,Low,2018-10-05,2026-08-01,2026-08-14 00:26:12.005687
CUST001031,Male,1955-08-30,Penang,Butterworth,>RM15k,Medium,2019-01-29,2026-08-01,2026-08-14 00:26:12.005687
CUST001032,Male,1978-01-01,Sabah,Kota Kinabalu,RM10k-15k,Low,2021-01-06,2026-08-01,2026-08-14 00:26:12.005687
CUST001033,Male,1986-03-15,Perak,Taiping,<RM3k,Medium,2021-03-07,2026-08-01,2026-08-14 00:26:12.005687
CUST001034,Male,1990-11-06,Kuala Lumpur,Kuala Lumpur,RM3k-6k,Low,2025-01-19,2026-08-01,2026-08-14 00:26:12.005687
CUST001035,Female,1999-05-16,Negeri Sembilan,Seremban,RM3k-6k,Low,2022-10-12,2026-08-01,2026-08-14 00:26:12.005687
CUST001036,Male,1986-11-28,Negeri Sembilan,Seremban,RM10k-15k,Low,2018-04-02,2026-08-01,2026-08-14 00:26:12.005687
CUST001037,Female,1992-01-24,Melaka,Melaka City,RM3k-6k,Medium,2025-06-11,2026-08-01,2026-08-14 00:26:12.005687
CUST001038,Female,1965-04-26,Penang,George Town,RM3k-6k,High,2022-11-19,2026-08-01,2026-08-14 00:26:12.005687
CUST001039,Female,1971-09-06,Johor,Muar,RM6k-10k,Low,2024-08-19,2026-08-01,2026-08-14 00:26:12.005687
CUST001040,Female,1969-11-22,Johor,Johor Bahru,<RM3k,High,2025-05-23,2026-08-01,2026-08-14 00:26:12.005687
CUST001041,Female,1958-03-09,Kuala Lumpur,Kuala Lumpur,>RM15k,Low,2022-02-07,2026-08-01,2026-08-14 00:26:12.005687
CUST001042,Male,2002-06-23,Johor,Johor Bahru,RM6k-10k,Low,2019-06-08,2026-08-01,2026-08-14 00:26:12.005687
CUST001043,Male,1966-10-27,Penang,Butterworth,RM3k-6k,Low,2021-08-01,2026-08-01,2026-08-14 00:26:12.005687
CUST001044,Male,1976-12-25,Perak,Taiping,RM3k-6k,Low,2023-06-29,2026-08-01,2026-08-14 00:26:12.005687
CUST001045,Female,1972-06-27,Selangor,Petaling Jaya,RM10k-15k,Medium,2018-04-08,2026-08-01,2026-08-14 00:26:12.005687
CUST001046,Female,1957-03-06,Johor,Muar,RM6k-10k,Low,2025-07-26,2026-08-01,2026-08-14 00:26:12.005687
CUST001047,Female,1999-04-06,Penang,George Town,RM3k-6k,Low,2020-10-22,2026-08-01,2026-08-14 00:26:12.005687
CUST001048,Male,1965-10-04,Johor,Muar,RM3k-6k,Low,2023-04-11,2026-08-01,2026-08-14 00:26:12.005687
CUST001049,Male,1959-12-03,Negeri Sembilan,Seremban,>RM15k,Medium,2025-11-06,2026-08-01,2026-08-14 00:26:12.005687
CUST001050,Female,1971-10-12,Perak,Taiping,RM10k-15k,High,2024-12-02,2026-08-01,2026-08-14 00:26:12.005687
CUST001051,Male,1962-01-16,Kuala Lumpur,Kuala Lumpur,RM6k-10k,Medium,2023-12-05,2026-08-01,2026-08-14 00:26:12.005687
CUST001052,Female,2003-12-21,Kuala Lumpur,Kuala Lumpur,RM3k-6k,Low,2020-05-22,2026-08-01,2026-08-14 00:26:12.005687
CUST001053,Female,1964-04-05,Perak,Ipoh,>RM15k,Low,2022-03-13,2026-08-01,2026-08-14 00:26:12.005687
CUST001054,Female,1969-10-30,Selangor,Shah Alam,RM6k-10k,Low,2022-01-04,2026-08-01,2026-08-14 00:26:12.005687
CUST001055,Female,1968-04-15,Sarawak,Kuching,RM3k-6k,High,2024-11-23,2026-08-01,2026-08-14 00:26:12.005687
CUST001056,Male,1956-04-17,Kuala Lumpur,Kuala Lumpur,>RM15k,Low,2018-04-27,2026-08-01,2026-08-14 00:26:12.005687
CUST001057,Male,1955-08-19,Kuala Lumpur,Kuala Lumpur,>RM15k,High,2018-03-09,2026-08-01,2026-08-14 00:26:12.005687
CUST001058,Female,1980-02-18,Selangor,Shah Alam,RM10k-15k,Medium,2018-12-12,2026-08-01,2026-08-14 00:26:12.005687
CUST001059,Male,1966-05-27,Sabah,Kota Kinabalu,RM10k-15k,Medium,2025-08-29,2026-08-01,2026-08-14 00:26:12.005687
CUST001060,Male,1959-02-05,Negeri Sembilan,Seremban,RM3k-6k,Medium,2022-04-28,2026-08-01,2026-08-14 00:26:12.005687
CUST001061,Male,1969-04-11,Melaka,Melaka City,RM6k-10k,Low,2023-08-06,2026-08-01,2026-08-14 00:26:12.005687
CUST001062,Male,1968-06-05,Johor,Batu Pahat,RM3k-6k,Low,2018-10-04,2026-08-01,2026-08-14 00:26:12.005687
CUST001063,Female,1975-10-12,Sarawak,Miri,RM6k-10k,Low,2018-02-08,2026-08-01,2026-08-14 00:26:12.005687
CUST001064,Male,2003-08-16,Kuala Lumpur,Kuala Lumpur,RM3k-6k,Low,2023-03-15,2026-08-01,2026-08-14 00:26:12.005687
CUST001065,Female,1970-01-14,Penang,Butterworth,RM3k-6k,Medium,2023-08-23,2026-08-01,2026-08-14 00:26:12.005687
CUST001066,Male,1989-07-11,Melaka,Melaka City,>RM15k,Low,2021-06-01,2026-08-01,2026-08-14 00:26:12.005687
CUST001067,Female,1992-08-26,Selangor,Petaling Jaya,<RM3k,High,2018-08-31,2026-08-01,2026-08-14 00:26:12.005687
CUST001068,Male,1957-06-25,Negeri Sembilan,Seremban,RM10k-15k,Medium,2021-12-01,2026-08-01,2026-08-14 00:26:12.005687
CUST001069,Female,1979-07-25,Selangor,Shah Alam,RM3k-6k,Low,2023-02-12,2026-08-01,2026-08-14 00:26:12.005687
CUST001070,Female,1976-12-25,Kuala Lumpur,Kuala Lumpur,<RM3k,Low,2019-09-16,2026-08-01,2026-08-14 00:26:12.005687
CUST001071,Male,1979-11-16,Johor,Muar,<RM3k,Low,2020-05-28,2026-08-01,2026-08-14 00:26:12.005687
CUST001072,Male,1963-05-30,Melaka,Melaka City,RM3k-6k,Low,2023-12-22,2026-08-01,2026-08-14 00:26:12.005687
CUST001073,Female,1977-10-14,Selangor,Subang Jaya,RM3k-6k,Medium,2019-09-12,2026-08-01,2026-08-14 00:26:12.005687
CUST001074,Male,1961-01-09,Sarawak,Kuching,RM3k-6k,Medium,2018-10-17,2026-08-01,2026-08-14 00:26:12.005687
CUST001075,Male,2001-05-05,Kuala Lumpur,Kuala Lumpur,RM6k-10k,Medium,2023-01-09,2026-08-01,2026-08-14 00:26:12.005687
CUST001076,Female,1983-10-07,Sabah,Kota Kinabalu,RM6k-10k,Low,2018-03-09,2026-08-01,2026-08-14 00:26:12.005687
CUST001077,Male,1956-09-09,Penang,Bayan Lepas,<RM3k,Medium,2021-06-21,2026-08-01,2026-08-14 00:26:12.005687
CUST001078,Female,1979-10-11,Kuala Lumpur,Kuala Lumpur,RM3k-6k,Medium,2022-07-22,2026-08-01,2026-08-14 00:26:12.005687
CUST001079,Male,2000-05-21,Perak,Ipoh,<RM3k,High,2018-07-08,2026-08-01,2026-08-14 00:26:12.005687
CUST001080,Female,1991-05-26,Perak,Taiping,<RM3k,Medium,2023-03-24,2026-08-01,2026-08-14 00:26:12.005687
CUST001081,Female,1968-05-16,Johor,Johor Bahru,RM3k-6k,Medium,2024-07-30,2026-08-01,2026-08-14 00:26:12.005687
CUST001082,Male,1998-09-20,Selangor,Subang Jaya,RM6k-10k,Low,2025-10-14,2026-08-01,2026-08-14 00:26:12.005687
CUST001083,Male,1964-02-03,Kuala Lumpur,Kuala Lumpur,RM6k-10k,Medium,2020-02-17,2026-08-01,2026-08-14 00:26:12.005687
CUST001084,Male,1967-02-01,Negeri Sembilan,Seremban,RM10k-15k,Low,2020-08-13,2026-08-01,2026-08-14 00:26:12.005687
CUST001085,Male,1962-08-05,Perak,Taiping,RM10k-15k,Low,2022-12-11,2026-08-01,2026-08-14 00:26:12.005687
CUST001086,Male,2000-03-22,Sarawak,Miri,RM6k-10k,Low,2022-10-17,2026-08-01,2026-08-14 00:26:12.005687
CUST001087,Male,1990-02-15,Perak,Ipoh,RM3k-6k,Low,2022-11-15,2026-08-01,2026-08-14 00:26:12.005687
CUST001088,Male,1980-05-18,Sarawak,Kuching,<RM3k,Low,2020-07-08,2026-08-01,2026-08-14 00:26:12.005687
CUST001089,Female,1987-09-22,Kuala Lumpur,Kuala Lumpur,RM6k-10k,Low,2018-06-14,2026-08-01,2026-08-14 00:26:12.005687
CUST001090,Female,1967-09-07,Johor,Johor Bahru,RM3k-6k,Medium,2018-03-14,2026-08-01,2026-08-14 00:26:12.005687
CUST001091,Female,1958-06-18,Perak,Ipoh,RM3k-6k,Medium,2025-12-23,2026-08-01,2026-08-14 00:26:12.005687
CUST001092,Male,1996-06-10,Kuala Lumpur,Kuala Lumpur,>RM15k,High,2021-04-01,2026-08-01,2026-08-14 00:26:12.005687
CUST001093,Female,2002-03-30,Kuala Lumpur,Kuala Lumpur,<RM3k,Medium,2021-07-31,2026-08-01,2026-08-14 00:26:12.005687
CUST001094,Female,1956-09-27,Penang,Bayan Lepas,<RM3k,Low,2023-01-03,2026-08-01,2026-08-14 00:26:12.005687
CUST001095,Male,1957-07-13,Sarawak,Kuching,>RM15k,Medium,2019-08-23,2026-08-01,2026-08-14 00:26:12.005687
CUST001096,Female,1982-05-31,Perak,Ipoh,RM3k-6k,Medium,2021-01-20,2026-08-01,2026-08-14 00:26:12.005687
CUST001097,Female,1957-02-08,Kuala Lumpur,Kuala Lumpur,RM3k-6k,Low,2021-06-29,2026-08-01,2026-08-14 00:26:12.005687
CUST001098,Male,1990-05-11,Negeri Sembilan,Seremban,<RM3k,High,2018-10-05,2026-08-01,2026-08-14 00:26:12.005687
CUST001099,Male,2001-04-27,Kuala Lumpur,Kuala Lumpur,RM3k-6k,High,2022-10-28,2026-08-01,2026-08-14 00:26:12.005687
CUST001100,Female,1968-09-19,Selangor,Petaling Jaya,>RM15k,Low,2019-07-21,2026-08-01,2026-08-14 00:26:12.005687
CUST001101,Female,1969-06-03,Negeri Sembilan,Seremban,RM6k-10k,Medium,2018-01-09,2026-08-01,2026-08-14 00:26:12.005687
CUST001102,Female,1997-04-23,Sabah,Sandakan,RM3k-6k,Low,2022-12-19,2026-08-01,2026-08-14 00:26:12.005687
CUST001103,Male,1972-06-14,Negeri Sembilan,Seremban,RM3k-6k,High,2020-05-26,2026-08-01,2026-08-14 00:26:12.005687
CUST001104,Male,1966-10-10,Sarawak,Kuching,RM3k-6k,Medium,2023-09-28,2026-08-01,2026-08-14 00:26:12.005687
CUST001105,Female,1959-02-17,Perak,Taiping,RM6k-10k,Low,2022-04-16,2026-08-01,2026-08-14 00:26:12.005687
CUST001106,Male,1996-02-25,Selangor,Petaling Jaya,RM3k-6k,Medium,2018-03-26,2026-08-01,2026-08-14 00:26:12.005687
CUST001107,Female,2000-05-14,Selangor,Petaling Jaya,<RM3k,Low,2023-07-22,2026-08-01,2026-08-14 00:26:12.005687
CUST001108,Female,1958-11-06,Negeri Sembilan,Seremban,RM6k-10k,Low,2018-04-29,2026-08-01,2026-08-14 00:26:12.005687
CUST001109,Male,1994-05-05,Sarawak,Kuching,RM10k-15k,Medium,2020-07-04,2026-08-01,2026-08-14 00:26:12.005687
CUST001110,Female,1962-11-02,Selangor,Shah Alam,>RM15k,Medium,2023-06-27,2026-08-01,2026-08-14 00:26:12.005687
CUST001111,Female,1961-10-21,Selangor,Shah Alam,RM10k-15k,Low,2021-03-25,2026-08-01,2026-08-14 00:26:12.005687
CUST001112,Female,1973-09-01,Selangor,Petaling Jaya,RM6k-10k,Medium,2021-01-29,2026-08-01,2026-08-14 00:26:12.005687
CUST001113,Male,1976-05-25,Selangor,Shah Alam,RM10k-15k,Low,2019-10-09,2026-08-01,2026-08-14 00:26:12.005687
CUST001114,Male,1996-11-05,Sarawak,Miri,>RM15k,Low,2021-07-20,2026-08-01,2026-08-14 00:26:12.005687
CUST001115,Male,1989-04-14,Kuala Lumpur,Kuala Lumpur,<RM3k,Medium,2020-05-05,2026-08-01,2026-08-14 00:26:12.005687
CUST001116,Female,1962-01-31,Johor,Muar,RM3k-6k,Low,2025-07-26,2026-08-01,2026-08-14 00:26:12.005687
CUST001117,Female,1983-08-14,Negeri Sembilan,Seremban,RM3k-6k,Low,2023-07-01,2026-08-01,2026-08-14 00:26:12.005687
CUST001118,Male,1997-11-22,Johor,Johor Bahru,>RM15k,High,2025-04-08,2026-08-01,2026-08-14 00:26:12.005687
CUST001119,Female,1987-06-10,Johor,Johor Bahru,>RM15k,Medium,2020-09-12,2026-08-01,2026-08-14 00:26:12.005687
CUST001120,Male,1966-04-04,Selangor,Subang Jaya,RM10k-15k,Medium,2025-08-07,2026-08-01,2026-08-14 00:26:12.005687
CUST001121,Male,1961-04-24,Kuala Lumpur,Kuala Lumpur,RM3k-6k,Medium,2020-03-27,2026-08-01,2026-08-14 00:26:12.005687
CUST001122,Female,1977-03-04,Selangor,Petaling Jaya,>RM15k,High,2020-06-21,2026-08-01,2026-08-14 00:26:12.005687
CUST001123,Male,1978-02-19,Kuala Lumpur,Kuala Lumpur,<RM3k,Medium,2020-05-22,2026-08-01,2026-08-14 00:26:12.005687
CUST001124,Female,1972-04-13,Kuala Lumpur,Kuala Lumpur,RM3k-6k,Low,2022-09-19,2026-08-01,2026-08-14 00:26:12.005687
CUST001125,Female,1960-05-09,Kuala Lumpur,Kuala Lumpur,RM6k-10k,Low,2022-11-25,2026-08-01,2026-08-14 00:26:12.005687
CUST001126,Male,1960-10-14,Selangor,Klang,RM10k-15k,Low,2018-07-09,2026-08-01,2026-08-14 00:26:12.005687
CUST001127,Male,1980-12-01,Kuala Lumpur,Kuala Lumpur,RM10k-15k,Low,2022-06-27,2026-08-01,2026-08-14 00:26:12.005687
CUST001128,Male,2001-04-08,Negeri Sembilan,Seremban,RM3k-6k,Low,2025-08-15,2026-08-01,2026-08-14 00:26:12.005687
CUST001129,Male,1984-04-18,Kuala Lumpur,Kuala Lumpur,RM3k-6k,Medium,2021-04-03,2026-08-01,2026-08-14 00:26:12.005687
CUST001130,Male,1976-06-20,Selangor,Klang,RM3k-6k,Medium,2023-08-06,2026-08-01,2026-08-14 00:26:12.005687
CUST001131,Male,2000-08-18,Melaka,Melaka City,<RM3k,High,2023-01-21,2026-08-01,2026-08-14 00:26:12.005687
CUST001132,Male,1988-10-28,Kuala Lumpur,Kuala Lumpur,RM10k-15k,Low,2025-11-02,2026-08-01,2026-08-14 00:26:12.005687
CUST001133,Female,1990-03-05,Johor,Muar,RM3k-6k,Low,2023-02-21,2026-08-01,2026-08-14 00:26:12.005687
CUST001134,Male,1983-03-09,Sarawak,Miri,RM3k-6k,Low,2021-10-07,2026-08-01,2026-08-14 00:26:12.005687
CUST001135,Male,1992-05-18,Penang,Bayan Lepas,RM3k-6k,Low,2018-02-08,2026-08-01,2026-08-14 00:26:12.005687
CUST001136,Female,1979-08-01,Selangor,Shah Alam,RM6k-10k,Low,2024-06-06,2026-08-01,2026-08-14 00:26:12.005687
CUST001137,Female,1985-06-24,Sabah,Kota Kinabalu,RM10k-15k,High,2020-09-17,2026-08-01,2026-08-14 00:26:12.005687
CUST001138,Female,1985-03-18,Perak,Taiping,RM3k-6k,Low,2025-05-25,2026-08-01,2026-08-14 00:26:12.005687
CUST001139,Female,1991-11-17,Selangor,Klang,<RM3k,Medium,2019-12-15,2026-08-01,2026-08-14 00:26:12.005687
CUST001140,Male,1999-01-06,Kuala Lumpur,Kuala Lumpur,>RM15k,Low,2021-07-01,2026-08-01,2026-08-14 00:26:12.005687
CUST001141,Female,1969-06-02,Kuala Lumpur,Kuala Lumpur,RM6k-10k,Low,2024-08-18,2026-08-01,2026-08-14 00:26:12.005687
CUST001142,Male,1989-04-06,Sarawak,Miri,RM3k-6k,Medium,2019-03-20,2026-08-01,2026-08-14 00:26:12.005687
CUST001143,Male,1956-07-20,Selangor,Klang,RM3k-6k,High,2020-03-15,2026-08-01,2026-08-14 00:26:12.005687
CUST001144,Male,1981-02-02,Kuala Lumpur,Kuala Lumpur,>RM15k,Low,2024-05-02,2026-08-01,2026-08-14 00:26:12.005687
CUST001145,Female,1999-01-13,Johor,Johor Bahru,RM6k-10k,High,2020-07-15,2026-08-01,2026-08-14 00:26:12.005687
CUST001146,Female,1986-08-12,Melaka,Melaka City,RM3k-6k,Low,2025-08-29,2026-08-01,2026-08-14 00:26:12.005687
CUST001147,Male,1968-02-12,Kuala Lumpur,Kuala Lumpur,<RM3k,Medium,2022-04-20,2026-08-01,2026-08-14 00:26:12.005687
CUST001148,Male,1984-09-17,Kuala Lumpur,Kuala Lumpur,RM3k-6k,Low,2024-08-07,2026-08-01,2026-08-14 00:26:12.005687
CUST001149,Male,1972-07-12,Selangor,Petaling Jaya,RM3k-6k,Low,2022-05-18,2026-08-01,2026-08-14 00:26:12.005687
CUST001150,Male,1976-03-22,Perak,Taiping,<RM3k,Medium,2018-05-12,2026-08-01,2026-08-14 00:26:12.005687
CUST001151,Female,1966-03-06,Johor,Muar,RM3k-6k,Medium,2024-06-26,2026-08-01,2026-08-14 00:26:12.005687
CUST001152,Male,1985-08-11,Melaka,Melaka City,<RM3k,Medium,2021-05-11,2026-08-01,2026-08-14 00:26:12.005687
CUST001153,Female,1964-09-19,Kuala Lumpur,Kuala Lumpur,RM3k-6k,Low,2021-02-07,2026-08-01,2026-08-14 00:26:12.005687
CUST001154,Female,1976-09-25,Selangor,Subang Jaya,RM6k-10k,Medium,2023-11-21,2026-08-01,2026-08-14 00:26:12.005687
CUST001155,Male,2001-01-07,Selangor,Klang,RM3k-6k,Low,2020-04-01,2026-08-01,2026-08-14 00:26:12.005687
CUST001156,Female,1992-02-14,Selangor,Klang,RM10k-15k,Low,2021-06-04,2026-08-01,2026-08-14 00:26:12.005687
CUST001157,Female,1975-04-21,Johor,Johor Bahru,RM3k-6k,Low,2022-11-12,2026-08-01,2026-08-14 00:26:12.005687
CUST001158,Female,2002-06-22,Sabah,Kota Kinabalu,RM10k-15k,Low,2022-09-29,2026-08-01,2026-08-14 00:26:12.005687
CUST001159,Female,1955-09-07,Selangor,Petaling Jaya,>RM15k,Low,2023-10-29,2026-08-01,2026-08-14 00:26:12.005687
CUST001160,Male,2002-01-11,Sabah,Sandakan,>RM15k,Medium,2018-08-29,2026-08-01,2026-08-14 00:26:12.005687
CUST001161,Female,1972-04-02,Kuala Lumpur,Kuala Lumpur,RM3k-6k,Low,2025-12-09,2026-08-01,2026-08-14 00:26:12.005687
CUST001162,Male,1995-03-19,Penang,George Town,RM3k-6k,Medium,2022-11-12,2026-08-01,2026-08-14 00:26:12.005687
CUST001163,Male,2001-06-04,Selangor,Klang,RM6k-10k,Low,2022-12-12,2026-08-01,2026-08-14 00:26:12.005687
CUST001164,Female,1984-06-26,Johor,Batu Pahat,<RM3k,Medium,2025-01-22,2026-08-01,2026-08-14 00:26:12.005687
CUST001165,Female,1984-11-29,Kuala Lumpur,Kuala Lumpur,<RM3k,Low,2021-12-04,2026-08-01,2026-08-14 00:26:12.005687
CUST001166,Male,1991-09-19,Negeri Sembilan,Seremban,<RM3k,Low,2018-03-30,2026-08-01,2026-08-14 00:26:12.005687
CUST001167,Male,1966-09-30,Melaka,Melaka City,RM6k-10k,Medium,2019-01-24,2026-08-01,2026-08-14 00:26:12.005687
CUST001168,Male,1963-09-22,Sarawak,Kuching,RM10k-15k,High,2025-07-30,2026-08-01,2026-08-14 00:26:12.005687
CUST001169,Male,1971-11-03,Melaka,Melaka City,RM3k-6k,High,2025-11-22,2026-08-01,2026-08-14 00:26:12.005687
CUST001170,Female,1978-06-21,Kuala Lumpur,Kuala Lumpur,>RM15k,Low,2018-09-02,2026-08-01,2026-08-14 00:26:12.005687
CUST001171,Female,1991-05-26,Johor,Batu Pahat,RM10k-15k,High,2023-06-24,2026-08-01,2026-08-14 00:26:12.005687
CUST001172,Male,1967-08-10,Selangor,Subang Jaya,<RM3k,Medium,2023-04-14,2026-08-01,2026-08-14 00:26:12.005687
CUST001173,Female,1982-09-03,Melaka,Melaka City,RM3k-6k,High,2019-04-28,2026-08-01,2026-08-14 00:26:12.005687
CUST001174,Male,1955-03-04,Selangor,Petaling Jaya,<RM3k,Low,2024-04-18,2026-08-01,2026-08-14 00:26:12.005687
CUST001175,Male,1956-07-07,Selangor,Klang,>RM15k,Low,2021-09-04,2026-08-01,2026-08-14 00:26:12.005687
CUST001176,Male,2002-05-14,Perak,Ipoh,RM10k-15k,Low,2019-11-05,2026-08-01,2026-08-14 00:26:12.005687
CUST001177,Female,1996-08-29,Kuala Lumpur,Kuala Lumpur,RM6k-10k,Medium,2022-06-25,2026-08-01,2026-08-14 00:26:12.005687
CUST001178,Female,1997-04-29,Sabah,Kota Kinabalu,RM6k-10k,Low,2025-03-28,2026-08-01,2026-08-14 00:26:12.005687
CUST001179,Female,1971-02-08,Selangor,Shah Alam,RM3k-6k,Low,2019-09-26,2026-08-01,2026-08-14 00:26:12.005687
CUST001180,Female,1980-03-03,Perak,Taiping,>RM15k,Medium,2022-12-13,2026-08-01,2026-08-14 00:26:12.005687
CUST001181,Male,1988-01-22,Melaka,Melaka City,>RM15k,High,2023-11-10,2026-08-01,2026-08-14 00:26:12.005687
CUST001182,Female,1967-06-15,Penang,Butterworth,RM10k-15k,Medium,2023-01-01,2026-08-01,2026-08-14 00:26:12.005687
CUST001183,Female,1991-06-23,Selangor,Subang Jaya,RM3k-6k,Medium,2023-03-15,2026-08-01,2026-08-14 00:26:12.005687
CUST001184,Female,1988-12-14,Kuala Lumpur,Kuala Lumpur,<RM3k,Low,2023-10-21,2026-08-01,2026-08-14 00:26:12.005687
CUST001185,Female,1974-12-15,Kuala Lumpur,Kuala Lumpur,<RM3k,High,2019-11-14,2026-08-01,2026-08-14 00:26:12.005687
CUST001186,Male,1976-04-21,Kuala Lumpur,Kuala Lumpur,<RM3k,Low,2018-10-24,2026-08-01,2026-08-14 00:26:12.005687
CUST001187,Female,1970-01-22,Penang,Butterworth,RM6k-10k,Low,2025-12-01,2026-08-01,2026-08-14 00:26:12.005687
CUST001188,Male,1994-05-12,Selangor,Shah Alam,RM10k-15k,Low,2020-07-22,2026-08-01,2026-08-14 00:26:12.005687
CUST001189,Female,2003-05-10,Selangor,Klang,>RM15k,Low,2025-08-03,2026-08-01,2026-08-14 00:26:12.005687
CUST001190,Male,2003-12-22,Selangor,Subang Jaya,<RM3k,Medium,2020-02-24,2026-08-01,2026-08-14 00:26:12.005687
CUST001191,Female,1992-10-17,Negeri Sembilan,Seremban,RM3k-6k,Medium,2020-02-15,2026-08-01,2026-08-14 00:26:12.005687
CUST001192,Female,1972-02-08,Kuala Lumpur,Kuala Lumpur,<RM3k,Low,2018-03-14,2026-08-01,2026-08-14 00:26:12.005687
CUST001193,Male,1993-04-09,Selangor,Subang Jaya,>RM15k,Low,2021-07-14,2026-08-01,2026-08-14 00:26:12.005687
CUST001194,Male,1966-12-22,Johor,Muar,RM10k-15k,Low,2025-07-23,2026-08-01,2026-08-14 00:26:12.005687
CUST001195,Male,1998-12-06,Kuala Lumpur,Kuala Lumpur,RM6k-10k,Low,2025-02-26,2026-08-01,2026-08-14 00:26:12.005687
CUST001196,Female,1968-02-07,Melaka,Melaka City,RM6k-10k,High,2020-06-09,2026-08-01,2026-08-14 00:26:12.005687
CUST001197,Female,1974-09-27,Kuala Lumpur,Kuala Lumpur,RM6k-10k,Medium,2021-04-01,2026-08-01,2026-08-14 00:26:12.005687
CUST001198,Male,1959-07-29,Perak,Ipoh,RM3k-6k,Low,2023-05-10,2026-08-01,2026-08-14 00:26:12.005687
CUST001199,Female,1958-12-26,Penang,George Town,RM3k-6k,Low,2025-08-21,2026-08-01,2026-08-14 00:26:12.005687
CUST001200,Male,1974-04-22,Sarawak,Miri,RM3k-6k,Medium,2022-10-31,2026-08-01,2026-08-14 00:26:12.005687
CUST001201,Male,1981-12-16,Perak,Ipoh,RM3k-6k,Medium,2019-08-09,2026-08-01,2026-08-14 00:26:12.005687
CUST001202,Male,1955-11-08,Sabah,Kota Kinabalu,RM6k-10k,High,2020-11-06,2026-08-01,2026-08-14 00:26:12.005687
CUST001203,Male,1996-06-17,Johor,Batu Pahat,RM3k-6k,Low,2023-10-16,2026-08-01,2026-08-14 00:26:12.005687
CUST001204,Male,1960-08-09,Johor,Muar,RM6k-10k,Low,2018-03-10,2026-08-01,2026-08-14 00:26:12.005687
CUST001205,Female,2003-12-02,Perak,Taiping,RM6k-10k,Low,2022-10-18,2026-08-01,2026-08-14 00:26:12.005687
CUST001206,Female,1968-04-24,Penang,George Town,RM6k-10k,Medium,2024-02-25,2026-08-01,2026-08-14 00:26:12.005687
CUST001207,Male,1973-07-27,Johor,Batu Pahat,>RM15k,Low,2020-10-08,2026-08-01,2026-08-14 00:26:12.005687
CUST001208,Female,1962-10-31,Selangor,Petaling Jaya,RM3k-6k,Medium,2022-04-24,2026-08-01,2026-08-14 00:26:12.005687
CUST001209,Female,1995-05-24,Selangor,Klang,RM6k-10k,Low,2023-09-28,2026-08-01,2026-08-14 00:26:12.005687
CUST001210,Female,1990-11-15,Selangor,Shah Alam,<RM3k,Medium,2022-10-05,2026-08-01,2026-08-14 00:26:12.005687
CUST001211,Male,1958-11-06,Kuala Lumpur,Kuala Lumpur,RM10k-15k,Low,2018-03-12,2026-08-01,2026-08-14 00:26:12.005687
CUST001212,Male,1960-03-04,Selangor,Shah Alam,RM6k-10k,Medium,2022-09-07,2026-08-01,2026-08-14 00:26:12.005687
CUST001213,Male,1984-11-04,Kuala Lumpur,Kuala Lumpur,RM3k-6k,Low,2019-11-06,2026-08-01,2026-08-14 00:26:12.005687
CUST001214,Female,1997-06-06,Penang,Bayan Lepas,<RM3k,Medium,2023-12-02,2026-08-01,2026-08-14 00:26:12.005687
CUST001215,Female,1960-05-19,Perak,Taiping,RM6k-10k,Low,2020-02-03,2026-08-01,2026-08-14 00:26:12.005687
CUST001216,Male,1965-11-01,Penang,Bayan Lepas,RM6k-10k,Medium,2025-10-28,2026-08-01,2026-08-14 00:26:12.005687
CUST001217,Female,1981-09-20,Perak,Taiping,RM6k-10k,Medium,2018-12-10,2026-08-01,2026-08-14 00:26:12.005687
CUST001218,Male,1960-04-27,Kuala Lumpur,Kuala Lumpur,RM3k-6k,Low,2025-02-14,2026-08-01,2026-08-14 00:26:12.005687
CUST001219,Male,1969-12-03,Kuala Lumpur,Kuala Lumpur,RM6k-10k,Low,2018-04-10,2026-08-01,2026-08-14 00:26:12.005687
CUST001220,Female,1955-06-30,Perak,Ipoh,RM6k-10k,Low,2023-06-18,2026-08-01,2026-08-14 00:26:12.005687
CUST001221,Female,1979-06-16,Sarawak,Miri,RM3k-6k,Low,2020-10-27,2026-08-01,2026-08-14 00:26:12.005687
CUST001222,Female,1990-01-16,Perak,Ipoh,RM6k-10k,Medium,2019-07-25,2026-08-01,2026-08-14 00:26:12.005687
CUST001223,Male,1975-03-09,Perak,Ipoh,RM6k-10k,Low,2019-09-30,2026-08-01,2026-08-14 00:26:12.005687
CUST001224,Male,1967-07-29,Perak,Ipoh,RM10k-15k,Low,2018-04-23,2026-08-01,2026-08-14 00:26:12.005687
CUST001225,Female,1975-10-17,Sabah,Kota Kinabalu,RM3k-6k,Low,2019-01-24,2026-08-01,2026-08-14 00:26:12.005687
CUST001226,Male,1979-12-18,Perak,Ipoh,RM3k-6k,Low,2021-02-19,2026-08-01,2026-08-14 00:26:12.005687
CUST001227,Female,1963-02-13,Sabah,Sandakan,>RM15k,Low,2019-04-05,2026-08-01,2026-08-14 00:26:12.005687
CUST001228,Female,1960-06-20,Kuala Lumpur,Kuala Lumpur,>RM15k,Medium,2025-09-28,2026-08-01,2026-08-14 00:26:12.005687
CUST001229,Male,1963-11-28,Kuala Lumpur,Kuala Lumpur,RM3k-6k,Low,2024-08-10,2026-08-01,2026-08-14 00:26:12.005687
CUST001230,Female,2003-04-11,Selangor,Subang Jaya,>RM15k,High,2021-10-11,2026-08-01,2026-08-14 00:26:12.005687
CUST001231,Female,1990-06-03,Johor,Johor Bahru,<RM3k,Medium,2018-10-05,2026-08-01,2026-08-14 00:26:12.005687
CUST001232,Male,1961-02-21,Sabah,Sandakan,RM10k-15k,Low,2025-11-20,2026-08-01,2026-08-14 00:26:12.005687
CUST001233,Female,1969-10-07,Selangor,Subang Jaya,RM3k-6k,Medium,2023-10-19,2026-08-01,2026-08-14 00:26:12.005687
CUST001234,Male,1975-03-08,Selangor,Subang Jaya,RM3k-6k,Medium,2019-06-20,2026-08-01,2026-08-14 00:26:12.005687
CUST001235,Female,1963-11-17,Sabah,Kota Kinabalu,>RM15k,Medium,2018-06-07,2026-08-01,2026-08-14 00:26:12.005687
CUST001236,Female,1996-09-23,Selangor,Shah Alam,<RM3k,Low,2022-12-16,2026-08-01,2026-08-14 00:26:12.005687
CUST001237,Female,2001-01-31,Sarawak,Kuching,RM10k-15k,Medium,2018-04-29,2026-08-01,2026-08-14 00:26:12.005687
CUST001238,Female,1966-12-31,Kuala Lumpur,Kuala Lumpur,RM6k-10k,Low,2022-11-30,2026-08-01,2026-08-14 00:26:12.005687
CUST001239,Female,1955-10-24,Selangor,Shah Alam,<RM3k,Low,2021-07-15,2026-08-01,2026-08-14 00:26:12.005687
CUST001240,Female,1968-01-30,Selangor,Shah Alam,>RM15k,Low,2025-01-15,2026-08-01,2026-08-14 00:26:12.005687
CUST001241,Male,1983-07-17,Selangor,Subang Jaya,RM6k-10k,Low,2021-01-20,2026-08-01,2026-08-14 00:26:12.005687
CUST001242,Female,1994-08-12,Kuala Lumpur,Kuala Lumpur,RM10k-15k,Medium,2021-08-01,2026-08-01,2026-08-14 00:26:12.005687
CUST001243,Female,1971-08-21,Selangor,Klang,RM10k-15k,Low,2022-05-14,2026-08-01,2026-08-14 00:26:12.005687
CUST001244,Female,1968-05-23,Selangor,Klang,<RM3k,Low,2025-11-11,2026-08-01,2026-08-14 00:26:12.005687
CUST001245,Female,1967-03-12,Selangor,Klang,RM3k-6k,Medium,2023-08-15,2026-08-01,2026-08-14 00:26:12.005687
CUST001246,Female,1955-02-21,Sabah,Sandakan,RM3k-6k,Low,2023-05-10,2026-08-01,2026-08-14 00:26:12.005687
CUST001247,Male,1955-09-08,Kuala Lumpur,Kuala Lumpur,RM6k-10k,Low,2020-06-23,2026-08-01,2026-08-14 00:26:12.005687
CUST001248,Female,1975-12-19,Selangor,Petaling Jaya,<RM3k,Low,2021-11-12,2026-08-01,2026-08-14 00:26:12.005687
CUST001249,Male,1985-04-04,Kuala Lumpur,Kuala Lumpur,RM3k-6k,High,2019-07-22,2026-08-01,2026-08-14 00:26:12.005687
CUST001250,Male,1955-08-13,Negeri Sembilan,Seremban,RM10k-15k,Medium,2021-02-17,2026-08-01,2026-08-14 00:26:12.005687
CUST001251,Female,1964-10-24,Sabah,Sandakan,<RM3k,Medium,2024-07-29,2026-08-01,2026-08-14 00:26:12.005687
CUST001252,Female,1999-07-30,Negeri Sembilan,Seremban,RM6k-10k,Medium,2018-10-18,2026-08-01,2026-08-14 00:26:12.005687
CUST001253,Female,2003-07-06,Melaka,Melaka City,RM3k-6k,Medium,2019-04-28,2026-08-01,2026-08-14 00:26:12.005687
CUST001254,Male,1986-06-12,Selangor,Klang,<RM3k,Medium,2022-09-08,2026-08-01,2026-08-14 00:26:12.005687
CUST001255,Female,1980-07-23,Perak,Taiping,<RM3k,Medium,2024-05-21,2026-08-01,2026-08-14 00:26:12.005687
CUST001256,Male,1983-07-26,Selangor,Shah Alam,<RM3k,Medium,2025-10-19,2026-08-01,2026-08-14 00:26:12.005687
CUST001257,Male,1973-02-25,Melaka,Melaka City,RM6k-10k,Medium,2022-09-12,2026-08-01,2026-08-14 00:26:12.005687
CUST001258,Male,1964-11-16,Selangor,Klang,<RM3k,Low,2023-04-04,2026-08-01,2026-08-14 00:26:12.005687
CUST001259,Male,1973-06-02,Selangor,Shah Alam,RM10k-15k,Low,2020-04-25,2026-08-01,2026-08-14 00:26:12.005687
CUST001260,Male,1989-04-18,Melaka,Melaka City,RM10k-15k,Low,2021-04-12,2026-08-01,2026-08-14 00:26:12.005687
CUST001261,Female,1987-06-20,Sarawak,Kuching,<RM3k,Low,2020-07-06,2026-08-01,2026-08-14 00:26:12.005687
CUST001262,Female,1988-03-08,Negeri Sembilan,Seremban,RM10k-15k,High,2018-11-15,2026-08-01,2026-08-14 00:26:12.005687
CUST001263,Female,1984-10-28,Kuala Lumpur,Kuala Lumpur,>RM15k,Medium,2020-12-18,2026-08-01,2026-08-14 00:26:12.005687
CUST001264,Male,1957-12-18,Selangor,Petaling Jaya,<RM3k,Medium,2019-09-28,2026-08-01,2026-08-14 00:26:12.005687
CUST001265,Male,1985-09-11,Selangor,Subang Jaya,>RM15k,Medium,2022-09-23,2026-08-01,2026-08-14 00:26:12.005687
CUST001266,Male,1998-02-27,Johor,Batu Pahat,RM3k-6k,High,2024-01-11,2026-08-01,2026-08-14 00:26:12.005687
CUST001267,Female,1986-10-17,Johor,Batu Pahat,RM6k-10k,Medium,2025-11-01,2026-08-01,2026-08-14 00:26:12.005687
CUST001268,Male,1983-05-23,Selangor,Shah Alam,<RM3k,Low,2025-01-15,2026-08-01,2026-08-14 00:26:12.005687
CUST001269,Male,1965-12-21,Sabah,Kota Kinabalu,RM10k-15k,Low,2020-07-18,2026-08-01,2026-08-14 00:26:12.005687
CUST001270,Male,1993-10-29,Selangor,Klang,RM10k-15k,Low,2025-07-04,2026-08-01,2026-08-14 00:26:12.005687
CUST001271,Male,1977-02-15,Perak,Taiping,>RM15k,Low,2025-07-14,2026-08-01,2026-08-14 00:26:12.005687
CUST001272,Female,1967-11-19,Sarawak,Kuching,>RM15k,Low,2022-01-10,2026-08-01,2026-08-14 00:26:12.005687
CUST001273,Female,1979-01-01,Penang,George Town,<RM3k,Low,2019-08-23,2026-08-01,2026-08-14 00:26:12.005687
CUST001274,Male,1960-12-24,Selangor,Klang,RM6k-10k,Low,2024-03-21,2026-08-01,2026-08-14 00:26:12.005687
CUST001275,Female,2000-05-22,Selangor,Petaling Jaya,RM3k-6k,Low,2018-11-26,2026-08-01,2026-08-14 00:26:12.005687
CUST001276,Female,1989-06-02,Kuala Lumpur,Kuala Lumpur,<RM3k,High,2020-11-20,2026-08-01,2026-08-14 00:26:12.005687
CUST001277,Female,1970-12-31,Sabah,Kota Kinabalu,<RM3k,Low,2022-04-04,2026-08-01,2026-08-14 00:26:12.005687
CUST001278,Female,1993-11-24,Johor,Batu Pahat,>RM15k,Medium,2024-11-27,2026-08-01,2026-08-14 00:26:12.005687
CUST001279,Male,1957-08-27,Kuala Lumpur,Kuala Lumpur,RM6k-10k,Low,2025-10-23,2026-08-01,2026-08-14 00:26:12.005687
CUST001280,Male,1973-11-30,Negeri Sembilan,Seremban,<RM3k,High,2024-07-17,2026-08-01,2026-08-14 00:26:12.005687
CUST001281,Female,1986-12-01,Perak,Ipoh,>RM15k,Medium,2021-11-17,2026-08-01,2026-08-14 00:26:12.005687
CUST001282,Female,1956-02-28,Sarawak,Miri,RM10k-15k,High,2018-09-06,2026-08-01,2026-08-14 00:26:12.005687
CUST001283,Female,1989-09-22,Johor,Johor Bahru,RM3k-6k,Low,2024-05-25,2026-08-01,2026-08-14 00:26:12.005687
CUST001284,Male,1995-02-03,Negeri Sembilan,Seremban,RM3k-6k,Medium,2024-11-07,2026-08-01,2026-08-14 00:26:12.005687
CUST001285,Male,1984-02-10,Selangor,Klang,RM6k-10k,Low,2021-10-12,2026-08-01,2026-08-14 00:26:12.005687
CUST001286,Male,1965-02-05,Selangor,Klang,RM6k-10k,Low,2022-06-07,2026-08-01,2026-08-14 00:26:12.005687
CUST001287,Female,1991-09-14,Melaka,Melaka City,RM3k-6k,Medium,2024-10-18,2026-08-01,2026-08-14 00:26:12.005687
CUST001288,Female,1971-08-12,Melaka,Melaka City,RM6k-10k,Low,2019-01-22,2026-08-01,2026-08-14 00:26:12.005687
CUST001289,Female,1991-01-21,Johor,Johor Bahru,<RM3k,Low,2024-07-02,2026-08-01,2026-08-14 00:26:12.005687
CUST001290,Male,1985-10-12,Kuala Lumpur,Kuala Lumpur,RM6k-10k,Medium,2022-02-06,2026-08-01,2026-08-14 00:26:12.005687
CUST001291,Female,1959-07-30,Selangor,Shah Alam,RM3k-6k,Low,2023-06-28,2026-08-01,2026-08-14 00:26:12.005687
CUST001292,Male,1959-11-24,Sabah,Sandakan,RM3k-6k,Medium,2019-07-11,2026-08-01,2026-08-14 00:26:12.005687
CUST001293,Male,1955-09-29,Sarawak,Kuching,RM3k-6k,Low,2022-12-03,2026-08-01,2026-08-14 00:26:12.005687
CUST001294,Female,1958-07-12,Selangor,Klang,RM6k-10k,Low,2020-02-23,2026-08-01,2026-08-14 00:26:12.005687
CUST001295,Female,1969-09-06,Kuala Lumpur,Kuala Lumpur,RM3k-6k,Low,2022-02-22,2026-08-01,2026-08-14 00:26:12.005687
CUST001296,Female,1956-04-04,Perak,Ipoh,RM3k-6k,Low,2022-03-14,2026-08-01,2026-08-14 00:26:12.005687
CUST001297,Female,2000-12-24,Sabah,Sandakan,<RM3k,Medium,2025-08-26,2026-08-01,2026-08-14 00:26:12.005687
CUST001298,Female,1999-11-30,Johor,Johor Bahru,>RM15k,Medium,2023-05-12,2026-08-01,2026-08-14 00:26:12.005687
CUST001299,Male,1963-06-16,Penang,George Town,RM3k-6k,Low,2022-06-17,2026-08-01,2026-08-14 00:26:12.005687
CUST001300,Female,1970-04-04,Negeri Sembilan,Seremban,RM3k-6k,Low,2021-03-20,2026-08-01,2026-08-14 00:26:12.005687
CUST001301,Female,1991-05-14,Selangor,Klang,RM3k-6k,Medium,2020-09-11,2026-08-01,2026-08-14 00:26:12.005687
CUST001302,Male,1987-05-16,Penang,Butterworth,RM6k-10k,Low,2023-03-21,2026-08-01,2026-08-14 00:26:12.005687
CUST001303,Male,1983-07-01,Penang,George Town,RM3k-6k,Low,2025-01-20,2026-08-01,2026-08-14 00:26:12.005687
CUST001304,Female,2003-06-21,Johor,Batu Pahat,RM3k-6k,Low,2022-07-31,2026-08-01,2026-08-14 00:26:12.005687
CUST001305,Male,1985-11-09,Sarawak,Miri,RM10k-15k,Medium,2023-04-12,2026-08-01,2026-08-14 00:26:12.005687
CUST001306,Male,1987-10-20,Penang,Butterworth,RM10k-15k,Low,2020-08-16,2026-08-01,2026-08-14 00:26:12.005687
CUST001307,Male,1979-08-08,Johor,Batu Pahat,RM6k-10k,Low,2022-06-19,2026-08-01,2026-08-14 00:26:12.005687
CUST001308,Male,1980-09-23,Kuala Lumpur,Kuala Lumpur,RM3k-6k,High,2022-07-29,2026-08-01,2026-08-14 00:26:12.005687
CUST001309,Female,1969-04-05,Perak,Taiping,>RM15k,High,2023-06-16,2026-08-01,2026-08-14 00:26:12.005687
CUST001310,Male,1980-07-10,Kuala Lumpur,Kuala Lumpur,>RM15k,Medium,2020-07-12,2026-08-01,2026-08-14 00:26:12.005687
CUST001311,Female,1999-12-27,Kuala Lumpur,Kuala Lumpur,RM6k-10k,Medium,2020-10-16,2026-08-01,2026-08-14 00:26:12.005687
CUST001312,Male,1973-06-20,Johor,Muar,RM10k-15k,High,2020-11-15,2026-08-01,2026-08-14 00:26:12.005687
CUST001313,Male,1961-07-12,Penang,Butterworth,>RM15k,Medium,2021-05-14,2026-08-01,2026-08-14 00:26:12.005687
CUST001314,Female,1984-05-21,Negeri Sembilan,Seremban,>RM15k,Medium,2020-05-03,2026-08-01,2026-08-14 00:26:12.005687
CUST001315,Female,1993-06-21,Perak,Ipoh,<RM3k,Low,2019-07-26,2026-08-01,2026-08-14 00:26:12.005687
CUST001316,Male,2001-12-23,Sarawak,Miri,>RM15k,Low,2022-01-01,2026-08-01,2026-08-14 00:26:12.005687
CUST001317,Male,1981-07-25,Selangor,Subang Jaya,RM6k-10k,Medium,2024-11-02,2026-08-01,2026-08-14 00:26:12.005687
CUST001318,Female,1993-08-11,Johor,Muar,RM6k-10k,Medium,2018-04-03,2026-08-01,2026-08-14 00:26:12.005687
CUST001319,Male,1967-04-10,Negeri Sembilan,Seremban,RM3k-6k,Low,2023-04-29,2026-08-01,2026-08-14 00:26:12.005687
CUST001320,Male,1975-10-14,Selangor,Petaling Jaya,RM3k-6k,Medium,2024-07-13,2026-08-01,2026-08-14 00:26:12.005687
CUST001321,Male,1975-07-14,Sarawak,Kuching,RM10k-15k,Medium,2024-08-04,2026-08-01,2026-08-14 00:26:12.005687
CUST001322,Female,1971-04-16,Johor,Johor Bahru,RM6k-10k,Low,2024-10-26,2026-08-01,2026-08-14 00:26:12.005687
CUST001323,Female,1990-02-02,Selangor,Subang Jaya,RM3k-6k,Medium,2020-07-16,2026-08-01,2026-08-14 00:26:12.005687
CUST001324,Male,1998-04-16,Penang,George Town,RM6k-10k,Low,2018-10-22,2026-08-01,2026-08-14 00:26:12.005687
CUST001325,Female,1971-01-01,Selangor,Petaling Jaya,<RM3k,Medium,2025-12-17,2026-08-01,2026-08-14 00:26:12.005687
CUST001326,Male,1961-08-27,Kuala Lumpur,Kuala Lumpur,RM6k-10k,High,2023-08-07,2026-08-01,2026-08-14 00:26:12.005687
CUST001327,Female,1995-06-11,Selangor,Shah Alam,RM6k-10k,Medium,2020-11-09,2026-08-01,2026-08-14 00:26:12.005687
CUST001328,Male,1996-08-17,Selangor,Petaling Jaya,RM6k-10k,Medium,2024-10-24,2026-08-01,2026-08-14 00:26:12.005687
CUST001329,Female,2000-10-22,Selangor,Klang,<RM3k,Medium,2020-10-30,2026-08-01,2026-08-14 00:26:12.005687
CUST001330,Female,1967-07-01,Melaka,Melaka City,<RM3k,Low,2023-12-29,2026-08-01,2026-08-14 00:26:12.005687
CUST001331,Male,1990-03-25,Selangor,Klang,RM3k-6k,Medium,2025-09-07,2026-08-01,2026-08-14 00:26:12.005687
CUST001332,Male,1990-01-23,Sarawak,Miri,RM6k-10k,Low,2024-02-22,2026-08-01,2026-08-14 00:26:12.005687
CUST001333,Male,1993-09-16,Penang,Butterworth,>RM15k,Medium,2023-03-29,2026-08-01,2026-08-14 00:26:12.005687
CUST001334,Male,1994-07-03,Kuala Lumpur,Kuala Lumpur,RM10k-15k,Low,2019-07-13,2026-08-01,2026-08-14 00:26:12.005687
CUST001335,Male,2001-09-02,Selangor,Petaling Jaya,RM10k-15k,Medium,2025-06-19,2026-08-01,2026-08-14 00:26:12.005687
CUST001336,Male,1978-05-16,Negeri Sembilan,Seremban,RM3k-6k,Low,2021-05-28,2026-08-01,2026-08-14 00:26:12.005687
CUST001337,Female,1958-09-20,Penang,George Town,<RM3k,Low,2022-12-26,2026-08-01,2026-08-14 00:26:12.005687
CUST001338,Male,1964-06-03,Melaka,Melaka City,>RM15k,Low,2022-11-23,2026-08-01,2026-08-14 00:26:12.005687
CUST001339,Male,1998-06-10,Selangor,Klang,RM6k-10k,Low,2019-12-21,2026-08-01,2026-08-14 00:26:12.005687
CUST001340,Female,1996-05-22,Perak,Taiping,<RM3k,Low,2022-10-28,2026-08-01,2026-08-14 00:26:12.005687
CUST001341,Female,1955-07-18,Sabah,Sandakan,RM6k-10k,Low,2021-02-15,2026-08-01,2026-08-14 00:26:12.005687
CUST001342,Male,1973-01-02,Negeri Sembilan,Seremban,RM6k-10k,High,2020-10-18,2026-08-01,2026-08-14 00:26:12.005687
CUST001343,Female,1967-01-05,Kuala Lumpur,Kuala Lumpur,RM3k-6k,Low,2024-11-13,2026-08-01,2026-08-14 00:26:12.005687
CUST001344,Male,1970-09-17,Negeri Sembilan,Seremban,<RM3k,Medium,2023-10-10,2026-08-01,2026-08-14 00:26:12.005687
CUST001345,Male,1986-04-19,Selangor,Subang Jaya,RM6k-10k,Low,2021-11-30,2026-08-01,2026-08-14 00:26:12.005687
CUST001346,Male,1979-12-28,Sarawak,Miri,<RM3k,Medium,2018-02-25,2026-08-01,2026-08-14 00:26:12.005687
CUST001347,Female,1978-07-25,Johor,Batu Pahat,RM3k-6k,Medium,2023-09-02,2026-08-01,2026-08-14 00:26:12.005687
CUST001348,Female,1976-04-26,Penang,George Town,RM10k-15k,High,2023-11-27,2026-08-01,2026-08-14 00:26:12.005687
CUST001349,Female,1986-06-09,Selangor,Shah Alam,>RM15k,Medium,2019-05-02,2026-08-01,2026-08-14 00:26:12.005687
CUST001350,Female,1988-06-19,Sarawak,Miri,RM3k-6k,Medium,2024-01-21,2026-08-01,2026-08-14 00:26:12.005687
CUST001351,Male,1957-02-16,Selangor,Subang Jaya,<RM3k,Low,2021-03-13,2026-08-01,2026-08-14 00:26:12.005687
CUST001352,Male,1961-09-21,Johor,Johor Bahru,RM6k-10k,Medium,2023-11-11,2026-08-01,2026-08-14 00:26:12.005687
CUST001353,Female,1971-09-19,Penang,Butterworth,RM3k-6k,Low,2024-09-18,2026-08-01,2026-08-14 00:26:12.005687
CUST001354,Female,1976-05-07,Sabah,Kota Kinabalu,>RM15k,High,2023-08-08,2026-08-01,2026-08-14 00:26:12.005687
CUST001355,Male,2003-10-24,Johor,Muar,RM6k-10k,Medium,2025-07-11,2026-08-01,2026-08-14 00:26:12.005687
CUST001356,Female,1998-09-09,Perak,Taiping,RM3k-6k,Low,2018-08-11,2026-08-01,2026-08-14 00:26:12.005687
CUST001357,Male,1986-10-15,Johor,Batu Pahat,RM10k-15k,Medium,2020-08-05,2026-08-01,2026-08-14 00:26:12.005687
CUST001358,Female,1956-10-07,Perak,Ipoh,RM3k-6k,Low,2018-06-23,2026-08-01,2026-08-14 00:26:12.005687
CUST001359,Male,1959-12-07,Perak,Taiping,RM6k-10k,Medium,2019-05-20,2026-08-01,2026-08-14 00:26:12.005687
CUST001360,Female,1977-05-29,Perak,Ipoh,>RM15k,Medium,2020-12-27,2026-08-01,2026-08-14 00:26:12.005687
CUST001361,Male,1983-10-06,Sarawak,Miri,RM3k-6k,Low,2018-03-10,2026-08-01,2026-08-14 00:26:12.005687
CUST001362,Female,1987-05-13,Johor,Muar,RM3k-6k,Medium,2021-03-03,2026-08-01,2026-08-14 00:26:12.005687
CUST001363,Male,1961-12-15,Selangor,Klang,RM10k-15k,Low,2019-01-08,2026-08-01,2026-08-14 00:26:12.005687
CUST001364,Female,1998-06-30,Perak,Ipoh,RM3k-6k,Medium,2018-11-27,2026-08-01,2026-08-14 00:26:12.005687
CUST001365,Female,1979-03-02,Kuala Lumpur,Kuala Lumpur,RM3k-6k,Medium,2024-09-06,2026-08-01,2026-08-14 00:26:12.005687
CUST001366,Male,1984-02-04,Selangor,Klang,<RM3k,Low,2023-12-14,2026-08-01,2026-08-14 00:26:12.005687
CUST001367,Female,1956-12-04,Sabah,Kota Kinabalu,RM3k-6k,Low,2021-08-24,2026-08-01,2026-08-14 00:26:12.005687
CUST001368,Female,1995-05-25,Johor,Batu Pahat,RM6k-10k,Low,2022-07-16,2026-08-01,2026-08-14 00:26:12.005687
CUST001369,Female,1981-08-10,Johor,Muar,RM3k-6k,Medium,2020-05-01,2026-08-01,2026-08-14 00:26:12.005687
CUST001370,Female,1965-11-29,Negeri Sembilan,Seremban,RM3k-6k,High,2021-11-19,2026-08-01,2026-08-14 00:26:12.005687
CUST001371,Female,1970-08-16,Selangor,Petaling Jaya,RM3k-6k,Low,2024-03-15,2026-08-01,2026-08-14 00:26:12.005687
CUST001372,Male,1972-04-14,Kuala Lumpur,Kuala Lumpur,RM6k-10k,Low,2022-03-04,2026-08-01,2026-08-14 00:26:12.005687
CUST001373,Female,1956-04-29,Kuala Lumpur,Kuala Lumpur,>RM15k,Low,2024-05-06,2026-08-01,2026-08-14 00:26:12.005687
CUST001374,Male,2001-02-28,Selangor,Klang,RM6k-10k,Low,2021-11-16,2026-08-01,2026-08-14 00:26:12.005687
CUST001375,Male,1994-05-06,Perak,Taiping,RM6k-10k,Low,2020-11-23,2026-08-01,2026-08-14 00:26:12.005687
CUST001376,Female,1998-05-30,Sabah,Kota Kinabalu,RM10k-15k,Medium,2025-02-26,2026-08-01,2026-08-14 00:26:12.005687
CUST001377,Male,1972-04-29,Penang,Bayan Lepas,<RM3k,Low,2025-03-17,2026-08-01,2026-08-14 00:26:12.005687
CUST001378,Male,1982-05-04,Selangor,Subang Jaya,RM3k-6k,Medium,2019-10-30,2026-08-01,2026-08-14 00:26:12.005687
CUST001379,Male,1977-06-15,Johor,Batu Pahat,<RM3k,Low,2021-09-14,2026-08-01,2026-08-14 00:26:12.005687
CUST001380,Female,1978-04-19,Kuala Lumpur,Kuala Lumpur,RM3k-6k,Medium,2024-03-06,2026-08-01,2026-08-14 00:26:12.005687
CUST001381,Female,1983-11-09,Perak,Taiping,>RM15k,Low,2020-02-03,2026-08-01,2026-08-14 00:26:12.005687
CUST001382,Female,1977-02-06,Penang,Bayan Lepas,RM3k-6k,Low,2023-12-28,2026-08-01,2026-08-14 00:26:12.005687
CUST001383,Male,1992-11-19,Kuala Lumpur,Kuala Lumpur,RM10k-15k,Low,2025-03-13,2026-08-01,2026-08-14 00:26:12.005687
CUST001384,Male,1957-11-18,Sarawak,Miri,<RM3k,Medium,2019-11-21,2026-08-01,2026-08-14 00:26:12.005687
CUST001385,Male,1964-06-09,Sabah,Kota Kinabalu,RM3k-6k,High,2019-03-23,2026-08-01,2026-08-14 00:26:12.005687
CUST001386,Female,1998-09-21,Selangor,Subang Jaya,RM3k-6k,Low,2025-07-22,2026-08-01,2026-08-14 00:26:12.005687
CUST001387,Male,1998-03-26,Penang,George Town,RM3k-6k,Low,2025-12-19,2026-08-01,2026-08-14 00:26:12.005687
CUST001388,Female,1995-02-01,Penang,Butterworth,RM3k-6k,Medium,2024-11-12,2026-08-01,2026-08-14 00:26:12.005687
CUST001389,Male,1973-01-25,Kuala Lumpur,Kuala Lumpur,RM6k-10k,Low,2022-11-27,2026-08-01,2026-08-14 00:26:12.005687
CUST001390,Female,1977-05-10,Selangor,Subang Jaya,RM6k-10k,Medium,2018-09-07,2026-08-01,2026-08-14 00:26:12.005687
CUST001391,Male,1956-03-28,Perak,Taiping,RM10k-15k,Low,2025-04-27,2026-08-01,2026-08-14 00:26:12.005687
CUST001392,Male,1968-09-09,Negeri Sembilan,Seremban,>RM15k,Medium,2019-08-04,2026-08-01,2026-08-14 00:26:12.005687
CUST001393,Female,1990-08-05,Penang,Bayan Lepas,RM6k-10k,Medium,2019-06-07,2026-08-01,2026-08-14 00:26:12.005687
CUST001394,Female,1971-10-20,Penang,George Town,>RM15k,Low,2023-09-26,2026-08-01,2026-08-14 00:26:12.005687
CUST001395,Male,1978-07-13,Penang,Butterworth,<RM3k,Medium,2021-02-10,2026-08-01,2026-08-14 00:26:12.005687
CUST001396,Female,1961-01-13,Johor,Muar,RM3k-6k,Low,2024-12-09,2026-08-01,2026-08-14 00:26:12.005687
CUST001397,Male,1979-04-28,Kuala Lumpur,Kuala Lumpur,RM3k-6k,Medium,2024-12-25,2026-08-01,2026-08-14 00:26:12.005687
CUST001398,Male,1990-05-14,Selangor,Subang Jaya,RM6k-10k,Medium,2024-06-10,2026-08-01,2026-08-14 00:26:12.005687
CUST001399,Male,1983-01-12,Melaka,Melaka City,RM6k-10k,Medium,2024-09-11,2026-08-01,2026-08-14 00:26:12.005687
CUST001400,Female,1982-04-11,Sarawak,Miri,RM6k-10k,Low,2022-05-14,2026-08-01,2026-08-14 00:26:12.005687
CUST001401,Female,1999-10-24,Melaka,Melaka City,>RM15k,Low,2024-12-21,2026-08-01,2026-08-14 00:26:12.005687
CUST001402,Female,1966-06-21,Kuala Lumpur,Kuala Lumpur,RM3k-6k,Low,2025-04-27,2026-08-01,2026-08-14 00:26:12.005687
CUST001403,Male,1969-09-02,Johor,Batu Pahat,RM10k-15k,Medium,2020-03-30,2026-08-01,2026-08-14 00:26:12.005687
CUST001404,Female,1985-07-11,Penang,Butterworth,RM6k-10k,Medium,2021-05-27,2026-08-01,2026-08-14 00:26:12.005687
CUST001405,Female,1978-07-12,Selangor,Klang,RM6k-10k,Low,2022-12-10,2026-08-01,2026-08-14 00:26:12.005687
CUST001406,Female,2002-12-24,Selangor,Subang Jaya,RM3k-6k,Medium,2024-11-14,2026-08-01,2026-08-14 00:26:12.005687
CUST001407,Male,1957-12-04,Sabah,Kota Kinabalu,RM3k-6k,Medium,2021-02-12,2026-08-01,2026-08-14 00:26:12.005687
CUST001408,Female,1960-12-30,Perak,Ipoh,RM3k-6k,Medium,2020-01-30,2026-08-01,2026-08-14 00:26:12.005687
CUST001409,Male,1971-10-04,Penang,Butterworth,RM10k-15k,Low,2020-07-25,2026-08-01,2026-08-14 00:26:12.005687
CUST001410,Male,1977-06-19,Selangor,Klang,RM3k-6k,Low,2024-05-24,2026-08-01,2026-08-14 00:26:12.005687
CUST001412,Male,1979-03-19,Kuala Lumpur,Kuala Lumpur,RM10k-15k,Medium,2020-01-15,2026-08-01,2026-08-14 00:26:12.005687
CUST001413,Male,1976-06-02,Kuala Lumpur,Kuala Lumpur,RM6k-10k,Medium,2023-09-20,2026-08-01,2026-08-14 00:26:12.005687
CUST001414,Male,1963-03-05,Johor,Batu Pahat,>RM15k,Medium,2023-04-12,2026-08-01,2026-08-14 00:26:12.005687
CUST001415,Female,1976-04-11,Selangor,Subang Jaya,RM6k-10k,Low,2022-02-23,2026-08-01,2026-08-14 00:26:12.005687
CUST001416,Male,1981-01-17,Negeri Sembilan,Seremban,RM6k-10k,Medium,2022-12-16,2026-08-01,2026-08-14 00:26:12.005687
CUST001417,Male,1983-08-09,Johor,Johor Bahru,RM3k-6k,Medium,2019-11-05,2026-08-01,2026-08-14 00:26:12.005687
CUST001418,Male,1984-09-09,Kuala Lumpur,Kuala Lumpur,RM6k-10k,Low,2019-06-18,2026-08-01,2026-08-14 00:26:12.005687
CUST001419,Male,1976-01-19,Kuala Lumpur,Kuala Lumpur,RM3k-6k,Low,2024-06-16,2026-08-01,2026-08-14 00:26:12.005687
CUST001420,Male,1962-09-16,Perak,Ipoh,<RM3k,Low,2023-06-10,2026-08-01,2026-08-14 00:26:12.005687
CUST001421,Male,1962-06-26,Kuala Lumpur,Kuala Lumpur,>RM15k,Medium,2025-10-27,2026-08-01,2026-08-14 00:26:12.005687
CUST001422,Female,1962-07-31,Selangor,Petaling Jaya,RM6k-10k,Low,2025-07-05,2026-08-01,2026-08-14 00:26:12.005687
CUST001423,Female,1985-04-23,Johor,Johor Bahru,RM6k-10k,Low,2020-11-25,2026-08-01,2026-08-14 00:26:12.005687
CUST001424,Female,1996-12-16,Selangor,Shah Alam,RM6k-10k,Low,2021-09-13,2026-08-01,2026-08-14 00:26:12.005687
CUST001425,Female,1998-04-09,Penang,Bayan Lepas,RM6k-10k,Medium,2024-10-16,2026-08-01,2026-08-14 00:26:12.005687
CUST001426,Female,1970-04-04,Johor,Johor Bahru,<RM3k,Medium,2018-01-10,2026-08-01,2026-08-14 00:26:12.005687
CUST001427,Female,1958-11-26,Kuala Lumpur,Kuala Lumpur,RM3k-6k,Medium,2024-11-28,2026-08-01,2026-08-14 00:26:12.005687
CUST001428,Female,1985-11-19,Sabah,Sandakan,<RM3k,High,2019-05-06,2026-08-01,2026-08-14 00:26:12.005687
CUST001429,Male,1956-11-17,Johor,Muar,<RM3k,Medium,2020-01-31,2026-08-01,2026-08-14 00:26:12.005687
CUST001430,Female,1985-09-16,Penang,George Town,<RM3k,Medium,2021-11-08,2026-08-01,2026-08-14 00:26:12.005687
CUST001431,Male,1973-10-09,Kuala Lumpur,Kuala Lumpur,RM10k-15k,Low,2023-08-23,2026-08-01,2026-08-14 00:26:12.005687
CUST001432,Male,1996-02-12,Penang,George Town,RM3k-6k,Medium,2020-10-30,2026-08-01,2026-08-14 00:26:12.005687
CUST001433,Female,1985-08-22,Selangor,Petaling Jaya,RM10k-15k,High,2025-07-04,2026-08-01,2026-08-14 00:26:12.005687
CUST001434,Female,1991-04-03,Johor,Johor Bahru,>RM15k,Medium,2024-04-05,2026-08-01,2026-08-14 00:26:12.005687
CUST001435,Female,1974-11-17,Selangor,Petaling Jaya,<RM3k,Low,2023-12-02,2026-08-01,2026-08-14 00:26:12.005687
CUST001436,Male,1996-03-08,Negeri Sembilan,Seremban,RM6k-10k,Low,2024-03-06,2026-08-01,2026-08-14 00:26:12.005687
CUST001437,Female,1980-09-23,Selangor,Shah Alam,RM3k-6k,Low,2018-03-29,2026-08-01,2026-08-14 00:26:12.005687
CUST001438,Male,1985-08-19,Melaka,Melaka City,>RM15k,Low,2024-07-31,2026-08-01,2026-08-14 00:26:12.005687
CUST001439,Male,1972-09-01,Melaka,Melaka City,RM6k-10k,Low,2022-11-01,2026-08-01,2026-08-14 00:26:12.005687
CUST001440,Male,1977-01-08,Johor,Muar,RM3k-6k,Low,2019-06-28,2026-08-01,2026-08-14 00:26:12.005687
CUST001441,Female,1996-03-01,Selangor,Petaling Jaya,RM3k-6k,Low,2024-03-23,2026-08-01,2026-08-14 00:26:12.005687
CUST001442,Female,1974-04-14,Selangor,Klang,>RM15k,High,2018-11-05,2026-08-01,2026-08-14 00:26:12.005687
CUST001443,Female,1956-01-18,Negeri Sembilan,Seremban,RM3k-6k,Medium,2022-12-11,2026-08-01,2026-08-14 00:26:12.005687
CUST001444,Female,1973-07-28,Penang,Butterworth,RM10k-15k,Medium,2022-07-21,2026-08-01,2026-08-14 00:26:12.005687
CUST001445,Female,1974-03-16,Johor,Batu Pahat,RM3k-6k,Low,2018-03-25,2026-08-01,2026-08-14 00:26:12.005687
CUST001446,Male,1975-07-02,Kuala Lumpur,Kuala Lumpur,RM6k-10k,Low,2020-12-30,2026-08-01,2026-08-14 00:26:12.005687
CUST001447,Male,1958-06-18,Sarawak,Kuching,RM3k-6k,Low,2018-12-18,2026-08-01,2026-08-14 00:26:12.005687
CUST001448,Male,1961-05-03,Kuala Lumpur,Kuala Lumpur,<RM3k,Medium,2025-07-27,2026-08-01,2026-08-14 00:26:12.005687
CUST001449,Male,1970-11-16,Kuala Lumpur,Kuala Lumpur,<RM3k,Low,2024-05-30,2026-08-01,2026-08-14 00:26:12.005687
CUST001450,Female,1975-10-10,Selangor,Petaling Jaya,RM3k-6k,Medium,2025-12-19,2026-08-01,2026-08-14 00:26:12.005687
CUST001451,Male,1956-06-03,Johor,Batu Pahat,RM10k-15k,Low,2021-11-26,2026-08-01,2026-08-14 00:26:12.005687
CUST001452,Male,1974-01-30,Melaka,Melaka City,RM6k-10k,Low,2020-08-18,2026-08-01,2026-08-14 00:26:12.005687
CUST001453,Male,1970-09-07,Sabah,Sandakan,RM3k-6k,Low,2025-08-30,2026-08-01,2026-08-14 00:26:12.005687
CUST001454,Male,1956-09-10,Selangor,Subang Jaya,RM3k-6k,Low,2020-06-15,2026-08-01,2026-08-14 00:26:12.005687
CUST001455,Female,1967-04-09,Selangor,Klang,<RM3k,Low,2021-04-27,2026-08-01,2026-08-14 00:26:12.005687
CUST001456,Female,1968-06-24,Sabah,Sandakan,RM6k-10k,Medium,2019-01-26,2026-08-01,2026-08-14 00:26:12.005687
CUST001457,Female,1962-01-12,Johor,Johor Bahru,RM10k-15k,Low,2024-07-28,2026-08-01,2026-08-14 00:26:12.005687
CUST001458,Female,1991-11-04,Kuala Lumpur,Kuala Lumpur,>RM15k,Low,2018-12-16,2026-08-01,2026-08-14 00:26:12.005687
CUST001459,Male,1958-07-19,Selangor,Petaling Jaya,RM10k-15k,Low,2018-04-14,2026-08-01,2026-08-14 00:26:12.005687
CUST001460,Female,1983-04-26,Penang,Bayan Lepas,RM3k-6k,High,2024-08-30,2026-08-01,2026-08-14 00:26:12.005687
CUST001461,Male,1987-08-07,Negeri Sembilan,Seremban,RM3k-6k,Medium,2024-09-22,2026-08-01,2026-08-14 00:26:12.005687
CUST001462,Male,1994-07-02,Perak,Taiping,>RM15k,Medium,2024-10-29,2026-08-01,2026-08-14 00:26:12.005687
CUST001463,Female,1981-09-24,Kuala Lumpur,Kuala Lumpur,<RM3k,Low,2024-11-14,2026-08-01,2026-08-14 00:26:12.005687
CUST001464,Female,1981-08-03,Perak,Ipoh,<RM3k,Medium,2019-02-19,2026-08-01,2026-08-14 00:26:12.005687
CUST001465,Male,1992-04-11,Selangor,Shah Alam,RM3k-6k,Low,2020-11-23,2026-08-01,2026-08-14 00:26:12.005687
CUST001466,Male,1996-11-05,Sarawak,Miri,RM10k-15k,Medium,2024-02-14,2026-08-01,2026-08-14 00:26:12.005687
CUST001467,Female,1965-05-03,Selangor,Shah Alam,RM6k-10k,Medium,2020-06-22,2026-08-01,2026-08-14 00:26:12.005687
CUST001468,Female,1994-01-02,Selangor,Petaling Jaya,>RM15k,Low,2024-03-23,2026-08-01,2026-08-14 00:26:12.005687
CUST001469,Male,1977-08-27,Johor,Batu Pahat,RM3k-6k,Low,2025-04-11,2026-08-01,2026-08-14 00:26:12.005687
CUST001470,Female,1959-10-25,Selangor,Klang,RM3k-6k,Medium,2025-09-08,2026-08-01,2026-08-14 00:26:12.005687
CUST001471,Male,1985-01-03,Selangor,Petaling Jaya,RM3k-6k,Low,2024-03-21,2026-08-01,2026-08-14 00:26:12.005687
CUST001472,Female,2002-11-14,Penang,Bayan Lepas,RM10k-15k,Low,2024-05-17,2026-08-01,2026-08-14 00:26:12.005687
CUST001473,Female,1961-11-23,Sabah,Kota Kinabalu,RM3k-6k,Low,2022-10-13,2026-08-01,2026-08-14 00:26:12.005687
CUST001474,Male,1955-09-21,Sarawak,Kuching,>RM15k,Low,2018-08-17,2026-08-01,2026-08-14 00:26:12.005687
CUST001475,Male,1999-11-28,Selangor,Klang,RM6k-10k,Medium,2021-06-28,2026-08-01,2026-08-14 00:26:12.005687
CUST001476,Male,1984-03-30,Kuala Lumpur,Kuala Lumpur,RM10k-15k,Low,2025-08-16,2026-08-01,2026-08-14 00:26:12.005687
CUST001477,Female,1965-09-25,Johor,Johor Bahru,RM10k-15k,Medium,2025-04-18,2026-08-01,2026-08-14 00:26:12.005687
CUST001478,Male,1993-10-30,Johor,Batu Pahat,RM3k-6k,Low,2019-11-29,2026-08-01,2026-08-14 00:26:12.005687
CUST001479,Female,1974-04-16,Selangor,Shah Alam,RM10k-15k,Low,2023-12-23,2026-08-01,2026-08-14 00:26:12.005687
CUST001480,Female,1971-04-06,Melaka,Melaka City,RM3k-6k,Low,2020-06-15,2026-08-01,2026-08-14 00:26:12.005687
CUST001481,Female,1969-03-14,Negeri Sembilan,Seremban,RM10k-15k,High,2021-05-02,2026-08-01,2026-08-14 00:26:12.005687
CUST001482,Female,1984-04-30,Kuala Lumpur,Kuala Lumpur,RM10k-15k,Low,2023-03-11,2026-08-01,2026-08-14 00:26:12.005687
CUST001483,Male,1961-08-04,Sabah,Sandakan,RM6k-10k,Medium,2021-12-21,2026-08-01,2026-08-14 00:26:12.005687
CUST001484,Female,1972-09-28,Penang,George Town,RM3k-6k,Medium,2022-11-01,2026-08-01,2026-08-14 00:26:12.005687
CUST001485,Male,1969-12-12,Selangor,Subang Jaya,>RM15k,Medium,2018-10-15,2026-08-01,2026-08-14 00:26:12.005687
CUST001486,Female,1957-12-20,Penang,George Town,>RM15k,Low,2020-05-16,2026-08-01,2026-08-14 00:26:12.005687
CUST001487,Male,1992-05-23,Kuala Lumpur,Kuala Lumpur,RM6k-10k,Low,2024-06-26,2026-08-01,2026-08-14 00:26:12.005687
CUST001488,Female,1955-06-01,Kuala Lumpur,Kuala Lumpur,>RM15k,Medium,2022-12-15,2026-08-01,2026-08-14 00:26:12.005687
CUST001489,Male,2002-01-09,Negeri Sembilan,Seremban,RM6k-10k,Medium,2024-09-24,2026-08-01,2026-08-14 00:26:12.005687
CUST001490,Female,1959-08-25,Penang,Butterworth,RM3k-6k,Medium,2025-09-20,2026-08-01,2026-08-14 00:26:12.005687
CUST001491,Female,1972-07-20,Selangor,Subang Jaya,RM3k-6k,Medium,2020-11-04,2026-08-01,2026-08-14 00:26:12.005687
CUST001492,Male,1959-10-28,Johor,Johor Bahru,<RM3k,Low,2020-02-12,2026-08-01,2026-08-14 00:26:12.005687
CUST001493,Male,1972-12-22,Negeri Sembilan,Seremban,RM6k-10k,Medium,2020-06-23,2026-08-01,2026-08-14 00:26:12.005687
CUST001494,Male,1984-12-06,Johor,Johor Bahru,RM6k-10k,Medium,2022-07-30,2026-08-01,2026-08-14 00:26:12.005687
CUST001495,Female,1959-04-15,Melaka,Melaka City,<RM3k,High,2020-01-07,2026-08-01,2026-08-14 00:26:12.005687
CUST001496,Male,1980-10-06,Sarawak,Miri,RM3k-6k,Medium,2021-02-14,2026-08-01,2026-08-14 00:26:12.005687
CUST001497,Male,1992-10-26,Selangor,Petaling Jaya,RM6k-10k,Low,2019-05-22,2026-08-01,2026-08-14 00:26:12.005687
CUST001498,Male,1977-04-25,Perak,Taiping,RM10k-15k,Medium,2021-01-31,2026-08-01,2026-08-14 00:26:12.005687
CUST001499,Female,1960-07-05,Perak,Taiping,>RM15k,Medium,2025-07-31,2026-08-01,2026-08-14 00:26:12.005687
CUST001500,Male,1988-11-25,Sabah,Kota Kinabalu,RM3k-6k,Low,2021-05-23,2026-08-01,2026-08-14 00:26:12.005687
CUST001501,Male,1964-02-20,Selangor,Shah Alam,RM10k-15k,Low,2024-01-27,2026-08-01,2026-08-14 00:26:12.005687
CUST001502,Male,1955-10-29,Kuala Lumpur,Kuala Lumpur,<RM3k,Low,2021-06-11,2026-08-01,2026-08-14 00:26:12.005687
CUST001503,Female,1976-05-26,Kuala Lumpur,Kuala Lumpur,<RM3k,Low,2021-06-19,2026-08-01,2026-08-14 00:26:12.005687
CUST001504,Female,1968-04-11,Penang,George Town,RM6k-10k,Medium,2023-04-08,2026-08-01,2026-08-14 00:26:12.005687
CUST001505,Male,1956-05-24,Sabah,Kota Kinabalu,RM3k-6k,Low,2018-11-18,2026-08-01,2026-08-14 00:26:12.005687
CUST001506,Male,1993-02-02,Sabah,Sandakan,RM10k-15k,Medium,2020-11-03,2026-08-01,2026-08-14 00:26:12.005687
CUST001507,Male,1984-05-20,Penang,George Town,RM3k-6k,Low,2019-02-12,2026-08-01,2026-08-14 00:26:12.005687
CUST001508,Female,1999-08-02,Kuala Lumpur,Kuala Lumpur,RM3k-6k,Medium,2019-08-05,2026-08-01,2026-08-14 00:26:12.005687
CUST001509,Female,1978-07-15,Kuala Lumpur,Kuala Lumpur,RM6k-10k,Medium,2023-09-05,2026-08-01,2026-08-14 00:26:12.005687
CUST001510,Male,1976-06-23,Sabah,Sandakan,<RM3k,Medium,2019-05-26,2026-08-01,2026-08-14 00:26:12.005687
CUST001511,Female,1996-04-14,Johor,Johor Bahru,RM3k-6k,Low,2019-08-17,2026-08-01,2026-08-14 00:26:12.005687
CUST001512,Female,1958-12-29,Sabah,Kota Kinabalu,<RM3k,High,2022-08-01,2026-08-01,2026-08-14 00:26:12.005687
CUST001513,Male,1972-09-20,Kuala Lumpur,Kuala Lumpur,RM3k-6k,Low,2020-10-13,2026-08-01,2026-08-14 00:26:12.005687
CUST001514,Male,1994-02-19,Selangor,Klang,RM10k-15k,Medium,2018-12-25,2026-08-01,2026-08-14 00:26:12.005687
CUST001515,Male,1969-05-02,Melaka,Melaka City,<RM3k,Low,2025-08-27,2026-08-01,2026-08-14 00:26:12.005687
CUST001516,Female,1998-05-16,Kuala Lumpur,Kuala Lumpur,RM6k-10k,Low,2025-05-20,2026-08-01,2026-08-14 00:26:12.005687
CUST001517,Female,1968-12-01,Kuala Lumpur,Kuala Lumpur,RM6k-10k,Medium,2022-08-25,2026-08-01,2026-08-14 00:26:12.005687
CUST001518,Male,1975-04-08,Perak,Taiping,RM6k-10k,Low,2022-03-14,2026-08-01,2026-08-14 00:26:12.005687
CUST001519,Female,1998-12-20,Penang,Butterworth,RM6k-10k,Low,2024-06-19,2026-08-01,2026-08-14 00:26:12.005687
CUST001520,Female,1966-12-04,Negeri Sembilan,Seremban,RM6k-10k,Low,2025-10-15,2026-08-01,2026-08-14 00:26:12.005687
CUST001521,Female,2002-06-08,Melaka,Melaka City,RM10k-15k,Low,2018-10-31,2026-08-01,2026-08-14 00:26:12.005687
CUST001522,Male,1957-02-25,Sabah,Kota Kinabalu,<RM3k,High,2018-10-13,2026-08-01,2026-08-14 00:26:12.005687
CUST001523,Male,1968-01-09,Kuala Lumpur,Kuala Lumpur,RM10k-15k,Medium,2020-08-23,2026-08-01,2026-08-14 00:26:12.005687
CUST001524,Male,1983-12-18,Johor,Batu Pahat,<RM3k,Low,2020-06-08,2026-08-01,2026-08-14 00:26:12.005687
CUST001525,Male,1984-02-10,Melaka,Melaka City,RM6k-10k,Medium,2025-03-01,2026-08-01,2026-08-14 00:26:12.005687
CUST001526,Female,1999-08-01,Johor,Muar,RM6k-10k,Medium,2022-01-24,2026-08-01,2026-08-14 00:26:12.005687
CUST001527,Female,2002-01-10,Negeri Sembilan,Seremban,RM3k-6k,Medium,2024-06-25,2026-08-01,2026-08-14 00:26:12.005687
CUST001528,Female,1988-03-19,Perak,Ipoh,<RM3k,Medium,2023-05-04,2026-08-01,2026-08-14 00:26:12.005687
CUST001529,Female,1987-04-29,Kuala Lumpur,Kuala Lumpur,<RM3k,Low,2023-10-15,2026-08-01,2026-08-14 00:26:12.005687
CUST001530,Female,1970-07-18,Johor,Johor Bahru,<RM3k,Low,2025-08-26,2026-08-01,2026-08-14 00:26:12.005687
CUST001531,Female,1994-06-22,Perak,Ipoh,RM6k-10k,Medium,2022-09-12,2026-08-01,2026-08-14 00:26:12.005687
CUST001532,Female,1986-07-02,Kuala Lumpur,Kuala Lumpur,<RM3k,Medium,2024-03-17,2026-08-01,2026-08-14 00:26:12.005687
CUST001533,Male,1956-03-06,Selangor,Shah Alam,RM10k-15k,Medium,2020-02-25,2026-08-01,2026-08-14 00:26:12.005687
CUST001534,Male,1995-10-08,Perak,Ipoh,>RM15k,Low,2020-01-29,2026-08-01,2026-08-14 00:26:12.005687
CUST001535,Female,1972-08-15,Kuala Lumpur,Kuala Lumpur,RM3k-6k,Medium,2022-09-07,2026-08-01,2026-08-14 00:26:12.005687
CUST001536,Female,1978-04-25,Selangor,Klang,<RM3k,Low,2025-03-18,2026-08-01,2026-08-14 00:26:12.005687
CUST001537,Male,1978-10-26,Perak,Ipoh,RM3k-6k,Medium,2018-05-29,2026-08-01,2026-08-14 00:26:12.005687
CUST001538,Male,1995-03-02,Sabah,Sandakan,RM10k-15k,Low,2022-01-03,2026-08-01,2026-08-14 00:26:12.005687
CUST001539,Male,1968-02-16,Johor,Batu Pahat,RM3k-6k,Medium,2019-08-14,2026-08-01,2026-08-14 00:26:12.005687
CUST001540,Female,1974-03-15,Negeri Sembilan,Seremban,<RM3k,High,2025-01-27,2026-08-01,2026-08-14 00:26:12.005687
CUST001541,Male,1956-12-01,Melaka,Melaka City,>RM15k,Low,2022-02-22,2026-08-01,2026-08-14 00:26:12.005687
CUST001542,Female,1972-01-28,Johor,Batu Pahat,RM6k-10k,Medium,2018-05-04,2026-08-01,2026-08-14 00:26:12.005687
CUST001543,Female,1959-05-01,Kuala Lumpur,Kuala Lumpur,RM3k-6k,Medium,2018-01-06,2026-08-01,2026-08-14 00:26:12.005687
CUST001544,Female,1983-07-26,Sabah,Sandakan,>RM15k,Low,2023-02-12,2026-08-01,2026-08-14 00:26:12.005687
CUST001545,Female,1998-10-06,Selangor,Petaling Jaya,>RM15k,Low,2019-11-10,2026-08-01,2026-08-14 00:26:12.005687
CUST001546,Female,1977-10-08,Sarawak,Kuching,RM6k-10k,Medium,2018-05-01,2026-08-01,2026-08-14 00:26:12.005687
CUST001547,Female,1999-09-10,Penang,Butterworth,RM3k-6k,Low,2019-03-21,2026-08-01,2026-08-14 00:26:12.005687
CUST001548,Male,2002-11-16,Selangor,Subang Jaya,RM6k-10k,Low,2019-03-27,2026-08-01,2026-08-14 00:26:12.005687
CUST001549,Female,1957-08-20,Penang,George Town,RM3k-6k,Medium,2020-10-06,2026-08-01,2026-08-14 00:26:12.005687
CUST001550,Female,1980-04-20,Johor,Johor Bahru,RM3k-6k,Medium,2023-09-29,2026-08-01,2026-08-14 00:26:12.005687
CUST001551,Female,1980-11-19,Melaka,Melaka City,RM3k-6k,Medium,2024-11-12,2026-08-01,2026-08-14 00:26:12.005687
CUST001552,Female,1973-11-15,Selangor,Subang Jaya,RM6k-10k,Medium,2022-04-04,2026-08-01,2026-08-14 00:26:12.005687
CUST001553,Female,1995-09-10,Melaka,Melaka City,RM10k-15k,Low,2025-07-30,2026-08-01,2026-08-14 00:26:12.005687
CUST001554,Female,1974-05-08,Kuala Lumpur,Kuala Lumpur,>RM15k,Medium,2024-04-30,2026-08-01,2026-08-14 00:26:12.005687
CUST001555,Female,1957-09-14,Sabah,Sandakan,RM10k-15k,Low,2019-04-28,2026-08-01,2026-08-14 00:26:12.005687
CUST001556,Male,1981-11-05,Melaka,Melaka City,<RM3k,Low,2023-11-19,2026-08-01,2026-08-14 00:26:12.005687
CUST001557,Male,1964-11-22,Selangor,Petaling Jaya,RM3k-6k,Medium,2019-11-06,2026-08-01,2026-08-14 00:26:12.005687
CUST001558,Male,1972-05-22,Kuala Lumpur,Kuala Lumpur,RM6k-10k,High,2025-09-14,2026-08-01,2026-08-14 00:26:12.005687
CUST001559,Male,1979-08-04,Sarawak,Miri,RM3k-6k,Low,2024-10-09,2026-08-01,2026-08-14 00:26:12.005687
CUST001560,Male,1990-06-03,Sarawak,Kuching,<RM3k,High,2018-07-07,2026-08-01,2026-08-14 00:26:12.005687
CUST001561,Male,1968-08-17,Selangor,Subang Jaya,RM10k-15k,Medium,2019-05-20,2026-08-01,2026-08-14 00:26:12.005687
CUST001562,Male,1973-08-26,Johor,Johor Bahru,RM3k-6k,Low,2021-07-13,2026-08-01,2026-08-14 00:26:12.005687
CUST001563,Male,1958-04-30,Sarawak,Kuching,<RM3k,Low,2023-12-06,2026-08-01,2026-08-14 00:26:12.005687
CUST001564,Male,1973-10-27,Selangor,Petaling Jaya,RM6k-10k,Low,2022-06-02,2026-08-01,2026-08-14 00:26:12.005687
CUST001565,Male,1983-06-06,Penang,George Town,>RM15k,Medium,2018-09-07,2026-08-01,2026-08-14 00:26:12.005687
CUST001566,Female,1985-03-25,Johor,Batu Pahat,RM6k-10k,Low,2023-01-10,2026-08-01,2026-08-14 00:26:12.005687
CUST001567,Female,1969-05-14,Kuala Lumpur,Kuala Lumpur,<RM3k,Low,2023-03-09,2026-08-01,2026-08-14 00:26:12.005687
CUST001568,Female,1957-12-24,Sarawak,Miri,RM6k-10k,Low,2025-06-08,2026-08-01,2026-08-14 00:26:12.005687
CUST001569,Female,1983-04-15,Selangor,Klang,>RM15k,High,2020-02-16,2026-08-01,2026-08-14 00:26:12.005687
CUST001570,Male,1987-02-10,Negeri Sembilan,Seremban,<RM3k,Low,2018-04-22,2026-08-01,2026-08-14 00:26:12.005687
CUST001571,Female,1959-03-05,Penang,George Town,RM6k-10k,Low,2023-12-30,2026-08-01,2026-08-14 00:26:12.005687
CUST001572,Male,1979-09-28,Johor,Muar,RM6k-10k,Low,2023-08-15,2026-08-01,2026-08-14 00:26:12.005687
CUST001573,Male,1959-08-29,Johor,Johor Bahru,RM6k-10k,Low,2022-02-26,2026-08-01,2026-08-14 00:26:12.005687
CUST001574,Male,1977-03-13,Selangor,Subang Jaya,<RM3k,Low,2023-07-15,2026-08-01,2026-08-14 00:26:12.005687
CUST001575,Female,1986-05-26,Sarawak,Miri,>RM15k,Medium,2019-06-07,2026-08-01,2026-08-14 00:26:12.005687
CUST001576,Female,1990-03-29,Perak,Ipoh,RM3k-6k,Medium,2019-01-02,2026-08-01,2026-08-14 00:26:12.005687
CUST001577,Male,1989-12-21,Sabah,Sandakan,<RM3k,Low,2021-03-20,2026-08-01,2026-08-14 00:26:12.005687
CUST001578,Male,1992-02-25,Johor,Batu Pahat,<RM3k,Medium,2025-02-24,2026-08-01,2026-08-14 00:26:12.005687
CUST001579,Male,1966-10-27,Selangor,Shah Alam,RM3k-6k,Low,2022-02-11,2026-08-01,2026-08-14 00:26:12.005687
CUST001580,Male,1996-06-18,Kuala Lumpur,Kuala Lumpur,<RM3k,Medium,2023-02-11,2026-08-01,2026-08-14 00:26:12.005687
CUST001581,Male,1972-02-18,Sabah,Sandakan,RM10k-15k,Low,2025-12-19,2026-08-01,2026-08-14 00:26:12.005687
CUST001582,Female,1973-05-13,Selangor,Klang,RM10k-15k,Medium,2020-06-03,2026-08-01,2026-08-14 00:26:12.005687
CUST001583,Female,1993-08-03,Johor,Muar,<RM3k,High,2021-11-04,2026-08-01,2026-08-14 00:26:12.005687
CUST001584,Female,1971-01-09,Johor,Batu Pahat,RM10k-15k,Medium,2023-06-27,2026-08-01,2026-08-14 00:26:12.005687
CUST001585,Male,1958-09-01,Johor,Batu Pahat,>RM15k,Low,2019-03-18,2026-08-01,2026-08-14 00:26:12.005687
CUST001586,Male,1989-12-31,Perak,Taiping,<RM3k,Low,2021-03-20,2026-08-01,2026-08-14 00:26:12.005687
CUST001587,Female,1987-06-10,Penang,George Town,RM6k-10k,Medium,2022-06-10,2026-08-01,2026-08-14 00:26:12.005687
CUST001588,Male,1983-07-04,Negeri Sembilan,Seremban,>RM15k,Medium,2020-06-06,2026-08-01,2026-08-14 00:26:12.005687
CUST001589,Female,1962-01-08,Kuala Lumpur,Kuala Lumpur,RM10k-15k,Low,2019-10-06,2026-08-01,2026-08-14 00:26:12.005687
CUST001590,Female,1985-12-15,Penang,Bayan Lepas,RM6k-10k,Low,2021-07-03,2026-08-01,2026-08-14 00:26:12.005687
CUST001591,Female,1964-09-20,Kuala Lumpur,Kuala Lumpur,RM10k-15k,Low,2025-01-13,2026-08-01,2026-08-14 00:26:12.005687
CUST001592,Female,1982-03-21,Sarawak,Kuching,RM6k-10k,Low,2021-04-30,2026-08-01,2026-08-14 00:26:12.005687
CUST001593,Male,1979-11-20,Penang,Butterworth,RM3k-6k,Low,2024-09-02,2026-08-01,2026-08-14 00:26:12.005687
CUST001594,Female,1992-11-10,Johor,Batu Pahat,RM3k-6k,Medium,2023-05-31,2026-08-01,2026-08-14 00:26:12.005687
CUST001595,Male,2002-11-06,Sarawak,Kuching,RM6k-10k,Low,2019-01-11,2026-08-01,2026-08-14 00:26:12.005687
CUST001596,Male,1964-04-23,Johor,Batu Pahat,RM3k-6k,Low,2025-04-23,2026-08-01,2026-08-14 00:26:12.005687
CUST001597,Female,1960-08-14,Selangor,Petaling Jaya,RM3k-6k,Low,2022-09-15,2026-08-01,2026-08-14 00:26:12.005687
CUST001598,Female,1982-03-25,Johor,Muar,<RM3k,High,2022-07-20,2026-08-01,2026-08-14 00:26:12.005687
CUST001599,Male,2001-08-23,Kuala Lumpur,Kuala Lumpur,RM10k-15k,Medium,2023-07-28,2026-08-01,2026-08-14 00:26:12.005687
CUST001600,Female,1962-09-30,Melaka,Melaka City,RM6k-10k,Medium,2018-05-02,2026-08-01,2026-08-14 00:26:12.005687
CUST001601,Male,1978-11-18,Sabah,Kota Kinabalu,RM3k-6k,Medium,2020-01-06,2026-08-01,2026-08-14 00:26:12.005687
CUST001602,Female,1974-12-15,Sabah,Kota Kinabalu,RM3k-6k,Medium,2024-05-10,2026-08-01,2026-08-14 00:26:12.005687
CUST001603,Male,1970-08-01,Melaka,Melaka City,<RM3k,Low,2023-01-04,2026-08-01,2026-08-14 00:26:12.005687
CUST001604,Male,1987-07-14,Sabah,Sandakan,<RM3k,Medium,2021-02-11,2026-08-01,2026-08-14 00:26:12.005687
CUST001605,Female,1969-06-23,Johor,Batu Pahat,RM6k-10k,Low,2021-09-13,2026-08-01,2026-08-14 00:26:12.005687
CUST001606,Female,1979-02-28,Kuala Lumpur,Kuala Lumpur,<RM3k,Medium,2022-12-15,2026-08-01,2026-08-14 00:26:12.005687
CUST001607,Male,1996-06-03,Selangor,Klang,>RM15k,Low,2021-11-09,2026-08-01,2026-08-14 00:26:12.005687
CUST001608,Female,1973-08-07,Negeri Sembilan,Seremban,RM3k-6k,High,2021-08-29,2026-08-01,2026-08-14 00:26:12.005687
CUST001609,Female,1956-01-13,Negeri Sembilan,Seremban,<RM3k,Low,2022-05-30,2026-08-01,2026-08-14 00:26:12.005687
CUST001610,Female,1998-05-12,Sabah,Sandakan,RM10k-15k,Low,2020-04-02,2026-08-01,2026-08-14 00:26:12.005687
CUST001611,Female,1968-06-13,Selangor,Klang,RM3k-6k,Medium,2022-07-24,2026-08-01,2026-08-14 00:26:12.005687
CUST001612,Male,1992-11-12,Selangor,Shah Alam,RM3k-6k,Low,2023-07-15,2026-08-01,2026-08-14 00:26:12.005687
CUST001613,Male,1992-05-16,Melaka,Melaka City,<RM3k,Low,2023-09-05,2026-08-01,2026-08-14 00:26:12.005687
CUST001614,Female,1980-10-14,Kuala Lumpur,Kuala Lumpur,RM6k-10k,Medium,2022-12-18,2026-08-01,2026-08-14 00:26:12.005687
CUST001615,Male,1959-04-21,Penang,Bayan Lepas,RM3k-6k,Medium,2021-08-14,2026-08-01,2026-08-14 00:26:12.005687
CUST001616,Female,2001-07-20,Selangor,Shah Alam,RM10k-15k,Medium,2023-03-29,2026-08-01,2026-08-14 00:26:12.005687
CUST001617,Female,1988-05-11,Selangor,Shah Alam,RM6k-10k,Low,2023-10-12,2026-08-01,2026-08-14 00:26:12.005687
CUST001618,Male,1975-10-17,Perak,Taiping,RM10k-15k,Low,2020-06-25,2026-08-01,2026-08-14 00:26:12.005687
CUST001619,Male,1996-11-02,Negeri Sembilan,Seremban,RM6k-10k,Low,2021-11-20,2026-08-01,2026-08-14 00:26:12.005687
CUST001620,Female,1993-08-12,Sabah,Kota Kinabalu,RM10k-15k,Medium,2023-06-03,2026-08-01,2026-08-14 00:26:12.005687
CUST001621,Female,1992-04-02,Johor,Johor Bahru,RM6k-10k,Medium,2023-04-21,2026-08-01,2026-08-14 00:26:12.005687
CUST001622,Male,1963-03-25,Johor,Johor Bahru,RM3k-6k,Low,2021-12-19,2026-08-01,2026-08-14 00:26:12.005687
CUST001623,Male,1986-01-03,Melaka,Melaka City,RM6k-10k,Low,2020-02-08,2026-08-01,2026-08-14 00:26:12.005687
CUST001624,Female,1969-01-01,Penang,George Town,RM6k-10k,Low,2025-04-12,2026-08-01,2026-08-14 00:26:12.005687
CUST001625,Female,1958-11-05,Johor,Johor Bahru,<RM3k,Low,2022-05-02,2026-08-01,2026-08-14 00:26:12.005687
CUST001626,Male,1971-07-26,Perak,Ipoh,RM6k-10k,Low,2022-04-29,2026-08-01,2026-08-14 00:26:12.005687
CUST001627,Female,1960-02-05,Selangor,Petaling Jaya,RM3k-6k,Low,2021-09-29,2026-08-01,2026-08-14 00:26:12.005687
CUST001628,Female,1960-03-08,Kuala Lumpur,Kuala Lumpur,RM6k-10k,Low,2024-01-29,2026-08-01,2026-08-14 00:26:12.005687
CUST001629,Female,1990-08-16,Sarawak,Miri,<RM3k,Low,2020-06-01,2026-08-01,2026-08-14 00:26:12.005687
CUST001630,Female,1979-08-03,Penang,Bayan Lepas,<RM3k,Low,2025-06-30,2026-08-01,2026-08-14 00:26:12.005687
CUST001631,Female,1974-06-30,Kuala Lumpur,Kuala Lumpur,<RM3k,Low,2018-07-02,2026-08-01,2026-08-14 00:26:12.005687
CUST001632,Male,1964-06-02,Selangor,Petaling Jaya,<RM3k,Medium,2018-02-06,2026-08-01,2026-08-14 00:26:12.005687
CUST001633,Male,1992-10-10,Negeri Sembilan,Seremban,<RM3k,Low,2022-01-30,2026-08-01,2026-08-14 00:26:12.005687
CUST001634,Male,1986-01-27,Penang,Bayan Lepas,<RM3k,Low,2024-11-14,2026-08-01,2026-08-14 00:26:12.005687
CUST001635,Male,1983-09-10,Penang,Bayan Lepas,RM6k-10k,Medium,2018-01-29,2026-08-01,2026-08-14 00:26:12.005687
CUST001636,Female,1964-04-24,Kuala Lumpur,Kuala Lumpur,RM3k-6k,Low,2023-06-06,2026-08-01,2026-08-14 00:26:12.005687
CUST001637,Female,1961-01-20,Negeri Sembilan,Seremban,>RM15k,Low,2021-02-12,2026-08-01,2026-08-14 00:26:12.005687
CUST001638,Male,1961-01-19,Melaka,Melaka City,RM10k-15k,Low,2018-03-05,2026-08-01,2026-08-14 00:26:12.005687
CUST001639,Female,1956-03-24,Johor,Muar,<RM3k,Low,2020-12-18,2026-08-01,2026-08-14 00:26:12.005687
CUST001640,Male,2002-06-25,Selangor,Subang Jaya,RM3k-6k,Medium,2023-03-04,2026-08-01,2026-08-14 00:26:12.005687
CUST001641,Male,1973-01-07,Perak,Taiping,RM3k-6k,Medium,2023-01-26,2026-08-01,2026-08-14 00:26:12.005687
CUST001642,Female,1987-04-02,Sarawak,Miri,RM3k-6k,Low,2024-10-15,2026-08-01,2026-08-14 00:26:12.005687
CUST001643,Female,2003-02-16,Sabah,Sandakan,RM6k-10k,Low,2025-11-24,2026-08-01,2026-08-14 00:26:12.005687
CUST001644,Female,2000-11-18,Negeri Sembilan,Seremban,RM6k-10k,High,2018-06-08,2026-08-01,2026-08-14 00:26:12.005687
CUST001645,Female,1970-09-16,Penang,George Town,RM6k-10k,Low,2024-11-11,2026-08-01,2026-08-14 00:26:12.005687
CUST001646,Female,1979-01-02,Selangor,Shah Alam,RM3k-6k,High,2018-01-29,2026-08-01,2026-08-14 00:26:12.005687
CUST001647,Female,1977-09-08,Johor,Muar,RM6k-10k,Medium,2025-10-19,2026-08-01,2026-08-14 00:26:12.005687
CUST001648,Male,1956-08-20,Sarawak,Kuching,RM3k-6k,Low,2024-03-10,2026-08-01,2026-08-14 00:26:12.005687
CUST001649,Male,1992-08-23,Selangor,Klang,RM10k-15k,Low,2025-08-09,2026-08-01,2026-08-14 00:26:12.005687
CUST001650,Male,1983-02-21,Selangor,Klang,>RM15k,Low,2018-07-17,2026-08-01,2026-08-14 00:26:12.005687
CUST001651,Female,1973-03-14,Perak,Ipoh,RM3k-6k,Medium,2018-08-05,2026-08-01,2026-08-14 00:26:12.005687
CUST001652,Female,1982-05-10,Johor,Batu Pahat,RM10k-15k,Low,2025-11-18,2026-08-01,2026-08-14 00:26:12.005687
CUST001653,Female,1991-01-13,Sarawak,Miri,RM10k-15k,Medium,2020-04-03,2026-08-01,2026-08-14 00:26:12.005687
CUST001654,Female,1955-09-26,Kuala Lumpur,Kuala Lumpur,RM6k-10k,Medium,2021-01-19,2026-08-01,2026-08-14 00:26:12.005687
CUST001655,Male,1986-08-27,Selangor,Petaling Jaya,<RM3k,Medium,2020-05-17,2026-08-01,2026-08-14 00:26:12.005687
CUST001656,Female,1997-03-13,Selangor,Subang Jaya,RM10k-15k,Medium,2019-04-03,2026-08-01,2026-08-14 00:26:12.005687
CUST001657,Female,1990-08-04,Perak,Taiping,RM3k-6k,Low,2018-07-27,2026-08-01,2026-08-14 00:26:12.005687
CUST001658,Male,1985-05-17,Sabah,Kota Kinabalu,RM3k-6k,Low,2019-01-31,2026-08-01,2026-08-14 00:26:12.005687
CUST001659,Female,1959-06-09,Johor,Johor Bahru,RM6k-10k,Low,2024-10-09,2026-08-01,2026-08-14 00:26:12.005687
CUST001660,Female,1991-06-27,Johor,Johor Bahru,RM3k-6k,Medium,2018-03-20,2026-08-01,2026-08-14 00:26:12.005687
CUST001661,Female,1991-10-12,Kuala Lumpur,Kuala Lumpur,<RM3k,Medium,2025-02-28,2026-08-01,2026-08-14 00:26:12.005687
CUST001662,Male,1979-03-15,Perak,Taiping,>RM15k,Medium,2019-10-05,2026-08-01,2026-08-14 00:26:12.005687
CUST001663,Male,1983-07-20,Negeri Sembilan,Seremban,RM3k-6k,Medium,2022-11-03,2026-08-01,2026-08-14 00:26:12.005687
CUST001664,Female,1985-04-19,Sabah,Sandakan,RM6k-10k,Low,2020-01-22,2026-08-01,2026-08-14 00:26:12.005687
CUST001665,Male,1960-12-07,Selangor,Shah Alam,RM6k-10k,Low,2025-02-15,2026-08-01,2026-08-14 00:26:12.005687
CUST001666,Male,1967-08-13,Penang,Butterworth,<RM3k,Medium,2018-04-29,2026-08-01,2026-08-14 00:26:12.005687
CUST001667,Male,1993-10-27,Selangor,Subang Jaya,RM10k-15k,Low,2023-09-18,2026-08-01,2026-08-14 00:26:12.005687
CUST001668,Female,2002-09-17,Kuala Lumpur,Kuala Lumpur,RM6k-10k,Medium,2025-06-22,2026-08-01,2026-08-14 00:26:12.005687
CUST001669,Female,1968-03-26,Kuala Lumpur,Kuala Lumpur,RM6k-10k,Low,2021-07-10,2026-08-01,2026-08-14 00:26:12.005687
CUST001670,Male,1974-08-20,Kuala Lumpur,Kuala Lumpur,RM6k-10k,Medium,2021-08-09,2026-08-01,2026-08-14 00:26:12.005687
CUST001671,Female,1999-11-06,Selangor,Subang Jaya,>RM15k,Low,2019-03-14,2026-08-01,2026-08-14 00:26:12.005687
CUST001672,Male,1962-12-14,Sabah,Kota Kinabalu,>RM15k,Low,2025-01-10,2026-08-01,2026-08-14 00:26:12.005687
CUST001673,Male,1967-10-19,Selangor,Petaling Jaya,<RM3k,Low,2025-08-31,2026-08-01,2026-08-14 00:26:12.005687
CUST001674,Female,1957-09-27,Sabah,Sandakan,RM3k-6k,Medium,2021-12-21,2026-08-01,2026-08-14 00:26:12.005687
CUST001675,Male,1966-07-03,Negeri Sembilan,Seremban,RM6k-10k,Low,2023-07-16,2026-08-01,2026-08-14 00:26:12.005687
CUST001676,Male,1986-03-03,Penang,George Town,>RM15k,Low,2024-01-24,2026-08-01,2026-08-14 00:26:12.005687
CUST001677,Male,1972-01-23,Johor,Johor Bahru,RM10k-15k,Low,2020-10-31,2026-08-01,2026-08-14 00:26:12.005687
CUST001678,Female,2003-03-08,Sabah,Kota Kinabalu,RM3k-6k,Low,2018-01-12,2026-08-01,2026-08-14 00:26:12.005687
CUST001679,Male,1998-09-07,Kuala Lumpur,Kuala Lumpur,RM10k-15k,Medium,2019-01-11,2026-08-01,2026-08-14 00:26:12.005687
CUST001680,Male,1998-11-22,Johor,Batu Pahat,RM3k-6k,Medium,2025-03-04,2026-08-01,2026-08-14 00:26:12.005687
CUST001681,Male,1990-08-04,Johor,Johor Bahru,RM3k-6k,Medium,2024-05-22,2026-08-01,2026-08-14 00:26:12.005687
CUST001682,Male,1989-05-26,Sarawak,Miri,RM6k-10k,Low,2018-10-05,2026-08-01,2026-08-14 00:26:12.005687
CUST001683,Male,1979-12-22,Sarawak,Miri,RM3k-6k,Low,2024-05-31,2026-08-01,2026-08-14 00:26:12.005687
CUST001684,Female,2003-07-15,Sarawak,Miri,RM6k-10k,Low,2025-01-23,2026-08-01,2026-08-14 00:26:12.005687
CUST001685,Female,1959-09-03,Perak,Ipoh,RM3k-6k,Low,2022-05-06,2026-08-01,2026-08-14 00:26:12.005687
CUST001686,Female,1990-06-01,Johor,Muar,RM10k-15k,Medium,2021-08-11,2026-08-01,2026-08-14 00:26:12.005687
CUST001687,Male,1961-11-15,Sarawak,Kuching,>RM15k,Low,2025-12-30,2026-08-01,2026-08-14 00:26:12.005687
CUST001688,Male,1971-08-16,Melaka,Melaka City,RM3k-6k,High,2024-12-21,2026-08-01,2026-08-14 00:26:12.005687
CUST001689,Male,1967-07-11,Johor,Batu Pahat,RM6k-10k,Low,2021-02-02,2026-08-01,2026-08-14 00:26:12.005687
CUST001690,Female,1984-06-16,Negeri Sembilan,Seremban,RM6k-10k,Medium,2021-10-25,2026-08-01,2026-08-14 00:26:12.005687
CUST001691,Male,1993-07-27,Melaka,Melaka City,<RM3k,Medium,2025-07-14,2026-08-01,2026-08-14 00:26:12.005687
CUST001692,Male,1958-11-28,Johor,Muar,RM10k-15k,Medium,2025-05-15,2026-08-01,2026-08-14 00:26:12.005687
CUST001693,Female,1984-06-24,Kuala Lumpur,Kuala Lumpur,RM6k-10k,Medium,2023-01-15,2026-08-01,2026-08-14 00:26:12.005687
CUST001694,Male,1965-11-11,Selangor,Klang,<RM3k,Low,2023-03-10,2026-08-01,2026-08-14 00:26:12.005687
CUST001695,Male,1958-10-09,Sabah,Kota Kinabalu,RM10k-15k,Medium,2023-11-22,2026-08-01,2026-08-14 00:26:12.005687
CUST001696,Male,1975-06-17,Kuala Lumpur,Kuala Lumpur,RM3k-6k,Low,2020-04-23,2026-08-01,2026-08-14 00:26:12.005687
CUST001697,Female,1983-06-25,Johor,Batu Pahat,<RM3k,Low,2025-05-02,2026-08-01,2026-08-14 00:26:12.005687
CUST001698,Male,1964-11-20,Penang,Butterworth,RM3k-6k,Low,2020-05-08,2026-08-01,2026-08-14 00:26:12.005687
CUST001699,Male,1974-02-05,Melaka,Melaka City,RM10k-15k,Low,2024-08-24,2026-08-01,2026-08-14 00:26:12.005687
CUST001700,Male,2001-09-19,Sarawak,Miri,>RM15k,High,2024-07-23,2026-08-01,2026-08-14 00:26:12.005687
CUST001701,Male,1971-12-28,Sabah,Sandakan,RM3k-6k,Low,2020-04-23,2026-08-01,2026-08-14 00:26:12.005687
CUST001702,Male,2003-10-13,Selangor,Subang Jaya,<RM3k,Low,2024-06-17,2026-08-01,2026-08-14 00:26:12.005687
CUST001703,Female,1995-11-16,Kuala Lumpur,Kuala Lumpur,<RM3k,Low,2024-12-08,2026-08-01,2026-08-14 00:26:12.005687
CUST001704,Male,1973-03-05,Perak,Ipoh,RM6k-10k,Medium,2021-12-21,2026-08-01,2026-08-14 00:26:12.005687
CUST001705,Female,1983-04-06,Selangor,Petaling Jaya,RM3k-6k,Medium,2022-04-26,2026-08-01,2026-08-14 00:26:12.005687
CUST001706,Male,1989-10-01,Penang,Bayan Lepas,RM3k-6k,High,2022-01-27,2026-08-01,2026-08-14 00:26:12.005687
CUST001707,Female,1977-10-07,Negeri Sembilan,Seremban,RM3k-6k,Medium,2018-05-11,2026-08-01,2026-08-14 00:26:12.005687
CUST001708,Female,1974-12-24,Penang,George Town,RM3k-6k,Low,2022-04-28,2026-08-01,2026-08-14 00:26:12.005687
CUST001709,Male,1971-02-26,Penang,Butterworth,RM6k-10k,Low,2023-05-23,2026-08-01,2026-08-14 00:26:12.005687
CUST001710,Female,1961-11-01,Perak,Ipoh,RM6k-10k,Low,2022-06-28,2026-08-01,2026-08-14 00:26:12.005687
CUST001711,Male,1956-03-22,Sarawak,Miri,<RM3k,Medium,2021-12-30,2026-08-01,2026-08-14 00:26:12.005687
CUST001712,Female,1971-07-05,Johor,Johor Bahru,RM6k-10k,High,2022-01-04,2026-08-01,2026-08-14 00:26:12.005687
CUST001713,Male,1993-12-27,Johor,Johor Bahru,RM3k-6k,Low,2022-04-17,2026-08-01,2026-08-14 00:26:12.005687
CUST001714,Male,1966-06-08,Kuala Lumpur,Kuala Lumpur,RM6k-10k,Low,2025-06-06,2026-08-01,2026-08-14 00:26:12.005687
CUST001715,Female,1963-10-22,Penang,Butterworth,<RM3k,Medium,2021-04-17,2026-08-01,2026-08-14 00:26:12.005687
CUST001716,Male,1971-01-28,Selangor,Petaling Jaya,<RM3k,Medium,2019-10-18,2026-08-01,2026-08-14 00:26:12.005687
CUST001717,Female,1984-05-05,Johor,Batu Pahat,RM6k-10k,Medium,2018-07-07,2026-08-01,2026-08-14 00:26:12.005687
CUST001718,Male,1965-07-15,Sabah,Sandakan,RM3k-6k,Low,2024-12-18,2026-08-01,2026-08-14 00:26:12.005687
CUST001719,Male,1965-10-19,Kuala Lumpur,Kuala Lumpur,RM6k-10k,Low,2019-06-11,2026-08-01,2026-08-14 00:26:12.005687
CUST001720,Male,1960-07-03,Penang,Bayan Lepas,RM3k-6k,Low,2021-05-03,2026-08-01,2026-08-14 00:26:12.005687
CUST001721,Female,1971-04-12,Kuala Lumpur,Kuala Lumpur,RM3k-6k,Low,2024-01-19,2026-08-01,2026-08-14 00:26:12.005687
CUST001722,Female,1965-08-27,Selangor,Subang Jaya,RM6k-10k,Medium,2019-06-06,2026-08-01,2026-08-14 00:26:12.005687
CUST001723,Male,1995-09-23,Kuala Lumpur,Kuala Lumpur,RM3k-6k,Low,2019-11-16,2026-08-01,2026-08-14 00:26:12.005687
CUST001724,Male,1999-05-19,Kuala Lumpur,Kuala Lumpur,<RM3k,Low,2023-01-30,2026-08-01,2026-08-14 00:26:12.005687
CUST001725,Male,1973-02-25,Negeri Sembilan,Seremban,RM10k-15k,High,2023-01-08,2026-08-01,2026-08-14 00:26:12.005687
CUST001726,Female,1959-03-06,Negeri Sembilan,Seremban,RM3k-6k,Low,2019-12-12,2026-08-01,2026-08-14 00:26:12.005687
CUST001727,Female,1959-04-15,Perak,Ipoh,>RM15k,Low,2022-05-02,2026-08-01,2026-08-14 00:26:12.005687
CUST001728,Male,1970-11-29,Penang,George Town,RM3k-6k,High,2023-08-19,2026-08-01,2026-08-14 00:26:12.005687
CUST001729,Female,1977-09-16,Sabah,Sandakan,RM10k-15k,Low,2019-10-09,2026-08-01,2026-08-14 00:26:12.005687
CUST001730,Female,1980-11-22,Melaka,Melaka City,RM10k-15k,Medium,2021-07-18,2026-08-01,2026-08-14 00:26:12.005687
CUST001731,Male,1969-11-25,Johor,Johor Bahru,<RM3k,Low,2020-03-30,2026-08-01,2026-08-14 00:26:12.005687
CUST001732,Female,1972-05-15,Kuala Lumpur,Kuala Lumpur,RM6k-10k,Medium,2025-07-08,2026-08-01,2026-08-14 00:26:12.005687
CUST001733,Male,1968-11-24,Perak,Ipoh,RM6k-10k,Low,2021-01-25,2026-08-01,2026-08-14 00:26:12.005687
CUST001734,Female,1980-05-12,Negeri Sembilan,Seremban,RM6k-10k,Low,2024-11-04,2026-08-01,2026-08-14 00:26:12.005687
CUST001735,Male,1989-02-22,Selangor,Petaling Jaya,RM3k-6k,High,2025-01-15,2026-08-01,2026-08-14 00:26:12.005687
CUST001736,Male,1957-02-16,Johor,Muar,>RM15k,Medium,2019-05-06,2026-08-01,2026-08-14 00:26:12.005687
CUST001737,Male,1978-06-16,Selangor,Klang,RM6k-10k,Low,2025-07-12,2026-08-01,2026-08-14 00:26:12.005687
CUST001738,Female,1986-10-11,Selangor,Shah Alam,>RM15k,Low,2018-05-24,2026-08-01,2026-08-14 00:26:12.005687
CUST001739,Male,1987-12-15,Perak,Taiping,RM10k-15k,Low,2021-02-03,2026-08-01,2026-08-14 00:26:12.005687
CUST001740,Male,1982-08-11,Selangor,Subang Jaya,RM10k-15k,Low,2019-04-10,2026-08-01,2026-08-14 00:26:12.005687
CUST001741,Female,1980-09-23,Negeri Sembilan,Seremban,RM6k-10k,Low,2018-05-15,2026-08-01,2026-08-14 00:26:12.005687
CUST001742,Female,1988-05-13,Sabah,Sandakan,RM6k-10k,Low,2022-06-01,2026-08-01,2026-08-14 00:26:12.005687
CUST001743,Female,1973-07-16,Kuala Lumpur,Kuala Lumpur,RM10k-15k,High,2022-10-22,2026-08-01,2026-08-14 00:26:12.005687
CUST001744,Male,1982-10-17,Sarawak,Miri,RM6k-10k,Medium,2022-08-27,2026-08-01,2026-08-14 00:26:12.005687
CUST001745,Male,1970-08-27,Sabah,Sandakan,<RM3k,High,2021-05-04,2026-08-01,2026-08-14 00:26:12.005687
CUST001746,Male,1976-06-15,Johor,Batu Pahat,RM6k-10k,Low,2024-04-17,2026-08-01,2026-08-14 00:26:12.005687
CUST001747,Male,1961-01-29,Johor,Johor Bahru,<RM3k,Low,2021-12-09,2026-08-01,2026-08-14 00:26:12.005687
CUST001748,Male,1972-02-27,Sarawak,Kuching,>RM15k,Medium,2022-04-12,2026-08-01,2026-08-14 00:26:12.005687
CUST001749,Female,1961-12-17,Johor,Johor Bahru,RM6k-10k,Low,2021-07-14,2026-08-01,2026-08-14 00:26:12.005687
CUST001750,Female,1966-02-04,Kuala Lumpur,Kuala Lumpur,RM6k-10k,Low,2019-08-29,2026-08-01,2026-08-14 00:26:12.005687
CUST001751,Male,1975-07-21,Selangor,Klang,RM3k-6k,Medium,2023-03-28,2026-08-01,2026-08-14 00:26:12.005687
CUST001752,Female,1979-07-03,Selangor,Klang,RM6k-10k,Medium,2024-08-18,2026-08-01,2026-08-14 00:26:12.005687
CUST001753,Male,2001-02-25,Perak,Taiping,RM3k-6k,Low,2020-06-08,2026-08-01,2026-08-14 00:26:12.005687
CUST001754,Male,1956-04-11,Kuala Lumpur,Kuala Lumpur,RM6k-10k,Low,2021-09-15,2026-08-01,2026-08-14 00:26:12.005687
CUST001755,Female,1999-01-10,Penang,Bayan Lepas,RM6k-10k,Low,2025-02-20,2026-08-01,2026-08-14 00:26:12.005687
CUST001756,Male,1971-01-31,Johor,Muar,RM6k-10k,Medium,2019-08-27,2026-08-01,2026-08-14 00:26:12.005687
CUST001757,Female,1990-06-25,Sarawak,Kuching,RM3k-6k,Low,2021-05-15,2026-08-01,2026-08-14 00:26:12.005687
CUST001758,Male,1988-03-19,Johor,Batu Pahat,RM6k-10k,Medium,2020-02-27,2026-08-01,2026-08-14 00:26:12.005687
CUST001759,Male,2002-07-27,Melaka,Melaka City,RM3k-6k,Low,2020-09-24,2026-08-01,2026-08-14 00:26:12.005687
CUST001760,Male,1960-04-29,Melaka,Melaka City,RM10k-15k,Low,2021-09-03,2026-08-01,2026-08-14 00:26:12.005687
CUST001761,Female,2002-05-22,Selangor,Klang,>RM15k,Medium,2025-05-19,2026-08-01,2026-08-14 00:26:12.005687
CUST001762,Female,1958-01-30,Perak,Ipoh,RM10k-15k,High,2018-02-06,2026-08-01,2026-08-14 00:26:12.005687
CUST001763,Female,1997-12-26,Selangor,Subang Jaya,RM3k-6k,Medium,2020-11-12,2026-08-01,2026-08-14 00:26:12.005687
CUST001764,Female,1986-12-15,Sarawak,Kuching,<RM3k,Low,2024-12-04,2026-08-01,2026-08-14 00:26:12.005687
CUST001765,Female,1978-08-12,Penang,Bayan Lepas,>RM15k,Low,2018-08-31,2026-08-01,2026-08-14 00:26:12.005687
CUST001766,Female,1974-06-28,Selangor,Petaling Jaya,>RM15k,Medium,2022-01-19,2026-08-01,2026-08-14 00:26:12.005687
CUST001767,Male,1959-08-03,Selangor,Klang,<RM3k,Medium,2019-03-30,2026-08-01,2026-08-14 00:26:12.005687
CUST001768,Female,1994-04-15,Johor,Johor Bahru,RM6k-10k,High,2022-06-22,2026-08-01,2026-08-14 00:26:12.005687
CUST001769,Female,1990-09-01,Sarawak,Miri,RM3k-6k,Low,2023-09-18,2026-08-01,2026-08-14 00:26:12.005687
CUST001770,Male,2000-12-04,Sabah,Sandakan,<RM3k,Medium,2023-01-30,2026-08-01,2026-08-14 00:26:12.005687
CUST001771,Male,1990-10-15,Kuala Lumpur,Kuala Lumpur,>RM15k,Low,2022-07-01,2026-08-01,2026-08-14 00:26:12.005687
CUST001772,Male,2001-11-22,Selangor,Petaling Jaya,>RM15k,Low,2023-12-10,2026-08-01,2026-08-14 00:26:12.005687
CUST001773,Male,1998-06-14,Johor,Johor Bahru,>RM15k,Low,2022-04-11,2026-08-01,2026-08-14 00:26:12.005687
CUST001774,Male,1975-11-08,Penang,George Town,<RM3k,Low,2022-11-26,2026-08-01,2026-08-14 00:26:12.005687
CUST001775,Male,1989-06-24,Kuala Lumpur,Kuala Lumpur,RM6k-10k,Low,2018-08-28,2026-08-01,2026-08-14 00:26:12.005687
CUST001776,Male,1967-12-14,Selangor,Klang,>RM15k,Low,2018-03-04,2026-08-01,2026-08-14 00:26:12.005687
CUST001777,Male,1993-12-18,Melaka,Melaka City,RM6k-10k,Medium,2019-04-25,2026-08-01,2026-08-14 00:26:12.005687
CUST001778,Female,1984-10-26,Johor,Johor Bahru,RM3k-6k,Medium,2022-04-26,2026-08-01,2026-08-14 00:26:12.005687
CUST001779,Female,1976-07-29,Sabah,Kota Kinabalu,RM6k-10k,Low,2021-03-03,2026-08-01,2026-08-14 00:26:12.005687
CUST001780,Female,1985-10-12,Johor,Batu Pahat,<RM3k,Medium,2020-12-05,2026-08-01,2026-08-14 00:26:12.005687
CUST001781,Female,1968-07-31,Johor,Muar,RM6k-10k,Low,2021-08-01,2026-08-01,2026-08-14 00:26:12.005687
CUST001782,Male,1985-06-29,Penang,Butterworth,RM10k-15k,Low,2025-11-30,2026-08-01,2026-08-14 00:26:12.005687
CUST001783,Female,1978-04-07,Selangor,Subang Jaya,<RM3k,High,2021-01-04,2026-08-01,2026-08-14 00:26:12.005687
CUST001784,Female,1970-10-07,Selangor,Petaling Jaya,<RM3k,Low,2021-07-21,2026-08-01,2026-08-14 00:26:12.005687
CUST001785,Female,2002-10-19,Negeri Sembilan,Seremban,RM6k-10k,Low,2022-01-08,2026-08-01,2026-08-14 00:26:12.005687
CUST001786,Male,1958-02-14,Sarawak,Miri,RM6k-10k,Medium,2024-03-11,2026-08-01,2026-08-14 00:26:12.005687
CUST001787,Female,1992-02-15,Sabah,Sandakan,RM3k-6k,Low,2023-11-13,2026-08-01,2026-08-14 00:26:12.005687
CUST001788,Male,1965-04-16,Kuala Lumpur,Kuala Lumpur,<RM3k,Low,2025-10-31,2026-08-01,2026-08-14 00:26:12.005687
CUST001789,Male,1965-11-26,Kuala Lumpur,Kuala Lumpur,RM10k-15k,Medium,2023-01-31,2026-08-01,2026-08-14 00:26:12.005687
CUST001790,Female,1962-07-26,Kuala Lumpur,Kuala Lumpur,RM3k-6k,Medium,2025-08-18,2026-08-01,2026-08-14 00:26:12.005687
CUST001791,Male,1960-01-07,Negeri Sembilan,Seremban,RM6k-10k,Low,2022-11-21,2026-08-01,2026-08-14 00:26:12.005687
CUST001792,Female,1961-01-26,Sarawak,Kuching,RM6k-10k,High,2022-04-22,2026-08-01,2026-08-14 00:26:12.005687
CUST001793,Female,1995-10-19,Johor,Batu Pahat,RM3k-6k,Low,2022-06-18,2026-08-01,2026-08-14 00:26:12.005687
CUST001794,Male,2000-05-20,Negeri Sembilan,Seremban,RM6k-10k,Low,2021-11-03,2026-08-01,2026-08-14 00:26:12.005687
CUST001795,Male,1983-08-27,Kuala Lumpur,Kuala Lumpur,RM6k-10k,Low,2019-08-10,2026-08-01,2026-08-14 00:26:12.005687
CUST001796,Female,1955-09-05,Penang,George Town,RM6k-10k,Low,2020-12-06,2026-08-01,2026-08-14 00:26:12.005687
CUST001797,Male,1997-05-11,Selangor,Subang Jaya,RM6k-10k,High,2022-11-02,2026-08-01,2026-08-14 00:26:12.005687
CUST001798,Female,1984-06-27,Selangor,Shah Alam,RM3k-6k,Medium,2022-11-06,2026-08-01,2026-08-14 00:26:12.005687
CUST001799,Male,1980-07-09,Negeri Sembilan,Seremban,RM3k-6k,Low,2019-04-08,2026-08-01,2026-08-14 00:26:12.005687
CUST001800,Male,2001-06-03,Sarawak,Miri,RM6k-10k,Low,2024-06-05,2026-08-01,2026-08-14 00:26:12.005687
CUST001801,Male,1975-01-29,Kuala Lumpur,Kuala Lumpur,RM3k-6k,Low,2023-09-14,2026-08-01,2026-08-14 00:26:12.005687
CUST001802,Male,1972-08-22,Selangor,Klang,RM3k-6k,Medium,2022-03-15,2026-08-01,2026-08-14 00:26:12.005687
CUST001803,Female,1993-03-17,Penang,Bayan Lepas,RM3k-6k,Low,2021-08-14,2026-08-01,2026-08-14 00:26:12.005687
CUST001804,Male,1980-10-28,Kuala Lumpur,Kuala Lumpur,RM6k-10k,High,2022-06-17,2026-08-01,2026-08-14 00:26:12.005687
CUST001805,Male,1990-02-15,Penang,George Town,<RM3k,Low,2022-08-26,2026-08-01,2026-08-14 00:26:12.005687
CUST001806,Male,1989-02-02,Penang,Bayan Lepas,>RM15k,Low,2021-06-04,2026-08-01,2026-08-14 00:26:12.005687
CUST001807,Female,1996-02-17,Selangor,Petaling Jaya,RM6k-10k,High,2024-11-25,2026-08-01,2026-08-14 00:26:12.005687
CUST001808,Female,1970-07-17,Selangor,Subang Jaya,<RM3k,High,2019-04-08,2026-08-01,2026-08-14 00:26:12.005687
CUST001809,Female,1958-07-13,Selangor,Subang Jaya,RM6k-10k,Low,2020-12-25,2026-08-01,2026-08-14 00:26:12.005687
CUST001810,Female,1978-05-28,Negeri Sembilan,Seremban,RM3k-6k,Low,2021-03-07,2026-08-01,2026-08-14 00:26:12.005687
CUST001811,Female,1986-09-23,Selangor,Subang Jaya,>RM15k,High,2018-10-19,2026-08-01,2026-08-14 00:26:12.005687
CUST001812,Female,1995-01-13,Penang,George Town,>RM15k,Medium,2018-09-18,2026-08-01,2026-08-14 00:26:12.005687
CUST001813,Male,1968-02-01,Selangor,Klang,RM10k-15k,Medium,2025-02-16,2026-08-01,2026-08-14 00:26:12.005687
CUST001814,Female,1991-07-09,Perak,Ipoh,RM6k-10k,Medium,2024-03-12,2026-08-01,2026-08-14 00:26:12.005687
CUST001815,Male,1995-10-11,Kuala Lumpur,Kuala Lumpur,>RM15k,High,2020-12-02,2026-08-01,2026-08-14 00:26:12.005687
CUST001816,Male,1994-08-12,Kuala Lumpur,Kuala Lumpur,RM6k-10k,Low,2020-02-17,2026-08-01,2026-08-14 00:26:12.005687
CUST001817,Male,1994-08-05,Sabah,Sandakan,RM10k-15k,Low,2021-04-02,2026-08-01,2026-08-14 00:26:12.005687
CUST001818,Female,2003-05-18,Perak,Ipoh,<RM3k,Low,2023-08-22,2026-08-01,2026-08-14 00:26:12.005687
CUST001819,Male,1987-05-24,Selangor,Klang,>RM15k,Medium,2020-05-14,2026-08-01,2026-08-14 00:26:12.005687
CUST001820,Male,1973-02-22,Selangor,Klang,RM6k-10k,Low,2018-07-13,2026-08-01,2026-08-14 00:26:12.005687
CUST001821,Male,1976-05-21,Negeri Sembilan,Seremban,RM3k-6k,Low,2021-05-12,2026-08-01,2026-08-14 00:26:12.005687
CUST001822,Male,1991-08-09,Kuala Lumpur,Kuala Lumpur,>RM15k,Medium,2022-10-15,2026-08-01,2026-08-14 00:26:12.005687
CUST001823,Male,1966-08-04,Selangor,Petaling Jaya,RM6k-10k,Low,2022-03-02,2026-08-01,2026-08-14 00:26:12.005687
CUST001824,Male,1984-07-14,Johor,Johor Bahru,>RM15k,High,2019-05-19,2026-08-01,2026-08-14 00:26:12.005687
CUST001825,Male,1983-01-23,Selangor,Klang,<RM3k,Low,2024-09-29,2026-08-01,2026-08-14 00:26:12.005687
CUST001826,Female,1987-08-30,Penang,Bayan Lepas,RM6k-10k,Medium,2023-01-19,2026-08-01,2026-08-14 00:26:12.005687
CUST001827,Male,1975-08-23,Perak,Taiping,RM6k-10k,Medium,2023-10-05,2026-08-01,2026-08-14 00:26:12.005687
CUST001828,Female,1991-04-02,Johor,Muar,<RM3k,Low,2025-08-29,2026-08-01,2026-08-14 00:26:12.005687
CUST001829,Male,1958-07-02,Penang,Bayan Lepas,RM10k-15k,Low,2022-02-08,2026-08-01,2026-08-14 00:26:12.005687
CUST001830,Male,1991-09-26,Johor,Johor Bahru,RM6k-10k,Low,2022-08-18,2026-08-01,2026-08-14 00:26:12.005687
CUST001831,Female,1994-10-12,Sabah,Kota Kinabalu,RM3k-6k,Medium,2024-02-10,2026-08-01,2026-08-14 00:26:12.005687
CUST001832,Male,1998-05-26,Kuala Lumpur,Kuala Lumpur,RM6k-10k,Medium,2024-03-10,2026-08-01,2026-08-14 00:26:12.005687
CUST001833,Female,2000-03-19,Selangor,Shah Alam,<RM3k,Low,2024-10-12,2026-08-01,2026-08-14 00:26:12.005687
CUST001834,Female,1972-02-12,Perak,Ipoh,RM10k-15k,Low,2023-08-20,2026-08-01,2026-08-14 00:26:12.005687
CUST001835,Female,1957-04-10,Selangor,Shah Alam,RM10k-15k,High,2018-06-19,2026-08-01,2026-08-14 00:26:12.005687
CUST001836,Female,1987-01-07,Kuala Lumpur,Kuala Lumpur,RM6k-10k,Low,2020-10-20,2026-08-01,2026-08-14 00:26:12.005687
CUST001837,Female,1959-06-03,Selangor,Subang Jaya,RM6k-10k,High,2022-09-26,2026-08-01,2026-08-14 00:26:12.005687
CUST001838,Female,1968-09-25,Perak,Taiping,RM3k-6k,Low,2021-07-23,2026-08-01,2026-08-14 00:26:12.005687
CUST001839,Male,1989-06-02,Kuala Lumpur,Kuala Lumpur,RM3k-6k,Low,2018-05-07,2026-08-01,2026-08-14 00:26:12.005687
CUST001840,Male,1984-02-18,Perak,Ipoh,RM10k-15k,Low,2020-02-21,2026-08-01,2026-08-14 00:26:12.005687
CUST001841,Female,1984-09-21,Sabah,Kota Kinabalu,RM3k-6k,Low,2020-06-19,2026-08-01,2026-08-14 00:26:12.005687
CUST001842,Male,1991-10-22,Penang,Bayan Lepas,RM3k-6k,Medium,2018-04-16,2026-08-01,2026-08-14 00:26:12.005687
CUST001843,Female,1963-01-26,Selangor,Subang Jaya,RM3k-6k,Medium,2024-02-06,2026-08-01,2026-08-14 00:26:12.005687
CUST001844,Male,1993-10-03,Sarawak,Kuching,RM6k-10k,Medium,2021-01-09,2026-08-01,2026-08-14 00:26:12.005687
CUST001845,Female,1983-09-27,Selangor,Klang,RM10k-15k,Medium,2024-04-30,2026-08-01,2026-08-14 00:26:12.005687
CUST001846,Male,1975-08-02,Melaka,Melaka City,<RM3k,Medium,2024-12-17,2026-08-01,2026-08-14 00:26:12.005687
CUST001847,Female,1977-09-19,Perak,Taiping,RM3k-6k,Medium,2025-01-25,2026-08-01,2026-08-14 00:26:12.005687
CUST001848,Male,1979-12-05,Kuala Lumpur,Kuala Lumpur,<RM3k,Medium,2025-04-06,2026-08-01,2026-08-14 00:26:12.005687
CUST001849,Female,1981-12-19,Sabah,Sandakan,<RM3k,Medium,2021-12-26,2026-08-01,2026-08-14 00:26:12.005687
CUST001850,Male,1971-05-11,Johor,Batu Pahat,RM3k-6k,Medium,2019-12-10,2026-08-01,2026-08-14 00:26:12.005687
CUST001851,Female,1965-12-05,Johor,Johor Bahru,RM10k-15k,Low,2018-09-03,2026-08-01,2026-08-14 00:26:12.005687
CUST001852,Male,1963-04-14,Johor,Batu Pahat,RM6k-10k,Low,2022-12-28,2026-08-01,2026-08-14 00:26:12.005687
CUST001853,Male,1971-09-11,Penang,Bayan Lepas,<RM3k,Low,2019-01-06,2026-08-01,2026-08-14 00:26:12.005687
CUST001854,Male,1967-10-07,Perak,Ipoh,RM6k-10k,Low,2019-12-07,2026-08-01,2026-08-14 00:26:12.005687
CUST001855,Male,1980-04-15,Melaka,Melaka City,RM10k-15k,Low,2019-12-15,2026-08-01,2026-08-14 00:26:12.005687
CUST001856,Male,1999-09-10,Selangor,Subang Jaya,RM3k-6k,Low,2020-03-09,2026-08-01,2026-08-14 00:26:12.005687
CUST001857,Female,1960-04-18,Penang,Butterworth,RM3k-6k,Low,2020-12-23,2026-08-01,2026-08-14 00:26:12.005687
CUST001858,Female,1970-02-20,Perak,Ipoh,RM10k-15k,Medium,2020-08-25,2026-08-01,2026-08-14 00:26:12.005687
CUST001859,Female,1957-05-29,Perak,Taiping,<RM3k,Medium,2022-03-19,2026-08-01,2026-08-14 00:26:12.005687
CUST001860,Female,2002-10-05,Johor,Batu Pahat,RM10k-15k,Low,2025-08-28,2026-08-01,2026-08-14 00:26:12.005687
CUST001861,Male,1989-05-02,Selangor,Petaling Jaya,RM10k-15k,High,2023-03-02,2026-08-01,2026-08-14 00:26:12.005687
CUST001862,Male,1966-10-31,Sabah,Kota Kinabalu,RM10k-15k,High,2023-05-29,2026-08-01,2026-08-14 00:26:12.005687
CUST001863,Male,1975-04-19,Selangor,Klang,<RM3k,Medium,2019-04-20,2026-08-01,2026-08-14 00:26:12.005687
CUST001864,Male,1990-06-06,Selangor,Petaling Jaya,<RM3k,Low,2018-11-30,2026-08-01,2026-08-14 00:26:12.005687
CUST001865,Male,2001-12-04,Johor,Muar,RM10k-15k,Low,2019-07-06,2026-08-01,2026-08-14 00:26:12.005687
CUST001866,Male,1983-02-13,Selangor,Klang,RM3k-6k,Low,2024-10-14,2026-08-01,2026-08-14 00:26:12.005687
CUST001867,Male,1968-04-10,Kuala Lumpur,Kuala Lumpur,RM3k-6k,Medium,2019-05-21,2026-08-01,2026-08-14 00:26:12.005687
CUST001868,Female,1989-02-22,Kuala Lumpur,Kuala Lumpur,RM6k-10k,Medium,2025-11-13,2026-08-01,2026-08-14 00:26:12.005687
CUST001869,Male,1988-08-07,Perak,Ipoh,<RM3k,Medium,2024-01-15,2026-08-01,2026-08-14 00:26:12.005687
CUST001870,Male,1986-07-21,Negeri Sembilan,Seremban,RM6k-10k,Medium,2024-08-18,2026-08-01,2026-08-14 00:26:12.005687
CUST001871,Female,1957-04-02,Johor,Johor Bahru,>RM15k,High,2020-06-01,2026-08-01,2026-08-14 00:26:12.005687
CUST001872,Female,1989-08-17,Kuala Lumpur,Kuala Lumpur,RM6k-10k,Medium,2019-04-02,2026-08-01,2026-08-14 00:26:12.005687
CUST001873,Male,1955-12-18,Sarawak,Miri,RM3k-6k,High,2019-05-02,2026-08-01,2026-08-14 00:26:12.005687
CUST001874,Male,1999-05-15,Selangor,Subang Jaya,>RM15k,Medium,2024-11-10,2026-08-01,2026-08-14 00:26:12.005687
CUST001875,Male,1998-03-19,Negeri Sembilan,Seremban,RM6k-10k,Low,2021-06-14,2026-08-01,2026-08-14 00:26:12.005687
CUST001876,Male,1982-08-10,Penang,George Town,<RM3k,Medium,2021-04-10,2026-08-01,2026-08-14 00:26:12.005687
CUST001877,Female,1986-08-27,Selangor,Klang,RM6k-10k,Low,2019-12-24,2026-08-01,2026-08-14 00:26:12.005687
CUST001878,Female,1958-04-29,Johor,Muar,<RM3k,Low,2020-11-06,2026-08-01,2026-08-14 00:26:12.005687
CUST001879,Male,1997-11-04,Selangor,Petaling Jaya,RM3k-6k,High,2020-12-14,2026-08-01,2026-08-14 00:26:12.005687
CUST001880,Male,1968-04-08,Sabah,Sandakan,RM6k-10k,Low,2023-12-30,2026-08-01,2026-08-14 00:26:12.005687
CUST001881,Male,1967-11-04,Kuala Lumpur,Kuala Lumpur,RM3k-6k,Low,2024-08-03,2026-08-01,2026-08-14 00:26:12.005687
CUST001882,Male,1989-09-13,Sarawak,Kuching,<RM3k,High,2021-09-26,2026-08-01,2026-08-14 00:26:12.005687
CUST001883,Female,2001-01-01,Sabah,Kota Kinabalu,RM6k-10k,Low,2020-09-02,2026-08-01,2026-08-14 00:26:12.005687
CUST001884,Male,1979-03-17,Sarawak,Kuching,RM3k-6k,Low,2021-08-12,2026-08-01,2026-08-14 00:26:12.005687
CUST001885,Female,1979-11-13,Melaka,Melaka City,RM6k-10k,Low,2019-05-26,2026-08-01,2026-08-14 00:26:12.005687
CUST001886,Female,1981-11-16,Selangor,Klang,RM3k-6k,Low,2018-07-20,2026-08-01,2026-08-14 00:26:12.005687
CUST001887,Female,1969-04-07,Johor,Muar,RM6k-10k,Low,2019-11-10,2026-08-01,2026-08-14 00:26:12.005687
CUST001888,Female,1984-03-25,Sarawak,Miri,>RM15k,Low,2018-03-13,2026-08-01,2026-08-14 00:26:12.005687
CUST001889,Male,2002-01-31,Selangor,Subang Jaya,<RM3k,Medium,2018-04-11,2026-08-01,2026-08-14 00:26:12.005687
CUST001890,Female,1973-09-30,Kuala Lumpur,Kuala Lumpur,RM10k-15k,Low,2019-11-28,2026-08-01,2026-08-14 00:26:12.005687
CUST001891,Female,1992-11-17,Selangor,Klang,<RM3k,Medium,2025-03-17,2026-08-01,2026-08-14 00:26:12.005687
CUST001892,Male,1992-12-01,Selangor,Subang Jaya,RM3k-6k,Low,2019-06-25,2026-08-01,2026-08-14 00:26:12.005687
CUST001893,Male,1996-09-08,Melaka,Melaka City,RM3k-6k,Low,2023-07-29,2026-08-01,2026-08-14 00:26:12.005687
CUST001894,Female,1990-06-14,Johor,Muar,RM3k-6k,Medium,2019-03-06,2026-08-01,2026-08-14 00:26:12.005687
CUST001895,Female,2000-02-24,Perak,Taiping,<RM3k,Low,2021-09-15,2026-08-01,2026-08-14 00:26:12.005687
CUST001896,Female,1989-12-31,Negeri Sembilan,Seremban,RM10k-15k,Low,2022-11-08,2026-08-01,2026-08-14 00:26:12.005687
CUST001897,Male,2002-10-30,Selangor,Petaling Jaya,RM10k-15k,Low,2022-06-27,2026-08-01,2026-08-14 00:26:12.005687
CUST001898,Female,1990-01-18,Sabah,Kota Kinabalu,>RM15k,Low,2024-05-24,2026-08-01,2026-08-14 00:26:12.005687
CUST001899,Female,1996-01-03,Kuala Lumpur,Kuala Lumpur,>RM15k,Low,2020-01-13,2026-08-01,2026-08-14 00:26:12.005687
CUST001900,Female,1998-08-16,Kuala Lumpur,Kuala Lumpur,RM3k-6k,Low,2023-12-10,2026-08-01,2026-08-14 00:26:12.005687
CUST001901,Male,2003-03-09,Kuala Lumpur,Kuala Lumpur,<RM3k,Low,2021-03-25,2026-08-01,2026-08-14 00:26:12.005687
CUST001902,Female,1984-03-04,Selangor,Subang Jaya,<RM3k,Low,2021-07-24,2026-08-01,2026-08-14 00:26:12.005687
CUST001903,Male,1989-10-19,Selangor,Subang Jaya,RM6k-10k,Low,2020-07-23,2026-08-01,2026-08-14 00:26:12.005687
CUST001904,Female,2002-05-20,Johor,Muar,RM10k-15k,Medium,2025-12-21,2026-08-01,2026-08-14 00:26:12.005687
CUST001905,Male,1973-08-18,Selangor,Petaling Jaya,RM3k-6k,Low,2024-08-05,2026-08-01,2026-08-14 00:26:12.005687
CUST001906,Female,1960-11-03,Kuala Lumpur,Kuala Lumpur,RM3k-6k,Medium,2021-09-14,2026-08-01,2026-08-14 00:26:12.005687
CUST001907,Female,1998-04-30,Perak,Taiping,RM3k-6k,Medium,2023-12-12,2026-08-01,2026-08-14 00:26:12.005687
CUST001908,Female,1985-12-18,Kuala Lumpur,Kuala Lumpur,>RM15k,Low,2025-04-28,2026-08-01,2026-08-14 00:26:12.005687
CUST001909,Male,1975-12-30,Sarawak,Miri,RM3k-6k,Low,2020-04-09,2026-08-01,2026-08-14 00:26:12.005687
CUST001910,Male,1990-02-16,Melaka,Melaka City,RM6k-10k,Low,2020-08-10,2026-08-01,2026-08-14 00:26:12.005687
CUST001911,Female,1956-08-07,Perak,Taiping,RM3k-6k,Low,2024-02-05,2026-08-01,2026-08-14 00:26:12.005687
CUST001912,Female,1978-05-20,Penang,George Town,RM3k-6k,Low,2020-04-09,2026-08-01,2026-08-14 00:26:12.005687
CUST001913,Male,1968-01-03,Perak,Taiping,RM3k-6k,Low,2018-10-02,2026-08-01,2026-08-14 00:26:12.005687
CUST001914,Male,1969-02-13,Perak,Taiping,RM10k-15k,High,2022-10-05,2026-08-01,2026-08-14 00:26:12.005687
CUST001915,Female,2002-06-29,Negeri Sembilan,Seremban,RM10k-15k,Medium,2019-08-15,2026-08-01,2026-08-14 00:26:12.005687
CUST001916,Female,1981-12-13,Negeri Sembilan,Seremban,RM3k-6k,Low,2022-09-10,2026-08-01,2026-08-14 00:26:12.005687
CUST001917,Male,1961-11-18,Johor,Batu Pahat,RM3k-6k,High,2018-11-07,2026-08-01,2026-08-14 00:26:12.005687
CUST001918,Male,1972-11-14,Penang,George Town,<RM3k,Low,2021-10-29,2026-08-01,2026-08-14 00:26:12.005687
CUST001920,Male,1999-07-18,Kuala Lumpur,Kuala Lumpur,<RM3k,Low,2022-03-25,2026-08-01,2026-08-14 00:26:12.005687
CUST001921,Male,1969-04-09,Johor,Batu Pahat,<RM3k,High,2019-10-23,2026-08-01,2026-08-14 00:26:12.005687
CUST001922,Female,1972-06-25,Perak,Taiping,RM6k-10k,Low,2020-01-05,2026-08-01,2026-08-14 00:26:12.005687
CUST001923,Female,1971-05-17,Perak,Taiping,RM10k-15k,Medium,2025-03-15,2026-08-01,2026-08-14 00:26:12.005687
CUST001924,Female,1963-08-11,Selangor,Klang,RM10k-15k,Medium,2025-11-08,2026-08-01,2026-08-14 00:26:12.005687
CUST001925,Female,1993-03-24,Selangor,Petaling Jaya,RM6k-10k,Low,2020-08-14,2026-08-01,2026-08-14 00:26:12.005687
CUST001926,Female,1983-03-30,Selangor,Petaling Jaya,>RM15k,Low,2023-03-01,2026-08-01,2026-08-14 00:26:12.005687
CUST001927,Female,1976-05-30,Penang,Butterworth,>RM15k,Low,2020-11-03,2026-08-01,2026-08-14 00:26:12.005687
CUST001928,Male,1974-05-27,Melaka,Melaka City,RM3k-6k,Medium,2019-05-13,2026-08-01,2026-08-14 00:26:12.005687
CUST001929,Female,1987-08-31,Melaka,Melaka City,<RM3k,Low,2018-10-19,2026-08-01,2026-08-14 00:26:12.005687
CUST001930,Female,1959-09-13,Selangor,Petaling Jaya,<RM3k,Low,2025-02-14,2026-08-01,2026-08-14 00:26:12.005687
CUST001931,Male,2000-08-26,Selangor,Shah Alam,>RM15k,Low,2018-07-12,2026-08-01,2026-08-14 00:26:12.005687
CUST001932,Male,1982-09-04,Sabah,Kota Kinabalu,<RM3k,Medium,2021-12-08,2026-08-01,2026-08-14 00:26:12.005687
CUST001933,Male,1966-02-26,Perak,Ipoh,RM3k-6k,Medium,2019-10-03,2026-08-01,2026-08-14 00:26:12.005687
CUST001934,Male,1981-05-09,Johor,Johor Bahru,RM6k-10k,Low,2024-01-31,2026-08-01,2026-08-14 00:26:12.005687
CUST001935,Male,1996-09-30,Selangor,Petaling Jaya,RM6k-10k,Low,2019-01-29,2026-08-01,2026-08-14 00:26:12.005687
CUST001936,Female,1963-06-27,Kuala Lumpur,Kuala Lumpur,RM6k-10k,Low,2022-08-12,2026-08-01,2026-08-14 00:26:12.005687
CUST001937,Female,1980-08-31,Sabah,Kota Kinabalu,RM10k-15k,Low,2020-10-03,2026-08-01,2026-08-14 00:26:12.005687
CUST001938,Male,1984-04-13,Penang,George Town,RM6k-10k,Low,2022-03-02,2026-08-01,2026-08-14 00:26:12.005687
CUST001939,Female,1994-09-09,Selangor,Klang,RM10k-15k,Medium,2019-06-28,2026-08-01,2026-08-14 00:26:12.005687
CUST001940,Female,1982-10-19,Melaka,Melaka City,<RM3k,Low,2018-12-08,2026-08-01,2026-08-14 00:26:12.005687
CUST001941,Female,1991-01-30,Perak,Taiping,RM10k-15k,Low,2019-06-05,2026-08-01,2026-08-14 00:26:12.005687
CUST001942,Female,1992-11-26,Melaka,Melaka City,RM6k-10k,Low,2022-08-11,2026-08-01,2026-08-14 00:26:12.005687
CUST001943,Female,1998-08-30,Johor,Muar,RM3k-6k,Low,2023-03-07,2026-08-01,2026-08-14 00:26:12.005687
CUST001944,Female,1972-09-18,Johor,Johor Bahru,>RM15k,Medium,2025-03-27,2026-08-01,2026-08-14 00:26:12.005687
CUST001945,Male,1989-06-27,Negeri Sembilan,Seremban,>RM15k,Medium,2025-07-14,2026-08-01,2026-08-14 00:26:12.005687
CUST001946,Male,1967-03-10,Negeri Sembilan,Seremban,RM10k-15k,Low,2024-01-08,2026-08-01,2026-08-14 00:26:12.005687
CUST001947,Female,1996-05-14,Negeri Sembilan,Seremban,>RM15k,Low,2018-02-06,2026-08-01,2026-08-14 00:26:12.005687
CUST001948,Male,2001-08-10,Sarawak,Miri,RM3k-6k,Medium,2023-08-18,2026-08-01,2026-08-14 00:26:12.005687
CUST001949,Female,1969-06-01,Johor,Batu Pahat,RM3k-6k,Medium,2023-08-23,2026-08-01,2026-08-14 00:26:12.005687
CUST001950,Male,1982-07-01,Selangor,Petaling Jaya,RM3k-6k,Medium,2023-08-25,2026-08-01,2026-08-14 00:26:12.005687
CUST001951,Male,1995-04-17,Selangor,Subang Jaya,RM10k-15k,Medium,2023-04-10,2026-08-01,2026-08-14 00:26:12.005687
CUST001952,Female,1956-04-30,Negeri Sembilan,Seremban,RM10k-15k,Medium,2023-07-02,2026-08-01,2026-08-14 00:26:12.005687
CUST001953,Male,1989-07-18,Selangor,Subang Jaya,>RM15k,Medium,2022-09-05,2026-08-01,2026-08-14 00:26:12.005687
CUST001954,Male,1995-03-19,Sabah,Kota Kinabalu,RM10k-15k,Medium,2022-12-15,2026-08-01,2026-08-14 00:26:12.005687
CUST001955,Male,1997-09-08,Melaka,Melaka City,RM6k-10k,Medium,2023-07-16,2026-08-01,2026-08-14 00:26:12.005687
CUST001956,Male,1964-08-22,Negeri Sembilan,Seremban,<RM3k,Medium,2018-05-07,2026-08-01,2026-08-14 00:26:12.005687
CUST001957,Male,1992-02-06,Negeri Sembilan,Seremban,<RM3k,Medium,2022-01-25,2026-08-01,2026-08-14 00:26:12.005687
CUST001958,Female,1993-07-06,Penang,George Town,RM3k-6k,Low,2019-01-09,2026-08-01,2026-08-14 00:26:12.005687
CUST001959,Male,1955-02-21,Johor,Batu Pahat,RM10k-15k,Low,2025-05-31,2026-08-01,2026-08-14 00:26:12.005687
CUST001960,Male,1989-07-20,Negeri Sembilan,Seremban,<RM3k,High,2025-12-01,2026-08-01,2026-08-14 00:26:12.005687
CUST001961,Male,1985-09-06,Selangor,Shah Alam,>RM15k,Low,2019-04-08,2026-08-01,2026-08-14 00:26:12.005687
CUST001962,Female,2002-06-20,Selangor,Klang,RM6k-10k,Low,2025-02-17,2026-08-01,2026-08-14 00:26:12.005687
CUST001963,Male,1957-02-08,Negeri Sembilan,Seremban,RM3k-6k,Low,2021-10-15,2026-08-01,2026-08-14 00:26:12.005687
CUST001964,Female,2002-04-24,Perak,Ipoh,RM10k-15k,Low,2023-05-18,2026-08-01,2026-08-14 00:26:12.005687
CUST001965,Male,1982-12-31,Johor,Muar,RM6k-10k,Low,2023-03-23,2026-08-01,2026-08-14 00:26:12.005687
CUST001966,Female,1968-06-11,Kuala Lumpur,Kuala Lumpur,RM10k-15k,Medium,2018-12-10,2026-08-01,2026-08-14 00:26:12.005687
CUST001967,Male,1973-12-26,Johor,Johor Bahru,RM3k-6k,Low,2025-04-08,2026-08-01,2026-08-14 00:26:12.005687
CUST001968,Male,1992-07-21,Negeri Sembilan,Seremban,RM3k-6k,Low,2023-02-15,2026-08-01,2026-08-14 00:26:12.005687
CUST001969,Female,2003-10-21,Penang,Bayan Lepas,<RM3k,Low,2021-11-24,2026-08-01,2026-08-14 00:26:12.005687
CUST001970,Male,1970-07-11,Selangor,Shah Alam,RM6k-10k,Low,2022-12-01,2026-08-01,2026-08-14 00:26:12.005687
CUST001971,Female,2003-03-14,Penang,Bayan Lepas,RM10k-15k,Low,2025-10-24,2026-08-01,2026-08-14 00:26:12.005687
CUST001972,Male,1985-10-30,Melaka,Melaka City,>RM15k,Low,2023-03-06,2026-08-01,2026-08-14 00:26:12.005687
CUST001973,Male,1964-05-29,Melaka,Melaka City,>RM15k,Medium,2023-04-02,2026-08-01,2026-08-14 00:26:12.005687
CUST001974,Female,1984-04-15,Selangor,Klang,<RM3k,Low,2025-01-04,2026-08-01,2026-08-14 00:26:12.005687
CUST001975,Female,1994-04-14,Penang,George Town,>RM15k,High,2023-08-05,2026-08-01,2026-08-14 00:26:12.005687
CUST001976,Female,1957-09-03,Selangor,Klang,<RM3k,Medium,2019-02-22,2026-08-01,2026-08-14 00:26:12.005687
CUST001977,Female,1958-11-13,Johor,Batu Pahat,<RM3k,Low,2024-07-17,2026-08-01,2026-08-14 00:26:12.005687
CUST001978,Male,1955-04-03,Selangor,Petaling Jaya,RM10k-15k,Low,2025-03-13,2026-08-01,2026-08-14 00:26:12.005687
CUST001979,Male,1982-12-12,Johor,Johor Bahru,>RM15k,Low,2023-11-14,2026-08-01,2026-08-14 00:26:12.005687
CUST001980,Female,1957-10-30,Penang,Bayan Lepas,>RM15k,Low,2019-03-22,2026-08-01,2026-08-14 00:26:12.005687
CUST001981,Male,2000-09-01,Selangor,Petaling Jaya,RM10k-15k,High,2022-03-07,2026-08-01,2026-08-14 00:26:12.005687
CUST001982,Female,1961-04-08,Selangor,Klang,RM3k-6k,Medium,2018-06-07,2026-08-01,2026-08-14 00:26:12.005687
CUST001983,Male,1958-07-05,Kuala Lumpur,Kuala Lumpur,<RM3k,Medium,2024-03-06,2026-08-01,2026-08-14 00:26:12.005687
CUST001984,Female,1967-08-16,Kuala Lumpur,Kuala Lumpur,<RM3k,Medium,2025-08-28,2026-08-01,2026-08-14 00:26:12.005687
CUST001985,Male,1992-05-23,Perak,Ipoh,RM6k-10k,High,2018-04-15,2026-08-01,2026-08-14 00:26:12.005687
CUST001986,Male,1999-06-09,Selangor,Subang Jaya,RM6k-10k,High,2018-11-15,2026-08-01,2026-08-14 00:26:12.005687
CUST001987,Female,1967-04-19,Kuala Lumpur,Kuala Lumpur,<RM3k,Low,2025-06-17,2026-08-01,2026-08-14 00:26:12.005687
CUST001988,Male,1980-05-30,Negeri Sembilan,Seremban,RM3k-6k,Low,2024-05-25,2026-08-01,2026-08-14 00:26:12.005687
CUST001989,Male,1992-11-29,Selangor,Petaling Jaya,RM6k-10k,Low,2024-08-01,2026-08-01,2026-08-14 00:26:12.005687
CUST001990,Female,1994-01-17,Melaka,Melaka City,RM6k-10k,Low,2019-09-02,2026-08-01,2026-08-14 00:26:12.005687
CUST001991,Female,1962-06-29,Penang,Bayan Lepas,RM3k-6k,Low,2023-02-06,2026-08-01,2026-08-14 00:26:12.005687
CUST001992,Male,1996-01-28,Perak,Taiping,RM3k-6k,Low,2024-08-17,2026-08-01,2026-08-14 00:26:12.005687
CUST001993,Female,1997-06-29,Penang,George Town,RM6k-10k,Medium,2018-07-20,2026-08-01,2026-08-14 00:26:12.005687
CUST001994,Female,1991-01-04,Selangor,Klang,RM6k-10k,Low,2020-04-08,2026-08-01,2026-08-14 00:26:12.005687
CUST001995,Female,1980-10-31,Sarawak,Kuching,RM3k-6k,Medium,2020-05-11,2026-08-01,2026-08-14 00:26:12.005687
CUST001996,Male,1974-03-06,Sarawak,Kuching,<RM3k,Low,2022-05-01,2026-08-01,2026-08-14 00:26:12.005687
CUST001997,Female,1998-07-30,Selangor,Petaling Jaya,>RM15k,Low,2020-01-11,2026-08-01,2026-08-14 00:26:12.005687
CUST001998,Female,1997-04-29,Sabah,Sandakan,RM10k-15k,Medium,2020-09-25,2026-08-01,2026-08-14 00:26:12.005687
CUST001999,Male,1980-05-23,Johor,Batu Pahat,RM3k-6k,Low,2020-01-21,2026-08-01,2026-08-14 00:26:12.005687
CUST002000,Male,1991-05-11,Melaka,Melaka City,RM6k-10k,Medium,2018-07-05,2026-08-01,2026-08-14 00:26:12.005687
CUST002001,Male,1974-08-05,Sarawak,Kuching,RM6k-10k,Medium,2023-05-18,2026-08-01,2026-08-14 00:26:12.005687
CUST002002,Female,1991-05-31,Kuala Lumpur,Kuala Lumpur,<RM3k,Low,2023-02-09,2026-08-01,2026-08-14 00:26:12.005687
CUST002003,Male,1959-05-18,Melaka,Melaka City,RM3k-6k,Low,2025-01-03,2026-08-01,2026-08-14 00:26:12.005687
CUST002004,Male,1999-03-05,Negeri Sembilan,Seremban,>RM15k,Low,2022-08-10,2026-08-01,2026-08-14 00:26:12.005687
CUST002005,Female,1980-04-05,Sabah,Sandakan,RM6k-10k,Low,2023-06-15,2026-08-01,2026-08-14 00:26:12.005687
CUST002006,Male,1984-05-01,Kuala Lumpur,Kuala Lumpur,RM3k-6k,High,2020-11-15,2026-08-01,2026-08-14 00:26:12.005687
CUST002007,Female,1964-04-12,Sarawak,Miri,RM10k-15k,Medium,2021-02-09,2026-08-01,2026-08-14 00:26:12.005687
CUST002008,Female,1980-11-24,Penang,Bayan Lepas,RM3k-6k,Low,2021-04-19,2026-08-01,2026-08-14 00:26:12.005687
CUST002009,Female,1955-02-26,Selangor,Shah Alam,RM6k-10k,Medium,2025-10-02,2026-08-01,2026-08-14 00:26:12.005687
CUST002010,Male,1998-08-13,Melaka,Melaka City,RM3k-6k,High,2021-10-12,2026-08-01,2026-08-14 00:26:12.005687
CUST002011,Female,1991-09-10,Penang,Butterworth,<RM3k,Low,2024-11-24,2026-08-01,2026-08-14 00:26:12.005687
CUST002012,Female,1977-04-08,Sarawak,Miri,<RM3k,Low,2020-07-25,2026-08-01,2026-08-14 00:26:12.005687
CUST002013,Female,1995-12-15,Perak,Ipoh,>RM15k,Medium,2023-06-26,2026-08-01,2026-08-14 00:26:12.005687
CUST002014,Female,1994-10-06,Selangor,Shah Alam,RM6k-10k,Medium,2020-03-11,2026-08-01,2026-08-14 00:26:12.005687
CUST002015,Female,1960-11-01,Negeri Sembilan,Seremban,RM10k-15k,Low,2021-03-06,2026-08-01,2026-08-14 00:26:12.005687
CUST002016,Male,1957-08-21,Penang,Bayan Lepas,<RM3k,Low,2024-11-13,2026-08-01,2026-08-14 00:26:12.005687
CUST002017,Female,1967-06-04,Johor,Batu Pahat,RM10k-15k,Low,2023-06-21,2026-08-01,2026-08-14 00:26:12.005687
CUST002018,Female,1955-01-24,Selangor,Petaling Jaya,RM6k-10k,Medium,2021-11-21,2026-08-01,2026-08-14 00:26:12.005687
CUST002019,Male,1983-01-30,Kuala Lumpur,Kuala Lumpur,RM6k-10k,Medium,2021-04-06,2026-08-01,2026-08-14 00:26:12.005687
CUST002020,Female,1980-11-19,Perak,Taiping,RM3k-6k,Low,2024-05-24,2026-08-01,2026-08-14 00:26:12.005687
CUST002021,Male,1981-05-11,Johor,Muar,RM6k-10k,Medium,2019-03-30,2026-08-01,2026-08-14 00:26:12.005687
CUST002022,Female,1958-08-10,Negeri Sembilan,Seremban,<RM3k,Low,2024-10-15,2026-08-01,2026-08-14 00:26:12.005687
CUST002023,Female,1999-12-28,Negeri Sembilan,Seremban,<RM3k,Medium,2022-12-13,2026-08-01,2026-08-14 00:26:12.005687
CUST002024,Female,2002-11-06,Sabah,Sandakan,RM10k-15k,Medium,2020-08-18,2026-08-01,2026-08-14 00:26:12.005687
CUST002025,Female,1983-12-08,Selangor,Petaling Jaya,<RM3k,Low,2023-08-02,2026-08-01,2026-08-14 00:26:12.005687
CUST002026,Female,1955-04-09,Perak,Ipoh,<RM3k,Low,2025-12-04,2026-08-01,2026-08-14 00:26:12.005687
CUST002027,Male,1974-05-27,Kuala Lumpur,Kuala Lumpur,>RM15k,Low,2020-10-17,2026-08-01,2026-08-14 00:26:12.005687
CUST002028,Female,1990-03-10,Sarawak,Miri,RM3k-6k,Medium,2021-02-22,2026-08-01,2026-08-14 00:26:12.005687
CUST002029,Male,1991-09-08,Johor,Johor Bahru,RM6k-10k,Medium,2025-06-07,2026-08-01,2026-08-14 00:26:12.005687
CUST002030,Male,1966-12-04,Negeri Sembilan,Seremban,RM10k-15k,Low,2020-10-02,2026-08-01,2026-08-14 00:26:12.005687
CUST002031,Female,1995-04-24,Selangor,Subang Jaya,RM10k-15k,High,2024-10-31,2026-08-01,2026-08-14 00:26:12.005687
CUST002032,Male,2002-05-29,Selangor,Klang,<RM3k,Medium,2025-03-13,2026-08-01,2026-08-14 00:26:12.005687
CUST002033,Female,1979-12-04,Negeri Sembilan,Seremban,RM6k-10k,Low,2022-08-30,2026-08-01,2026-08-14 00:26:12.005687
CUST002034,Female,1973-09-11,Johor,Muar,RM6k-10k,Low,2018-08-28,2026-08-01,2026-08-14 00:26:12.005687
CUST002035,Female,1980-10-11,Sarawak,Kuching,RM3k-6k,Medium,2018-06-25,2026-08-01,2026-08-14 00:26:12.005687
CUST002036,Male,1956-05-03,Melaka,Melaka City,RM10k-15k,Low,2020-03-31,2026-08-01,2026-08-14 00:26:12.005687
CUST002037,Male,1980-08-24,Johor,Muar,>RM15k,High,2018-02-20,2026-08-01,2026-08-14 00:26:12.005687
CUST002038,Female,1956-04-27,Johor,Muar,<RM3k,Medium,2024-02-06,2026-08-01,2026-08-14 00:26:12.005687
CUST002039,Male,1956-09-14,Penang,George Town,<RM3k,Low,2023-02-13,2026-08-01,2026-08-14 00:26:12.005687
CUST002040,Male,1982-02-11,Sarawak,Miri,RM10k-15k,Low,2021-08-21,2026-08-01,2026-08-14 00:26:12.005687
CUST002041,Female,1980-01-11,Negeri Sembilan,Seremban,RM3k-6k,Low,2024-07-05,2026-08-01,2026-08-14 00:26:12.005687
CUST002042,Male,2003-05-07,Selangor,Shah Alam,RM10k-15k,Low,2019-01-25,2026-08-01,2026-08-14 00:26:12.005687
CUST002043,Male,1979-11-16,Sabah,Kota Kinabalu,<RM3k,Low,2022-01-01,2026-08-01,2026-08-14 00:26:12.005687
CUST002044,Male,2003-01-03,Selangor,Shah Alam,<RM3k,Medium,2020-09-15,2026-08-01,2026-08-14 00:26:12.005687
CUST002045,Male,1994-07-19,Penang,Butterworth,RM6k-10k,Medium,2018-03-10,2026-08-01,2026-08-14 00:26:12.005687
CUST002046,Female,1971-07-11,Sarawak,Kuching,>RM15k,High,2021-10-29,2026-08-01,2026-08-14 00:26:12.005687
CUST002047,Female,2000-05-18,Melaka,Melaka City,<RM3k,Low,2019-02-28,2026-08-01,2026-08-14 00:26:12.005687
CUST002048,Male,1978-08-26,Johor,Johor Bahru,RM10k-15k,Low,2018-05-14,2026-08-01,2026-08-14 00:26:12.005687
CUST002049,Female,1984-02-25,Selangor,Subang Jaya,RM3k-6k,Medium,2019-09-10,2026-08-01,2026-08-14 00:26:12.005687
CUST002050,Female,1959-12-03,Selangor,Klang,<RM3k,Low,2019-07-23,2026-08-01,2026-08-14 00:26:12.005687
CUST002051,Male,1965-06-01,Kuala Lumpur,Kuala Lumpur,RM6k-10k,Low,2023-01-08,2026-08-01,2026-08-14 00:26:12.005687
CUST002052,Female,1980-08-01,Selangor,Petaling Jaya,RM3k-6k,High,2024-05-05,2026-08-01,2026-08-14 00:26:12.005687
CUST002053,Female,1968-04-16,Melaka,Melaka City,RM6k-10k,Medium,2021-11-20,2026-08-01,2026-08-14 00:26:12.005687
CUST002054,Male,1984-05-20,Selangor,Shah Alam,RM3k-6k,Medium,2023-02-16,2026-08-01,2026-08-14 00:26:12.005687
CUST002055,Female,1958-12-01,Selangor,Klang,RM6k-10k,Low,2018-10-26,2026-08-01,2026-08-14 00:26:12.005687
CUST002056,Female,1967-04-20,Sabah,Kota Kinabalu,RM3k-6k,Medium,2024-04-16,2026-08-01,2026-08-14 00:26:12.005687
CUST002057,Male,1987-08-04,Selangor,Klang,RM10k-15k,Low,2022-01-05,2026-08-01,2026-08-14 00:26:12.005687
CUST002058,Female,1984-12-28,Selangor,Petaling Jaya,>RM15k,Low,2021-06-05,2026-08-01,2026-08-14 00:26:12.005687
CUST002059,Female,2003-03-13,Negeri Sembilan,Seremban,RM3k-6k,Low,2024-12-14,2026-08-01,2026-08-14 00:26:12.005687
CUST002060,Female,1999-01-30,Kuala Lumpur,Kuala Lumpur,RM3k-6k,Medium,2020-07-05,2026-08-01,2026-08-14 00:26:12.005687
CUST002061,Male,1994-09-19,Selangor,Shah Alam,>RM15k,Low,2021-07-06,2026-08-01,2026-08-14 00:26:12.005687
CUST002062,Female,1955-01-18,Penang,Butterworth,<RM3k,Medium,2025-05-28,2026-08-01,2026-08-14 00:26:12.005687
CUST002063,Male,1984-07-08,Selangor,Klang,RM10k-15k,Medium,2019-03-14,2026-08-01,2026-08-14 00:26:12.005687
CUST002064,Female,1966-03-20,Selangor,Subang Jaya,RM6k-10k,Medium,2022-03-05,2026-08-01,2026-08-14 00:26:12.005687
CUST002065,Female,1968-01-29,Selangor,Shah Alam,RM10k-15k,Low,2022-08-16,2026-08-01,2026-08-14 00:26:12.005687
CUST002066,Male,1965-04-14,Selangor,Klang,RM3k-6k,Medium,2023-08-08,2026-08-01,2026-08-14 00:26:12.005687
CUST002067,Male,1977-05-03,Melaka,Melaka City,RM3k-6k,Low,2025-06-07,2026-08-01,2026-08-14 00:26:12.005687
CUST002068,Male,1961-01-26,Johor,Johor Bahru,RM3k-6k,Low,2020-10-01,2026-08-01,2026-08-14 00:26:12.005687
CUST002069,Female,1981-01-20,Selangor,Petaling Jaya,<RM3k,Low,2018-12-05,2026-08-01,2026-08-14 00:26:12.005687
CUST002070,Male,1963-02-20,Selangor,Shah Alam,<RM3k,Medium,2021-03-11,2026-08-01,2026-08-14 00:26:12.005687
CUST002071,Male,1979-07-10,Negeri Sembilan,Seremban,>RM15k,Medium,2019-04-02,2026-08-01,2026-08-14 00:26:12.005687
CUST002072,Female,1985-09-01,Kuala Lumpur,Kuala Lumpur,RM3k-6k,High,2023-10-28,2026-08-01,2026-08-14 00:26:12.005687
CUST002073,Female,1963-10-21,Melaka,Melaka City,<RM3k,Low,2022-07-14,2026-08-01,2026-08-14 00:26:12.005687
CUST002074,Male,1960-01-12,Selangor,Shah Alam,RM3k-6k,Low,2024-01-22,2026-08-01,2026-08-14 00:26:12.005687
CUST002075,Female,1994-07-03,Negeri Sembilan,Seremban,RM3k-6k,Low,2020-09-20,2026-08-01,2026-08-14 00:26:12.005687
CUST002076,Male,1991-03-09,Selangor,Shah Alam,RM6k-10k,High,2025-08-20,2026-08-01,2026-08-14 00:26:12.005687
CUST002077,Male,1967-10-24,Kuala Lumpur,Kuala Lumpur,<RM3k,Medium,2025-02-28,2026-08-01,2026-08-14 00:26:12.005687
CUST002078,Female,1998-06-18,Johor,Johor Bahru,RM10k-15k,High,2025-04-28,2026-08-01,2026-08-14 00:26:12.005687
CUST002079,Female,1965-11-01,Selangor,Subang Jaya,RM10k-15k,Low,2023-09-13,2026-08-01,2026-08-14 00:26:12.005687
CUST002080,Female,2000-05-26,Sabah,Sandakan,RM3k-6k,Low,2019-07-01,2026-08-01,2026-08-14 00:26:12.005687
CUST002081,Female,1960-07-20,Perak,Ipoh,RM10k-15k,Medium,2019-03-06,2026-08-01,2026-08-14 00:26:12.005687
CUST002082,Female,1987-05-07,Perak,Ipoh,RM3k-6k,Low,2025-08-27,2026-08-01,2026-08-14 00:26:12.005687
CUST002083,Male,1955-12-10,Selangor,Klang,RM3k-6k,Low,2024-12-18,2026-08-01,2026-08-14 00:26:12.005687
CUST002084,Female,1964-09-02,Perak,Taiping,>RM15k,Low,2025-01-16,2026-08-01,2026-08-14 00:26:12.005687
CUST002085,Male,1974-10-30,Selangor,Klang,>RM15k,Low,2023-02-20,2026-08-01,2026-08-14 00:26:12.005687
CUST002086,Female,1959-03-07,Negeri Sembilan,Seremban,RM3k-6k,Low,2024-11-07,2026-08-01,2026-08-14 00:26:12.005687
CUST002087,Female,1977-05-23,Sabah,Sandakan,RM6k-10k,High,2021-12-12,2026-08-01,2026-08-14 00:26:12.005687
CUST002088,Female,1966-05-15,Penang,Bayan Lepas,RM3k-6k,Medium,2019-04-19,2026-08-01,2026-08-14 00:26:12.005687
CUST002089,Male,1959-11-06,Sarawak,Kuching,RM6k-10k,Medium,2020-01-20,2026-08-01,2026-08-14 00:26:12.005687
CUST002090,Female,2002-02-18,Penang,Butterworth,RM6k-10k,Low,2024-10-23,2026-08-01,2026-08-14 00:26:12.005687
CUST002091,Female,2003-02-08,Penang,Butterworth,<RM3k,Medium,2023-03-13,2026-08-01,2026-08-14 00:26:12.005687
CUST002092,Male,2002-02-25,Selangor,Petaling Jaya,>RM15k,Low,2025-12-23,2026-08-01,2026-08-14 00:26:12.005687
CUST002093,Male,1962-07-20,Perak,Taiping,RM6k-10k,Low,2025-03-09,2026-08-01,2026-08-14 00:26:12.005687
CUST002094,Female,1973-09-17,Selangor,Shah Alam,<RM3k,Low,2024-01-28,2026-08-01,2026-08-14 00:26:12.005687
CUST002095,Male,1971-01-16,Kuala Lumpur,Kuala Lumpur,RM10k-15k,Low,2018-04-23,2026-08-01,2026-08-14 00:26:12.005687
CUST002096,Female,1970-12-18,Sarawak,Miri,RM10k-15k,Medium,2019-06-25,2026-08-01,2026-08-14 00:26:12.005687
CUST002097,Female,1975-05-31,Kuala Lumpur,Kuala Lumpur,RM3k-6k,Medium,2020-12-31,2026-08-01,2026-08-14 00:26:12.005687
CUST002098,Male,1979-12-28,Perak,Ipoh,RM6k-10k,Low,2018-04-15,2026-08-01,2026-08-14 00:26:12.005687
CUST002099,Female,1978-10-09,Kuala Lumpur,Kuala Lumpur,RM10k-15k,Medium,2025-06-26,2026-08-01,2026-08-14 00:26:12.005687
CUST002100,Female,1969-04-17,Johor,Johor Bahru,>RM15k,Low,2019-10-29,2026-08-01,2026-08-14 00:26:12.005687
CUST002101,Male,2003-01-03,Sarawak,Miri,RM3k-6k,Low,2021-01-23,2026-08-01,2026-08-14 00:26:12.005687
CUST002102,Female,2003-01-01,Kuala Lumpur,Kuala Lumpur,RM6k-10k,Medium,2023-05-25,2026-08-01,2026-08-14 00:26:12.005687
CUST002103,Male,1971-03-25,Perak,Taiping,RM10k-15k,Medium,2018-04-15,2026-08-01,2026-08-14 00:26:12.005687
CUST002104,Male,1965-11-02,Penang,Butterworth,>RM15k,Medium,2023-02-02,2026-08-01,2026-08-14 00:26:12.005687
CUST002105,Male,1981-02-06,Sarawak,Miri,<RM3k,Low,2018-10-24,2026-08-01,2026-08-14 00:26:12.005687
CUST002106,Male,1973-02-01,Kuala Lumpur,Kuala Lumpur,RM6k-10k,Low,2025-03-21,2026-08-01,2026-08-14 00:26:12.005687
CUST002107,Male,2003-05-14,Sabah,Kota Kinabalu,RM10k-15k,Low,2023-07-11,2026-08-01,2026-08-14 00:26:12.005687
CUST002108,Male,1976-01-15,Johor,Batu Pahat,<RM3k,Low,2020-09-07,2026-08-01,2026-08-14 00:26:12.005687
CUST002109,Female,1956-12-12,Johor,Batu Pahat,RM3k-6k,Low,2023-08-08,2026-08-01,2026-08-14 00:26:12.005687
CUST002110,Female,1961-02-16,Selangor,Petaling Jaya,RM6k-10k,Low,2020-07-06,2026-08-01,2026-08-14 00:26:12.005687
CUST002111,Male,1958-08-27,Selangor,Subang Jaya,RM6k-10k,Low,2018-12-03,2026-08-01,2026-08-14 00:26:12.005687
CUST002112,Male,1973-10-04,Johor,Johor Bahru,RM10k-15k,Low,2018-01-29,2026-08-01,2026-08-14 00:26:12.005687
CUST002113,Female,1970-07-05,Kuala Lumpur,Kuala Lumpur,<RM3k,Medium,2019-10-03,2026-08-01,2026-08-14 00:26:12.005687
CUST002114,Male,1996-12-23,Johor,Johor Bahru,RM10k-15k,Low,2023-08-30,2026-08-01,2026-08-14 00:26:12.005687
CUST002115,Female,1998-08-20,Perak,Taiping,RM3k-6k,Low,2022-07-06,2026-08-01,2026-08-14 00:26:12.005687
CUST002116,Male,1961-11-16,Johor,Muar,RM10k-15k,High,2023-06-29,2026-08-01,2026-08-14 00:26:12.005687
CUST002117,Female,2001-04-13,Kuala Lumpur,Kuala Lumpur,RM3k-6k,Medium,2021-02-08,2026-08-01,2026-08-14 00:26:12.005687
CUST002118,Female,1983-08-13,Selangor,Petaling Jaya,<RM3k,Low,2019-04-03,2026-08-01,2026-08-14 00:26:12.005687
CUST002119,Female,1970-01-12,Johor,Johor Bahru,>RM15k,Low,2023-06-07,2026-08-01,2026-08-14 00:26:12.005687
CUST002120,Female,1974-12-04,Perak,Ipoh,RM10k-15k,Low,2021-08-26,2026-08-01,2026-08-14 00:26:12.005687
CUST002121,Female,1976-08-16,Melaka,Melaka City,RM3k-6k,High,2023-04-25,2026-08-01,2026-08-14 00:26:12.005687
CUST002122,Female,1963-05-10,Penang,Butterworth,RM3k-6k,Low,2022-06-30,2026-08-01,2026-08-14 00:26:12.005687
CUST002123,Female,1997-07-02,Perak,Ipoh,RM6k-10k,Low,2018-10-23,2026-08-01,2026-08-14 00:26:12.005687
CUST002124,Female,1955-08-09,Kuala Lumpur,Kuala Lumpur,>RM15k,Medium,2018-05-26,2026-08-01,2026-08-14 00:26:12.005687
CUST002125,Female,1958-06-01,Negeri Sembilan,Seremban,RM3k-6k,Medium,2018-10-22,2026-08-01,2026-08-14 00:26:12.005687
CUST002126,Female,1968-05-23,Selangor,Petaling Jaya,>RM15k,Low,2019-10-16,2026-08-01,2026-08-14 00:26:12.005687
CUST002127,Female,1962-01-13,Selangor,Shah Alam,RM3k-6k,Low,2019-10-17,2026-08-01,2026-08-14 00:26:12.005687
CUST002128,Female,1958-01-11,Selangor,Klang,RM6k-10k,Low,2025-05-08,2026-08-01,2026-08-14 00:26:12.005687
CUST002129,Female,1973-10-14,Kuala Lumpur,Kuala Lumpur,RM3k-6k,Low,2024-04-06,2026-08-01,2026-08-14 00:26:12.005687
CUST002130,Female,1973-06-17,Sabah,Kota Kinabalu,<RM3k,Low,2025-01-14,2026-08-01,2026-08-14 00:26:12.005687
CUST002131,Female,1961-02-25,Selangor,Petaling Jaya,>RM15k,Medium,2021-10-17,2026-08-01,2026-08-14 00:26:12.005687
CUST002132,Male,1994-09-12,Selangor,Shah Alam,<RM3k,Medium,2020-07-30,2026-08-01,2026-08-14 00:26:12.005687
CUST002133,Male,1998-03-30,Selangor,Petaling Jaya,>RM15k,Medium,2021-03-22,2026-08-01,2026-08-14 00:26:12.005687
CUST002134,Male,1990-04-06,Negeri Sembilan,Seremban,<RM3k,Medium,2024-12-10,2026-08-01,2026-08-14 00:26:12.005687
CUST002135,Male,1980-08-01,Sabah,Kota Kinabalu,RM3k-6k,Low,2020-11-04,2026-08-01,2026-08-14 00:26:12.005687
CUST002136,Male,2001-06-02,Melaka,Melaka City,>RM15k,Low,2023-01-22,2026-08-01,2026-08-14 00:26:12.005687
CUST002137,Female,1972-03-04,Sarawak,Miri,RM6k-10k,Medium,2019-02-27,2026-08-01,2026-08-14 00:26:12.005687
CUST002138,Male,1975-12-03,Melaka,Melaka City,RM3k-6k,Low,2025-11-07,2026-08-01,2026-08-14 00:26:12.005687
CUST002139,Male,1955-09-27,Johor,Batu Pahat,RM6k-10k,Low,2023-02-18,2026-08-01,2026-08-14 00:26:12.005687
CUST002140,Male,1989-09-05,Kuala Lumpur,Kuala Lumpur,RM3k-6k,Low,2025-09-23,2026-08-01,2026-08-14 00:26:12.005687
CUST002141,Male,1959-07-14,Selangor,Petaling Jaya,RM10k-15k,Medium,2020-05-10,2026-08-01,2026-08-14 00:26:12.005687
CUST002142,Female,1987-08-07,Selangor,Klang,<RM3k,Medium,2022-12-08,2026-08-01,2026-08-14 00:26:12.005687
CUST002143,Male,1993-05-03,Perak,Taiping,RM6k-10k,Low,2020-03-11,2026-08-01,2026-08-14 00:26:12.005687
CUST002144,Male,1965-08-20,Kuala Lumpur,Kuala Lumpur,<RM3k,Low,2021-09-28,2026-08-01,2026-08-14 00:26:12.005687
CUST002145,Female,1984-12-26,Kuala Lumpur,Kuala Lumpur,RM6k-10k,Medium,2020-08-01,2026-08-01,2026-08-14 00:26:12.005687
CUST002146,Male,1969-11-15,Perak,Ipoh,>RM15k,Low,2019-02-20,2026-08-01,2026-08-14 00:26:12.005687
CUST002147,Female,1974-07-08,Kuala Lumpur,Kuala Lumpur,RM10k-15k,Low,2021-07-15,2026-08-01,2026-08-14 00:26:12.005687
CUST002148,Male,1980-12-16,Kuala Lumpur,Kuala Lumpur,RM3k-6k,Medium,2022-03-30,2026-08-01,2026-08-14 00:26:12.005687
CUST002149,Male,1967-03-23,Kuala Lumpur,Kuala Lumpur,RM3k-6k,Medium,2019-04-04,2026-08-01,2026-08-14 00:26:12.005687
CUST002150,Female,1994-01-12,Perak,Taiping,<RM3k,Low,2021-03-09,2026-08-01,2026-08-14 00:26:12.005687
CUST002151,Male,1974-05-03,Kuala Lumpur,Kuala Lumpur,RM10k-15k,Low,2018-10-01,2026-08-01,2026-08-14 00:26:12.005687
CUST002152,Female,1977-08-17,Kuala Lumpur,Kuala Lumpur,<RM3k,High,2023-03-01,2026-08-01,2026-08-14 00:26:12.005687
CUST002153,Male,1994-12-01,Selangor,Klang,RM6k-10k,Low,2020-07-02,2026-08-01,2026-08-14 00:26:12.005687
CUST002154,Male,1966-02-27,Sabah,Sandakan,RM3k-6k,Medium,2018-09-19,2026-08-01,2026-08-14 00:26:12.005687
CUST002155,Male,1977-02-27,Selangor,Petaling Jaya,>RM15k,Medium,2022-02-08,2026-08-01,2026-08-14 00:26:12.005687
CUST002156,Male,2003-09-05,Kuala Lumpur,Kuala Lumpur,RM6k-10k,Medium,2024-09-04,2026-08-01,2026-08-14 00:26:12.005687
CUST002157,Female,1974-08-02,Melaka,Melaka City,RM6k-10k,Low,2025-12-05,2026-08-01,2026-08-14 00:26:12.005687
CUST002158,Female,1960-08-30,Melaka,Melaka City,>RM15k,Low,2025-09-25,2026-08-01,2026-08-14 00:26:12.005687
CUST002159,Female,1968-12-08,Selangor,Klang,>RM15k,Low,2019-05-23,2026-08-01,2026-08-14 00:26:12.005687
CUST002160,Female,2001-11-01,Selangor,Petaling Jaya,RM6k-10k,Low,2019-09-04,2026-08-01,2026-08-14 00:26:12.005687
CUST002161,Female,1992-03-12,Selangor,Petaling Jaya,RM10k-15k,Low,2025-02-21,2026-08-01,2026-08-14 00:26:12.005687
CUST002162,Female,1994-08-22,Perak,Taiping,RM6k-10k,Low,2023-01-23,2026-08-01,2026-08-14 00:26:12.005687
CUST002163,Female,1967-06-04,Selangor,Petaling Jaya,RM3k-6k,Low,2022-05-06,2026-08-01,2026-08-14 00:26:12.005687
CUST002164,Female,1996-02-07,Negeri Sembilan,Seremban,<RM3k,Medium,2024-05-31,2026-08-01,2026-08-14 00:26:12.005687
CUST002165,Male,1974-04-10,Sarawak,Kuching,RM6k-10k,Low,2018-07-08,2026-08-01,2026-08-14 00:26:12.005687
CUST002166,Female,1993-12-12,Penang,Butterworth,RM6k-10k,Low,2022-06-08,2026-08-01,2026-08-14 00:26:12.005687
CUST002167,Male,1998-02-28,Kuala Lumpur,Kuala Lumpur,<RM3k,Low,2022-07-31,2026-08-01,2026-08-14 00:26:12.005687
CUST002168,Female,1965-03-14,Melaka,Melaka City,RM3k-6k,Medium,2025-06-25,2026-08-01,2026-08-14 00:26:12.005687
CUST002169,Female,2000-12-25,Perak,Ipoh,RM10k-15k,Low,2021-09-27,2026-08-01,2026-08-14 00:26:12.005687
CUST002170,Male,1985-12-29,Sabah,Sandakan,<RM3k,Medium,2022-02-04,2026-08-01,2026-08-14 00:26:12.005687
CUST002171,Female,1990-10-23,Kuala Lumpur,Kuala Lumpur,RM6k-10k,Low,2024-05-27,2026-08-01,2026-08-14 00:26:12.005687
CUST002172,Female,1992-01-29,Perak,Taiping,RM6k-10k,Medium,2020-03-01,2026-08-01,2026-08-14 00:26:12.005687
CUST002173,Male,1963-04-03,Sarawak,Kuching,RM3k-6k,Medium,2018-07-24,2026-08-01,2026-08-14 00:26:12.005687
CUST002174,Female,1991-07-15,Negeri Sembilan,Seremban,RM3k-6k,Low,2021-10-09,2026-08-01,2026-08-14 00:26:12.005687
CUST002175,Female,1965-06-07,Penang,Butterworth,RM3k-6k,Medium,2022-11-19,2026-08-01,2026-08-14 00:26:12.005687
CUST002176,Male,1968-04-21,Johor,Johor Bahru,RM3k-6k,High,2021-11-26,2026-08-01,2026-08-14 00:26:12.005687
CUST002177,Female,1960-09-16,Johor,Batu Pahat,RM6k-10k,Low,2023-08-26,2026-08-01,2026-08-14 00:26:12.005687
CUST002178,Male,1963-11-16,Perak,Taiping,RM10k-15k,Low,2020-01-12,2026-08-01,2026-08-14 00:26:12.005687
CUST002179,Female,2002-12-18,Melaka,Melaka City,RM10k-15k,High,2018-02-11,2026-08-01,2026-08-14 00:26:12.005687
CUST002180,Male,1971-01-29,Penang,Butterworth,<RM3k,Medium,2024-04-17,2026-08-01,2026-08-14 00:26:12.005687
CUST002181,Male,1973-12-17,Selangor,Petaling Jaya,RM6k-10k,Medium,2024-10-21,2026-08-01,2026-08-14 00:26:12.005687
CUST002182,Male,1978-07-06,Kuala Lumpur,Kuala Lumpur,RM3k-6k,Low,2022-12-10,2026-08-01,2026-08-14 00:26:12.005687
CUST002183,Male,1989-12-06,Penang,Bayan Lepas,RM10k-15k,Low,2020-07-06,2026-08-01,2026-08-14 00:26:12.005687
CUST002184,Female,1983-02-11,Sarawak,Miri,<RM3k,Medium,2020-12-17,2026-08-01,2026-08-14 00:26:12.005687
CUST002185,Male,1981-04-08,Kuala Lumpur,Kuala Lumpur,RM6k-10k,Medium,2021-11-02,2026-08-01,2026-08-14 00:26:12.005687
CUST002186,Female,1996-01-04,Selangor,Shah Alam,RM6k-10k,Low,2021-05-16,2026-08-01,2026-08-14 00:26:12.005687
CUST002187,Male,1979-04-20,Negeri Sembilan,Seremban,RM3k-6k,Low,2019-10-16,2026-08-01,2026-08-14 00:26:12.005687
CUST002188,Male,1992-09-05,Johor,Muar,>RM15k,Medium,2020-12-21,2026-08-01,2026-08-14 00:26:12.005687
CUST002189,Female,1999-08-19,Selangor,Petaling Jaya,<RM3k,Medium,2020-05-20,2026-08-01,2026-08-14 00:26:12.005687
CUST002190,Male,1988-02-17,Selangor,Klang,<RM3k,High,2021-08-01,2026-08-01,2026-08-14 00:26:12.005687
CUST002191,Female,1956-09-24,Selangor,Petaling Jaya,RM6k-10k,Low,2021-01-01,2026-08-01,2026-08-14 00:26:12.005687
CUST002192,Male,1967-11-29,Kuala Lumpur,Kuala Lumpur,RM6k-10k,Low,2022-03-23,2026-08-01,2026-08-14 00:26:12.005687
CUST002193,Male,1985-04-08,Perak,Taiping,RM3k-6k,Low,2024-06-14,2026-08-01,2026-08-14 00:26:12.005687
CUST002194,Female,1978-06-19,Penang,George Town,RM3k-6k,Low,2020-08-24,2026-08-01,2026-08-14 00:26:12.005687
CUST002195,Male,1968-12-14,Penang,George Town,<RM3k,Low,2018-06-18,2026-08-01,2026-08-14 00:26:12.005687
CUST002196,Male,1971-06-08,Penang,George Town,RM10k-15k,Low,2024-07-17,2026-08-01,2026-08-14 00:26:12.005687
CUST002197,Female,1958-11-03,Kuala Lumpur,Kuala Lumpur,RM6k-10k,Low,2019-06-29,2026-08-01,2026-08-14 00:26:12.005687
CUST002198,Male,1966-07-06,Kuala Lumpur,Kuala Lumpur,RM3k-6k,Low,2025-06-04,2026-08-01,2026-08-14 00:26:12.005687
CUST002199,Female,1993-05-09,Kuala Lumpur,Kuala Lumpur,RM3k-6k,Medium,2022-03-25,2026-08-01,2026-08-14 00:26:12.005687
CUST002200,Male,1955-07-03,Kuala Lumpur,Kuala Lumpur,>RM15k,Low,2022-03-08,2026-08-01,2026-08-14 00:26:12.005687
CUST002201,Female,1996-01-01,Sabah,Sandakan,RM10k-15k,Low,2021-04-09,2026-08-01,2026-08-14 00:26:12.005687
CUST002202,Male,1971-08-20,Kuala Lumpur,Kuala Lumpur,<RM3k,Medium,2023-09-09,2026-08-01,2026-08-14 00:26:12.005687
CUST002203,Male,1994-08-01,Perak,Taiping,RM6k-10k,Low,2023-03-23,2026-08-01,2026-08-14 00:26:12.005687
CUST002204,Female,1967-07-20,Kuala Lumpur,Kuala Lumpur,<RM3k,Low,2025-06-11,2026-08-01,2026-08-14 00:26:12.005687
CUST002205,Female,1995-08-10,Kuala Lumpur,Kuala Lumpur,RM3k-6k,Medium,2018-02-18,2026-08-01,2026-08-14 00:26:12.005687
CUST002206,Male,1983-01-08,Kuala Lumpur,Kuala Lumpur,RM10k-15k,Medium,2019-07-15,2026-08-01,2026-08-14 00:26:12.005687
CUST002207,Male,1996-09-19,Johor,Muar,>RM15k,Low,2020-03-22,2026-08-01,2026-08-14 00:26:12.005687
CUST002208,Female,1958-01-19,Penang,Butterworth,<RM3k,Medium,2019-07-09,2026-08-01,2026-08-14 00:26:12.005687
CUST002209,Female,1994-01-26,Sarawak,Miri,RM10k-15k,High,2025-08-02,2026-08-01,2026-08-14 00:26:12.005687
CUST002210,Female,1968-04-03,Kuala Lumpur,Kuala Lumpur,RM6k-10k,Medium,2018-08-01,2026-08-01,2026-08-14 00:26:12.005687
CUST002211,Male,1972-07-31,Penang,Bayan Lepas,RM10k-15k,Low,2018-12-21,2026-08-01,2026-08-14 00:26:12.005687
CUST002212,Female,1957-03-12,Sabah,Sandakan,RM10k-15k,Medium,2021-07-15,2026-08-01,2026-08-14 00:26:12.005687
CUST002213,Male,2001-09-29,Selangor,Klang,RM6k-10k,Low,2020-02-11,2026-08-01,2026-08-14 00:26:12.005687
CUST002214,Female,1986-06-05,Kuala Lumpur,Kuala Lumpur,>RM15k,Low,2020-08-25,2026-08-01,2026-08-14 00:26:12.005687
CUST002215,Male,2003-01-23,Kuala Lumpur,Kuala Lumpur,RM3k-6k,Low,2022-10-31,2026-08-01,2026-08-14 00:26:12.005687
CUST002216,Female,1982-11-03,Kuala Lumpur,Kuala Lumpur,RM6k-10k,Medium,2022-06-26,2026-08-01,2026-08-14 00:26:12.005687
CUST002217,Female,1962-10-01,Melaka,Melaka City,RM3k-6k,Low,2024-11-29,2026-08-01,2026-08-14 00:26:12.005687
CUST002218,Male,1971-07-15,Selangor,Petaling Jaya,RM10k-15k,High,2021-08-10,2026-08-01,2026-08-14 00:26:12.005687
CUST002219,Male,1976-07-21,Johor,Batu Pahat,<RM3k,High,2025-07-01,2026-08-01,2026-08-14 00:26:12.005687
CUST002220,Female,1962-03-21,Sabah,Sandakan,RM3k-6k,Low,2019-07-10,2026-08-01,2026-08-14 00:26:12.005687
CUST002221,Female,2000-08-22,Selangor,Klang,RM10k-15k,Low,2019-07-23,2026-08-01,2026-08-14 00:26:12.005687
CUST002222,Female,2001-12-07,Penang,George Town,RM3k-6k,High,2021-02-16,2026-08-01,2026-08-14 00:26:12.005687
CUST002223,Female,1982-08-11,Kuala Lumpur,Kuala Lumpur,RM3k-6k,Low,2018-12-08,2026-08-01,2026-08-14 00:26:12.005687
CUST002224,Female,1983-08-20,Johor,Muar,RM3k-6k,Medium,2018-03-26,2026-08-01,2026-08-14 00:26:12.005687
CUST002225,Male,1989-06-20,Kuala Lumpur,Kuala Lumpur,RM6k-10k,Low,2020-12-20,2026-08-01,2026-08-14 00:26:12.005687
CUST002226,Female,1988-04-10,Selangor,Shah Alam,RM3k-6k,Low,2022-04-19,2026-08-01,2026-08-14 00:26:12.005687
CUST002227,Male,1958-01-26,Selangor,Subang Jaya,RM3k-6k,Low,2020-03-22,2026-08-01,2026-08-14 00:26:12.005687
CUST002228,Female,1981-01-13,Perak,Taiping,RM6k-10k,Low,2020-03-02,2026-08-01,2026-08-14 00:26:12.005687
CUST002229,Female,1993-01-28,Perak,Taiping,>RM15k,High,2018-10-11,2026-08-01,2026-08-14 00:26:12.005687
CUST002230,Male,1994-07-08,Sabah,Kota Kinabalu,RM10k-15k,Low,2018-11-25,2026-08-01,2026-08-14 00:26:12.005687
CUST002231,Female,1984-03-15,Kuala Lumpur,Kuala Lumpur,RM3k-6k,Low,2025-01-23,2026-08-01,2026-08-14 00:26:12.005687
CUST002232,Male,1998-12-02,Negeri Sembilan,Seremban,RM10k-15k,Medium,2018-07-12,2026-08-01,2026-08-14 00:26:12.005687
CUST002233,Female,1983-09-21,Kuala Lumpur,Kuala Lumpur,RM10k-15k,High,2023-08-15,2026-08-01,2026-08-14 00:26:12.005687
CUST002234,Male,1973-10-01,Sarawak,Miri,RM10k-15k,Low,2023-09-18,2026-08-01,2026-08-14 00:26:12.005687
CUST002235,Male,1976-09-08,Sabah,Kota Kinabalu,RM6k-10k,Medium,2019-08-17,2026-08-01,2026-08-14 00:26:12.005687
CUST002236,Male,1988-10-22,Penang,Bayan Lepas,<RM3k,Low,2019-12-24,2026-08-01,2026-08-14 00:26:12.005687
CUST002237,Female,1998-06-08,Johor,Muar,RM6k-10k,Medium,2020-12-09,2026-08-01,2026-08-14 00:26:12.005687
CUST002238,Female,1966-04-07,Sabah,Sandakan,RM6k-10k,Medium,2023-04-09,2026-08-01,2026-08-14 00:26:12.005687
CUST002239,Female,1969-05-19,Sabah,Sandakan,RM3k-6k,High,2018-04-18,2026-08-01,2026-08-14 00:26:12.005687
CUST002240,Male,1986-12-09,Kuala Lumpur,Kuala Lumpur,<RM3k,Medium,2024-07-10,2026-08-01,2026-08-14 00:26:12.005687
CUST002241,Female,1992-05-30,Sabah,Sandakan,RM3k-6k,High,2020-09-22,2026-08-01,2026-08-14 00:26:12.005687
CUST002242,Female,1974-07-23,Kuala Lumpur,Kuala Lumpur,RM6k-10k,Low,2021-12-31,2026-08-01,2026-08-14 00:26:12.005687
CUST002243,Female,1986-07-07,Johor,Johor Bahru,<RM3k,Medium,2025-04-11,2026-08-01,2026-08-14 00:26:12.005687
CUST002244,Female,1955-05-02,Penang,Butterworth,RM6k-10k,Medium,2019-01-24,2026-08-01,2026-08-14 00:26:12.005687
CUST002245,Female,1969-04-18,Sarawak,Miri,RM10k-15k,Low,2025-07-30,2026-08-01,2026-08-14 00:26:12.005687
CUST002246,Female,2001-10-26,Johor,Johor Bahru,RM3k-6k,High,2022-12-01,2026-08-01,2026-08-14 00:26:12.005687
CUST002247,Female,1983-03-31,Selangor,Petaling Jaya,<RM3k,Medium,2021-05-31,2026-08-01,2026-08-14 00:26:12.005687
CUST002248,Male,1997-07-20,Johor,Muar,<RM3k,Medium,2018-07-29,2026-08-01,2026-08-14 00:26:12.005687
CUST002249,Female,1965-08-31,Selangor,Klang,RM3k-6k,Low,2018-07-17,2026-08-01,2026-08-14 00:26:12.005687
CUST002250,Female,1969-04-01,Johor,Johor Bahru,RM10k-15k,Medium,2024-07-14,2026-08-01,2026-08-14 00:26:12.005687
CUST002251,Male,2002-10-08,Johor,Muar,RM6k-10k,Low,2021-03-20,2026-08-01,2026-08-14 00:26:12.005687
CUST002252,Male,2003-11-20,Sabah,Kota Kinabalu,RM10k-15k,High,2024-02-03,2026-08-01,2026-08-14 00:26:12.005687
CUST002253,Female,1997-12-18,Selangor,Shah Alam,>RM15k,Low,2024-08-31,2026-08-01,2026-08-14 00:26:12.005687
CUST002254,Male,1970-07-16,Selangor,Shah Alam,RM3k-6k,Medium,2021-03-20,2026-08-01,2026-08-14 00:26:12.005687
CUST002255,Male,1994-04-08,Johor,Muar,RM6k-10k,Low,2020-07-13,2026-08-01,2026-08-14 00:26:12.005687
CUST002256,Male,1977-06-25,Kuala Lumpur,Kuala Lumpur,RM3k-6k,Medium,2020-02-26,2026-08-01,2026-08-14 00:26:12.005687
CUST002257,Male,1996-05-07,Selangor,Shah Alam,RM6k-10k,Low,2023-02-03,2026-08-01,2026-08-14 00:26:12.005687
CUST002258,Male,1996-09-16,Selangor,Klang,RM3k-6k,Medium,2023-09-04,2026-08-01,2026-08-14 00:26:12.005687
CUST002259,Female,1976-04-22,Johor,Johor Bahru,RM3k-6k,Medium,2020-10-17,2026-08-01,2026-08-14 00:26:12.005687
CUST002260,Female,1969-12-04,Selangor,Petaling Jaya,RM6k-10k,Low,2022-07-15,2026-08-01,2026-08-14 00:26:12.005687
CUST002261,Male,2002-10-06,Penang,George Town,RM6k-10k,Medium,2022-04-26,2026-08-01,2026-08-14 00:26:12.005687
CUST002262,Male,1977-01-27,Melaka,Melaka City,RM3k-6k,Medium,2019-02-28,2026-08-01,2026-08-14 00:26:12.005687
CUST002263,Female,1976-02-25,Johor,Johor Bahru,<RM3k,Low,2022-03-16,2026-08-01,2026-08-14 00:26:12.005687
CUST002264,Female,1987-08-12,Selangor,Petaling Jaya,RM6k-10k,Low,2024-01-27,2026-08-01,2026-08-14 00:26:12.005687
CUST002265,Male,2000-11-22,Kuala Lumpur,Kuala Lumpur,RM10k-15k,Low,2025-09-11,2026-08-01,2026-08-14 00:26:12.005687
CUST002266,Female,1961-05-23,Kuala Lumpur,Kuala Lumpur,RM6k-10k,Low,2020-09-02,2026-08-01,2026-08-14 00:26:12.005687
CUST002267,Male,2003-03-28,Penang,George Town,<RM3k,Low,2019-11-29,2026-08-01,2026-08-14 00:26:12.005687
CUST002268,Male,1975-09-11,Perak,Taiping,RM3k-6k,Medium,2025-02-23,2026-08-01,2026-08-14 00:26:12.005687
CUST002269,Male,1956-04-03,Kuala Lumpur,Kuala Lumpur,RM10k-15k,Low,2025-05-09,2026-08-01,2026-08-14 00:26:12.005687
CUST002270,Male,1970-02-28,Selangor,Shah Alam,RM10k-15k,High,2024-08-19,2026-08-01,2026-08-14 00:26:12.005687
CUST002271,Male,1977-08-29,Selangor,Shah Alam,<RM3k,Low,2020-09-06,2026-08-01,2026-08-14 00:26:12.005687
CUST002272,Male,1988-02-28,Selangor,Klang,RM3k-6k,Medium,2020-03-16,2026-08-01,2026-08-14 00:26:12.005687
CUST002273,Male,1982-10-01,Negeri Sembilan,Seremban,RM3k-6k,Medium,2022-12-31,2026-08-01,2026-08-14 00:26:12.005687
CUST002274,Male,1961-08-30,Selangor,Shah Alam,RM6k-10k,Medium,2020-01-16,2026-08-01,2026-08-14 00:26:12.005687
CUST002275,Male,1978-12-03,Kuala Lumpur,Kuala Lumpur,<RM3k,Low,2024-02-26,2026-08-01,2026-08-14 00:26:12.005687
CUST002276,Female,1966-05-27,Selangor,Subang Jaya,RM6k-10k,Low,2021-03-08,2026-08-01,2026-08-14 00:26:12.005687
CUST002277,Male,1968-03-16,Kuala Lumpur,Kuala Lumpur,>RM15k,Medium,2020-08-13,2026-08-01,2026-08-14 00:26:12.005687
CUST002278,Female,1989-11-08,Kuala Lumpur,Kuala Lumpur,RM3k-6k,Medium,2024-06-07,2026-08-01,2026-08-14 00:26:12.005687
CUST002279,Male,1994-05-11,Selangor,Petaling Jaya,RM3k-6k,Medium,2020-11-03,2026-08-01,2026-08-14 00:26:12.005687
CUST002280,Male,1962-08-27,Selangor,Shah Alam,<RM3k,Low,2019-01-17,2026-08-01,2026-08-14 00:26:12.005687
CUST002281,Female,1984-07-07,Kuala Lumpur,Kuala Lumpur,<RM3k,Medium,2024-05-10,2026-08-01,2026-08-14 00:26:12.005687
CUST002282,Female,1975-09-05,Penang,Butterworth,>RM15k,Low,2020-07-12,2026-08-01,2026-08-14 00:26:12.005687
CUST002283,Female,1971-06-30,Johor,Johor Bahru,>RM15k,Medium,2023-03-30,2026-08-01,2026-08-14 00:26:12.005687
CUST002284,Male,1989-12-05,Kuala Lumpur,Kuala Lumpur,<RM3k,Medium,2023-04-10,2026-08-01,2026-08-14 00:26:12.005687
CUST002285,Female,1967-03-12,Sarawak,Kuching,>RM15k,Low,2018-08-31,2026-08-01,2026-08-14 00:26:12.005687
CUST002286,Female,1992-07-03,Selangor,Subang Jaya,<RM3k,Low,2018-04-08,2026-08-01,2026-08-14 00:26:12.005687
CUST002287,Male,1974-08-20,Negeri Sembilan,Seremban,RM6k-10k,Low,2024-07-24,2026-08-01,2026-08-14 00:26:12.005687
CUST002288,Male,1959-08-25,Negeri Sembilan,Seremban,RM6k-10k,Low,2018-06-13,2026-08-01,2026-08-14 00:26:12.005687
CUST002289,Female,1993-10-26,Johor,Batu Pahat,RM3k-6k,Low,2020-08-27,2026-08-01,2026-08-14 00:26:12.005687
CUST002290,Female,1996-09-29,Selangor,Shah Alam,RM6k-10k,Low,2024-02-05,2026-08-01,2026-08-14 00:26:12.005687
CUST002291,Male,1982-08-03,Sarawak,Miri,RM6k-10k,Low,2019-06-04,2026-08-01,2026-08-14 00:26:12.005687
CUST002292,Male,1990-06-22,Selangor,Klang,RM3k-6k,Medium,2022-03-06,2026-08-01,2026-08-14 00:26:12.005687
CUST002293,Male,1962-03-25,Kuala Lumpur,Kuala Lumpur,>RM15k,Medium,2018-12-04,2026-08-01,2026-08-14 00:26:12.005687
CUST002294,Female,1971-08-17,Penang,Butterworth,RM3k-6k,Low,2022-06-17,2026-08-01,2026-08-14 00:26:12.005687
CUST002295,Female,1972-02-22,Johor,Johor Bahru,<RM3k,Low,2023-09-16,2026-08-01,2026-08-14 00:26:12.005687
CUST002296,Female,1992-06-04,Sarawak,Kuching,>RM15k,Medium,2019-12-28,2026-08-01,2026-08-14 00:26:12.005687
CUST002297,Male,1972-04-01,Perak,Taiping,RM3k-6k,Low,2020-04-03,2026-08-01,2026-08-14 00:26:12.005687
CUST002298,Female,1990-09-07,Melaka,Melaka City,RM3k-6k,Low,2022-04-03,2026-08-01,2026-08-14 00:26:12.005687
CUST002299,Female,1970-01-13,Sabah,Kota Kinabalu,RM3k-6k,Low,2024-04-30,2026-08-01,2026-08-14 00:26:12.005687
CUST002300,Male,1984-06-10,Penang,George Town,<RM3k,High,2022-05-11,2026-08-01,2026-08-14 00:26:12.005687
CUST002301,Male,1965-04-12,Johor,Batu Pahat,RM3k-6k,Low,2023-08-12,2026-08-01,2026-08-14 00:26:12.005687
CUST002302,Male,1982-05-13,Negeri Sembilan,Seremban,RM3k-6k,High,2021-04-23,2026-08-01,2026-08-14 00:26:12.005687
CUST002303,Female,1958-12-17,Negeri Sembilan,Seremban,RM6k-10k,Low,2019-01-12,2026-08-01,2026-08-14 00:26:12.005687
CUST002304,Female,1990-12-31,Sarawak,Miri,RM3k-6k,Low,2025-09-18,2026-08-01,2026-08-14 00:26:12.005687
CUST002305,Female,1956-06-04,Sabah,Kota Kinabalu,RM10k-15k,Low,2024-05-15,2026-08-01,2026-08-14 00:26:12.005687
CUST002306,Female,2003-12-17,Penang,Butterworth,>RM15k,Medium,2018-05-24,2026-08-01,2026-08-14 00:26:12.005687
CUST002307,Male,1996-02-09,Selangor,Shah Alam,RM3k-6k,Low,2020-03-17,2026-08-01,2026-08-14 00:26:12.005687
CUST002308,Female,1983-05-07,Melaka,Melaka City,>RM15k,Medium,2021-04-27,2026-08-01,2026-08-14 00:26:12.005687
CUST002309,Male,1999-07-26,Kuala Lumpur,Kuala Lumpur,RM10k-15k,High,2018-08-27,2026-08-01,2026-08-14 00:26:12.005687
CUST002310,Male,1994-08-16,Selangor,Klang,>RM15k,Low,2024-11-09,2026-08-01,2026-08-14 00:26:12.005687
CUST002311,Male,1961-12-30,Selangor,Klang,RM6k-10k,Low,2019-05-20,2026-08-01,2026-08-14 00:26:12.005687
CUST002312,Female,1991-06-20,Penang,Butterworth,RM3k-6k,Medium,2019-08-26,2026-08-01,2026-08-14 00:26:12.005687
CUST002313,Female,1973-06-27,Penang,Bayan Lepas,RM3k-6k,Low,2020-07-14,2026-08-01,2026-08-14 00:26:12.005687
CUST002314,Female,1996-12-06,Kuala Lumpur,Kuala Lumpur,>RM15k,Medium,2025-06-24,2026-08-01,2026-08-14 00:26:12.005687
CUST002315,Female,1997-04-28,Kuala Lumpur,Kuala Lumpur,RM6k-10k,Medium,2019-10-22,2026-08-01,2026-08-14 00:26:12.005687
CUST002316,Female,2001-10-08,Selangor,Petaling Jaya,>RM15k,Low,2021-05-27,2026-08-01,2026-08-14 00:26:12.005687
CUST002317,Female,1977-02-04,Selangor,Petaling Jaya,RM6k-10k,Low,2023-06-17,2026-08-01,2026-08-14 00:26:12.005687
CUST002318,Male,1964-06-17,Kuala Lumpur,Kuala Lumpur,RM3k-6k,Medium,2019-04-03,2026-08-01,2026-08-14 00:26:12.005687
CUST002319,Male,1961-02-16,Perak,Taiping,RM3k-6k,Low,2018-09-18,2026-08-01,2026-08-14 00:26:12.005687
CUST002320,Male,1963-02-09,Selangor,Shah Alam,>RM15k,Low,2018-09-29,2026-08-01,2026-08-14 00:26:12.005687
CUST002321,Female,2003-08-06,Selangor,Shah Alam,<RM3k,Low,2019-06-21,2026-08-01,2026-08-14 00:26:12.005687
CUST002322,Female,1983-09-24,Selangor,Subang Jaya,RM6k-10k,Low,2020-08-13,2026-08-01,2026-08-14 00:26:12.005687
CUST002323,Female,1972-03-27,Johor,Muar,>RM15k,Low,2025-07-10,2026-08-01,2026-08-14 00:26:12.005687
CUST002324,Female,1977-01-05,Sarawak,Kuching,<RM3k,Medium,2025-05-10,2026-08-01,2026-08-14 00:26:12.005687
CUST002325,Female,1963-06-21,Kuala Lumpur,Kuala Lumpur,RM3k-6k,Low,2022-07-21,2026-08-01,2026-08-14 00:26:12.005687
CUST002326,Male,1982-12-18,Selangor,Subang Jaya,RM6k-10k,Low,2025-07-06,2026-08-01,2026-08-14 00:26:12.005687
CUST002327,Female,1975-11-09,Perak,Ipoh,RM10k-15k,High,2018-03-26,2026-08-01,2026-08-14 00:26:12.005687
CUST002328,Female,1994-02-06,Kuala Lumpur,Kuala Lumpur,RM6k-10k,Low,2022-07-04,2026-08-01,2026-08-14 00:26:12.005687
CUST002329,Male,1956-01-14,Sarawak,Kuching,<RM3k,Low,2021-07-21,2026-08-01,2026-08-14 00:26:12.005687
CUST002330,Male,2000-08-25,Negeri Sembilan,Seremban,<RM3k,Medium,2018-12-12,2026-08-01,2026-08-14 00:26:12.005687
CUST002331,Male,1957-12-21,Penang,George Town,RM3k-6k,Low,2022-06-04,2026-08-01,2026-08-14 00:26:12.005687
CUST002332,Female,1975-06-15,Negeri Sembilan,Seremban,RM3k-6k,High,2021-08-26,2026-08-01,2026-08-14 00:26:12.005687
CUST002333,Male,1971-09-09,Selangor,Petaling Jaya,RM3k-6k,Medium,2024-02-09,2026-08-01,2026-08-14 00:26:12.005687
CUST002334,Female,1990-03-06,Selangor,Petaling Jaya,RM10k-15k,Low,2021-05-05,2026-08-01,2026-08-14 00:26:12.005687
CUST002335,Female,1987-04-02,Kuala Lumpur,Kuala Lumpur,<RM3k,Low,2021-06-07,2026-08-01,2026-08-14 00:26:12.005687
CUST002336,Male,1964-08-22,Kuala Lumpur,Kuala Lumpur,RM10k-15k,Low,2019-11-06,2026-08-01,2026-08-14 00:26:12.005687
CUST002337,Male,1979-01-17,Selangor,Klang,>RM15k,Medium,2021-10-12,2026-08-01,2026-08-14 00:26:12.005687
CUST002338,Female,1981-03-11,Johor,Muar,RM6k-10k,Low,2018-08-11,2026-08-01,2026-08-14 00:26:12.005687
CUST002339,Male,1977-09-23,Johor,Johor Bahru,RM6k-10k,Medium,2022-07-13,2026-08-01,2026-08-14 00:26:12.005687
CUST002340,Female,1956-01-26,Selangor,Shah Alam,<RM3k,Medium,2021-01-19,2026-08-01,2026-08-14 00:26:12.005687
CUST002341,Female,1963-09-23,Penang,Butterworth,RM6k-10k,Medium,2020-03-10,2026-08-01,2026-08-14 00:26:12.005687
CUST002342,Female,1979-09-07,Selangor,Subang Jaya,RM3k-6k,Low,2020-12-22,2026-08-01,2026-08-14 00:26:12.005687
CUST002343,Male,1967-10-06,Selangor,Shah Alam,RM3k-6k,Medium,2025-02-18,2026-08-01,2026-08-14 00:26:12.005687
CUST002344,Female,1981-09-20,Selangor,Shah Alam,RM6k-10k,Medium,2023-08-19,2026-08-01,2026-08-14 00:26:12.005687
CUST002345,Male,1963-01-08,Perak,Taiping,<RM3k,Low,2024-10-25,2026-08-01,2026-08-14 00:26:12.005687
CUST002346,Female,1991-01-13,Johor,Johor Bahru,RM3k-6k,High,2021-02-25,2026-08-01,2026-08-14 00:26:12.005687
CUST002347,Male,1964-03-26,Sabah,Kota Kinabalu,RM6k-10k,Low,2021-02-23,2026-08-01,2026-08-14 00:26:12.005687
CUST002348,Male,1986-10-28,Kuala Lumpur,Kuala Lumpur,RM3k-6k,High,2018-02-08,2026-08-01,2026-08-14 00:26:12.005687
CUST002349,Female,1995-12-29,Johor,Muar,<RM3k,Low,2023-06-16,2026-08-01,2026-08-14 00:26:12.005687
CUST002350,Female,1972-07-23,Negeri Sembilan,Seremban,<RM3k,Low,2018-02-28,2026-08-01,2026-08-14 00:26:12.005687
CUST002351,Female,1961-11-01,Kuala Lumpur,Kuala Lumpur,RM3k-6k,Medium,2025-10-11,2026-08-01,2026-08-14 00:26:12.005687
CUST002352,Male,1955-04-13,Selangor,Shah Alam,RM6k-10k,Low,2023-07-02,2026-08-01,2026-08-14 00:26:12.005687
CUST002353,Female,1972-08-31,Kuala Lumpur,Kuala Lumpur,RM6k-10k,Low,2021-09-21,2026-08-01,2026-08-14 00:26:12.005687
CUST002354,Male,1960-08-28,Kuala Lumpur,Kuala Lumpur,<RM3k,Low,2023-04-15,2026-08-01,2026-08-14 00:26:12.005687
CUST002355,Female,1998-03-17,Johor,Batu Pahat,RM6k-10k,Medium,2025-12-12,2026-08-01,2026-08-14 00:26:12.005687
CUST002356,Male,2002-09-04,Kuala Lumpur,Kuala Lumpur,>RM15k,Low,2019-04-14,2026-08-01,2026-08-14 00:26:12.005687
CUST002357,Female,2003-01-18,Johor,Batu Pahat,RM6k-10k,Medium,2023-12-19,2026-08-01,2026-08-14 00:26:12.005687
CUST002358,Male,2000-03-11,Melaka,Melaka City,RM6k-10k,Medium,2024-12-05,2026-08-01,2026-08-14 00:26:12.005687
CUST002359,Male,1983-09-30,Selangor,Klang,RM6k-10k,Low,2022-09-09,2026-08-01,2026-08-14 00:26:12.005687
CUST002360,Female,1970-12-05,Kuala Lumpur,Kuala Lumpur,RM10k-15k,Low,2023-04-20,2026-08-01,2026-08-14 00:26:12.005687
CUST002361,Male,1976-11-17,Sarawak,Miri,>RM15k,Low,2022-01-18,2026-08-01,2026-08-14 00:26:12.005687
CUST002362,Female,1967-09-07,Johor,Johor Bahru,<RM3k,High,2019-03-26,2026-08-01,2026-08-14 00:26:12.005687
CUST002363,Female,1996-03-02,Melaka,Melaka City,RM3k-6k,Medium,2025-11-05,2026-08-01,2026-08-14 00:26:12.005687
CUST002364,Male,1976-05-20,Selangor,Petaling Jaya,<RM3k,High,2020-04-20,2026-08-01,2026-08-14 00:26:12.005687
CUST002365,Male,1973-11-14,Penang,Butterworth,RM10k-15k,Medium,2021-01-31,2026-08-01,2026-08-14 00:26:12.005687
CUST002366,Male,1988-10-21,Melaka,Melaka City,<RM3k,Medium,2025-10-15,2026-08-01,2026-08-14 00:26:12.005687
CUST002367,Female,1973-04-25,Kuala Lumpur,Kuala Lumpur,>RM15k,High,2018-06-15,2026-08-01,2026-08-14 00:26:12.005687
CUST002368,Female,1972-06-25,Sarawak,Miri,<RM3k,Low,2021-04-06,2026-08-01,2026-08-14 00:26:12.005687
CUST002369,Female,1966-02-20,Penang,George Town,RM6k-10k,High,2022-06-12,2026-08-01,2026-08-14 00:26:12.005687
CUST002370,Male,1958-04-19,Sarawak,Miri,RM3k-6k,Low,2019-11-23,2026-08-01,2026-08-14 00:26:12.005687
CUST002371,Female,1956-11-10,Kuala Lumpur,Kuala Lumpur,RM3k-6k,Low,2023-05-12,2026-08-01,2026-08-14 00:26:12.005687
CUST002372,Female,1974-09-26,Johor,Muar,RM3k-6k,Low,2022-03-11,2026-08-01,2026-08-14 00:26:12.005687
CUST002373,Female,2003-10-07,Kuala Lumpur,Kuala Lumpur,RM10k-15k,Low,2020-02-05,2026-08-01,2026-08-14 00:26:12.005687
CUST002374,Female,1967-10-08,Negeri Sembilan,Seremban,RM6k-10k,Low,2019-08-24,2026-08-01,2026-08-14 00:26:12.005687
CUST002375,Female,1986-05-30,Kuala Lumpur,Kuala Lumpur,RM3k-6k,Low,2020-04-17,2026-08-01,2026-08-14 00:26:12.005687
CUST002376,Female,1970-12-02,Kuala Lumpur,Kuala Lumpur,RM10k-15k,Low,2024-05-01,2026-08-01,2026-08-14 00:26:12.005687
CUST002377,Male,1969-10-31,Melaka,Melaka City,>RM15k,Medium,2022-03-02,2026-08-01,2026-08-14 00:26:12.005687
CUST002378,Male,1962-12-26,Selangor,Shah Alam,RM10k-15k,Low,2024-05-09,2026-08-01,2026-08-14 00:26:12.005687
CUST002379,Female,1982-08-10,Penang,Bayan Lepas,RM10k-15k,Low,2023-09-30,2026-08-01,2026-08-14 00:26:12.005687
CUST002380,Male,1987-04-13,Selangor,Klang,RM6k-10k,Medium,2024-05-28,2026-08-01,2026-08-14 00:26:12.005687
CUST002381,Male,1972-02-28,Penang,Bayan Lepas,>RM15k,Medium,2024-11-02,2026-08-01,2026-08-14 00:26:12.005687
CUST002382,Female,1980-10-20,Selangor,Subang Jaya,RM6k-10k,Medium,2022-12-09,2026-08-01,2026-08-14 00:26:12.005687
CUST002383,Female,1978-05-01,Johor,Johor Bahru,>RM15k,Low,2020-11-18,2026-08-01,2026-08-14 00:26:12.005687
CUST002384,Female,1968-04-09,Johor,Johor Bahru,RM10k-15k,Low,2023-07-21,2026-08-01,2026-08-14 00:26:12.005687
CUST002385,Female,1988-11-21,Selangor,Shah Alam,<RM3k,High,2025-07-21,2026-08-01,2026-08-14 00:26:12.005687
CUST002386,Male,1982-02-19,Selangor,Petaling Jaya,<RM3k,Low,2020-07-27,2026-08-01,2026-08-14 00:26:12.005687
CUST002387,Male,1958-03-24,Kuala Lumpur,Kuala Lumpur,RM10k-15k,Medium,2021-11-25,2026-08-01,2026-08-14 00:26:12.005687
CUST002388,Female,1979-02-21,Perak,Taiping,RM6k-10k,Low,2025-01-11,2026-08-01,2026-08-14 00:26:12.005687
CUST002389,Male,1974-01-29,Kuala Lumpur,Kuala Lumpur,RM6k-10k,Low,2022-10-11,2026-08-01,2026-08-14 00:26:12.005687
CUST002390,Female,1993-12-31,Selangor,Shah Alam,>RM15k,Medium,2019-02-26,2026-08-01,2026-08-14 00:26:12.005687
CUST002391,Male,1970-01-09,Selangor,Shah Alam,RM6k-10k,Low,2020-10-20,2026-08-01,2026-08-14 00:26:12.005687
CUST002392,Male,2001-11-03,Johor,Johor Bahru,RM3k-6k,Low,2020-01-14,2026-08-01,2026-08-14 00:26:12.005687
CUST002393,Female,1985-02-18,Perak,Taiping,RM6k-10k,Medium,2021-10-26,2026-08-01,2026-08-14 00:26:12.005687
CUST002394,Female,1961-05-27,Johor,Muar,<RM3k,Low,2025-12-09,2026-08-01,2026-08-14 00:26:12.005687
CUST002395,Male,1974-10-06,Melaka,Melaka City,RM6k-10k,Low,2024-09-17,2026-08-01,2026-08-14 00:26:12.005687
CUST002396,Male,1998-04-23,Perak,Taiping,>RM15k,Low,2025-09-06,2026-08-01,2026-08-14 00:26:12.005687
CUST002397,Female,1967-06-23,Sarawak,Miri,<RM3k,Low,2023-12-06,2026-08-01,2026-08-14 00:26:12.005687
CUST002398,Female,1989-07-14,Perak,Ipoh,RM10k-15k,Medium,2022-01-22,2026-08-01,2026-08-14 00:26:12.005687
CUST002399,Female,1993-05-19,Kuala Lumpur,Kuala Lumpur,RM10k-15k,Low,2023-04-12,2026-08-01,2026-08-14 00:26:12.005687
CUST002400,Male,1988-12-06,Negeri Sembilan,Seremban,<RM3k,Low,2021-12-28,2026-08-01,2026-08-14 00:26:12.005687
CUST002401,Male,1959-06-06,Sabah,Sandakan,RM10k-15k,Low,2018-04-30,2026-08-01,2026-08-14 00:26:12.005687
CUST002402,Male,1973-05-04,Penang,George Town,RM10k-15k,High,2018-12-08,2026-08-01,2026-08-14 00:26:12.005687
CUST002403,Male,1972-01-23,Kuala Lumpur,Kuala Lumpur,RM6k-10k,Low,2022-06-09,2026-08-01,2026-08-14 00:26:12.005687
CUST002404,Male,1971-11-07,Kuala Lumpur,Kuala Lumpur,RM3k-6k,High,2023-04-11,2026-08-01,2026-08-14 00:26:12.005687
CUST002405,Male,1998-01-25,Penang,Butterworth,RM3k-6k,Low,2020-01-11,2026-08-01,2026-08-14 00:26:12.005687
CUST002406,Female,1955-04-11,Selangor,Klang,RM6k-10k,Low,2018-04-01,2026-08-01,2026-08-14 00:26:12.005687
CUST002407,Male,1981-05-30,Perak,Ipoh,RM3k-6k,Medium,2018-07-23,2026-08-01,2026-08-14 00:26:12.005687
CUST002408,Female,2003-02-15,Selangor,Petaling Jaya,RM3k-6k,Low,2020-07-07,2026-08-01,2026-08-14 00:26:12.005687
CUST002409,Female,1997-11-23,Johor,Batu Pahat,>RM15k,Medium,2024-11-20,2026-08-01,2026-08-14 00:26:12.005687
CUST002410,Male,1984-09-19,Selangor,Subang Jaya,RM6k-10k,High,2021-05-07,2026-08-01,2026-08-14 00:26:12.005687
CUST002411,Male,2003-11-24,Kuala Lumpur,Kuala Lumpur,RM10k-15k,Medium,2025-10-14,2026-08-01,2026-08-14 00:26:12.005687
CUST002412,Male,1974-09-18,Kuala Lumpur,Kuala Lumpur,>RM15k,Low,2025-02-24,2026-08-01,2026-08-14 00:26:12.005687
CUST002413,Female,1984-12-14,Sarawak,Kuching,<RM3k,Medium,2024-11-12,2026-08-01,2026-08-14 00:26:12.005687
CUST002414,Male,1981-08-23,Penang,George Town,RM3k-6k,Low,2025-09-29,2026-08-01,2026-08-14 00:26:12.005687
CUST002415,Female,1957-04-26,Negeri Sembilan,Seremban,RM6k-10k,Medium,2019-12-09,2026-08-01,2026-08-14 00:26:12.005687
CUST002416,Female,1956-12-26,Sabah,Sandakan,RM3k-6k,Low,2025-10-16,2026-08-01,2026-08-14 00:26:12.005687
CUST002417,Female,1998-12-11,Sabah,Sandakan,<RM3k,Low,2025-05-22,2026-08-01,2026-08-14 00:26:12.005687
CUST002418,Male,1963-07-05,Johor,Batu Pahat,RM10k-15k,Medium,2024-05-22,2026-08-01,2026-08-14 00:26:12.005687
CUST002419,Female,1972-05-21,Sarawak,Miri,<RM3k,Low,2019-07-17,2026-08-01,2026-08-14 00:26:12.005687
CUST002420,Male,1985-07-17,Negeri Sembilan,Seremban,RM6k-10k,Medium,2020-04-27,2026-08-01,2026-08-14 00:26:12.005687
CUST002421,Female,1983-03-14,Perak,Ipoh,RM6k-10k,Low,2023-03-21,2026-08-01,2026-08-14 00:26:12.005687
CUST002422,Female,1980-03-13,Kuala Lumpur,Kuala Lumpur,RM6k-10k,Low,2018-05-13,2026-08-01,2026-08-14 00:26:12.005687
CUST002423,Male,2002-12-23,Perak,Taiping,RM3k-6k,Medium,2024-07-28,2026-08-01,2026-08-14 00:26:12.005687
CUST002424,Female,1993-07-25,Kuala Lumpur,Kuala Lumpur,<RM3k,Low,2021-05-28,2026-08-01,2026-08-14 00:26:12.005687
CUST002425,Male,2001-02-22,Kuala Lumpur,Kuala Lumpur,RM10k-15k,High,2018-03-05,2026-08-01,2026-08-14 00:26:12.005687
CUST002426,Male,1987-04-11,Perak,Ipoh,>RM15k,Low,2020-05-18,2026-08-01,2026-08-14 00:26:12.005687
CUST002427,Female,2002-12-22,Sarawak,Miri,RM6k-10k,Low,2021-02-28,2026-08-01,2026-08-14 00:26:12.005687
CUST002428,Male,1984-06-20,Kuala Lumpur,Kuala Lumpur,<RM3k,Low,2023-03-29,2026-08-01,2026-08-14 00:26:12.005687
CUST002429,Male,1981-07-17,Kuala Lumpur,Kuala Lumpur,RM6k-10k,Low,2022-10-26,2026-08-01,2026-08-14 00:26:12.005687
CUST002430,Male,1994-12-11,Melaka,Melaka City,RM3k-6k,Low,2020-12-19,2026-08-01,2026-08-14 00:26:12.005687
CUST002431,Male,1997-07-27,Kuala Lumpur,Kuala Lumpur,RM3k-6k,Medium,2022-12-15,2026-08-01,2026-08-14 00:26:12.005687
CUST002432,Male,1958-05-06,Kuala Lumpur,Kuala Lumpur,<RM3k,Low,2025-02-14,2026-08-01,2026-08-14 00:26:12.005687
CUST002433,Male,1999-08-13,Perak,Taiping,<RM3k,High,2020-10-19,2026-08-01,2026-08-14 00:26:12.005687
CUST002434,Female,1988-11-07,Sarawak,Miri,RM3k-6k,Medium,2020-12-28,2026-08-01,2026-08-14 00:26:12.005687
CUST002435,Male,1998-12-25,Johor,Batu Pahat,RM3k-6k,Medium,2018-10-24,2026-08-01,2026-08-14 00:26:12.005687
CUST002436,Male,1990-01-23,Johor,Batu Pahat,RM10k-15k,Low,2021-01-09,2026-08-01,2026-08-14 00:26:12.005687
CUST002437,Male,2000-06-01,Selangor,Subang Jaya,RM6k-10k,Low,2020-04-09,2026-08-01,2026-08-14 00:26:12.005687
CUST002438,Male,1968-06-25,Selangor,Klang,RM3k-6k,Low,2024-01-27,2026-08-01,2026-08-14 00:26:12.005687
CUST002439,Female,1964-03-12,Sabah,Kota Kinabalu,<RM3k,Low,2018-11-27,2026-08-01,2026-08-14 00:26:12.005687
CUST002440,Male,1964-08-02,Sarawak,Miri,RM10k-15k,Medium,2022-09-20,2026-08-01,2026-08-14 00:26:12.005687
CUST002441,Male,1967-05-10,Selangor,Subang Jaya,<RM3k,Low,2024-03-05,2026-08-01,2026-08-14 00:26:12.005687
CUST002442,Female,1965-06-24,Selangor,Petaling Jaya,RM3k-6k,Low,2020-01-16,2026-08-01,2026-08-14 00:26:12.005687
CUST002443,Female,1976-08-21,Selangor,Klang,RM6k-10k,High,2018-07-17,2026-08-01,2026-08-14 00:26:12.005687
CUST002444,Male,1964-09-15,Kuala Lumpur,Kuala Lumpur,RM6k-10k,Low,2023-05-31,2026-08-01,2026-08-14 00:26:12.005687
CUST002445,Female,1962-10-01,Selangor,Petaling Jaya,RM10k-15k,Low,2022-09-15,2026-08-01,2026-08-14 00:26:12.005687
CUST002446,Male,1980-08-30,Kuala Lumpur,Kuala Lumpur,RM3k-6k,Low,2022-07-03,2026-08-01,2026-08-14 00:26:12.005687
CUST002447,Female,1993-11-14,Sabah,Sandakan,RM3k-6k,Low,2025-01-13,2026-08-01,2026-08-14 00:26:12.005687
CUST002448,Female,1961-08-24,Selangor,Subang Jaya,RM3k-6k,Low,2018-10-31,2026-08-01,2026-08-14 00:26:12.005687
CUST002449,Male,1980-01-20,Perak,Taiping,RM6k-10k,Medium,2019-08-01,2026-08-01,2026-08-14 00:26:12.005687
CUST002450,Male,1987-04-21,Johor,Muar,RM3k-6k,Medium,2021-09-26,2026-08-01,2026-08-14 00:26:12.005687
CUST002451,Male,1989-07-28,Sarawak,Kuching,RM3k-6k,Medium,2022-06-30,2026-08-01,2026-08-14 00:26:12.005687
CUST002452,Male,1960-02-24,Negeri Sembilan,Seremban,<RM3k,Low,2025-05-07,2026-08-01,2026-08-14 00:26:12.005687
CUST002453,Male,1990-12-14,Selangor,Klang,>RM15k,Low,2022-12-13,2026-08-01,2026-08-14 00:26:12.005687
CUST002454,Male,1956-04-26,Kuala Lumpur,Kuala Lumpur,<RM3k,Medium,2019-09-11,2026-08-01,2026-08-14 00:26:12.005687
CUST002455,Male,1966-08-11,Sabah,Sandakan,RM3k-6k,Low,2024-10-24,2026-08-01,2026-08-14 00:26:12.005687
CUST002456,Male,1970-08-24,Kuala Lumpur,Kuala Lumpur,>RM15k,Low,2021-04-26,2026-08-01,2026-08-14 00:26:12.005687
CUST002457,Male,1996-10-17,Selangor,Shah Alam,RM10k-15k,Low,2024-12-11,2026-08-01,2026-08-14 00:26:12.005687
CUST002458,Female,1964-05-26,Kuala Lumpur,Kuala Lumpur,RM6k-10k,Medium,2020-03-17,2026-08-01,2026-08-14 00:26:12.005687
CUST002459,Female,1993-05-03,Melaka,Melaka City,RM6k-10k,Low,2024-04-30,2026-08-01,2026-08-14 00:26:12.005687
CUST002460,Male,2003-06-11,Kuala Lumpur,Kuala Lumpur,<RM3k,High,2022-04-18,2026-08-01,2026-08-14 00:26:12.005687
CUST002461,Male,2002-01-12,Johor,Muar,RM10k-15k,Low,2022-06-12,2026-08-01,2026-08-14 00:26:12.005687
CUST002462,Male,1969-11-05,Johor,Batu Pahat,RM3k-6k,High,2025-10-19,2026-08-01,2026-08-14 00:26:12.005687
CUST002463,Female,1959-09-09,Perak,Ipoh,>RM15k,Low,2019-03-27,2026-08-01,2026-08-14 00:26:12.005687
CUST002464,Male,1965-11-18,Selangor,Klang,RM3k-6k,Medium,2020-06-24,2026-08-01,2026-08-14 00:26:12.005687
CUST002465,Female,1992-09-01,Melaka,Melaka City,RM6k-10k,Low,2019-06-19,2026-08-01,2026-08-14 00:26:12.005687
CUST002466,Male,1964-08-22,Sabah,Kota Kinabalu,RM6k-10k,Medium,2024-08-29,2026-08-01,2026-08-14 00:26:12.005687
CUST002467,Male,1986-08-19,Johor,Batu Pahat,<RM3k,Low,2024-10-20,2026-08-01,2026-08-14 00:26:12.005687
CUST002468,Male,1973-04-26,Selangor,Klang,RM3k-6k,Medium,2024-09-14,2026-08-01,2026-08-14 00:26:12.005687
CUST002469,Male,1992-07-28,Sarawak,Kuching,RM10k-15k,Medium,2019-11-27,2026-08-01,2026-08-14 00:26:12.005687
CUST002470,Female,1984-09-07,Sabah,Sandakan,RM3k-6k,Medium,2020-01-28,2026-08-01,2026-08-14 00:26:12.005687
CUST002471,Female,1983-09-09,Selangor,Petaling Jaya,>RM15k,Low,2021-03-20,2026-08-01,2026-08-14 00:26:12.005687
CUST002472,Male,1993-04-24,Selangor,Subang Jaya,RM3k-6k,Low,2024-03-06,2026-08-01,2026-08-14 00:26:12.005687
CUST002473,Male,2001-10-14,Kuala Lumpur,Kuala Lumpur,RM6k-10k,High,2024-01-04,2026-08-01,2026-08-14 00:26:12.005687
CUST002474,Male,1972-11-11,Kuala Lumpur,Kuala Lumpur,RM6k-10k,High,2025-11-26,2026-08-01,2026-08-14 00:26:12.005687
CUST002475,Female,1980-11-29,Kuala Lumpur,Kuala Lumpur,RM3k-6k,Low,2024-04-10,2026-08-01,2026-08-14 00:26:12.005687
CUST002476,Female,1985-09-02,Kuala Lumpur,Kuala Lumpur,RM6k-10k,Low,2025-08-18,2026-08-01,2026-08-14 00:26:12.005687
CUST002477,Female,1995-04-30,Kuala Lumpur,Kuala Lumpur,RM10k-15k,Low,2020-02-17,2026-08-01,2026-08-14 00:26:12.005687
CUST002478,Female,1978-08-14,Sarawak,Miri,RM6k-10k,Low,2022-11-05,2026-08-01,2026-08-14 00:26:12.005687
CUST002479,Female,1973-05-08,Sabah,Sandakan,RM6k-10k,Low,2022-04-06,2026-08-01,2026-08-14 00:26:12.005687
CUST002480,Male,1996-06-22,Sarawak,Miri,RM6k-10k,Medium,2019-03-20,2026-08-01,2026-08-14 00:26:12.005687
CUST002481,Male,2001-09-14,Penang,Butterworth,RM3k-6k,Low,2025-07-29,2026-08-01,2026-08-14 00:26:12.005687
CUST002482,Female,1982-11-18,Penang,George Town,<RM3k,High,2018-12-15,2026-08-01,2026-08-14 00:26:12.005687
CUST002483,Female,1960-01-27,Kuala Lumpur,Kuala Lumpur,<RM3k,High,2024-11-02,2026-08-01,2026-08-14 00:26:12.005687
CUST002484,Female,1969-03-15,Perak,Ipoh,RM6k-10k,Low,2020-02-19,2026-08-01,2026-08-14 00:26:12.005687
CUST002485,Male,1977-09-06,Selangor,Shah Alam,>RM15k,Low,2019-10-10,2026-08-01,2026-08-14 00:26:12.005687
CUST002486,Female,1989-06-22,Johor,Johor Bahru,<RM3k,Low,2022-10-23,2026-08-01,2026-08-14 00:26:12.005687
CUST002487,Male,1987-10-25,Negeri Sembilan,Seremban,RM6k-10k,Low,2021-09-27,2026-08-01,2026-08-14 00:26:12.005687
CUST002488,Male,1995-03-07,Melaka,Melaka City,RM3k-6k,Medium,2021-02-02,2026-08-01,2026-08-14 00:26:12.005687
CUST002489,Female,1956-06-20,Selangor,Shah Alam,RM6k-10k,Medium,2025-03-23,2026-08-01,2026-08-14 00:26:12.005687
CUST002490,Male,1977-10-21,Sabah,Sandakan,RM10k-15k,Low,2023-08-04,2026-08-01,2026-08-14 00:26:12.005687
CUST002491,Male,1989-05-08,Kuala Lumpur,Kuala Lumpur,RM10k-15k,High,2022-11-14,2026-08-01,2026-08-14 00:26:12.005687
CUST002492,Female,2003-05-15,Kuala Lumpur,Kuala Lumpur,RM6k-10k,Low,2024-04-20,2026-08-01,2026-08-14 00:26:12.005687
CUST002493,Female,1961-12-22,Kuala Lumpur,Kuala Lumpur,RM10k-15k,Low,2024-06-04,2026-08-01,2026-08-14 00:26:12.005687
CUST002494,Male,1998-01-27,Kuala Lumpur,Kuala Lumpur,<RM3k,High,2019-06-12,2026-08-01,2026-08-14 00:26:12.005687
CUST002495,Male,1955-05-20,Perak,Ipoh,RM6k-10k,Low,2021-07-13,2026-08-01,2026-08-14 00:26:12.005687
CUST002496,Male,1964-08-25,Selangor,Subang Jaya,RM3k-6k,Low,2025-03-29,2026-08-01,2026-08-14 00:26:12.005687
CUST002497,Male,1996-07-01,Kuala Lumpur,Kuala Lumpur,>RM15k,Low,2024-07-06,2026-08-01,2026-08-14 00:26:12.005687
CUST002498,Female,1993-07-19,Negeri Sembilan,Seremban,RM10k-15k,Low,2018-06-26,2026-08-01,2026-08-14 00:26:12.005687
CUST002499,Male,2002-08-30,Johor,Batu Pahat,<RM3k,Low,2019-12-21,2026-08-01,2026-08-14 00:26:12.005687
CUST002500,Male,1984-06-11,Selangor,Subang Jaya,RM3k-6k,Medium,2020-02-13,2026-08-01,2026-08-14 00:26:12.005687
CUST002501,Female,1985-03-07,Johor,Batu Pahat,RM3k-6k,Low,2022-02-08,2026-08-01,2026-08-14 00:26:12.005687
CUST002502,Male,1981-03-15,Johor,Batu Pahat,>RM15k,Medium,2024-07-08,2026-08-01,2026-08-14 00:26:12.005687
CUST002503,Male,1980-01-27,Johor,Muar,<RM3k,Low,2021-11-12,2026-08-01,2026-08-14 00:26:12.005687
CUST002504,Male,1980-03-07,Penang,Butterworth,RM6k-10k,Low,2019-06-21,2026-08-01,2026-08-14 00:26:12.005687
CUST002505,Female,1969-05-01,Melaka,Melaka City,RM3k-6k,High,2022-06-16,2026-08-01,2026-08-14 00:26:12.005687
CUST002506,Female,1996-10-24,Selangor,Subang Jaya,RM6k-10k,Medium,2019-10-06,2026-08-01,2026-08-14 00:26:12.005687
CUST002507,Male,1972-06-22,Johor,Johor Bahru,RM6k-10k,Medium,2023-06-04,2026-08-01,2026-08-14 00:26:12.005687
CUST002508,Male,1984-12-06,Kuala Lumpur,Kuala Lumpur,RM3k-6k,Low,2025-10-20,2026-08-01,2026-08-14 00:26:12.005687
CUST002509,Male,1987-10-16,Sarawak,Kuching,RM10k-15k,Low,2023-01-22,2026-08-01,2026-08-14 00:26:12.005687
CUST002510,Male,1981-05-06,Selangor,Subang Jaya,<RM3k,Medium,2025-04-19,2026-08-01,2026-08-14 00:26:12.005687
CUST002511,Female,1984-12-16,Selangor,Klang,RM10k-15k,High,2022-05-10,2026-08-01,2026-08-14 00:26:12.005687
CUST002512,Female,1957-05-24,Negeri Sembilan,Seremban,RM3k-6k,Medium,2024-07-02,2026-08-01,2026-08-14 00:26:12.005687
CUST002513,Female,1970-06-25,Penang,George Town,RM6k-10k,Low,2025-07-09,2026-08-01,2026-08-14 00:26:12.005687
CUST002514,Female,1976-12-18,Kuala Lumpur,Kuala Lumpur,RM3k-6k,Low,2019-05-23,2026-08-01,2026-08-14 00:26:12.005687
CUST002515,Female,1974-04-25,Selangor,Subang Jaya,RM6k-10k,Low,2023-04-29,2026-08-01,2026-08-14 00:26:12.005687
CUST002516,Male,1999-06-29,Selangor,Subang Jaya,RM3k-6k,Low,2020-01-16,2026-08-01,2026-08-14 00:26:12.005687
CUST002517,Female,1998-12-16,Negeri Sembilan,Seremban,RM6k-10k,Low,2018-09-05,2026-08-01,2026-08-14 00:26:12.005687
CUST002518,Female,1989-11-15,Johor,Batu Pahat,<RM3k,Low,2019-11-18,2026-08-01,2026-08-14 00:26:12.005687
CUST002519,Male,1972-04-05,Selangor,Petaling Jaya,RM3k-6k,Low,2019-02-21,2026-08-01,2026-08-14 00:26:12.005687
CUST002520,Female,1957-06-30,Penang,Butterworth,RM10k-15k,Medium,2019-07-07,2026-08-01,2026-08-14 00:26:12.005687
CUST002521,Female,1991-12-31,Selangor,Klang,RM3k-6k,Medium,2018-01-20,2026-08-01,2026-08-14 00:26:12.005687
CUST002522,Male,1998-04-24,Kuala Lumpur,Kuala Lumpur,RM6k-10k,Medium,2025-10-05,2026-08-01,2026-08-14 00:26:12.005687
CUST002523,Female,1978-12-28,Sarawak,Miri,RM6k-10k,Low,2021-07-10,2026-08-01,2026-08-14 00:26:12.005687
CUST002524,Male,1995-07-04,Kuala Lumpur,Kuala Lumpur,RM3k-6k,Low,2019-04-30,2026-08-01,2026-08-14 00:26:12.005687
CUST002525,Male,2000-08-07,Melaka,Melaka City,RM10k-15k,High,2020-09-29,2026-08-01,2026-08-14 00:26:12.005687
CUST002526,Female,1981-10-14,Sabah,Sandakan,RM3k-6k,Low,2023-12-22,2026-08-01,2026-08-14 00:26:12.005687
CUST002527,Male,1965-04-08,Kuala Lumpur,Kuala Lumpur,>RM15k,Medium,2023-01-21,2026-08-01,2026-08-14 00:26:12.005687
CUST002528,Male,1956-02-05,Perak,Ipoh,RM10k-15k,Low,2018-05-30,2026-08-01,2026-08-14 00:26:12.005687
CUST002529,Male,1992-02-02,Sabah,Sandakan,RM3k-6k,Medium,2019-03-08,2026-08-01,2026-08-14 00:26:12.005687
CUST002530,Male,1982-07-23,Penang,George Town,RM3k-6k,Low,2022-05-08,2026-08-01,2026-08-14 00:26:12.005687
CUST002531,Male,1962-07-13,Penang,Butterworth,RM6k-10k,Medium,2025-10-03,2026-08-01,2026-08-14 00:26:12.005687
CUST002532,Male,1957-09-03,Kuala Lumpur,Kuala Lumpur,RM10k-15k,High,2018-07-26,2026-08-01,2026-08-14 00:26:12.005687
CUST002533,Male,2002-07-02,Kuala Lumpur,Kuala Lumpur,RM3k-6k,Low,2024-11-23,2026-08-01,2026-08-14 00:26:12.005687
CUST002534,Female,1970-09-12,Perak,Taiping,RM3k-6k,Medium,2018-06-30,2026-08-01,2026-08-14 00:26:12.005687
CUST002535,Male,1971-01-10,Kuala Lumpur,Kuala Lumpur,<RM3k,High,2021-12-18,2026-08-01,2026-08-14 00:26:12.005687
CUST002536,Male,1985-10-24,Selangor,Petaling Jaya,RM10k-15k,Medium,2019-11-04,2026-08-01,2026-08-14 00:26:12.005687
CUST002537,Male,1972-11-09,Johor,Muar,RM6k-10k,Low,2021-05-21,2026-08-01,2026-08-14 00:26:12.005687
CUST002538,Female,1999-09-24,Kuala Lumpur,Kuala Lumpur,RM3k-6k,Low,2025-05-27,2026-08-01,2026-08-14 00:26:12.005687
CUST002539,Female,1988-05-13,Sabah,Kota Kinabalu,RM6k-10k,High,2019-09-23,2026-08-01,2026-08-14 00:26:12.005687
CUST002540,Male,1972-07-13,Sarawak,Kuching,RM10k-15k,Medium,2023-02-10,2026-08-01,2026-08-14 00:26:12.005687
CUST002541,Male,1968-01-24,Sarawak,Miri,>RM15k,High,2020-08-31,2026-08-01,2026-08-14 00:26:12.005687
CUST002542,Female,1997-02-19,Kuala Lumpur,Kuala Lumpur,<RM3k,Low,2023-03-18,2026-08-01,2026-08-14 00:26:12.005687
CUST002543,Female,1983-12-29,Johor,Batu Pahat,RM3k-6k,Medium,2018-06-10,2026-08-01,2026-08-14 00:26:12.005687
CUST002544,Female,1999-12-30,Sarawak,Kuching,RM3k-6k,Medium,2020-05-19,2026-08-01,2026-08-14 00:26:12.005687
CUST002545,Male,1971-11-28,Selangor,Klang,RM6k-10k,Medium,2025-08-29,2026-08-01,2026-08-14 00:26:12.005687
CUST002546,Female,1956-01-12,Perak,Ipoh,<RM3k,Medium,2023-10-15,2026-08-01,2026-08-14 00:26:12.005687
CUST002547,Male,1999-01-20,Penang,George Town,RM3k-6k,Low,2025-06-29,2026-08-01,2026-08-14 00:26:12.005687
CUST002548,Female,1966-09-24,Selangor,Klang,RM10k-15k,Medium,2023-06-14,2026-08-01,2026-08-14 00:26:12.005687
CUST002549,Female,1996-06-04,Selangor,Klang,RM6k-10k,Medium,2019-06-26,2026-08-01,2026-08-14 00:26:12.005687
CUST002550,Female,1989-10-12,Perak,Ipoh,<RM3k,Low,2021-09-10,2026-08-01,2026-08-14 00:26:12.005687
CUST002551,Male,1966-05-10,Kuala Lumpur,Kuala Lumpur,RM3k-6k,Low,2025-01-08,2026-08-01,2026-08-14 00:26:12.005687
CUST002552,Male,1992-01-31,Sarawak,Miri,<RM3k,High,2023-06-17,2026-08-01,2026-08-14 00:26:12.005687
CUST002553,Male,1958-12-30,Penang,Butterworth,RM3k-6k,Low,2022-02-28,2026-08-01,2026-08-14 00:26:12.005687
CUST002554,Male,1974-03-24,Kuala Lumpur,Kuala Lumpur,RM3k-6k,Low,2024-12-07,2026-08-01,2026-08-14 00:26:12.005687
CUST002555,Female,1972-06-20,Perak,Taiping,<RM3k,Medium,2018-11-28,2026-08-01,2026-08-14 00:26:12.005687
CUST002556,Male,1987-03-07,Johor,Johor Bahru,<RM3k,High,2025-09-06,2026-08-01,2026-08-14 00:26:12.005687
CUST002557,Female,1981-03-10,Selangor,Petaling Jaya,RM10k-15k,Medium,2019-01-04,2026-08-01,2026-08-14 00:26:12.005687
CUST002558,Female,1984-12-29,Negeri Sembilan,Seremban,RM10k-15k,Low,2025-12-21,2026-08-01,2026-08-14 00:26:12.005687
CUST002559,Female,1978-05-02,Perak,Taiping,<RM3k,Low,2024-06-08,2026-08-01,2026-08-14 00:26:12.005687
CUST002560,Female,1991-04-01,Penang,Butterworth,RM6k-10k,Low,2021-11-27,2026-08-01,2026-08-14 00:26:12.005687
CUST002561,Male,1962-11-04,Sarawak,Kuching,<RM3k,Low,2021-10-23,2026-08-01,2026-08-14 00:26:12.005687
CUST002562,Male,1990-03-19,Johor,Muar,RM10k-15k,Medium,2018-04-06,2026-08-01,2026-08-14 00:26:12.005687
CUST002563,Male,1957-06-14,Johor,Johor Bahru,RM10k-15k,Low,2020-07-14,2026-08-01,2026-08-14 00:26:12.005687
CUST002564,Male,1959-03-17,Selangor,Petaling Jaya,RM6k-10k,Low,2019-11-01,2026-08-01,2026-08-14 00:26:12.005687
CUST002565,Male,1990-06-16,Kuala Lumpur,Kuala Lumpur,RM6k-10k,Medium,2023-08-27,2026-08-01,2026-08-14 00:26:12.005687
CUST002566,Female,1962-10-03,Johor,Batu Pahat,RM3k-6k,Low,2019-07-29,2026-08-01,2026-08-14 00:26:12.005687
CUST002567,Female,1992-09-25,Johor,Johor Bahru,RM3k-6k,Low,2024-06-12,2026-08-01,2026-08-14 00:26:12.005687
CUST002568,Female,1961-07-03,Sabah,Sandakan,RM6k-10k,Low,2020-05-27,2026-08-01,2026-08-14 00:26:12.005687
CUST002569,Male,1962-03-10,Johor,Johor Bahru,<RM3k,Low,2024-10-19,2026-08-01,2026-08-14 00:26:12.005687
CUST002570,Male,2000-09-08,Penang,Bayan Lepas,RM6k-10k,Low,2020-11-19,2026-08-01,2026-08-14 00:26:12.005687
CUST002571,Female,1963-09-09,Sarawak,Miri,RM3k-6k,High,2024-01-08,2026-08-01,2026-08-14 00:26:12.005687
CUST002572,Male,1999-10-05,Negeri Sembilan,Seremban,<RM3k,Medium,2023-05-08,2026-08-01,2026-08-14 00:26:12.005687
CUST002573,Male,1972-01-21,Selangor,Klang,RM6k-10k,Medium,2025-11-30,2026-08-01,2026-08-14 00:26:12.005687
CUST002574,Male,1994-01-26,Melaka,Melaka City,RM10k-15k,Medium,2022-03-16,2026-08-01,2026-08-14 00:26:12.005687
CUST002575,Male,2001-01-11,Sarawak,Kuching,RM6k-10k,Low,2020-10-27,2026-08-01,2026-08-14 00:26:12.005687
CUST002576,Male,1960-09-19,Kuala Lumpur,Kuala Lumpur,RM6k-10k,Medium,2023-03-13,2026-08-01,2026-08-14 00:26:12.005687
CUST002577,Male,1971-03-12,Selangor,Subang Jaya,RM10k-15k,Low,2018-03-29,2026-08-01,2026-08-14 00:26:12.005687
CUST002578,Male,1983-02-20,Selangor,Klang,<RM3k,Low,2025-10-09,2026-08-01,2026-08-14 00:26:12.005687
CUST002579,Female,1997-05-29,Perak,Ipoh,RM6k-10k,Low,2023-06-04,2026-08-01,2026-08-14 00:26:12.005687
CUST002580,Male,1964-03-04,Penang,Butterworth,RM3k-6k,Low,2018-05-24,2026-08-01,2026-08-14 00:26:12.005687
CUST002581,Female,1964-02-25,Johor,Muar,RM3k-6k,Low,2019-05-19,2026-08-01,2026-08-14 00:26:12.005687
CUST002582,Male,1973-01-18,Sabah,Sandakan,>RM15k,Low,2018-02-12,2026-08-01,2026-08-14 00:26:12.005687
CUST002583,Female,1965-01-09,Selangor,Shah Alam,RM3k-6k,Low,2023-05-03,2026-08-01,2026-08-14 00:26:12.005687
CUST002584,Female,1968-02-01,Selangor,Petaling Jaya,RM3k-6k,Low,2023-04-28,2026-08-01,2026-08-14 00:26:12.005687
CUST002585,Female,1961-05-12,Sarawak,Miri,<RM3k,Low,2019-04-21,2026-08-01,2026-08-14 00:26:12.005687
CUST002586,Female,1995-08-13,Negeri Sembilan,Seremban,>RM15k,Medium,2022-05-15,2026-08-01,2026-08-14 00:26:12.005687
CUST002587,Female,1994-01-13,Sabah,Kota Kinabalu,RM10k-15k,Low,2021-12-01,2026-08-01,2026-08-14 00:26:12.005687
CUST002588,Female,1962-01-29,Selangor,Subang Jaya,<RM3k,Medium,2021-11-11,2026-08-01,2026-08-14 00:26:12.005687
CUST002589,Female,1981-04-19,Kuala Lumpur,Kuala Lumpur,RM6k-10k,Low,2022-12-11,2026-08-01,2026-08-14 00:26:12.005687
CUST002590,Female,1986-08-30,Selangor,Petaling Jaya,<RM3k,Low,2024-10-28,2026-08-01,2026-08-14 00:26:12.005687
CUST002591,Male,1985-09-30,Johor,Batu Pahat,RM6k-10k,Medium,2025-04-25,2026-08-01,2026-08-14 00:26:12.005687
CUST002592,Male,2003-03-17,Selangor,Petaling Jaya,RM6k-10k,Medium,2019-04-10,2026-08-01,2026-08-14 00:26:12.005687
CUST002593,Male,1986-06-03,Melaka,Melaka City,<RM3k,Low,2025-07-20,2026-08-01,2026-08-14 00:26:12.005687
CUST002594,Female,1988-08-30,Perak,Taiping,RM6k-10k,Low,2022-08-03,2026-08-01,2026-08-14 00:26:12.005687
CUST002595,Female,1956-08-11,Selangor,Petaling Jaya,>RM15k,Medium,2019-06-13,2026-08-01,2026-08-14 00:26:12.005687
CUST002596,Male,1958-11-18,Selangor,Klang,RM3k-6k,Low,2025-06-15,2026-08-01,2026-08-14 00:26:12.005687
CUST002597,Female,1985-04-29,Selangor,Klang,<RM3k,Low,2020-12-16,2026-08-01,2026-08-14 00:26:12.005687
CUST002598,Female,1999-06-25,Johor,Johor Bahru,>RM15k,Low,2021-07-26,2026-08-01,2026-08-14 00:26:12.005687
CUST002599,Male,1974-07-21,Perak,Taiping,<RM3k,Medium,2025-09-26,2026-08-01,2026-08-14 00:26:12.005687
CUST002600,Male,1986-07-05,Kuala Lumpur,Kuala Lumpur,RM3k-6k,Low,2022-08-21,2026-08-01,2026-08-14 00:26:12.005687
CUST002601,Female,1965-04-17,Sarawak,Kuching,RM6k-10k,High,2019-02-22,2026-08-01,2026-08-14 00:26:12.005687
CUST002602,Male,1977-05-11,Kuala Lumpur,Kuala Lumpur,RM3k-6k,Medium,2018-07-24,2026-08-01,2026-08-14 00:26:12.005687
CUST002603,Female,1991-10-24,Selangor,Subang Jaya,<RM3k,Medium,2024-07-24,2026-08-01,2026-08-14 00:26:12.005687
CUST002604,Male,1987-04-28,Negeri Sembilan,Seremban,<RM3k,Low,2020-10-16,2026-08-01,2026-08-14 00:26:12.005687
CUST002605,Female,1960-08-05,Selangor,Petaling Jaya,<RM3k,Medium,2018-10-19,2026-08-01,2026-08-14 00:26:12.005687
CUST002606,Female,1998-01-26,Kuala Lumpur,Kuala Lumpur,RM6k-10k,Low,2018-05-01,2026-08-01,2026-08-14 00:26:12.005687
CUST002607,Male,2000-06-04,Penang,Bayan Lepas,RM10k-15k,Low,2025-07-24,2026-08-01,2026-08-14 00:26:12.005687
CUST002608,Female,1978-05-18,Selangor,Shah Alam,<RM3k,Low,2022-07-30,2026-08-01,2026-08-14 00:26:12.005687
CUST002609,Male,1971-09-12,Kuala Lumpur,Kuala Lumpur,RM6k-10k,Medium,2022-03-11,2026-08-01,2026-08-14 00:26:12.005687
CUST002610,Female,1981-01-12,Kuala Lumpur,Kuala Lumpur,RM3k-6k,Medium,2022-09-21,2026-08-01,2026-08-14 00:26:12.005687
CUST002611,Male,1994-04-07,Kuala Lumpur,Kuala Lumpur,<RM3k,High,2021-05-08,2026-08-01,2026-08-14 00:26:12.005687
CUST002612,Male,1977-03-02,Johor,Johor Bahru,RM6k-10k,Low,2025-08-09,2026-08-01,2026-08-14 00:26:12.005687
CUST002613,Male,1956-06-23,Selangor,Petaling Jaya,RM3k-6k,High,2022-10-25,2026-08-01,2026-08-14 00:26:12.005687
CUST002614,Male,1958-07-23,Sabah,Sandakan,RM6k-10k,Medium,2023-02-08,2026-08-01,2026-08-14 00:26:12.005687
CUST002615,Female,1994-10-06,Sarawak,Miri,RM3k-6k,Medium,2025-02-23,2026-08-01,2026-08-14 00:26:12.005687
CUST002616,Male,1993-07-25,Kuala Lumpur,Kuala Lumpur,RM6k-10k,Medium,2018-01-09,2026-08-01,2026-08-14 00:26:12.005687
CUST002617,Female,1992-10-29,Selangor,Klang,>RM15k,Low,2020-07-20,2026-08-01,2026-08-14 00:26:12.005687
CUST002618,Male,1961-03-12,Kuala Lumpur,Kuala Lumpur,RM3k-6k,Medium,2024-08-30,2026-08-01,2026-08-14 00:26:12.005687
CUST002619,Male,1963-05-13,Selangor,Klang,>RM15k,Medium,2018-10-09,2026-08-01,2026-08-14 00:26:12.005687
CUST002620,Male,1974-05-02,Selangor,Klang,RM3k-6k,Medium,2020-08-20,2026-08-01,2026-08-14 00:26:12.005687
CUST002621,Male,1966-04-24,Sabah,Kota Kinabalu,<RM3k,Low,2019-04-23,2026-08-01,2026-08-14 00:26:12.005687
CUST002622,Male,1973-12-14,Selangor,Shah Alam,RM3k-6k,Low,2023-09-18,2026-08-01,2026-08-14 00:26:12.005687
CUST002623,Female,1982-05-13,Johor,Muar,RM10k-15k,Low,2024-09-30,2026-08-01,2026-08-14 00:26:12.005687
CUST002624,Male,1968-09-20,Perak,Ipoh,RM6k-10k,Low,2020-02-11,2026-08-01,2026-08-14 00:26:12.005687
CUST002625,Male,1961-01-18,Sarawak,Kuching,>RM15k,Low,2023-07-02,2026-08-01,2026-08-14 00:26:12.005687
CUST002626,Female,1974-09-21,Selangor,Subang Jaya,RM6k-10k,High,2024-01-30,2026-08-01,2026-08-14 00:26:12.005687
CUST002627,Male,1990-05-28,Selangor,Shah Alam,RM3k-6k,Low,2025-03-30,2026-08-01,2026-08-14 00:26:12.005687
CUST002628,Female,1985-04-12,Negeri Sembilan,Seremban,>RM15k,Low,2025-06-02,2026-08-01,2026-08-14 00:26:12.005687
CUST002629,Female,1970-10-01,Selangor,Petaling Jaya,>RM15k,Low,2021-08-23,2026-08-01,2026-08-14 00:26:12.005687
CUST002630,Female,1970-04-04,Perak,Taiping,RM10k-15k,Low,2018-08-20,2026-08-01,2026-08-14 00:26:12.005687
CUST002631,Female,1983-08-07,Perak,Ipoh,RM6k-10k,Low,2023-12-15,2026-08-01,2026-08-14 00:26:12.005687
CUST002632,Male,1963-06-15,Johor,Batu Pahat,RM10k-15k,Medium,2022-05-10,2026-08-01,2026-08-14 00:26:12.005687
CUST002633,Male,1995-11-05,Selangor,Klang,<RM3k,High,2021-09-03,2026-08-01,2026-08-14 00:26:12.005687
CUST002634,Male,1997-08-06,Kuala Lumpur,Kuala Lumpur,>RM15k,Low,2022-04-28,2026-08-01,2026-08-14 00:26:12.005687
CUST002635,Male,1956-03-30,Johor,Muar,>RM15k,Low,2023-02-24,2026-08-01,2026-08-14 00:26:12.005687
CUST002636,Female,2002-07-27,Johor,Johor Bahru,RM6k-10k,Medium,2020-04-16,2026-08-01,2026-08-14 00:26:12.005687
CUST002637,Female,1956-02-24,Sabah,Sandakan,RM3k-6k,Low,2020-08-16,2026-08-01,2026-08-14 00:26:12.005687
CUST002638,Female,1977-06-20,Perak,Taiping,<RM3k,Medium,2020-09-25,2026-08-01,2026-08-14 00:26:12.005687
CUST002639,Male,1987-09-12,Melaka,Melaka City,>RM15k,Medium,2021-12-11,2026-08-01,2026-08-14 00:26:12.005687
CUST002640,Female,1971-01-09,Negeri Sembilan,Seremban,RM10k-15k,Medium,2023-05-30,2026-08-01,2026-08-14 00:26:12.005687
CUST002641,Male,1964-12-23,Perak,Ipoh,RM10k-15k,Low,2018-05-03,2026-08-01,2026-08-14 00:26:12.005687
CUST002642,Male,1957-04-29,Kuala Lumpur,Kuala Lumpur,>RM15k,High,2020-05-04,2026-08-01,2026-08-14 00:26:12.005687
CUST002643,Male,1990-08-22,Selangor,Shah Alam,RM6k-10k,High,2023-10-28,2026-08-01,2026-08-14 00:26:12.005687
CUST002644,Male,1956-10-21,Penang,Butterworth,RM10k-15k,Low,2018-03-31,2026-08-01,2026-08-14 00:26:12.005687
CUST002645,Female,1978-09-22,Penang,Butterworth,<RM3k,Low,2024-05-12,2026-08-01,2026-08-14 00:26:12.005687
CUST002646,Male,1974-04-02,Selangor,Petaling Jaya,RM3k-6k,Low,2024-02-25,2026-08-01,2026-08-14 00:26:12.005687
CUST002647,Male,2002-05-31,Penang,Bayan Lepas,RM6k-10k,Low,2020-07-21,2026-08-01,2026-08-14 00:26:12.005687
CUST002648,Male,2000-07-30,Selangor,Shah Alam,RM3k-6k,High,2023-01-01,2026-08-01,2026-08-14 00:26:12.005687
CUST002649,Male,1995-01-21,Selangor,Klang,RM3k-6k,Low,2021-12-02,2026-08-01,2026-08-14 00:26:12.005687
CUST002650,Male,1990-10-20,Sarawak,Miri,RM10k-15k,Low,2020-01-02,2026-08-01,2026-08-14 00:26:12.005687
CUST002651,Male,1981-08-07,Johor,Batu Pahat,<RM3k,Low,2019-03-13,2026-08-01,2026-08-14 00:26:12.005687
CUST002652,Female,1972-02-11,Johor,Johor Bahru,RM6k-10k,Medium,2025-09-09,2026-08-01,2026-08-14 00:26:12.005687
CUST002653,Male,1963-03-02,Penang,Bayan Lepas,<RM3k,Medium,2024-11-15,2026-08-01,2026-08-14 00:26:12.005687
CUST002654,Male,2002-06-07,Penang,George Town,RM10k-15k,Medium,2025-03-09,2026-08-01,2026-08-14 00:26:12.005687
CUST002655,Female,1973-11-10,Selangor,Petaling Jaya,RM3k-6k,Medium,2019-02-16,2026-08-01,2026-08-14 00:26:12.005687
CUST002656,Male,1976-01-04,Penang,George Town,RM10k-15k,Low,2025-09-17,2026-08-01,2026-08-14 00:26:12.005687
CUST002657,Female,1961-12-01,Selangor,Subang Jaya,RM6k-10k,Medium,2023-01-03,2026-08-01,2026-08-14 00:26:12.005687
CUST002658,Male,1968-07-24,Perak,Taiping,RM3k-6k,Low,2022-02-05,2026-08-01,2026-08-14 00:26:12.005687
CUST002659,Female,1986-02-03,Kuala Lumpur,Kuala Lumpur,RM3k-6k,Low,2020-09-25,2026-08-01,2026-08-14 00:26:12.005687
CUST002660,Female,1975-11-22,Negeri Sembilan,Seremban,<RM3k,Medium,2019-11-18,2026-08-01,2026-08-14 00:26:12.005687
CUST002661,Male,1983-09-15,Sabah,Kota Kinabalu,RM3k-6k,High,2020-08-08,2026-08-01,2026-08-14 00:26:12.005687
CUST002662,Female,1965-05-13,Selangor,Petaling Jaya,RM3k-6k,Medium,2019-05-23,2026-08-01,2026-08-14 00:26:12.005687
CUST002663,Female,1959-01-08,Selangor,Shah Alam,<RM3k,Medium,2024-04-26,2026-08-01,2026-08-14 00:26:12.005687
CUST002664,Female,1998-05-24,Selangor,Subang Jaya,RM10k-15k,Low,2025-08-02,2026-08-01,2026-08-14 00:26:12.005687
CUST002665,Male,1976-03-02,Perak,Taiping,RM3k-6k,Low,2025-09-26,2026-08-01,2026-08-14 00:26:12.005687
CUST002666,Male,1972-09-11,Perak,Ipoh,RM3k-6k,Low,2025-02-15,2026-08-01,2026-08-14 00:26:12.005687
CUST002667,Male,1969-01-06,Perak,Taiping,RM3k-6k,Medium,2019-01-22,2026-08-01,2026-08-14 00:26:12.005687
CUST002668,Female,1987-03-29,Melaka,Melaka City,RM3k-6k,Medium,2023-12-05,2026-08-01,2026-08-14 00:26:12.005687
CUST002669,Male,1982-08-03,Johor,Batu Pahat,RM6k-10k,Medium,2024-11-10,2026-08-01,2026-08-14 00:26:12.005687
CUST002670,Female,1974-01-23,Perak,Taiping,RM6k-10k,Low,2022-01-31,2026-08-01,2026-08-14 00:26:12.005687
CUST002671,Male,2000-08-11,Johor,Muar,RM6k-10k,Low,2022-06-19,2026-08-01,2026-08-14 00:26:12.005687
CUST002672,Female,1999-03-08,Penang,Butterworth,RM6k-10k,Low,2021-01-27,2026-08-01,2026-08-14 00:26:12.005687
CUST002673,Female,1964-09-22,Johor,Johor Bahru,RM3k-6k,Medium,2024-07-30,2026-08-01,2026-08-14 00:26:12.005687
CUST002674,Female,1986-06-23,Sabah,Kota Kinabalu,RM3k-6k,High,2023-08-17,2026-08-01,2026-08-14 00:26:12.005687
CUST002675,Male,2002-06-12,Kuala Lumpur,Kuala Lumpur,RM6k-10k,Low,2023-01-12,2026-08-01,2026-08-14 00:26:12.005687
CUST002676,Male,1978-12-03,Selangor,Shah Alam,RM3k-6k,Medium,2018-01-28,2026-08-01,2026-08-14 00:26:12.005687
CUST002677,Female,1956-06-24,Selangor,Subang Jaya,RM10k-15k,Medium,2025-09-06,2026-08-01,2026-08-14 00:26:12.005687
CUST002678,Male,1961-06-22,Negeri Sembilan,Seremban,RM6k-10k,Low,2022-03-12,2026-08-01,2026-08-14 00:26:12.005687
CUST002679,Male,1987-09-18,Johor,Muar,RM6k-10k,Low,2025-08-24,2026-08-01,2026-08-14 00:26:12.005687
CUST002680,Female,1999-03-11,Selangor,Petaling Jaya,RM6k-10k,Low,2023-06-06,2026-08-01,2026-08-14 00:26:12.005687
CUST002681,Male,1961-04-16,Selangor,Petaling Jaya,>RM15k,High,2022-03-02,2026-08-01,2026-08-14 00:26:12.005687
CUST002682,Male,1981-10-16,Johor,Johor Bahru,RM3k-6k,Low,2024-01-11,2026-08-01,2026-08-14 00:26:12.005687
CUST002683,Female,1979-05-06,Sarawak,Miri,RM3k-6k,Medium,2019-12-22,2026-08-01,2026-08-14 00:26:12.005687
CUST002684,Male,1968-12-19,Negeri Sembilan,Seremban,>RM15k,Low,2021-08-10,2026-08-01,2026-08-14 00:26:12.005687
CUST002685,Female,1985-12-13,Sarawak,Miri,RM6k-10k,Medium,2018-03-15,2026-08-01,2026-08-14 00:26:12.005687
CUST002686,Male,1998-01-06,Sarawak,Miri,RM3k-6k,Low,2023-12-17,2026-08-01,2026-08-14 00:26:12.005687
CUST002687,Female,1966-09-21,Selangor,Petaling Jaya,RM3k-6k,High,2020-08-04,2026-08-01,2026-08-14 00:26:12.005687
CUST002688,Male,1957-09-01,Selangor,Subang Jaya,RM3k-6k,Low,2018-10-07,2026-08-01,2026-08-14 00:26:12.005687
CUST002689,Female,1972-08-03,Penang,Butterworth,RM10k-15k,High,2024-05-15,2026-08-01,2026-08-14 00:26:12.005687
CUST002690,Male,1970-05-22,Perak,Taiping,RM3k-6k,Medium,2019-11-13,2026-08-01,2026-08-14 00:26:12.005687
CUST002691,Male,1990-08-18,Selangor,Klang,<RM3k,Low,2019-10-16,2026-08-01,2026-08-14 00:26:12.005687
CUST002692,Female,1981-04-21,Sabah,Sandakan,<RM3k,Medium,2019-02-27,2026-08-01,2026-08-14 00:26:12.005687
CUST002693,Male,1955-11-17,Selangor,Shah Alam,>RM15k,Medium,2022-10-29,2026-08-01,2026-08-14 00:26:12.005687
CUST002694,Male,1971-08-26,Selangor,Shah Alam,RM6k-10k,Low,2020-09-19,2026-08-01,2026-08-14 00:26:12.005687
CUST002695,Male,1991-01-07,Selangor,Klang,RM6k-10k,Medium,2022-07-25,2026-08-01,2026-08-14 00:26:12.005687
CUST002696,Female,1978-05-11,Sarawak,Miri,>RM15k,Medium,2020-10-02,2026-08-01,2026-08-14 00:26:12.005687
CUST002697,Male,1982-07-30,Sabah,Sandakan,RM3k-6k,Medium,2024-01-10,2026-08-01,2026-08-14 00:26:12.005687
CUST002698,Female,1967-12-14,Johor,Batu Pahat,RM10k-15k,Medium,2020-12-28,2026-08-01,2026-08-14 00:26:12.005687
CUST002699,Female,1970-08-25,Sarawak,Miri,RM6k-10k,Medium,2024-05-04,2026-08-01,2026-08-14 00:26:12.005687
CUST002700,Male,1961-05-16,Sarawak,Miri,RM3k-6k,Low,2021-09-22,2026-08-01,2026-08-14 00:26:12.005687
CUST002701,Male,1958-12-31,Selangor,Shah Alam,RM10k-15k,Low,2018-02-13,2026-08-01,2026-08-14 00:26:12.005687
CUST002702,Male,1956-10-21,Sabah,Kota Kinabalu,>RM15k,Low,2021-06-28,2026-08-01,2026-08-14 00:26:12.005687
CUST002703,Female,1985-08-05,Selangor,Klang,RM3k-6k,Medium,2019-12-17,2026-08-01,2026-08-14 00:26:12.005687
CUST002704,Male,1962-09-22,Johor,Muar,<RM3k,Low,2021-12-03,2026-08-01,2026-08-14 00:26:12.005687
CUST002705,Male,1983-02-11,Kuala Lumpur,Kuala Lumpur,RM10k-15k,Low,2018-12-31,2026-08-01,2026-08-14 00:26:12.005687
CUST002706,Female,2001-09-09,Johor,Johor Bahru,RM3k-6k,Medium,2024-01-08,2026-08-01,2026-08-14 00:26:12.005687
CUST002707,Male,1989-02-28,Johor,Muar,RM6k-10k,Low,2022-12-30,2026-08-01,2026-08-14 00:26:12.005687
CUST002708,Female,1983-03-12,Kuala Lumpur,Kuala Lumpur,RM3k-6k,Low,2019-02-19,2026-08-01,2026-08-14 00:26:12.005687
CUST002709,Female,1960-09-22,Johor,Johor Bahru,RM10k-15k,Medium,2025-10-28,2026-08-01,2026-08-14 00:26:12.005687
CUST002710,Male,1978-12-16,Perak,Taiping,RM6k-10k,Medium,2020-10-21,2026-08-01,2026-08-14 00:26:12.005687
CUST002711,Male,1998-08-31,Penang,George Town,>RM15k,Medium,2019-09-06,2026-08-01,2026-08-14 00:26:12.005687
CUST002712,Female,1973-10-30,Kuala Lumpur,Kuala Lumpur,RM3k-6k,Low,2018-01-01,2026-08-01,2026-08-14 00:26:12.005687
CUST002713,Female,1995-06-25,Kuala Lumpur,Kuala Lumpur,>RM15k,Medium,2019-12-22,2026-08-01,2026-08-14 00:26:12.005687
CUST002714,Female,1989-09-16,Selangor,Subang Jaya,RM6k-10k,High,2018-03-24,2026-08-01,2026-08-14 00:26:12.005687
CUST002715,Male,1968-01-27,Sarawak,Miri,RM6k-10k,Low,2021-11-11,2026-08-01,2026-08-14 00:26:12.005687
CUST002716,Female,1961-12-02,Sarawak,Miri,RM6k-10k,Low,2022-11-07,2026-08-01,2026-08-14 00:26:12.005687
CUST002717,Male,1955-11-01,Selangor,Petaling Jaya,RM6k-10k,Low,2020-12-16,2026-08-01,2026-08-14 00:26:12.005687
CUST002718,Male,1968-07-12,Perak,Taiping,RM6k-10k,High,2025-01-02,2026-08-01,2026-08-14 00:26:12.005687
CUST002719,Female,1971-04-24,Penang,Bayan Lepas,RM3k-6k,Low,2025-09-22,2026-08-01,2026-08-14 00:26:12.005687
CUST002720,Male,1987-02-20,Negeri Sembilan,Seremban,RM3k-6k,Low,2020-06-12,2026-08-01,2026-08-14 00:26:12.005687
CUST002721,Male,1983-01-20,Kuala Lumpur,Kuala Lumpur,RM6k-10k,Low,2023-02-06,2026-08-01,2026-08-14 00:26:12.005687
CUST002722,Male,1978-06-22,Johor,Johor Bahru,<RM3k,High,2021-03-19,2026-08-01,2026-08-14 00:26:12.005687
CUST002723,Female,1990-06-02,Penang,Butterworth,RM6k-10k,Low,2020-03-10,2026-08-01,2026-08-14 00:26:12.005687
CUST002724,Female,1992-09-24,Selangor,Klang,RM3k-6k,Low,2019-09-06,2026-08-01,2026-08-14 00:26:12.005687
CUST002725,Female,1989-12-16,Kuala Lumpur,Kuala Lumpur,RM3k-6k,High,2022-03-04,2026-08-01,2026-08-14 00:26:12.005687
CUST002726,Male,1998-12-15,Kuala Lumpur,Kuala Lumpur,RM6k-10k,Low,2019-02-22,2026-08-01,2026-08-14 00:26:12.005687
CUST002727,Male,1972-08-16,Johor,Johor Bahru,RM3k-6k,Medium,2023-05-19,2026-08-01,2026-08-14 00:26:12.005687
CUST002728,Female,1995-05-06,Perak,Taiping,>RM15k,Low,2025-01-26,2026-08-01,2026-08-14 00:26:12.005687
CUST002729,Female,1975-08-13,Perak,Taiping,>RM15k,Low,2020-12-11,2026-08-01,2026-08-14 00:26:12.005687
CUST002730,Male,1964-01-10,Selangor,Shah Alam,RM3k-6k,Low,2022-07-30,2026-08-01,2026-08-14 00:26:12.005687
CUST002731,Female,1962-02-22,Sarawak,Miri,RM3k-6k,Low,2025-10-22,2026-08-01,2026-08-14 00:26:12.005687
CUST002732,Female,1959-06-25,Selangor,Petaling Jaya,<RM3k,Low,2023-08-21,2026-08-01,2026-08-14 00:26:12.005687
CUST002733,Male,2001-10-27,Negeri Sembilan,Seremban,RM10k-15k,Medium,2021-03-25,2026-08-01,2026-08-14 00:26:12.005687
CUST002734,Female,1963-04-21,Kuala Lumpur,Kuala Lumpur,<RM3k,Low,2025-01-20,2026-08-01,2026-08-14 00:26:12.005687
CUST002735,Female,1995-12-04,Sarawak,Kuching,>RM15k,Low,2018-05-04,2026-08-01,2026-08-14 00:26:12.005687
CUST002736,Female,1993-05-23,Melaka,Melaka City,>RM15k,Medium,2022-09-15,2026-08-01,2026-08-14 00:26:12.005687
CUST002737,Female,1976-07-09,Sarawak,Kuching,<RM3k,High,2020-01-08,2026-08-01,2026-08-14 00:26:12.005687
CUST002738,Male,1999-10-10,Sarawak,Miri,RM6k-10k,Low,2019-06-11,2026-08-01,2026-08-14 00:26:12.005687
CUST002739,Male,1999-07-03,Selangor,Subang Jaya,RM3k-6k,Low,2022-02-18,2026-08-01,2026-08-14 00:26:12.005687
CUST002741,Female,1979-05-07,Penang,Bayan Lepas,<RM3k,Medium,2023-11-27,2026-08-01,2026-08-14 00:26:12.005687
CUST002742,Male,1969-08-11,Johor,Muar,RM6k-10k,Medium,2023-12-25,2026-08-01,2026-08-14 00:26:12.005687
CUST002743,Female,1957-02-22,Negeri Sembilan,Seremban,<RM3k,Low,2020-04-23,2026-08-01,2026-08-14 00:26:12.005687
CUST002744,Male,1996-03-04,Selangor,Shah Alam,RM10k-15k,Low,2021-04-24,2026-08-01,2026-08-14 00:26:12.005687
CUST002745,Female,1997-10-09,Selangor,Klang,RM3k-6k,Low,2018-11-27,2026-08-01,2026-08-14 00:26:12.005687
CUST002746,Male,1981-04-10,Melaka,Melaka City,RM6k-10k,Medium,2022-12-07,2026-08-01,2026-08-14 00:26:12.005687
CUST002747,Female,1958-06-23,Selangor,Petaling Jaya,>RM15k,Low,2024-06-06,2026-08-01,2026-08-14 00:26:12.005687
CUST002748,Female,1995-04-25,Kuala Lumpur,Kuala Lumpur,RM10k-15k,Low,2021-11-16,2026-08-01,2026-08-14 00:26:12.005687
CUST002749,Male,1969-08-13,Selangor,Shah Alam,RM6k-10k,Low,2020-07-02,2026-08-01,2026-08-14 00:26:12.005687
CUST002750,Female,1981-11-13,Sabah,Kota Kinabalu,RM3k-6k,Medium,2020-08-30,2026-08-01,2026-08-14 00:26:12.005687
CUST002751,Female,1987-04-24,Sarawak,Kuching,RM3k-6k,High,2023-03-14,2026-08-01,2026-08-14 00:26:12.005687
CUST002752,Male,1962-02-23,Kuala Lumpur,Kuala Lumpur,RM3k-6k,Low,2023-05-19,2026-08-01,2026-08-14 00:26:12.005687
CUST002753,Male,1958-01-28,Penang,Bayan Lepas,>RM15k,High,2021-10-23,2026-08-01,2026-08-14 00:26:12.005687
CUST002754,Female,1958-11-18,Penang,George Town,RM3k-6k,Low,2019-12-24,2026-08-01,2026-08-14 00:26:12.005687
CUST002755,Male,2001-12-28,Perak,Ipoh,RM3k-6k,Medium,2021-04-14,2026-08-01,2026-08-14 00:26:12.005687
CUST002756,Male,2001-11-25,Perak,Ipoh,RM10k-15k,Medium,2020-08-14,2026-08-01,2026-08-14 00:26:12.005687
CUST002757,Male,1975-11-30,Negeri Sembilan,Seremban,RM3k-6k,Medium,2018-10-14,2026-08-01,2026-08-14 00:26:12.005687
CUST002758,Male,1975-11-12,Selangor,Shah Alam,RM10k-15k,Low,2021-03-31,2026-08-01,2026-08-14 00:26:12.005687
CUST002759,Male,1974-12-07,Selangor,Shah Alam,RM3k-6k,Low,2024-10-15,2026-08-01,2026-08-14 00:26:12.005687
CUST002760,Male,1972-03-04,Penang,Butterworth,<RM3k,Medium,2022-12-01,2026-08-01,2026-08-14 00:26:12.005687
CUST002761,Male,1981-08-24,Johor,Batu Pahat,RM6k-10k,Medium,2019-01-26,2026-08-01,2026-08-14 00:26:12.005687
CUST002762,Male,1972-06-16,Johor,Johor Bahru,RM6k-10k,Low,2024-10-25,2026-08-01,2026-08-14 00:26:12.005687
CUST002763,Female,1985-03-10,Kuala Lumpur,Kuala Lumpur,>RM15k,Medium,2019-09-16,2026-08-01,2026-08-14 00:26:12.005687
CUST002764,Female,1973-07-26,Kuala Lumpur,Kuala Lumpur,RM3k-6k,Low,2022-12-02,2026-08-01,2026-08-14 00:26:12.005687
CUST002765,Female,1985-11-12,Negeri Sembilan,Seremban,<RM3k,Low,2022-07-17,2026-08-01,2026-08-14 00:26:12.005687
CUST002766,Male,2001-04-20,Kuala Lumpur,Kuala Lumpur,RM3k-6k,Medium,2023-10-22,2026-08-01,2026-08-14 00:26:12.005687
CUST002767,Female,1965-01-31,Penang,George Town,RM3k-6k,Low,2024-02-17,2026-08-01,2026-08-14 00:26:12.005687
CUST002768,Male,1958-01-27,Sabah,Sandakan,RM6k-10k,Low,2020-05-04,2026-08-01,2026-08-14 00:26:12.005687
CUST002769,Male,1980-10-20,Kuala Lumpur,Kuala Lumpur,RM3k-6k,Low,2024-03-21,2026-08-01,2026-08-14 00:26:12.005687
CUST002770,Male,1960-10-31,Selangor,Shah Alam,RM6k-10k,High,2022-09-12,2026-08-01,2026-08-14 00:26:12.005687
CUST002771,Female,1966-05-03,Selangor,Shah Alam,>RM15k,Low,2020-10-18,2026-08-01,2026-08-14 00:26:12.005687
CUST002772,Male,1993-09-09,Johor,Batu Pahat,RM3k-6k,Low,2018-10-31,2026-08-01,2026-08-14 00:26:12.005687
CUST002773,Male,1975-06-23,Selangor,Subang Jaya,RM6k-10k,Low,2022-07-19,2026-08-01,2026-08-14 00:26:12.005687
CUST002774,Female,1981-12-02,Penang,Bayan Lepas,RM3k-6k,Low,2021-09-15,2026-08-01,2026-08-14 00:26:12.005687
CUST002775,Male,1993-01-11,Selangor,Petaling Jaya,RM10k-15k,Low,2021-10-06,2026-08-01,2026-08-14 00:26:12.005687
CUST002776,Female,1961-04-19,Kuala Lumpur,Kuala Lumpur,RM3k-6k,Low,2023-07-09,2026-08-01,2026-08-14 00:26:12.005687
CUST002777,Male,1978-06-14,Kuala Lumpur,Kuala Lumpur,RM6k-10k,Low,2023-09-02,2026-08-01,2026-08-14 00:26:12.005687
CUST002778,Male,1956-09-08,Selangor,Petaling Jaya,RM3k-6k,Medium,2019-06-09,2026-08-01,2026-08-14 00:26:12.005687
CUST002779,Female,1979-06-16,Selangor,Shah Alam,<RM3k,Low,2020-05-15,2026-08-01,2026-08-14 00:26:12.005687
CUST002780,Female,1965-12-26,Negeri Sembilan,Seremban,RM3k-6k,Low,2025-03-20,2026-08-01,2026-08-14 00:26:12.005687
CUST002781,Female,1999-08-25,Kuala Lumpur,Kuala Lumpur,RM3k-6k,Medium,2022-10-02,2026-08-01,2026-08-14 00:26:12.005687
CUST002782,Female,1967-10-12,Johor,Batu Pahat,>RM15k,Low,2021-05-03,2026-08-01,2026-08-14 00:26:12.005687
CUST002783,Male,1964-10-22,Penang,Bayan Lepas,RM3k-6k,Low,2025-10-11,2026-08-01,2026-08-14 00:26:12.005687
CUST002784,Female,1955-09-12,Perak,Ipoh,>RM15k,High,2023-05-15,2026-08-01,2026-08-14 00:26:12.005687
CUST002785,Female,1961-07-13,Penang,Butterworth,RM6k-10k,Medium,2024-10-17,2026-08-01,2026-08-14 00:26:12.005687
CUST002786,Male,1965-08-03,Kuala Lumpur,Kuala Lumpur,RM3k-6k,Medium,2021-10-04,2026-08-01,2026-08-14 00:26:12.005687
CUST002787,Male,1966-03-05,Penang,Bayan Lepas,RM3k-6k,Low,2019-04-23,2026-08-01,2026-08-14 00:26:12.005687
CUST002788,Male,1991-03-05,Selangor,Klang,RM3k-6k,High,2023-11-09,2026-08-01,2026-08-14 00:26:12.005687
CUST002789,Male,1998-06-27,Sabah,Kota Kinabalu,RM10k-15k,Low,2024-07-12,2026-08-01,2026-08-14 00:26:12.005687
CUST002790,Female,1996-11-29,Selangor,Shah Alam,<RM3k,Low,2022-09-03,2026-08-01,2026-08-14 00:26:12.005687
CUST002791,Male,2001-11-10,Perak,Ipoh,RM10k-15k,Medium,2021-06-18,2026-08-01,2026-08-14 00:26:12.005687
CUST002792,Female,1999-01-04,Penang,George Town,<RM3k,Low,2018-12-25,2026-08-01,2026-08-14 00:26:12.005687
CUST002793,Male,1977-04-26,Perak,Ipoh,RM3k-6k,Medium,2019-12-19,2026-08-01,2026-08-14 00:26:12.005687
CUST002794,Male,1974-02-07,Kuala Lumpur,Kuala Lumpur,<RM3k,Low,2025-05-25,2026-08-01,2026-08-14 00:26:12.005687
CUST002795,Male,1986-10-24,Perak,Taiping,RM6k-10k,Low,2019-05-07,2026-08-01,2026-08-14 00:26:12.005687
CUST002796,Male,1970-08-26,Sabah,Sandakan,RM6k-10k,Medium,2023-04-13,2026-08-01,2026-08-14 00:26:12.005687
CUST002797,Male,1984-07-30,Johor,Batu Pahat,>RM15k,Medium,2023-04-22,2026-08-01,2026-08-14 00:26:12.005687
CUST002798,Female,2003-12-28,Selangor,Petaling Jaya,RM3k-6k,Medium,2021-10-10,2026-08-01,2026-08-14 00:26:12.005687
CUST002799,Male,1964-09-15,Kuala Lumpur,Kuala Lumpur,<RM3k,Low,2025-12-21,2026-08-01,2026-08-14 00:26:12.005687
CUST002800,Male,1992-09-11,Selangor,Subang Jaya,RM10k-15k,Low,2023-05-31,2026-08-01,2026-08-14 00:26:12.005687
CUST002801,Male,2000-11-01,Sabah,Kota Kinabalu,RM6k-10k,Medium,2025-09-24,2026-08-01,2026-08-14 00:26:12.005687
CUST002802,Male,1981-04-30,Selangor,Petaling Jaya,RM10k-15k,Low,2020-02-02,2026-08-01,2026-08-14 00:26:12.005687
CUST002803,Female,1972-06-11,Perak,Taiping,RM3k-6k,Medium,2023-12-04,2026-08-01,2026-08-14 00:26:12.005687
CUST002804,Male,1967-06-26,Sabah,Kota Kinabalu,RM10k-15k,Low,2024-02-25,2026-08-01,2026-08-14 00:26:12.005687
CUST002805,Female,1963-03-26,Perak,Taiping,<RM3k,Low,2025-05-07,2026-08-01,2026-08-14 00:26:12.005687
CUST002806,Female,1970-09-29,Perak,Ipoh,>RM15k,Low,2021-04-16,2026-08-01,2026-08-14 00:26:12.005687
CUST002807,Female,1991-07-31,Penang,Butterworth,<RM3k,Medium,2020-08-28,2026-08-01,2026-08-14 00:26:12.005687
CUST002808,Male,1980-04-01,Johor,Muar,RM10k-15k,Low,2024-06-09,2026-08-01,2026-08-14 00:26:12.005687
CUST002809,Female,1965-11-07,Selangor,Petaling Jaya,RM3k-6k,Low,2023-10-02,2026-08-01,2026-08-14 00:26:12.005687
CUST002810,Female,1981-07-24,Sarawak,Miri,RM10k-15k,High,2020-03-11,2026-08-01,2026-08-14 00:26:12.005687
CUST002811,Female,1994-08-23,Negeri Sembilan,Seremban,RM10k-15k,Low,2020-06-08,2026-08-01,2026-08-14 00:26:12.005687
CUST002812,Male,1955-09-02,Johor,Muar,RM10k-15k,Medium,2024-04-27,2026-08-01,2026-08-14 00:26:12.005687
CUST002813,Male,1956-01-04,Negeri Sembilan,Seremban,RM3k-6k,Low,2022-07-22,2026-08-01,2026-08-14 00:26:12.005687
CUST002814,Female,2002-01-03,Negeri Sembilan,Seremban,RM3k-6k,Low,2025-04-02,2026-08-01,2026-08-14 00:26:12.005687
CUST002815,Female,1991-08-30,Johor,Batu Pahat,RM10k-15k,Low,2023-01-16,2026-08-01,2026-08-14 00:26:12.005687
CUST002816,Male,1983-03-16,Perak,Taiping,RM6k-10k,Low,2025-11-04,2026-08-01,2026-08-14 00:26:12.005687
CUST002817,Female,1999-05-23,Penang,George Town,RM6k-10k,Medium,2020-08-14,2026-08-01,2026-08-14 00:26:12.005687
CUST002818,Male,1983-11-13,Selangor,Petaling Jaya,RM3k-6k,Low,2024-03-18,2026-08-01,2026-08-14 00:26:12.005687
CUST002819,Female,1980-07-06,Kuala Lumpur,Kuala Lumpur,RM3k-6k,Medium,2019-07-10,2026-08-01,2026-08-14 00:26:12.005687
CUST002820,Male,1965-05-12,Johor,Muar,RM3k-6k,Medium,2023-08-19,2026-08-01,2026-08-14 00:26:12.005687
CUST002821,Female,1994-09-20,Sabah,Kota Kinabalu,RM6k-10k,Medium,2021-05-04,2026-08-01,2026-08-14 00:26:12.005687
CUST002822,Male,1992-06-25,Selangor,Shah Alam,RM3k-6k,Low,2022-02-27,2026-08-01,2026-08-14 00:26:12.005687
CUST002823,Female,1969-06-26,Sabah,Sandakan,RM3k-6k,Low,2024-06-17,2026-08-01,2026-08-14 00:26:12.005687
CUST002824,Male,1991-02-15,Perak,Taiping,RM10k-15k,Low,2018-11-05,2026-08-01,2026-08-14 00:26:12.005687
CUST002825,Male,1990-08-17,Perak,Ipoh,RM6k-10k,High,2019-10-16,2026-08-01,2026-08-14 00:26:12.005687
CUST002826,Male,1959-08-30,Selangor,Klang,>RM15k,Medium,2022-06-24,2026-08-01,2026-08-14 00:26:12.005687
CUST002827,Female,1962-11-10,Johor,Muar,RM3k-6k,Medium,2021-04-24,2026-08-01,2026-08-14 00:26:12.005687
CUST002828,Female,1984-02-26,Selangor,Klang,RM3k-6k,Low,2022-07-04,2026-08-01,2026-08-14 00:26:12.005687
CUST002829,Male,1985-07-21,Selangor,Subang Jaya,RM6k-10k,Low,2021-06-11,2026-08-01,2026-08-14 00:26:12.005687
CUST002830,Male,1987-04-02,Kuala Lumpur,Kuala Lumpur,RM3k-6k,Low,2018-07-09,2026-08-01,2026-08-14 00:26:12.005687
CUST002831,Female,1973-04-15,Kuala Lumpur,Kuala Lumpur,RM6k-10k,Low,2025-06-28,2026-08-01,2026-08-14 00:26:12.005687
CUST002832,Female,1995-12-10,Selangor,Shah Alam,<RM3k,Low,2023-07-11,2026-08-01,2026-08-14 00:26:12.005687
CUST002833,Female,1976-11-01,Penang,George Town,RM6k-10k,Low,2022-11-17,2026-08-01,2026-08-14 00:26:12.005687
CUST002834,Male,1965-02-05,Johor,Muar,<RM3k,Low,2019-03-12,2026-08-01,2026-08-14 00:26:12.005687
CUST002835,Male,1960-08-22,Selangor,Shah Alam,RM6k-10k,Medium,2019-07-31,2026-08-01,2026-08-14 00:26:12.005687
CUST002836,Male,1998-01-01,Sarawak,Kuching,RM10k-15k,Low,2018-06-03,2026-08-01,2026-08-14 00:26:12.005687
CUST002837,Male,1989-08-25,Johor,Batu Pahat,<RM3k,Low,2021-10-12,2026-08-01,2026-08-14 00:26:12.005687
CUST002838,Female,1977-08-11,Melaka,Melaka City,RM3k-6k,Medium,2025-02-10,2026-08-01,2026-08-14 00:26:12.005687
CUST002839,Female,1965-04-03,Penang,George Town,RM6k-10k,Medium,2024-12-31,2026-08-01,2026-08-14 00:26:12.005687
CUST002840,Female,1959-09-24,Kuala Lumpur,Kuala Lumpur,RM6k-10k,Low,2022-02-12,2026-08-01,2026-08-14 00:26:12.005687
CUST002841,Male,1962-06-27,Melaka,Melaka City,<RM3k,Medium,2019-11-10,2026-08-01,2026-08-14 00:26:12.005687
CUST002842,Female,1960-03-05,Sarawak,Miri,RM3k-6k,Low,2018-08-05,2026-08-01,2026-08-14 00:26:12.005687
CUST002843,Female,1980-12-09,Penang,Butterworth,RM10k-15k,Low,2019-05-16,2026-08-01,2026-08-14 00:26:12.005687
CUST002844,Female,1964-09-09,Johor,Muar,RM6k-10k,High,2020-03-30,2026-08-01,2026-08-14 00:26:12.005687
CUST002845,Female,1961-04-06,Johor,Muar,RM10k-15k,Low,2022-05-29,2026-08-01,2026-08-14 00:26:12.005687
CUST002846,Male,1968-11-08,Johor,Batu Pahat,RM3k-6k,Medium,2023-10-21,2026-08-01,2026-08-14 00:26:12.005687
CUST002847,Female,1989-04-08,Sabah,Sandakan,>RM15k,Low,2021-09-06,2026-08-01,2026-08-14 00:26:12.005687
CUST002848,Female,1979-04-28,Johor,Muar,<RM3k,Low,2024-08-11,2026-08-01,2026-08-14 00:26:12.005687
CUST002849,Male,1962-07-13,Kuala Lumpur,Kuala Lumpur,<RM3k,Low,2019-04-17,2026-08-01,2026-08-14 00:26:12.005687
CUST002850,Female,1991-09-08,Kuala Lumpur,Kuala Lumpur,RM6k-10k,Low,2021-05-21,2026-08-01,2026-08-14 00:26:12.005687
CUST002851,Female,1978-12-27,Kuala Lumpur,Kuala Lumpur,RM3k-6k,Low,2022-11-28,2026-08-01,2026-08-14 00:26:12.005687
CUST002852,Female,1964-02-24,Selangor,Subang Jaya,RM6k-10k,Low,2018-06-07,2026-08-01,2026-08-14 00:26:12.005687
CUST002853,Male,1988-11-13,Selangor,Shah Alam,RM3k-6k,Low,2025-03-30,2026-08-01,2026-08-14 00:26:12.005687
CUST002854,Female,2003-08-21,Melaka,Melaka City,RM3k-6k,Low,2025-12-16,2026-08-01,2026-08-14 00:26:12.005687
CUST002855,Male,1981-06-21,Selangor,Shah Alam,RM10k-15k,Low,2023-12-03,2026-08-01,2026-08-14 00:26:12.005687
CUST002856,Male,1962-11-30,Selangor,Petaling Jaya,RM3k-6k,Low,2023-08-16,2026-08-01,2026-08-14 00:26:12.005687
CUST002857,Male,1970-03-03,Selangor,Petaling Jaya,RM6k-10k,Low,2019-09-05,2026-08-01,2026-08-14 00:26:12.005687
CUST002858,Female,1984-05-14,Johor,Muar,RM6k-10k,Low,2019-06-19,2026-08-01,2026-08-14 00:26:12.005687
CUST002859,Male,2003-12-20,Penang,Bayan Lepas,<RM3k,Medium,2019-11-28,2026-08-01,2026-08-14 00:26:12.005687
CUST002860,Female,2000-07-07,Johor,Batu Pahat,RM6k-10k,High,2019-01-30,2026-08-01,2026-08-14 00:26:12.005687
CUST002861,Female,2000-09-21,Negeri Sembilan,Seremban,RM10k-15k,Low,2022-06-17,2026-08-01,2026-08-14 00:26:12.005687
CUST002862,Male,1995-10-16,Negeri Sembilan,Seremban,RM10k-15k,Low,2025-08-28,2026-08-01,2026-08-14 00:26:12.005687
CUST002863,Female,1983-03-01,Sarawak,Miri,<RM3k,Medium,2023-06-03,2026-08-01,2026-08-14 00:26:12.005687
CUST002864,Female,1986-09-29,Sarawak,Kuching,RM6k-10k,Medium,2025-01-18,2026-08-01,2026-08-14 00:26:12.005687
CUST002865,Female,1990-12-17,Selangor,Shah Alam,>RM15k,High,2025-10-30,2026-08-01,2026-08-14 00:26:12.005687
CUST002866,Female,1990-01-21,Penang,George Town,RM6k-10k,Medium,2023-04-19,2026-08-01,2026-08-14 00:26:12.005687
CUST002867,Female,1986-04-18,Selangor,Shah Alam,RM3k-6k,Medium,2018-11-03,2026-08-01,2026-08-14 00:26:12.005687
CUST002868,Male,1961-07-29,Sabah,Sandakan,RM3k-6k,Low,2025-06-10,2026-08-01,2026-08-14 00:26:12.005687
CUST002869,Male,1998-02-08,Kuala Lumpur,Kuala Lumpur,RM6k-10k,Low,2022-05-15,2026-08-01,2026-08-14 00:26:12.005687
CUST002870,Female,1955-06-22,Selangor,Klang,RM10k-15k,Medium,2022-05-18,2026-08-01,2026-08-14 00:26:12.005687
CUST002871,Male,1975-11-14,Kuala Lumpur,Kuala Lumpur,>RM15k,Low,2025-11-24,2026-08-01,2026-08-14 00:26:12.005687
CUST002872,Female,1976-04-09,Penang,Bayan Lepas,>RM15k,Medium,2023-06-21,2026-08-01,2026-08-14 00:26:12.005687
CUST002873,Female,2003-10-21,Perak,Ipoh,RM3k-6k,High,2018-11-20,2026-08-01,2026-08-14 00:26:12.005687
CUST002874,Female,1959-05-22,Kuala Lumpur,Kuala Lumpur,RM6k-10k,Low,2024-02-13,2026-08-01,2026-08-14 00:26:12.005687
CUST002875,Female,1978-04-24,Johor,Johor Bahru,<RM3k,Low,2025-10-11,2026-08-01,2026-08-14 00:26:12.005687
CUST002876,Female,1972-07-12,Selangor,Petaling Jaya,<RM3k,Medium,2019-11-25,2026-08-01,2026-08-14 00:26:12.005687
CUST002877,Female,1959-10-15,Sabah,Kota Kinabalu,<RM3k,Medium,2021-09-12,2026-08-01,2026-08-14 00:26:12.005687
CUST002878,Female,1965-12-18,Kuala Lumpur,Kuala Lumpur,>RM15k,Medium,2018-10-30,2026-08-01,2026-08-14 00:26:12.005687
CUST002879,Male,1975-09-06,Kuala Lumpur,Kuala Lumpur,<RM3k,Medium,2023-09-27,2026-08-01,2026-08-14 00:26:12.005687
CUST002880,Female,1999-11-24,Penang,Bayan Lepas,RM6k-10k,High,2019-02-22,2026-08-01,2026-08-14 00:26:12.005687
CUST002881,Female,1974-01-08,Penang,Butterworth,RM3k-6k,Low,2021-05-27,2026-08-01,2026-08-14 00:26:12.005687
CUST002882,Female,1998-02-13,Sarawak,Miri,RM3k-6k,Low,2023-03-16,2026-08-01,2026-08-14 00:26:12.005687
CUST002883,Male,1990-12-14,Penang,George Town,RM6k-10k,Low,2024-09-22,2026-08-01,2026-08-14 00:26:12.005687
CUST002884,Female,1995-02-15,Negeri Sembilan,Seremban,<RM3k,Low,2020-07-22,2026-08-01,2026-08-14 00:26:12.005687
CUST002885,Male,1996-10-30,Selangor,Petaling Jaya,RM3k-6k,Medium,2025-04-07,2026-08-01,2026-08-14 00:26:12.005687
CUST002886,Female,1989-12-24,Selangor,Subang Jaya,RM3k-6k,Low,2018-03-12,2026-08-01,2026-08-14 00:26:12.005687
CUST002887,Female,1990-12-08,Negeri Sembilan,Seremban,RM10k-15k,Medium,2019-05-02,2026-08-01,2026-08-14 00:26:12.005687
CUST002888,Male,1962-07-20,Kuala Lumpur,Kuala Lumpur,RM6k-10k,Low,2018-12-14,2026-08-01,2026-08-14 00:26:12.005687
CUST002889,Female,1990-02-18,Sabah,Sandakan,RM10k-15k,Medium,2023-12-23,2026-08-01,2026-08-14 00:26:12.005687
CUST002890,Female,1957-05-15,Kuala Lumpur,Kuala Lumpur,RM3k-6k,Low,2020-11-22,2026-08-01,2026-08-14 00:26:12.005687
CUST002891,Female,1991-02-17,Johor,Batu Pahat,<RM3k,Low,2018-03-02,2026-08-01,2026-08-14 00:26:12.005687
CUST002892,Male,1987-01-14,Kuala Lumpur,Kuala Lumpur,RM3k-6k,Low,2024-04-21,2026-08-01,2026-08-14 00:26:12.005687
CUST002893,Male,1992-02-02,Penang,Bayan Lepas,>RM15k,Low,2020-03-19,2026-08-01,2026-08-14 00:26:12.005687
CUST002894,Male,1986-06-20,Sabah,Kota Kinabalu,RM3k-6k,Low,2023-06-16,2026-08-01,2026-08-14 00:26:12.005687
CUST002895,Male,1973-01-24,Kuala Lumpur,Kuala Lumpur,<RM3k,Medium,2022-06-02,2026-08-01,2026-08-14 00:26:12.005687
CUST002896,Female,1973-02-06,Kuala Lumpur,Kuala Lumpur,>RM15k,Low,2018-11-22,2026-08-01,2026-08-14 00:26:12.005687
CUST002897,Male,1984-03-17,Selangor,Subang Jaya,>RM15k,High,2022-10-28,2026-08-01,2026-08-14 00:26:12.005687
CUST002898,Female,1978-02-28,Selangor,Shah Alam,<RM3k,High,2024-11-20,2026-08-01,2026-08-14 00:26:12.005687
CUST002899,Male,1971-09-08,Selangor,Klang,RM10k-15k,Low,2020-12-02,2026-08-01,2026-08-14 00:26:12.005687
CUST002900,Female,1978-12-19,Negeri Sembilan,Seremban,RM3k-6k,Low,2024-08-31,2026-08-01,2026-08-14 00:26:12.005687
CUST002901,Female,1981-04-16,Kuala Lumpur,Kuala Lumpur,RM6k-10k,Low,2020-02-29,2026-08-01,2026-08-14 00:26:12.005687
CUST002902,Male,1966-10-03,Johor,Johor Bahru,RM6k-10k,Low,2020-04-06,2026-08-01,2026-08-14 00:26:12.005687
CUST002903,Female,1986-04-09,Johor,Batu Pahat,>RM15k,Low,2019-05-17,2026-08-01,2026-08-14 00:26:12.005687
CUST002904,Male,1970-05-24,Selangor,Shah Alam,RM3k-6k,High,2019-09-11,2026-08-01,2026-08-14 00:26:12.005687
CUST002905,Female,1968-02-13,Selangor,Shah Alam,RM10k-15k,High,2019-12-02,2026-08-01,2026-08-14 00:26:12.005687
CUST002906,Male,1975-07-02,Perak,Ipoh,<RM3k,Low,2023-03-13,2026-08-01,2026-08-14 00:26:12.005687
CUST002907,Male,1960-01-23,Penang,Butterworth,RM6k-10k,Medium,2019-01-16,2026-08-01,2026-08-14 00:26:12.005687
CUST002908,Female,1984-07-21,Sarawak,Kuching,RM6k-10k,Medium,2022-05-10,2026-08-01,2026-08-14 00:26:12.005687
CUST002909,Male,1990-12-07,Selangor,Shah Alam,RM10k-15k,Low,2020-02-02,2026-08-01,2026-08-14 00:26:12.005687
CUST002910,Male,2001-10-31,Penang,George Town,>RM15k,Medium,2019-03-05,2026-08-01,2026-08-14 00:26:12.005687
CUST002911,Male,1968-11-23,Melaka,Melaka City,RM10k-15k,High,2024-07-26,2026-08-01,2026-08-14 00:26:12.005687
CUST002912,Female,1981-05-20,Sarawak,Kuching,RM10k-15k,High,2022-04-27,2026-08-01,2026-08-14 00:26:12.005687
CUST002913,Male,1979-09-03,Melaka,Melaka City,RM3k-6k,Medium,2020-04-19,2026-08-01,2026-08-14 00:26:12.005687
CUST002914,Male,1990-10-28,Selangor,Subang Jaya,>RM15k,Low,2023-02-09,2026-08-01,2026-08-14 00:26:12.005687
CUST002915,Female,1985-08-13,Negeri Sembilan,Seremban,RM3k-6k,Low,2025-04-05,2026-08-01,2026-08-14 00:26:12.005687
CUST002916,Female,1994-07-17,Sarawak,Kuching,RM3k-6k,High,2020-04-05,2026-08-01,2026-08-14 00:26:12.005687
CUST002917,Female,1996-09-05,Sabah,Kota Kinabalu,RM6k-10k,Low,2019-12-18,2026-08-01,2026-08-14 00:26:12.005687
CUST002918,Male,1960-07-24,Perak,Ipoh,RM3k-6k,Low,2023-06-18,2026-08-01,2026-08-14 00:26:12.005687
CUST002919,Female,1972-05-24,Negeri Sembilan,Seremban,RM6k-10k,Low,2021-12-08,2026-08-01,2026-08-14 00:26:12.005687
CUST002920,Male,1987-01-01,Johor,Johor Bahru,RM3k-6k,Low,2023-05-22,2026-08-01,2026-08-14 00:26:12.005687
CUST002921,Male,1981-08-23,Sabah,Sandakan,RM3k-6k,Low,2019-05-05,2026-08-01,2026-08-14 00:26:12.005687
CUST002922,Female,1978-08-15,Perak,Ipoh,>RM15k,Medium,2025-06-18,2026-08-01,2026-08-14 00:26:12.005687
CUST002923,Female,1963-06-26,Sabah,Sandakan,>RM15k,Low,2018-02-19,2026-08-01,2026-08-14 00:26:12.005687
CUST002924,Male,1983-01-18,Sabah,Sandakan,RM6k-10k,Low,2020-03-10,2026-08-01,2026-08-14 00:26:12.005687
CUST002925,Female,1991-04-15,Selangor,Subang Jaya,>RM15k,Low,2023-01-02,2026-08-01,2026-08-14 00:26:12.005687
CUST002926,Male,1956-11-18,Selangor,Shah Alam,RM3k-6k,Medium,2022-02-28,2026-08-01,2026-08-14 00:26:12.005687
CUST002927,Male,1983-12-26,Selangor,Subang Jaya,RM3k-6k,Medium,2020-09-13,2026-08-01,2026-08-14 00:26:12.005687
CUST002928,Male,1999-05-27,Sabah,Kota Kinabalu,>RM15k,High,2025-10-24,2026-08-01,2026-08-14 00:26:12.005687
CUST002929,Female,1983-02-10,Perak,Ipoh,RM6k-10k,Medium,2020-10-04,2026-08-01,2026-08-14 00:26:12.005687
CUST002930,Male,2001-09-07,Sarawak,Kuching,RM10k-15k,Low,2023-06-05,2026-08-01,2026-08-14 00:26:12.005687
CUST002931,Male,1972-04-10,Sabah,Kota Kinabalu,RM3k-6k,Medium,2021-04-06,2026-08-01,2026-08-14 00:26:12.005687
CUST002932,Female,1955-03-04,Penang,Butterworth,RM3k-6k,Low,2021-07-10,2026-08-01,2026-08-14 00:26:12.005687
CUST002933,Male,1988-06-02,Kuala Lumpur,Kuala Lumpur,<RM3k,Medium,2024-03-21,2026-08-01,2026-08-14 00:26:12.005687
CUST002934,Male,1965-06-05,Penang,Bayan Lepas,>RM15k,Medium,2020-10-31,2026-08-01,2026-08-14 00:26:12.005687
CUST002935,Male,1955-06-23,Melaka,Melaka City,RM3k-6k,Low,2021-03-13,2026-08-01,2026-08-14 00:26:12.005687
CUST002936,Female,1963-10-30,Penang,Bayan Lepas,RM6k-10k,Low,2024-04-02,2026-08-01,2026-08-14 00:26:12.005687
CUST002937,Female,2000-10-06,Melaka,Melaka City,<RM3k,Medium,2018-09-10,2026-08-01,2026-08-14 00:26:12.005687
CUST002938,Female,1993-04-13,Negeri Sembilan,Seremban,RM6k-10k,Low,2021-06-16,2026-08-01,2026-08-14 00:26:12.005687
CUST002939,Female,1968-06-22,Selangor,Subang Jaya,RM3k-6k,Medium,2020-03-25,2026-08-01,2026-08-14 00:26:12.005687
CUST002940,Female,1984-04-21,Perak,Ipoh,RM10k-15k,Low,2021-11-09,2026-08-01,2026-08-14 00:26:12.005687
CUST002941,Male,1971-08-17,Johor,Muar,RM6k-10k,Medium,2022-08-10,2026-08-01,2026-08-14 00:26:12.005687
CUST002942,Female,1963-09-09,Johor,Batu Pahat,<RM3k,Medium,2021-06-07,2026-08-01,2026-08-14 00:26:12.005687
CUST002943,Male,2003-06-06,Selangor,Shah Alam,<RM3k,Low,2025-12-11,2026-08-01,2026-08-14 00:26:12.005687
CUST002944,Female,1994-11-18,Selangor,Subang Jaya,RM3k-6k,Low,2025-04-20,2026-08-01,2026-08-14 00:26:12.005687
CUST002945,Female,1972-10-22,Selangor,Petaling Jaya,RM6k-10k,Medium,2019-02-23,2026-08-01,2026-08-14 00:26:12.005687
CUST002946,Female,1972-04-26,Penang,Bayan Lepas,RM10k-15k,Low,2023-02-22,2026-08-01,2026-08-14 00:26:12.005687
CUST002947,Female,1994-12-17,Kuala Lumpur,Kuala Lumpur,RM3k-6k,Low,2020-08-02,2026-08-01,2026-08-14 00:26:12.005687
CUST002948,Male,1977-07-31,Johor,Muar,RM6k-10k,Medium,2023-09-20,2026-08-01,2026-08-14 00:26:12.005687
CUST002949,Male,1973-06-20,Johor,Muar,RM3k-6k,Low,2021-11-19,2026-08-01,2026-08-14 00:26:12.005687
CUST002950,Male,1973-12-23,Johor,Johor Bahru,RM10k-15k,Medium,2025-08-17,2026-08-01,2026-08-14 00:26:12.005687
CUST002951,Female,1976-11-22,Sarawak,Miri,>RM15k,Low,2025-07-22,2026-08-01,2026-08-14 00:26:12.005687
CUST002952,Male,1980-07-18,Johor,Batu Pahat,RM10k-15k,Low,2018-06-15,2026-08-01,2026-08-14 00:26:12.005687
CUST002953,Female,1956-12-18,Kuala Lumpur,Kuala Lumpur,<RM3k,Low,2018-11-13,2026-08-01,2026-08-14 00:26:12.005687
CUST002954,Male,1978-07-11,Negeri Sembilan,Seremban,RM3k-6k,High,2018-03-08,2026-08-01,2026-08-14 00:26:12.005687
CUST002955,Male,1976-07-22,Sarawak,Kuching,>RM15k,Medium,2024-05-07,2026-08-01,2026-08-14 00:26:12.005687
CUST002956,Female,1968-06-14,Perak,Ipoh,RM3k-6k,Low,2019-10-30,2026-08-01,2026-08-14 00:26:12.005687
CUST002957,Female,1972-05-31,Sabah,Kota Kinabalu,RM6k-10k,Low,2023-10-13,2026-08-01,2026-08-14 00:26:12.005687
CUST002958,Female,1975-10-20,Kuala Lumpur,Kuala Lumpur,>RM15k,Medium,2020-08-28,2026-08-01,2026-08-14 00:26:12.005687
CUST002959,Female,1972-12-08,Sabah,Kota Kinabalu,RM10k-15k,Medium,2020-06-14,2026-08-01,2026-08-14 00:26:12.005687
CUST002960,Male,1999-07-04,Selangor,Petaling Jaya,RM6k-10k,Low,2022-10-31,2026-08-01,2026-08-14 00:26:12.005687
CUST002961,Male,1980-11-23,Johor,Muar,RM6k-10k,Low,2024-03-10,2026-08-01,2026-08-14 00:26:12.005687
CUST002962,Male,1979-08-22,Kuala Lumpur,Kuala Lumpur,>RM15k,Low,2022-07-13,2026-08-01,2026-08-14 00:26:12.005687
CUST002963,Female,1967-11-19,Sabah,Kota Kinabalu,RM3k-6k,Medium,2022-08-07,2026-08-01,2026-08-14 00:26:12.005687
CUST002964,Male,1999-11-25,Selangor,Subang Jaya,>RM15k,Medium,2023-11-22,2026-08-01,2026-08-14 00:26:12.005687
CUST002965,Female,1956-02-19,Selangor,Shah Alam,RM3k-6k,Medium,2019-05-16,2026-08-01,2026-08-14 00:26:12.005687
CUST002966,Male,1981-12-15,Kuala Lumpur,Kuala Lumpur,RM10k-15k,Medium,2022-09-26,2026-08-01,2026-08-14 00:26:12.005687
CUST002967,Female,1963-04-09,Perak,Taiping,>RM15k,Low,2020-04-14,2026-08-01,2026-08-14 00:26:12.005687
CUST002968,Female,1992-09-01,Selangor,Shah Alam,RM6k-10k,Medium,2019-03-29,2026-08-01,2026-08-14 00:26:12.005687
CUST002969,Male,1973-07-14,Johor,Johor Bahru,RM3k-6k,Medium,2020-08-17,2026-08-01,2026-08-14 00:26:12.005687
CUST002970,Female,1969-05-21,Selangor,Petaling Jaya,<RM3k,Low,2019-07-16,2026-08-01,2026-08-14 00:26:12.005687
CUST002971,Female,1957-11-03,Sabah,Sandakan,RM10k-15k,High,2020-08-01,2026-08-01,2026-08-14 00:26:12.005687
CUST002972,Male,1993-09-23,Selangor,Klang,RM6k-10k,Low,2018-03-10,2026-08-01,2026-08-14 00:26:12.005687
CUST002973,Female,1974-06-05,Negeri Sembilan,Seremban,RM3k-6k,Medium,2023-12-21,2026-08-01,2026-08-14 00:26:12.005687
CUST002974,Male,1967-12-14,Selangor,Petaling Jaya,RM10k-15k,Medium,2020-10-14,2026-08-01,2026-08-14 00:26:12.005687
CUST002975,Male,1996-05-14,Kuala Lumpur,Kuala Lumpur,>RM15k,Medium,2023-04-13,2026-08-01,2026-08-14 00:26:12.005687
CUST002976,Male,1955-12-16,Selangor,Shah Alam,RM10k-15k,Low,2023-12-30,2026-08-01,2026-08-14 00:26:12.005687
CUST002977,Male,1977-12-21,Kuala Lumpur,Kuala Lumpur,RM6k-10k,High,2024-07-22,2026-08-01,2026-08-14 00:26:12.005687
CUST002978,Male,1962-11-16,Johor,Johor Bahru,>RM15k,Low,2018-08-16,2026-08-01,2026-08-14 00:26:12.005687
CUST002979,Male,1961-03-22,Selangor,Klang,RM10k-15k,Low,2022-02-01,2026-08-01,2026-08-14 00:26:12.005687
CUST002980,Male,1956-01-23,Melaka,Melaka City,<RM3k,Medium,2021-05-02,2026-08-01,2026-08-14 00:26:12.005687
CUST002981,Male,1964-03-01,Johor,Batu Pahat,>RM15k,Low,2020-10-20,2026-08-01,2026-08-14 00:26:12.005687
CUST002982,Female,2001-05-27,Selangor,Shah Alam,RM6k-10k,Medium,2024-06-14,2026-08-01,2026-08-14 00:26:12.005687
CUST002983,Female,1976-10-30,Johor,Muar,>RM15k,Low,2018-07-17,2026-08-01,2026-08-14 00:26:12.005687
CUST002984,Male,2003-12-30,Selangor,Shah Alam,RM10k-15k,High,2020-06-24,2026-08-01,2026-08-14 00:26:12.005687
CUST002985,Female,1968-02-05,Kuala Lumpur,Kuala Lumpur,RM6k-10k,Medium,2024-05-09,2026-08-01,2026-08-14 00:26:12.005687
CUST002986,Female,1992-05-06,Selangor,Klang,RM3k-6k,Low,2021-02-26,2026-08-01,2026-08-14 00:26:12.005687
CUST002987,Female,1959-05-23,Kuala Lumpur,Kuala Lumpur,<RM3k,Medium,2019-05-22,2026-08-01,2026-08-14 00:26:12.005687
CUST002988,Male,1960-04-19,Selangor,Shah Alam,RM3k-6k,Low,2020-05-30,2026-08-01,2026-08-14 00:26:12.005687
CUST002989,Female,1955-10-21,Negeri Sembilan,Seremban,RM6k-10k,Medium,2019-12-26,2026-08-01,2026-08-14 00:26:12.005687
CUST002990,Male,1999-01-17,Perak,Ipoh,RM10k-15k,Medium,2023-05-08,2026-08-01,2026-08-14 00:26:12.005687
CUST002991,Male,1987-11-28,Melaka,Melaka City,<RM3k,Medium,2019-05-16,2026-08-01,2026-08-14 00:26:12.005687
CUST002992,Male,1991-06-11,Selangor,Subang Jaya,RM3k-6k,Medium,2024-02-11,2026-08-01,2026-08-14 00:26:12.005687
CUST002993,Female,2000-06-08,Sarawak,Miri,RM6k-10k,Medium,2020-06-29,2026-08-01,2026-08-14 00:26:12.005687
CUST002994,Male,1971-04-12,Selangor,Subang Jaya,RM3k-6k,Medium,2018-07-20,2026-08-01,2026-08-14 00:26:12.005687
CUST002995,Male,1990-05-27,Kuala Lumpur,Kuala Lumpur,<RM3k,High,2018-02-03,2026-08-01,2026-08-14 00:26:12.005687
CUST002996,Female,1979-08-11,Sarawak,Miri,<RM3k,Low,2022-11-10,2026-08-01,2026-08-14 00:26:12.005687
CUST002997,Male,1981-08-03,Kuala Lumpur,Kuala Lumpur,RM6k-10k,Low,2023-11-17,2026-08-01,2026-08-14 00:26:12.005687
CUST002998,Female,1987-06-04,Selangor,Klang,RM6k-10k,Medium,2019-02-05,2026-08-01,2026-08-14 00:26:12.005687
CUST002999,Male,1978-01-10,Sarawak,Miri,RM10k-15k,Low,2020-06-21,2026-08-01,2026-08-14 00:26:12.005687
CUST003000,Female,1956-03-06,Penang,George Town,RM3k-6k,Low,2024-01-21,2026-08-01,2026-08-14 00:26:12.005687
CUST003001,Male,1958-09-05,Johor,Johor Bahru,<RM3k,Medium,2024-12-09,2026-08-01,2026-08-14 00:26:12.005687
CUST003002,Male,1979-07-29,Selangor,Petaling Jaya,RM10k-15k,Low,2023-11-02,2026-08-01,2026-08-14 00:26:12.005687
CUST003003,Female,1982-12-04,Kuala Lumpur,Kuala Lumpur,>RM15k,Low,2022-12-10,2026-08-01,2026-08-14 00:26:12.005687
CUST003004,Male,1990-11-19,Negeri Sembilan,Seremban,RM3k-6k,Low,2023-12-26,2026-08-01,2026-08-14 00:26:12.005687
CUST003005,Female,1983-01-13,Kuala Lumpur,Kuala Lumpur,RM10k-15k,Low,2020-05-17,2026-08-01,2026-08-14 00:26:12.005687
CUST003006,Male,1964-03-22,Selangor,Shah Alam,RM10k-15k,Low,2018-07-06,2026-08-01,2026-08-14 00:26:12.005687
CUST003007,Male,1972-12-21,Selangor,Petaling Jaya,>RM15k,Low,2022-07-07,2026-08-01,2026-08-14 00:26:12.005687
CUST003008,Female,1976-09-29,Melaka,Melaka City,RM3k-6k,Medium,2022-06-23,2026-08-01,2026-08-14 00:26:12.005687
CUST003009,Female,2003-03-18,Sabah,Sandakan,<RM3k,Low,2024-06-04,2026-08-01,2026-08-14 00:26:12.005687
CUST003010,Male,1981-02-03,Johor,Batu Pahat,<RM3k,Medium,2019-12-05,2026-08-01,2026-08-14 00:26:12.005687
CUST003011,Female,1986-02-10,Negeri Sembilan,Seremban,RM10k-15k,High,2025-02-09,2026-08-01,2026-08-14 00:26:12.005687
CUST003012,Male,1991-01-15,Kuala Lumpur,Kuala Lumpur,RM10k-15k,Low,2021-12-19,2026-08-01,2026-08-14 00:26:12.005687
CUST003013,Male,1972-09-30,Melaka,Melaka City,RM3k-6k,High,2021-07-15,2026-08-01,2026-08-14 00:26:12.005687
CUST003014,Male,2002-04-03,Kuala Lumpur,Kuala Lumpur,<RM3k,Low,2025-11-30,2026-08-01,2026-08-14 00:26:12.005687
CUST003015,Female,1988-01-26,Selangor,Klang,<RM3k,Medium,2022-05-07,2026-08-01,2026-08-14 00:26:12.005687
CUST003016,Male,1996-07-24,Kuala Lumpur,Kuala Lumpur,RM6k-10k,High,2018-09-22,2026-08-01,2026-08-14 00:26:12.005687
CUST003017,Male,1991-09-17,Negeri Sembilan,Seremban,>RM15k,Medium,2020-01-12,2026-08-01,2026-08-14 00:26:12.005687
CUST003018,Female,1985-06-14,Melaka,Melaka City,RM3k-6k,Low,2022-10-02,2026-08-01,2026-08-14 00:26:12.005687
CUST003019,Female,1956-07-06,Penang,George Town,RM6k-10k,Low,2019-11-04,2026-08-01,2026-08-14 00:26:12.005687
CUST003020,Female,1983-08-06,Selangor,Shah Alam,RM6k-10k,Low,2019-04-27,2026-08-01,2026-08-14 00:26:12.005687
CUST003021,Female,1961-05-06,Selangor,Petaling Jaya,RM10k-15k,High,2020-05-16,2026-08-01,2026-08-14 00:26:12.005687
CUST003022,Male,1984-07-21,Johor,Muar,RM10k-15k,Low,2022-01-29,2026-08-01,2026-08-14 00:26:12.005687
CUST003023,Female,1989-05-14,Selangor,Subang Jaya,RM3k-6k,Low,2018-09-28,2026-08-01,2026-08-14 00:26:12.005687
CUST003024,Male,1981-09-17,Kuala Lumpur,Kuala Lumpur,RM6k-10k,Low,2022-03-02,2026-08-01,2026-08-14 00:26:12.005687
CUST003025,Female,1970-02-10,Perak,Ipoh,RM10k-15k,Low,2023-10-26,2026-08-01,2026-08-14 00:26:12.005687
CUST003026,Female,1957-11-28,Penang,Bayan Lepas,>RM15k,Low,2021-08-25,2026-08-01,2026-08-14 00:26:12.005687
CUST003027,Female,1987-11-18,Melaka,Melaka City,RM6k-10k,Low,2023-07-21,2026-08-01,2026-08-14 00:26:12.005687
CUST003028,Male,1989-03-19,Johor,Johor Bahru,<RM3k,Medium,2023-02-12,2026-08-01,2026-08-14 00:26:12.005687
CUST003029,Male,1978-06-02,Selangor,Petaling Jaya,RM6k-10k,Low,2021-12-20,2026-08-01,2026-08-14 00:26:12.005687
CUST003030,Female,1990-02-05,Johor,Batu Pahat,RM6k-10k,Low,2025-10-16,2026-08-01,2026-08-14 00:26:12.005687
CUST003031,Male,1993-03-05,Selangor,Klang,RM3k-6k,Low,2022-11-22,2026-08-01,2026-08-14 00:26:12.005687
CUST003032,Female,1980-02-10,Penang,Butterworth,>RM15k,Low,2024-06-10,2026-08-01,2026-08-14 00:26:12.005687
CUST003033,Female,1957-05-03,Sabah,Kota Kinabalu,RM3k-6k,Medium,2023-02-15,2026-08-01,2026-08-14 00:26:12.005687
CUST003034,Female,1997-08-24,Kuala Lumpur,Kuala Lumpur,>RM15k,Low,2025-08-31,2026-08-01,2026-08-14 00:26:12.005687
CUST003035,Male,1977-11-13,Selangor,Subang Jaya,RM3k-6k,Low,2021-06-13,2026-08-01,2026-08-14 00:26:12.005687
CUST003036,Male,1987-12-12,Sarawak,Kuching,<RM3k,Low,2019-07-08,2026-08-01,2026-08-14 00:26:12.005687
CUST003037,Male,1999-08-19,Johor,Johor Bahru,RM6k-10k,Low,2019-06-15,2026-08-01,2026-08-14 00:26:12.005687
CUST003038,Female,1972-10-08,Johor,Batu Pahat,RM6k-10k,Medium,2025-12-11,2026-08-01,2026-08-14 00:26:12.005687
CUST003039,Female,1985-06-23,Perak,Taiping,RM10k-15k,Medium,2024-05-21,2026-08-01,2026-08-14 00:26:12.005687
CUST003040,Male,1955-12-19,Penang,Butterworth,RM6k-10k,Low,2020-06-10,2026-08-01,2026-08-14 00:26:12.005687
CUST003041,Female,1998-05-13,Kuala Lumpur,Kuala Lumpur,<RM3k,Low,2021-07-31,2026-08-01,2026-08-14 00:26:12.005687
CUST003042,Male,1957-11-24,Sarawak,Kuching,>RM15k,Low,2018-04-10,2026-08-01,2026-08-14 00:26:12.005687
CUST003043,Male,1981-07-06,Melaka,Melaka City,RM6k-10k,Medium,2025-08-15,2026-08-01,2026-08-14 00:26:12.005687
CUST003044,Female,1972-03-27,Kuala Lumpur,Kuala Lumpur,RM3k-6k,Low,2021-06-28,2026-08-01,2026-08-14 00:26:12.005687
CUST003045,Male,1956-10-02,Kuala Lumpur,Kuala Lumpur,>RM15k,High,2021-01-28,2026-08-01,2026-08-14 00:26:12.005687
CUST003046,Male,1977-08-22,Perak,Ipoh,<RM3k,Low,2019-12-21,2026-08-01,2026-08-14 00:26:12.005687
CUST003047,Female,2000-11-03,Penang,George Town,<RM3k,High,2018-08-29,2026-08-01,2026-08-14 00:26:12.005687
CUST003048,Male,1963-03-06,Selangor,Shah Alam,RM6k-10k,Low,2024-02-05,2026-08-01,2026-08-14 00:26:12.005687
CUST003049,Male,1969-04-27,Johor,Johor Bahru,RM6k-10k,Low,2019-10-13,2026-08-01,2026-08-14 00:26:12.005687
CUST003050,Female,1964-04-11,Perak,Ipoh,RM6k-10k,Low,2018-09-11,2026-08-01,2026-08-14 00:26:12.005687
CUST003051,Male,1961-02-14,Johor,Johor Bahru,>RM15k,Low,2025-10-29,2026-08-01,2026-08-14 00:26:12.005687
CUST003052,Female,1966-04-12,Kuala Lumpur,Kuala Lumpur,RM3k-6k,High,2022-05-20,2026-08-01,2026-08-14 00:26:12.005687
CUST003053,Male,1983-01-07,Kuala Lumpur,Kuala Lumpur,>RM15k,Low,2018-08-14,2026-08-01,2026-08-14 00:26:12.005687
CUST003054,Male,1993-03-30,Johor,Muar,<RM3k,Low,2020-04-25,2026-08-01,2026-08-14 00:26:12.005687
CUST003055,Male,1988-10-27,Melaka,Melaka City,<RM3k,High,2022-06-06,2026-08-01,2026-08-14 00:26:12.005687
CUST003056,Male,1992-10-15,Penang,Butterworth,RM3k-6k,Low,2019-08-27,2026-08-01,2026-08-14 00:26:12.005687
CUST003057,Male,1990-01-23,Selangor,Subang Jaya,<RM3k,Low,2025-12-01,2026-08-01,2026-08-14 00:26:12.005687
CUST003058,Female,1973-10-06,Melaka,Melaka City,RM3k-6k,Low,2025-01-01,2026-08-01,2026-08-14 00:26:12.005687
CUST003059,Female,1999-02-09,Selangor,Shah Alam,RM10k-15k,Low,2025-01-31,2026-08-01,2026-08-14 00:26:12.005687
CUST003060,Female,1963-06-12,Johor,Johor Bahru,RM10k-15k,High,2022-02-14,2026-08-01,2026-08-14 00:26:12.005687
CUST003061,Male,1989-04-15,Kuala Lumpur,Kuala Lumpur,RM10k-15k,Low,2025-11-26,2026-08-01,2026-08-14 00:26:12.005687
CUST003062,Female,1960-06-07,Sabah,Sandakan,<RM3k,Medium,2020-08-08,2026-08-01,2026-08-14 00:26:12.005687
CUST003063,Female,1992-07-05,Perak,Ipoh,RM10k-15k,Low,2022-06-11,2026-08-01,2026-08-14 00:26:12.005687
CUST003064,Male,1959-04-09,Sabah,Kota Kinabalu,RM3k-6k,Low,2023-12-20,2026-08-01,2026-08-14 00:26:12.005687
CUST003065,Female,1965-08-04,Selangor,Subang Jaya,RM10k-15k,Medium,2022-01-15,2026-08-01,2026-08-14 00:26:12.005687
CUST003066,Female,1974-03-04,Johor,Johor Bahru,RM6k-10k,Medium,2024-10-28,2026-08-01,2026-08-14 00:26:12.005687
CUST003067,Female,1989-01-10,Kuala Lumpur,Kuala Lumpur,<RM3k,Medium,2018-10-31,2026-08-01,2026-08-14 00:26:12.005687
CUST003068,Female,1957-03-26,Negeri Sembilan,Seremban,RM6k-10k,Low,2021-07-15,2026-08-01,2026-08-14 00:26:12.005687
CUST003069,Male,1967-08-11,Kuala Lumpur,Kuala Lumpur,>RM15k,Low,2024-08-21,2026-08-01,2026-08-14 00:26:12.005687
CUST003070,Female,1971-05-07,Penang,George Town,RM3k-6k,Medium,2019-06-16,2026-08-01,2026-08-14 00:26:12.005687
CUST003071,Female,1990-10-26,Perak,Taiping,RM6k-10k,Medium,2021-01-29,2026-08-01,2026-08-14 00:26:12.005687
CUST003072,Male,2002-02-10,Kuala Lumpur,Kuala Lumpur,>RM15k,Low,2025-12-14,2026-08-01,2026-08-14 00:26:12.005687
CUST003073,Male,1985-02-03,Selangor,Klang,RM3k-6k,Low,2022-11-28,2026-08-01,2026-08-14 00:26:12.005687
CUST003074,Male,1979-11-13,Kuala Lumpur,Kuala Lumpur,RM3k-6k,Medium,2020-11-14,2026-08-01,2026-08-14 00:26:12.005687
CUST003075,Male,1971-06-24,Penang,Bayan Lepas,RM3k-6k,Low,2020-11-26,2026-08-01,2026-08-14 00:26:12.005687
CUST003076,Male,1995-04-23,Negeri Sembilan,Seremban,RM10k-15k,Medium,2019-08-24,2026-08-01,2026-08-14 00:26:12.005687
CUST003077,Female,1960-04-03,Johor,Johor Bahru,RM3k-6k,Medium,2023-11-17,2026-08-01,2026-08-14 00:26:12.005687
CUST003078,Male,1961-05-02,Negeri Sembilan,Seremban,RM6k-10k,Low,2018-10-29,2026-08-01,2026-08-14 00:26:12.005687
CUST003079,Male,1964-11-09,Kuala Lumpur,Kuala Lumpur,RM3k-6k,Low,2019-08-31,2026-08-01,2026-08-14 00:26:12.005687
CUST003080,Female,1968-02-19,Selangor,Petaling Jaya,>RM15k,Low,2018-12-28,2026-08-01,2026-08-14 00:26:12.005687
CUST003081,Female,1977-08-13,Melaka,Melaka City,>RM15k,Medium,2024-01-11,2026-08-01,2026-08-14 00:26:12.005687
CUST003082,Female,2001-05-18,Melaka,Melaka City,RM6k-10k,High,2025-07-17,2026-08-01,2026-08-14 00:26:12.005687
CUST003083,Male,1986-11-13,Selangor,Klang,>RM15k,Medium,2018-09-12,2026-08-01,2026-08-14 00:26:12.005687
CUST003084,Male,1973-10-17,Perak,Ipoh,RM6k-10k,Low,2025-07-28,2026-08-01,2026-08-14 00:26:12.005687
CUST003085,Male,1965-05-13,Melaka,Melaka City,>RM15k,Low,2025-04-30,2026-08-01,2026-08-14 00:26:12.005687
CUST003086,Female,1986-10-08,Sabah,Kota Kinabalu,<RM3k,Medium,2022-01-23,2026-08-01,2026-08-14 00:26:12.005687
CUST003087,Female,1967-05-28,Penang,Butterworth,RM3k-6k,Low,2018-04-19,2026-08-01,2026-08-14 00:26:12.005687
CUST003088,Female,2002-10-29,Kuala Lumpur,Kuala Lumpur,RM10k-15k,Medium,2023-07-15,2026-08-01,2026-08-14 00:26:12.005687
CUST003089,Male,1978-05-29,Kuala Lumpur,Kuala Lumpur,RM3k-6k,Low,2022-03-13,2026-08-01,2026-08-14 00:26:12.005687
CUST003090,Male,1981-12-26,Penang,Bayan Lepas,RM3k-6k,Low,2024-08-29,2026-08-01,2026-08-14 00:26:12.005687
CUST003091,Male,1999-04-08,Johor,Muar,RM10k-15k,Low,2020-05-11,2026-08-01,2026-08-14 00:26:12.005687
CUST003092,Male,1969-12-17,Selangor,Klang,RM6k-10k,Medium,2022-06-17,2026-08-01,2026-08-14 00:26:12.005687
CUST003093,Male,1978-02-12,Selangor,Shah Alam,RM3k-6k,Medium,2025-02-18,2026-08-01,2026-08-14 00:26:12.005687
CUST003094,Male,1981-01-23,Selangor,Shah Alam,RM3k-6k,Low,2023-05-03,2026-08-01,2026-08-14 00:26:12.005687
CUST003095,Female,1968-04-13,Johor,Batu Pahat,RM3k-6k,Low,2023-03-03,2026-08-01,2026-08-14 00:26:12.005687
CUST003096,Female,1957-09-04,Selangor,Klang,<RM3k,High,2025-09-25,2026-08-01,2026-08-14 00:26:12.005687
CUST003097,Female,1968-11-25,Selangor,Petaling Jaya,RM3k-6k,High,2021-12-01,2026-08-01,2026-08-14 00:26:12.005687
CUST003098,Female,1960-07-03,Kuala Lumpur,Kuala Lumpur,RM6k-10k,Low,2019-05-19,2026-08-01,2026-08-14 00:26:12.005687
CUST003099,Female,1988-02-08,Sarawak,Kuching,RM10k-15k,Medium,2025-10-22,2026-08-01,2026-08-14 00:26:12.005687
CUST003100,Female,1955-05-09,Penang,Butterworth,RM3k-6k,High,2019-02-10,2026-08-01,2026-08-14 00:26:12.005687
CUST003101,Male,1970-07-04,Kuala Lumpur,Kuala Lumpur,RM3k-6k,Low,2022-05-29,2026-08-01,2026-08-14 00:26:12.005687
CUST003102,Female,1998-04-28,Johor,Muar,RM6k-10k,Low,2024-01-09,2026-08-01,2026-08-14 00:26:12.005687
CUST003103,Male,1982-11-10,Selangor,Shah Alam,<RM3k,Medium,2024-04-18,2026-08-01,2026-08-14 00:26:12.005687
CUST003104,Male,1987-11-22,Penang,Bayan Lepas,RM3k-6k,Low,2023-08-17,2026-08-01,2026-08-14 00:26:12.005687
CUST003105,Male,1987-10-03,Penang,Butterworth,RM3k-6k,Medium,2021-05-27,2026-08-01,2026-08-14 00:26:12.005687
CUST003106,Male,1969-08-13,Penang,Bayan Lepas,RM6k-10k,Low,2019-06-28,2026-08-01,2026-08-14 00:26:12.005687
CUST003107,Female,1985-12-24,Perak,Taiping,<RM3k,Low,2018-04-22,2026-08-01,2026-08-14 00:26:12.005687
CUST003108,Male,1965-11-01,Kuala Lumpur,Kuala Lumpur,RM3k-6k,Low,2020-06-02,2026-08-01,2026-08-14 00:26:12.005687
CUST003109,Female,1986-02-19,Selangor,Subang Jaya,RM6k-10k,Medium,2025-10-10,2026-08-01,2026-08-14 00:26:12.005687
CUST003110,Male,1988-06-20,Kuala Lumpur,Kuala Lumpur,RM10k-15k,Low,2023-06-25,2026-08-01,2026-08-14 00:26:12.005687
CUST003111,Female,1997-12-05,Johor,Batu Pahat,RM6k-10k,Low,2021-04-03,2026-08-01,2026-08-14 00:26:12.005687
CUST003112,Female,2000-01-20,Johor,Batu Pahat,>RM15k,Low,2021-12-15,2026-08-01,2026-08-14 00:26:12.005687
CUST003113,Male,1956-03-05,Sabah,Kota Kinabalu,RM6k-10k,Medium,2020-09-03,2026-08-01,2026-08-14 00:26:12.005687
CUST003114,Male,1969-08-28,Kuala Lumpur,Kuala Lumpur,RM3k-6k,Low,2025-02-22,2026-08-01,2026-08-14 00:26:12.005687
CUST003115,Female,1981-10-22,Penang,Bayan Lepas,RM3k-6k,Low,2021-08-17,2026-08-01,2026-08-14 00:26:12.005687
CUST003116,Male,1970-10-03,Selangor,Petaling Jaya,<RM3k,Medium,2024-09-11,2026-08-01,2026-08-14 00:26:12.005687
CUST003117,Female,1985-04-23,Selangor,Shah Alam,RM3k-6k,Low,2018-05-30,2026-08-01,2026-08-14 00:26:12.005687
CUST003118,Male,1996-11-08,Perak,Taiping,<RM3k,Medium,2021-11-23,2026-08-01,2026-08-14 00:26:12.005687
CUST003119,Female,1967-08-23,Kuala Lumpur,Kuala Lumpur,RM3k-6k,Low,2022-10-28,2026-08-01,2026-08-14 00:26:12.005687
CUST003120,Female,1998-10-09,Selangor,Klang,RM6k-10k,Medium,2023-05-02,2026-08-01,2026-08-14 00:26:12.005687
CUST003121,Female,1998-03-20,Selangor,Subang Jaya,RM6k-10k,Low,2018-03-11,2026-08-01,2026-08-14 00:26:12.005687
CUST003122,Female,1999-10-14,Perak,Ipoh,RM3k-6k,Low,2023-02-23,2026-08-01,2026-08-14 00:26:12.005687
CUST003123,Female,1958-08-08,Selangor,Petaling Jaya,RM6k-10k,Low,2024-09-17,2026-08-01,2026-08-14 00:26:12.005687
CUST003124,Female,1969-05-13,Negeri Sembilan,Seremban,RM3k-6k,High,2018-09-26,2026-08-01,2026-08-14 00:26:12.005687
CUST003125,Female,1961-01-30,Negeri Sembilan,Seremban,RM6k-10k,Medium,2020-08-24,2026-08-01,2026-08-14 00:26:12.005687
CUST003126,Female,1960-11-23,Sarawak,Kuching,RM6k-10k,Low,2021-05-28,2026-08-01,2026-08-14 00:26:12.005687
CUST003127,Male,1957-08-09,Selangor,Subang Jaya,RM3k-6k,Low,2020-01-14,2026-08-01,2026-08-14 00:26:12.005687
CUST003128,Female,1976-07-23,Perak,Ipoh,RM3k-6k,Low,2021-07-08,2026-08-01,2026-08-14 00:26:12.005687
CUST003129,Male,1959-04-10,Kuala Lumpur,Kuala Lumpur,>RM15k,Low,2025-02-21,2026-08-01,2026-08-14 00:26:12.005687
CUST003130,Male,1969-06-29,Melaka,Melaka City,RM6k-10k,Low,2025-03-06,2026-08-01,2026-08-14 00:26:12.005687
CUST003131,Female,2003-01-31,Johor,Batu Pahat,RM6k-10k,High,2022-10-23,2026-08-01,2026-08-14 00:26:12.005687
CUST003132,Male,1998-04-22,Kuala Lumpur,Kuala Lumpur,<RM3k,Low,2025-01-29,2026-08-01,2026-08-14 00:26:12.005687
CUST003133,Female,2000-11-30,Selangor,Petaling Jaya,RM3k-6k,High,2024-07-09,2026-08-01,2026-08-14 00:26:12.005687
CUST003134,Female,1956-10-17,Sarawak,Kuching,RM3k-6k,Low,2018-06-18,2026-08-01,2026-08-14 00:26:12.005687
CUST003135,Male,1987-05-20,Melaka,Melaka City,>RM15k,Medium,2021-02-04,2026-08-01,2026-08-14 00:26:12.005687
CUST003136,Male,1986-01-21,Johor,Muar,<RM3k,Low,2024-10-04,2026-08-01,2026-08-14 00:26:12.005687
CUST003137,Male,1961-07-03,Johor,Muar,RM3k-6k,Low,2021-07-16,2026-08-01,2026-08-14 00:26:12.005687
CUST003138,Female,1999-05-27,Sabah,Sandakan,>RM15k,Medium,2022-11-22,2026-08-01,2026-08-14 00:26:12.005687
CUST003139,Male,1974-10-24,Sarawak,Kuching,RM6k-10k,Low,2021-04-18,2026-08-01,2026-08-14 00:26:12.005687
CUST003140,Female,2002-11-08,Sabah,Sandakan,RM3k-6k,Medium,2018-02-17,2026-08-01,2026-08-14 00:26:12.005687
CUST003141,Female,1960-08-01,Selangor,Petaling Jaya,RM6k-10k,Medium,2022-07-09,2026-08-01,2026-08-14 00:26:12.005687
CUST003142,Female,1986-11-08,Penang,Butterworth,RM6k-10k,High,2021-01-19,2026-08-01,2026-08-14 00:26:12.005687
CUST003143,Male,1961-05-28,Sarawak,Kuching,>RM15k,Medium,2024-03-10,2026-08-01,2026-08-14 00:26:12.005687
CUST003144,Female,2001-07-17,Kuala Lumpur,Kuala Lumpur,<RM3k,Low,2025-02-07,2026-08-01,2026-08-14 00:26:12.005687
CUST003145,Male,1984-10-08,Selangor,Subang Jaya,RM10k-15k,Low,2018-11-02,2026-08-01,2026-08-14 00:26:12.005687
CUST003146,Male,1958-09-16,Kuala Lumpur,Kuala Lumpur,RM3k-6k,Medium,2020-11-12,2026-08-01,2026-08-14 00:26:12.005687
CUST003147,Male,1965-07-11,Selangor,Klang,RM10k-15k,Low,2021-02-21,2026-08-01,2026-08-14 00:26:12.005687
CUST003148,Male,1972-08-08,Sabah,Kota Kinabalu,RM10k-15k,Medium,2023-05-30,2026-08-01,2026-08-14 00:26:12.005687
CUST003149,Male,1955-08-19,Selangor,Shah Alam,RM10k-15k,Low,2021-03-03,2026-08-01,2026-08-14 00:26:12.005687
CUST003150,Female,1955-06-05,Johor,Johor Bahru,RM10k-15k,Medium,2022-07-11,2026-08-01,2026-08-14 00:26:12.005687
CUST003151,Female,2000-05-06,Kuala Lumpur,Kuala Lumpur,RM6k-10k,Low,2025-04-07,2026-08-01,2026-08-14 00:26:12.005687
CUST003152,Male,2003-01-28,Melaka,Melaka City,<RM3k,Low,2022-09-19,2026-08-01,2026-08-14 00:26:12.005687
CUST003153,Female,1981-04-10,Sarawak,Kuching,<RM3k,High,2018-10-15,2026-08-01,2026-08-14 00:26:12.005687
CUST003154,Female,1999-03-26,Johor,Muar,RM3k-6k,Medium,2021-11-05,2026-08-01,2026-08-14 00:26:12.005687
CUST003155,Female,1987-02-07,Perak,Taiping,RM6k-10k,Low,2025-02-02,2026-08-01,2026-08-14 00:26:12.005687
CUST003156,Female,1956-05-17,Kuala Lumpur,Kuala Lumpur,RM3k-6k,Low,2021-11-09,2026-08-01,2026-08-14 00:26:12.005687
CUST003157,Female,1990-01-03,Sarawak,Miri,RM10k-15k,Medium,2025-11-11,2026-08-01,2026-08-14 00:26:12.005687
CUST003158,Female,1955-11-21,Perak,Ipoh,RM6k-10k,Low,2025-03-21,2026-08-01,2026-08-14 00:26:12.005687
CUST003159,Male,1995-01-03,Kuala Lumpur,Kuala Lumpur,>RM15k,Medium,2020-02-11,2026-08-01,2026-08-14 00:26:12.005687
CUST003160,Female,1972-12-24,Negeri Sembilan,Seremban,RM3k-6k,Medium,2021-04-23,2026-08-01,2026-08-14 00:26:12.005687
CUST003161,Male,1961-12-02,Kuala Lumpur,Kuala Lumpur,RM10k-15k,Low,2019-06-25,2026-08-01,2026-08-14 00:26:12.005687
CUST003162,Male,1967-09-01,Penang,Bayan Lepas,RM10k-15k,Low,2019-07-14,2026-08-01,2026-08-14 00:26:12.005687
CUST003163,Female,1988-06-25,Kuala Lumpur,Kuala Lumpur,>RM15k,Low,2020-12-10,2026-08-01,2026-08-14 00:26:12.005687
CUST003164,Male,1996-06-30,Perak,Ipoh,RM10k-15k,Low,2021-05-11,2026-08-01,2026-08-14 00:26:12.005687
CUST003165,Male,1982-12-18,Kuala Lumpur,Kuala Lumpur,RM3k-6k,Medium,2020-10-20,2026-08-01,2026-08-14 00:26:12.005687
CUST003166,Male,1962-11-12,Kuala Lumpur,Kuala Lumpur,<RM3k,Low,2023-11-11,2026-08-01,2026-08-14 00:26:12.005687
CUST003167,Female,1999-02-08,Johor,Johor Bahru,>RM15k,High,2019-03-20,2026-08-01,2026-08-14 00:26:12.005687
CUST003168,Female,1993-09-27,Negeri Sembilan,Seremban,RM6k-10k,Medium,2021-10-20,2026-08-01,2026-08-14 00:26:12.005687
CUST003169,Female,1975-01-31,Selangor,Shah Alam,RM10k-15k,Low,2025-02-08,2026-08-01,2026-08-14 00:26:12.005687
CUST003170,Male,1982-03-02,Penang,Bayan Lepas,RM10k-15k,Low,2023-11-09,2026-08-01,2026-08-14 00:26:12.005687
CUST003171,Male,2002-03-25,Johor,Muar,RM10k-15k,Low,2019-08-21,2026-08-01,2026-08-14 00:26:12.005687
CUST003172,Male,1973-06-28,Sarawak,Miri,RM10k-15k,Low,2019-12-02,2026-08-01,2026-08-14 00:26:12.005687
CUST003173,Male,1956-04-06,Selangor,Shah Alam,>RM15k,Medium,2025-05-28,2026-08-01,2026-08-14 00:26:12.005687
CUST003174,Male,1962-02-20,Penang,Bayan Lepas,>RM15k,Low,2022-08-30,2026-08-01,2026-08-14 00:26:12.005687
CUST003175,Male,1984-05-31,Negeri Sembilan,Seremban,RM3k-6k,Low,2025-01-13,2026-08-01,2026-08-14 00:26:12.005687
CUST003176,Female,2003-11-19,Selangor,Subang Jaya,<RM3k,Low,2024-11-29,2026-08-01,2026-08-14 00:26:12.005687
CUST003177,Male,1991-04-03,Johor,Johor Bahru,<RM3k,Low,2021-07-13,2026-08-01,2026-08-14 00:26:12.005687
CUST003178,Female,1985-04-12,Melaka,Melaka City,RM3k-6k,Medium,2022-03-27,2026-08-01,2026-08-14 00:26:12.005687
CUST003179,Female,1970-10-29,Selangor,Klang,RM10k-15k,High,2020-12-11,2026-08-01,2026-08-14 00:26:12.005687
CUST003180,Male,1976-07-12,Selangor,Klang,RM10k-15k,Medium,2023-02-04,2026-08-01,2026-08-14 00:26:12.005687
CUST003181,Male,1956-11-17,Selangor,Subang Jaya,RM3k-6k,High,2023-03-13,2026-08-01,2026-08-14 00:26:12.005687
CUST003182,Female,1973-03-08,Sarawak,Kuching,RM3k-6k,Medium,2023-06-06,2026-08-01,2026-08-14 00:26:12.005687
CUST003183,Male,1985-07-19,Negeri Sembilan,Seremban,RM6k-10k,Low,2024-11-19,2026-08-01,2026-08-14 00:26:12.005687
CUST003184,Female,1999-05-18,Penang,George Town,RM10k-15k,Medium,2023-12-01,2026-08-01,2026-08-14 00:26:12.005687
CUST003185,Female,2000-03-12,Penang,Butterworth,RM6k-10k,Low,2018-10-25,2026-08-01,2026-08-14 00:26:12.005687
CUST003186,Female,1995-03-28,Selangor,Petaling Jaya,<RM3k,Low,2020-10-20,2026-08-01,2026-08-14 00:26:12.005687
CUST003187,Male,1956-01-20,Kuala Lumpur,Kuala Lumpur,RM3k-6k,High,2022-07-23,2026-08-01,2026-08-14 00:26:12.005687
CUST003188,Male,1994-09-29,Kuala Lumpur,Kuala Lumpur,RM6k-10k,Medium,2023-01-06,2026-08-01,2026-08-14 00:26:12.005687
CUST003189,Female,1965-09-17,Kuala Lumpur,Kuala Lumpur,RM6k-10k,High,2024-11-29,2026-08-01,2026-08-14 00:26:12.005687
CUST003190,Female,1985-03-11,Kuala Lumpur,Kuala Lumpur,RM10k-15k,Low,2021-04-30,2026-08-01,2026-08-14 00:26:12.005687
CUST003191,Female,2001-05-15,Perak,Ipoh,>RM15k,Medium,2024-07-28,2026-08-01,2026-08-14 00:26:12.005687
CUST003192,Female,1998-07-04,Kuala Lumpur,Kuala Lumpur,<RM3k,Low,2021-02-15,2026-08-01,2026-08-14 00:26:12.005687
CUST003193,Male,1987-07-22,Kuala Lumpur,Kuala Lumpur,RM3k-6k,Low,2019-03-03,2026-08-01,2026-08-14 00:26:12.005687
CUST003194,Male,1969-08-30,Selangor,Shah Alam,RM3k-6k,High,2021-10-20,2026-08-01,2026-08-14 00:26:12.005687
CUST003195,Male,1980-07-09,Selangor,Petaling Jaya,RM3k-6k,Low,2019-03-12,2026-08-01,2026-08-14 00:26:12.005687
CUST003196,Female,1989-06-24,Kuala Lumpur,Kuala Lumpur,RM3k-6k,Medium,2021-04-06,2026-08-01,2026-08-14 00:26:12.005687
CUST003197,Male,1980-03-12,Kuala Lumpur,Kuala Lumpur,<RM3k,High,2019-12-10,2026-08-01,2026-08-14 00:26:12.005687
CUST003198,Female,1974-10-25,Selangor,Shah Alam,<RM3k,Medium,2018-03-17,2026-08-01,2026-08-14 00:26:12.005687
CUST003199,Female,1974-09-27,Johor,Batu Pahat,RM10k-15k,Low,2023-04-23,2026-08-01,2026-08-14 00:26:12.005687
CUST003200,Male,1984-05-25,Sabah,Kota Kinabalu,<RM3k,Low,2023-12-08,2026-08-01,2026-08-14 00:26:12.005687
CUST003201,Male,1956-10-02,Sarawak,Miri,RM10k-15k,High,2019-01-21,2026-08-01,2026-08-14 00:26:12.005687
CUST003202,Male,2003-11-27,Sabah,Kota Kinabalu,RM3k-6k,Medium,2022-09-03,2026-08-01,2026-08-14 00:26:12.005687
CUST003203,Male,1960-01-01,Penang,George Town,RM3k-6k,Low,2022-01-06,2026-08-01,2026-08-14 00:26:12.005687
CUST003204,Male,2003-03-29,Melaka,Melaka City,<RM3k,Low,2019-02-06,2026-08-01,2026-08-14 00:26:12.005687
CUST003205,Male,1956-09-25,Johor,Batu Pahat,<RM3k,Low,2022-11-13,2026-08-01,2026-08-14 00:26:12.005687
CUST003206,Female,1980-02-12,Penang,George Town,RM3k-6k,High,2020-02-03,2026-08-01,2026-08-14 00:26:12.005687
CUST003207,Female,1975-06-18,Selangor,Shah Alam,RM10k-15k,Low,2024-07-29,2026-08-01,2026-08-14 00:26:12.005687
CUST003208,Female,1983-02-12,Selangor,Subang Jaya,>RM15k,Medium,2022-11-20,2026-08-01,2026-08-14 00:26:12.005687
CUST003209,Female,1976-03-30,Selangor,Klang,<RM3k,Low,2018-11-22,2026-08-01,2026-08-14 00:26:12.005687
CUST003210,Female,1998-12-19,Kuala Lumpur,Kuala Lumpur,<RM3k,Low,2022-02-22,2026-08-01,2026-08-14 00:26:12.005687
CUST003211,Female,1955-10-26,Sabah,Sandakan,<RM3k,Medium,2018-12-08,2026-08-01,2026-08-14 00:26:12.005687
CUST003212,Male,2003-04-17,Kuala Lumpur,Kuala Lumpur,RM10k-15k,Medium,2023-10-15,2026-08-01,2026-08-14 00:26:12.005687
CUST003213,Male,1988-10-12,Perak,Ipoh,RM3k-6k,Low,2020-05-18,2026-08-01,2026-08-14 00:26:12.005687
CUST003214,Male,1993-02-23,Sarawak,Kuching,RM3k-6k,Low,2021-11-30,2026-08-01,2026-08-14 00:26:12.005687
CUST003215,Female,1961-11-06,Johor,Batu Pahat,RM10k-15k,Medium,2023-07-27,2026-08-01,2026-08-14 00:26:12.005687
CUST003216,Male,1958-03-12,Kuala Lumpur,Kuala Lumpur,RM10k-15k,Low,2024-10-03,2026-08-01,2026-08-14 00:26:12.005687
CUST003217,Female,1974-06-15,Johor,Johor Bahru,RM6k-10k,Low,2022-02-05,2026-08-01,2026-08-14 00:26:12.005687
CUST003218,Female,1970-10-22,Selangor,Shah Alam,<RM3k,Medium,2018-08-15,2026-08-01,2026-08-14 00:26:12.005687
CUST003219,Female,1993-05-12,Negeri Sembilan,Seremban,RM3k-6k,Low,2020-01-26,2026-08-01,2026-08-14 00:26:12.005687
CUST003220,Female,1998-12-05,Perak,Taiping,RM3k-6k,Medium,2022-11-27,2026-08-01,2026-08-14 00:26:12.005687
CUST003221,Female,1975-12-11,Perak,Taiping,RM6k-10k,Low,2018-05-03,2026-08-01,2026-08-14 00:26:12.005687
CUST003222,Male,1992-08-24,Johor,Muar,RM10k-15k,Medium,2020-12-21,2026-08-01,2026-08-14 00:26:12.005687
CUST003223,Male,1957-12-01,Perak,Taiping,<RM3k,Medium,2020-08-02,2026-08-01,2026-08-14 00:26:12.005687
CUST003224,Male,1991-05-15,Perak,Ipoh,>RM15k,Medium,2020-06-15,2026-08-01,2026-08-14 00:26:12.005687
CUST003225,Female,1959-11-13,Kuala Lumpur,Kuala Lumpur,RM3k-6k,Medium,2025-08-17,2026-08-01,2026-08-14 00:26:12.005687
CUST003226,Male,1987-09-23,Selangor,Klang,RM10k-15k,Medium,2025-07-19,2026-08-01,2026-08-14 00:26:12.005687
CUST003227,Male,1973-09-21,Kuala Lumpur,Kuala Lumpur,<RM3k,Low,2025-03-05,2026-08-01,2026-08-14 00:26:12.005687
CUST003228,Female,1975-05-07,Johor,Batu Pahat,RM3k-6k,Low,2024-11-28,2026-08-01,2026-08-14 00:26:12.005687
CUST003229,Male,1968-07-16,Melaka,Melaka City,<RM3k,Low,2025-02-22,2026-08-01,2026-08-14 00:26:12.005687
CUST003230,Female,1974-10-04,Penang,George Town,RM6k-10k,Medium,2019-06-21,2026-08-01,2026-08-14 00:26:12.005687
CUST003231,Female,1997-11-04,Johor,Batu Pahat,<RM3k,Low,2021-02-23,2026-08-01,2026-08-14 00:26:12.005687
CUST003232,Female,1994-08-20,Melaka,Melaka City,RM3k-6k,Low,2018-06-17,2026-08-01,2026-08-14 00:26:12.005687
CUST003233,Male,1971-09-04,Kuala Lumpur,Kuala Lumpur,RM10k-15k,Low,2024-05-17,2026-08-01,2026-08-14 00:26:12.005687
CUST003234,Female,1969-05-24,Kuala Lumpur,Kuala Lumpur,RM10k-15k,Medium,2024-12-08,2026-08-01,2026-08-14 00:26:12.005687
CUST003235,Female,1979-12-12,Melaka,Melaka City,RM6k-10k,Low,2018-03-26,2026-08-01,2026-08-14 00:26:12.005687
CUST003236,Female,1988-07-21,Melaka,Melaka City,RM6k-10k,Low,2019-05-10,2026-08-01,2026-08-14 00:26:12.005687
CUST003237,Male,1963-12-08,Perak,Taiping,RM6k-10k,Medium,2019-05-09,2026-08-01,2026-08-14 00:26:12.005687
CUST003238,Female,1990-08-01,Selangor,Shah Alam,RM6k-10k,High,2025-06-04,2026-08-01,2026-08-14 00:26:12.005687
CUST003239,Female,2001-06-25,Negeri Sembilan,Seremban,RM3k-6k,Medium,2024-04-27,2026-08-01,2026-08-14 00:26:12.005687
CUST003240,Female,1996-05-19,Sabah,Sandakan,<RM3k,Low,2020-03-21,2026-08-01,2026-08-14 00:26:12.005687
CUST003241,Male,1981-11-11,Perak,Ipoh,RM3k-6k,Medium,2018-05-14,2026-08-01,2026-08-14 00:26:12.005687
CUST003242,Male,1970-09-03,Selangor,Shah Alam,<RM3k,Low,2021-04-17,2026-08-01,2026-08-14 00:26:12.005687
CUST003243,Male,1970-11-07,Johor,Batu Pahat,RM3k-6k,Low,2022-09-04,2026-08-01,2026-08-14 00:26:12.005687
CUST003244,Female,1991-05-08,Sarawak,Kuching,RM3k-6k,Low,2018-05-12,2026-08-01,2026-08-14 00:26:12.005687
CUST003245,Female,1977-04-14,Sarawak,Miri,<RM3k,Low,2021-10-01,2026-08-01,2026-08-14 00:26:12.005687
CUST003246,Male,1960-03-20,Penang,George Town,RM10k-15k,Medium,2022-04-20,2026-08-01,2026-08-14 00:26:12.005687
CUST003247,Female,1988-03-15,Johor,Muar,RM6k-10k,Low,2025-11-05,2026-08-01,2026-08-14 00:26:12.005687
CUST003248,Male,1961-10-06,Perak,Ipoh,RM6k-10k,Medium,2019-07-06,2026-08-01,2026-08-14 00:26:12.005687
CUST003249,Male,2003-05-10,Johor,Muar,>RM15k,Medium,2019-06-20,2026-08-01,2026-08-14 00:26:12.005687
CUST003250,Female,1975-06-13,Selangor,Shah Alam,RM3k-6k,Low,2021-06-13,2026-08-01,2026-08-14 00:26:12.005687
CUST003251,Male,1971-10-04,Kuala Lumpur,Kuala Lumpur,RM3k-6k,Low,2020-07-22,2026-08-01,2026-08-14 00:26:12.005687
CUST003252,Male,1957-09-15,Kuala Lumpur,Kuala Lumpur,RM3k-6k,Medium,2025-05-09,2026-08-01,2026-08-14 00:26:12.005687
CUST003253,Female,1963-03-21,Sabah,Kota Kinabalu,RM6k-10k,Low,2024-04-17,2026-08-01,2026-08-14 00:26:12.005687
CUST003254,Female,2001-06-08,Kuala Lumpur,Kuala Lumpur,RM3k-6k,Low,2020-01-08,2026-08-01,2026-08-14 00:26:12.005687
CUST003255,Female,1981-04-26,Kuala Lumpur,Kuala Lumpur,RM10k-15k,Low,2020-09-05,2026-08-01,2026-08-14 00:26:12.005687
CUST003256,Male,1999-03-11,Melaka,Melaka City,RM3k-6k,Medium,2023-01-29,2026-08-01,2026-08-14 00:26:12.005687
CUST003257,Female,2001-11-02,Perak,Ipoh,RM6k-10k,Low,2024-12-20,2026-08-01,2026-08-14 00:26:12.005687
CUST003258,Female,1957-05-25,Kuala Lumpur,Kuala Lumpur,RM6k-10k,Medium,2019-08-14,2026-08-01,2026-08-14 00:26:12.005687
CUST003259,Male,1973-08-28,Selangor,Shah Alam,RM3k-6k,Low,2020-05-14,2026-08-01,2026-08-14 00:26:12.005687
CUST003260,Female,1996-01-28,Sabah,Sandakan,RM10k-15k,Low,2022-11-17,2026-08-01,2026-08-14 00:26:12.005687
CUST003261,Female,1979-04-15,Selangor,Petaling Jaya,RM6k-10k,Medium,2024-11-16,2026-08-01,2026-08-14 00:26:12.005687
CUST003262,Male,1979-12-07,Johor,Johor Bahru,RM10k-15k,Medium,2020-04-24,2026-08-01,2026-08-14 00:26:12.005687
CUST003263,Female,1982-12-07,Johor,Batu Pahat,RM6k-10k,Medium,2021-09-27,2026-08-01,2026-08-14 00:26:12.005687
CUST003264,Female,1989-05-24,Selangor,Subang Jaya,RM3k-6k,Low,2023-06-14,2026-08-01,2026-08-14 00:26:12.005687
CUST003265,Female,2000-12-29,Perak,Taiping,RM3k-6k,High,2021-05-27,2026-08-01,2026-08-14 00:26:12.005687
CUST003266,Female,1998-06-16,Kuala Lumpur,Kuala Lumpur,RM6k-10k,Low,2024-02-29,2026-08-01,2026-08-14 00:26:12.005687
CUST003267,Female,1985-08-17,Johor,Johor Bahru,RM3k-6k,Low,2022-02-13,2026-08-01,2026-08-14 00:26:12.005687
CUST003268,Male,1983-04-09,Kuala Lumpur,Kuala Lumpur,RM3k-6k,Medium,2025-01-16,2026-08-01,2026-08-14 00:26:12.005687
CUST003269,Male,1972-09-08,Kuala Lumpur,Kuala Lumpur,<RM3k,Low,2022-11-10,2026-08-01,2026-08-14 00:26:12.005687
CUST003270,Female,1960-09-12,Kuala Lumpur,Kuala Lumpur,RM6k-10k,Medium,2025-05-07,2026-08-01,2026-08-14 00:26:12.005687
CUST003271,Male,1989-09-27,Sarawak,Miri,<RM3k,High,2024-11-16,2026-08-01,2026-08-14 00:26:12.005687
CUST003272,Male,1955-02-16,Kuala Lumpur,Kuala Lumpur,>RM15k,Low,2019-12-06,2026-08-01,2026-08-14 00:26:12.005687
CUST003273,Male,1989-03-17,Selangor,Shah Alam,<RM3k,Low,2025-03-06,2026-08-01,2026-08-14 00:26:12.005687
CUST003274,Male,1979-05-07,Kuala Lumpur,Kuala Lumpur,RM3k-6k,Low,2019-01-12,2026-08-01,2026-08-14 00:26:12.005687
CUST003275,Male,1993-07-14,Sabah,Kota Kinabalu,RM3k-6k,Low,2020-04-05,2026-08-01,2026-08-14 00:26:12.005687
CUST003276,Male,2001-07-05,Johor,Batu Pahat,RM3k-6k,Medium,2018-05-22,2026-08-01,2026-08-14 00:26:12.005687
CUST003277,Female,1982-02-04,Negeri Sembilan,Seremban,RM3k-6k,High,2018-11-01,2026-08-01,2026-08-14 00:26:12.005687
CUST003278,Male,1983-01-21,Perak,Taiping,RM6k-10k,Medium,2023-10-06,2026-08-01,2026-08-14 00:26:12.005687
CUST003279,Female,1978-11-18,Johor,Muar,<RM3k,High,2018-11-21,2026-08-01,2026-08-14 00:26:12.005687
CUST003280,Female,1973-04-10,Perak,Taiping,RM3k-6k,Low,2019-06-30,2026-08-01,2026-08-14 00:26:12.005687
CUST003281,Male,1959-05-10,Kuala Lumpur,Kuala Lumpur,<RM3k,Low,2021-04-07,2026-08-01,2026-08-14 00:26:12.005687
CUST003282,Female,1956-07-07,Negeri Sembilan,Seremban,RM3k-6k,Low,2024-05-26,2026-08-01,2026-08-14 00:26:12.005687
CUST003283,Female,1990-06-04,Negeri Sembilan,Seremban,>RM15k,Medium,2024-06-26,2026-08-01,2026-08-14 00:26:12.005687
CUST003284,Female,1999-10-31,Selangor,Petaling Jaya,RM3k-6k,Low,2025-09-19,2026-08-01,2026-08-14 00:26:12.005687
CUST003285,Female,1957-08-21,Penang,George Town,RM10k-15k,Low,2018-06-11,2026-08-01,2026-08-14 00:26:12.005687
CUST003286,Male,1971-01-11,Selangor,Subang Jaya,RM3k-6k,Low,2019-03-09,2026-08-01,2026-08-14 00:26:12.005687
CUST003287,Male,1984-10-19,Johor,Johor Bahru,RM3k-6k,Low,2021-03-11,2026-08-01,2026-08-14 00:26:12.005687
CUST003288,Female,1989-07-13,Sabah,Sandakan,RM10k-15k,Medium,2020-04-07,2026-08-01,2026-08-14 00:26:12.005687
CUST003289,Female,1991-01-10,Negeri Sembilan,Seremban,<RM3k,High,2018-10-11,2026-08-01,2026-08-14 00:26:12.005687
CUST003290,Female,1989-01-06,Selangor,Subang Jaya,RM10k-15k,Low,2022-03-11,2026-08-01,2026-08-14 00:26:12.005687
CUST003291,Female,1959-02-09,Perak,Taiping,RM6k-10k,Medium,2021-10-01,2026-08-01,2026-08-14 00:26:12.005687
CUST003292,Male,1967-06-10,Perak,Taiping,RM3k-6k,Low,2021-06-11,2026-08-01,2026-08-14 00:26:12.005687
CUST003293,Male,1977-12-28,Selangor,Klang,>RM15k,Low,2018-03-07,2026-08-01,2026-08-14 00:26:12.005687
CUST003294,Male,1958-02-15,Penang,Butterworth,RM3k-6k,Low,2021-05-29,2026-08-01,2026-08-14 00:26:12.005687
CUST003295,Female,1971-10-25,Perak,Taiping,>RM15k,Medium,2021-08-31,2026-08-01,2026-08-14 00:26:12.005687
CUST003296,Male,1973-11-11,Sabah,Kota Kinabalu,>RM15k,Medium,2019-09-27,2026-08-01,2026-08-14 00:26:12.005687
CUST003297,Male,2002-12-04,Negeri Sembilan,Seremban,RM3k-6k,Medium,2024-05-10,2026-08-01,2026-08-14 00:26:12.005687
CUST003298,Male,1970-07-16,Kuala Lumpur,Kuala Lumpur,RM3k-6k,Medium,2025-02-10,2026-08-01,2026-08-14 00:26:12.005687
CUST003299,Female,2002-08-05,Selangor,Subang Jaya,RM10k-15k,Low,2025-06-06,2026-08-01,2026-08-14 00:26:12.005687
CUST003300,Female,1989-04-23,Kuala Lumpur,Kuala Lumpur,RM3k-6k,Medium,2023-06-14,2026-08-01,2026-08-14 00:26:12.005687
CUST003301,Male,1988-12-01,Kuala Lumpur,Kuala Lumpur,RM10k-15k,Medium,2023-05-29,2026-08-01,2026-08-14 00:26:12.005687
CUST003302,Female,1995-03-02,Johor,Johor Bahru,<RM3k,Low,2019-03-26,2026-08-01,2026-08-14 00:26:12.005687
CUST003303,Female,1996-04-09,Melaka,Melaka City,RM3k-6k,Low,2021-02-25,2026-08-01,2026-08-14 00:26:12.005687
CUST003304,Male,1965-11-24,Johor,Johor Bahru,RM6k-10k,Low,2018-01-13,2026-08-01,2026-08-14 00:26:12.005687
CUST003305,Male,1975-08-16,Perak,Taiping,RM10k-15k,Low,2022-06-22,2026-08-01,2026-08-14 00:26:12.005687
CUST003306,Female,1980-11-18,Selangor,Klang,RM10k-15k,Low,2024-02-06,2026-08-01,2026-08-14 00:26:12.005687
CUST003307,Female,2002-11-10,Selangor,Klang,RM6k-10k,Low,2023-05-09,2026-08-01,2026-08-14 00:26:12.005687
CUST003308,Female,1956-12-27,Sarawak,Miri,RM3k-6k,High,2018-02-16,2026-08-01,2026-08-14 00:26:12.005687
CUST003309,Male,1978-05-12,Perak,Ipoh,RM3k-6k,High,2022-06-14,2026-08-01,2026-08-14 00:26:12.005687
CUST003310,Female,1965-07-01,Selangor,Subang Jaya,RM3k-6k,Medium,2025-01-15,2026-08-01,2026-08-14 00:26:12.005687
CUST003311,Male,1965-02-18,Melaka,Melaka City,RM3k-6k,Medium,2018-10-26,2026-08-01,2026-08-14 00:26:12.005687
CUST003312,Male,1992-04-28,Johor,Johor Bahru,RM3k-6k,High,2022-03-27,2026-08-01,2026-08-14 00:26:12.005687
CUST003313,Male,1964-11-22,Selangor,Shah Alam,RM6k-10k,Low,2020-01-02,2026-08-01,2026-08-14 00:26:12.005687
CUST003314,Male,1993-11-15,Johor,Johor Bahru,RM3k-6k,Low,2025-06-09,2026-08-01,2026-08-14 00:26:12.005687
CUST003315,Female,2003-09-13,Perak,Taiping,<RM3k,Medium,2022-05-28,2026-08-01,2026-08-14 00:26:12.005687
CUST003316,Female,1993-01-15,Selangor,Klang,RM6k-10k,High,2024-03-04,2026-08-01,2026-08-14 00:26:12.005687
CUST003317,Male,1963-04-29,Sarawak,Kuching,<RM3k,Medium,2022-03-13,2026-08-01,2026-08-14 00:26:12.005687
CUST003318,Female,1961-12-23,Johor,Muar,>RM15k,Low,2025-02-25,2026-08-01,2026-08-14 00:26:12.005687
CUST003319,Female,1976-06-01,Johor,Johor Bahru,RM3k-6k,Medium,2020-04-19,2026-08-01,2026-08-14 00:26:12.005687
CUST003320,Female,1981-12-31,Sarawak,Miri,<RM3k,Low,2023-12-13,2026-08-01,2026-08-14 00:26:12.005687
CUST003321,Female,1993-02-19,Johor,Muar,RM10k-15k,Low,2021-06-08,2026-08-01,2026-08-14 00:26:12.005687
CUST003322,Female,1975-09-17,Selangor,Klang,RM6k-10k,Medium,2022-08-12,2026-08-01,2026-08-14 00:26:12.005687
CUST003323,Male,1963-03-09,Kuala Lumpur,Kuala Lumpur,RM10k-15k,Medium,2023-06-27,2026-08-01,2026-08-14 00:26:12.005687
CUST003324,Male,2003-07-31,Selangor,Petaling Jaya,RM3k-6k,Low,2019-05-21,2026-08-01,2026-08-14 00:26:12.005687
CUST003325,Male,1999-04-27,Selangor,Klang,RM3k-6k,Low,2024-12-10,2026-08-01,2026-08-14 00:26:12.005687
CUST003326,Male,1987-01-18,Selangor,Subang Jaya,RM6k-10k,Medium,2023-10-27,2026-08-01,2026-08-14 00:26:12.005687
CUST003327,Female,1989-01-27,Penang,George Town,RM3k-6k,Low,2021-04-10,2026-08-01,2026-08-14 00:26:12.005687
CUST003328,Male,2000-10-27,Kuala Lumpur,Kuala Lumpur,RM6k-10k,Medium,2022-09-27,2026-08-01,2026-08-14 00:26:12.005687
CUST003329,Male,1978-04-08,Selangor,Shah Alam,RM3k-6k,Low,2023-04-23,2026-08-01,2026-08-14 00:26:12.005687
CUST003330,Female,1962-02-14,Penang,Butterworth,RM3k-6k,Medium,2021-08-21,2026-08-01,2026-08-14 00:26:12.005687
CUST003331,Male,1984-09-09,Selangor,Petaling Jaya,<RM3k,Low,2023-01-29,2026-08-01,2026-08-14 00:26:12.005687
CUST003332,Female,1977-02-02,Penang,George Town,RM10k-15k,High,2022-06-20,2026-08-01,2026-08-14 00:26:12.005687
CUST003333,Female,1994-03-09,Perak,Taiping,RM3k-6k,High,2024-03-26,2026-08-01,2026-08-14 00:26:12.005687
CUST003334,Female,1992-10-21,Selangor,Petaling Jaya,>RM15k,Low,2019-11-10,2026-08-01,2026-08-14 00:26:12.005687
CUST003335,Female,1978-02-05,Kuala Lumpur,Kuala Lumpur,RM3k-6k,Medium,2018-01-13,2026-08-01,2026-08-14 00:26:12.005687
CUST003336,Female,1973-01-09,Johor,Johor Bahru,RM3k-6k,Medium,2021-03-27,2026-08-01,2026-08-14 00:26:12.005687
CUST003337,Male,1975-09-06,Kuala Lumpur,Kuala Lumpur,RM3k-6k,Low,2024-08-05,2026-08-01,2026-08-14 00:26:12.005687
CUST003338,Male,1985-12-28,Johor,Johor Bahru,RM6k-10k,Medium,2018-12-29,2026-08-01,2026-08-14 00:26:12.005687
CUST003339,Female,1986-03-19,Perak,Ipoh,RM10k-15k,Medium,2024-11-20,2026-08-01,2026-08-14 00:26:12.005687
CUST003340,Male,1980-01-27,Penang,Bayan Lepas,RM6k-10k,Low,2021-04-11,2026-08-01,2026-08-14 00:26:12.005687
CUST003341,Female,1981-01-22,Johor,Johor Bahru,RM3k-6k,High,2019-09-02,2026-08-01,2026-08-14 00:26:12.005687
CUST003342,Male,2003-08-08,Negeri Sembilan,Seremban,RM10k-15k,Low,2021-09-25,2026-08-01,2026-08-14 00:26:12.005687
CUST003343,Female,1967-06-07,Kuala Lumpur,Kuala Lumpur,RM3k-6k,High,2024-06-28,2026-08-01,2026-08-14 00:26:12.005687
CUST003344,Female,1963-07-09,Melaka,Melaka City,RM6k-10k,High,2024-11-10,2026-08-01,2026-08-14 00:26:12.005687
CUST003345,Male,1994-02-26,Sarawak,Miri,RM10k-15k,Low,2022-11-26,2026-08-01,2026-08-14 00:26:12.005687
CUST003346,Male,2000-10-30,Selangor,Subang Jaya,RM3k-6k,Low,2022-03-20,2026-08-01,2026-08-14 00:26:12.005687
CUST003347,Male,1984-10-28,Kuala Lumpur,Kuala Lumpur,RM6k-10k,Medium,2024-06-14,2026-08-01,2026-08-14 00:26:12.005687
CUST003348,Male,1974-09-04,Kuala Lumpur,Kuala Lumpur,RM10k-15k,High,2025-04-08,2026-08-01,2026-08-14 00:26:12.005687
CUST003349,Male,1972-01-28,Melaka,Melaka City,<RM3k,Low,2024-05-12,2026-08-01,2026-08-14 00:26:12.005687
CUST003350,Female,1977-12-06,Selangor,Klang,RM3k-6k,Low,2025-09-28,2026-08-01,2026-08-14 00:26:12.005687
CUST003351,Female,1957-07-27,Melaka,Melaka City,RM3k-6k,Medium,2024-08-24,2026-08-01,2026-08-14 00:26:12.005687
CUST003352,Female,1980-11-24,Johor,Batu Pahat,RM10k-15k,Low,2018-05-24,2026-08-01,2026-08-14 00:26:12.005687
CUST003353,Female,1968-03-17,Johor,Muar,RM6k-10k,Medium,2018-02-27,2026-08-01,2026-08-14 00:26:12.005687
CUST003354,Female,1968-01-01,Penang,Bayan Lepas,RM3k-6k,Medium,2022-10-11,2026-08-01,2026-08-14 00:26:12.005687
CUST003355,Male,1982-06-16,Selangor,Shah Alam,RM3k-6k,High,2025-08-27,2026-08-01,2026-08-14 00:26:12.005687
CUST003356,Female,2002-03-20,Johor,Muar,<RM3k,Low,2020-05-24,2026-08-01,2026-08-14 00:26:12.005687
CUST003357,Male,1965-02-01,Negeri Sembilan,Seremban,<RM3k,High,2025-09-23,2026-08-01,2026-08-14 00:26:12.005687
CUST003358,Female,1999-08-29,Selangor,Shah Alam,RM3k-6k,Medium,2024-10-22,2026-08-01,2026-08-14 00:26:12.005687
CUST003359,Male,1980-06-13,Melaka,Melaka City,<RM3k,High,2019-02-16,2026-08-01,2026-08-14 00:26:12.005687
CUST003360,Male,2002-09-02,Negeri Sembilan,Seremban,<RM3k,Low,2021-12-14,2026-08-01,2026-08-14 00:26:12.005687
CUST003361,Female,1973-09-23,Kuala Lumpur,Kuala Lumpur,RM6k-10k,Medium,2019-10-09,2026-08-01,2026-08-14 00:26:12.005687
CUST003362,Female,2003-11-05,Johor,Muar,RM6k-10k,Medium,2018-08-17,2026-08-01,2026-08-14 00:26:12.005687
CUST003363,Male,1987-05-03,Kuala Lumpur,Kuala Lumpur,<RM3k,Medium,2023-07-12,2026-08-01,2026-08-14 00:26:12.005687
CUST003364,Male,1987-10-26,Penang,George Town,RM6k-10k,Low,2019-09-21,2026-08-01,2026-08-14 00:26:12.005687
CUST003365,Female,1982-08-06,Negeri Sembilan,Seremban,<RM3k,Low,2022-06-23,2026-08-01,2026-08-14 00:26:12.005687
CUST003366,Female,1977-02-17,Melaka,Melaka City,RM3k-6k,Low,2023-05-23,2026-08-01,2026-08-14 00:26:12.005687
CUST003367,Male,1980-09-23,Melaka,Melaka City,>RM15k,Low,2021-06-15,2026-08-01,2026-08-14 00:26:12.005687
CUST003368,Male,1996-09-06,Selangor,Klang,RM6k-10k,Medium,2018-08-21,2026-08-01,2026-08-14 00:26:12.005687
CUST003369,Female,1993-10-27,Johor,Batu Pahat,<RM3k,High,2018-07-21,2026-08-01,2026-08-14 00:26:12.005687
CUST003370,Female,1956-03-02,Selangor,Klang,RM3k-6k,Medium,2021-01-12,2026-08-01,2026-08-14 00:26:12.005687
CUST003371,Male,1989-01-12,Melaka,Melaka City,RM6k-10k,Low,2018-05-05,2026-08-01,2026-08-14 00:26:12.005687
CUST003372,Female,1995-11-19,Selangor,Klang,RM3k-6k,Low,2024-12-21,2026-08-01,2026-08-14 00:26:12.005687
CUST003373,Male,1991-06-18,Kuala Lumpur,Kuala Lumpur,>RM15k,Low,2019-05-01,2026-08-01,2026-08-14 00:26:12.005687
CUST003374,Female,1979-05-14,Kuala Lumpur,Kuala Lumpur,RM3k-6k,Low,2018-03-27,2026-08-01,2026-08-14 00:26:12.005687
CUST003375,Male,1971-06-10,Selangor,Subang Jaya,<RM3k,Medium,2019-02-13,2026-08-01,2026-08-14 00:26:12.005687
CUST003376,Female,1987-12-26,Selangor,Klang,RM6k-10k,Low,2023-07-27,2026-08-01,2026-08-14 00:26:12.005687
CUST003377,Female,1987-07-09,Kuala Lumpur,Kuala Lumpur,RM6k-10k,Low,2022-09-16,2026-08-01,2026-08-14 00:26:12.005687
CUST003378,Male,1973-04-29,Sarawak,Miri,RM3k-6k,Medium,2023-05-28,2026-08-01,2026-08-14 00:26:12.005687
CUST003379,Female,1974-11-29,Sabah,Kota Kinabalu,>RM15k,Low,2020-10-10,2026-08-01,2026-08-14 00:26:12.005687
CUST003380,Male,1973-01-22,Selangor,Klang,>RM15k,Low,2020-07-25,2026-08-01,2026-08-14 00:26:12.005687
CUST003381,Female,1957-03-16,Sabah,Sandakan,<RM3k,Low,2023-05-16,2026-08-01,2026-08-14 00:26:12.005687
CUST003383,Male,1959-01-26,Sabah,Kota Kinabalu,RM3k-6k,Medium,2021-02-25,2026-08-01,2026-08-14 00:26:12.005687
CUST003384,Male,1975-10-07,Selangor,Shah Alam,RM6k-10k,Low,2018-10-27,2026-08-01,2026-08-14 00:26:12.005687
CUST003385,Female,1980-01-04,Penang,Butterworth,RM6k-10k,Medium,2021-05-23,2026-08-01,2026-08-14 00:26:12.005687
CUST003386,Male,1975-01-03,Selangor,Klang,RM3k-6k,Low,2025-10-02,2026-08-01,2026-08-14 00:26:12.005687
CUST003387,Male,2001-10-19,Selangor,Subang Jaya,>RM15k,Low,2024-10-19,2026-08-01,2026-08-14 00:26:12.005687
CUST003388,Male,1966-01-05,Penang,Bayan Lepas,RM3k-6k,Medium,2023-06-01,2026-08-01,2026-08-14 00:26:12.005687
CUST003389,Female,1974-04-03,Sabah,Kota Kinabalu,RM10k-15k,Low,2023-04-05,2026-08-01,2026-08-14 00:26:12.005687
CUST003390,Female,1967-02-13,Sabah,Sandakan,RM10k-15k,Low,2021-01-03,2026-08-01,2026-08-14 00:26:12.005687
CUST003391,Female,1969-09-08,Selangor,Subang Jaya,<RM3k,Low,2023-08-23,2026-08-01,2026-08-14 00:26:12.005687
CUST003392,Male,1983-08-15,Johor,Batu Pahat,RM3k-6k,Low,2024-08-31,2026-08-01,2026-08-14 00:26:12.005687
CUST003393,Male,1970-03-09,Sabah,Sandakan,RM3k-6k,Low,2022-06-22,2026-08-01,2026-08-14 00:26:12.005687
CUST003394,Female,1970-07-27,Kuala Lumpur,Kuala Lumpur,>RM15k,High,2018-10-29,2026-08-01,2026-08-14 00:26:12.005687
CUST003395,Male,1987-11-14,Kuala Lumpur,Kuala Lumpur,RM3k-6k,Low,2023-07-21,2026-08-01,2026-08-14 00:26:12.005687
CUST003396,Male,1995-09-06,Selangor,Petaling Jaya,RM10k-15k,Low,2019-01-06,2026-08-01,2026-08-14 00:26:12.005687
CUST003397,Female,1965-06-01,Selangor,Petaling Jaya,RM3k-6k,Low,2020-08-03,2026-08-01,2026-08-14 00:26:12.005687
CUST003398,Female,1960-06-16,Selangor,Subang Jaya,RM3k-6k,Low,2019-08-01,2026-08-01,2026-08-14 00:26:12.005687
CUST003382,Male,1956-07-21,Johor,Muar,<RM3k,Low,2018-11-26,2026-08-01,2026-08-14 00:26:12.005687
CUST003399,Male,1966-09-25,Kuala Lumpur,Kuala Lumpur,>RM15k,Medium,2018-05-27,2026-08-01,2026-08-14 00:26:12.005687
CUST003400,Male,1983-04-21,Penang,Bayan Lepas,RM3k-6k,Medium,2024-02-09,2026-08-01,2026-08-14 00:26:12.005687
CUST003401,Female,2002-01-08,Perak,Taiping,RM10k-15k,High,2023-02-28,2026-08-01,2026-08-14 00:26:12.005687
CUST003402,Male,1962-11-04,Sabah,Sandakan,RM3k-6k,Low,2021-04-09,2026-08-01,2026-08-14 00:26:12.005687
CUST003403,Male,1957-02-04,Perak,Ipoh,<RM3k,Low,2021-01-19,2026-08-01,2026-08-14 00:26:12.005687
CUST003404,Male,1980-11-18,Selangor,Petaling Jaya,<RM3k,Medium,2023-02-20,2026-08-01,2026-08-14 00:26:12.005687
CUST003405,Male,2003-07-21,Negeri Sembilan,Seremban,RM3k-6k,Low,2022-04-02,2026-08-01,2026-08-14 00:26:12.005687
CUST003406,Male,1982-01-27,Perak,Ipoh,RM6k-10k,Low,2019-11-10,2026-08-01,2026-08-14 00:26:12.005687
CUST003407,Male,2000-04-18,Johor,Batu Pahat,RM3k-6k,Low,2021-11-04,2026-08-01,2026-08-14 00:26:12.005687
CUST003408,Female,1986-06-21,Selangor,Klang,RM3k-6k,Low,2024-03-20,2026-08-01,2026-08-14 00:26:12.005687
CUST003409,Male,1956-07-19,Penang,Butterworth,<RM3k,Medium,2022-06-02,2026-08-01,2026-08-14 00:26:12.005687
CUST003410,Female,1975-12-11,Penang,Bayan Lepas,RM6k-10k,Medium,2024-05-30,2026-08-01,2026-08-14 00:26:12.005687
CUST003411,Male,1992-09-23,Perak,Ipoh,RM10k-15k,Medium,2022-01-24,2026-08-01,2026-08-14 00:26:12.005687
CUST003412,Female,1979-12-18,Sabah,Kota Kinabalu,RM6k-10k,Low,2021-04-22,2026-08-01,2026-08-14 00:26:12.005687
CUST003413,Male,1964-07-18,Melaka,Melaka City,>RM15k,Medium,2023-12-09,2026-08-01,2026-08-14 00:26:12.005687
CUST003414,Female,1963-11-13,Negeri Sembilan,Seremban,<RM3k,Medium,2019-09-04,2026-08-01,2026-08-14 00:26:12.005687
CUST003415,Female,1987-07-06,Penang,Butterworth,<RM3k,Medium,2023-01-05,2026-08-01,2026-08-14 00:26:12.005687
CUST003416,Female,1977-09-08,Negeri Sembilan,Seremban,RM6k-10k,Low,2023-01-15,2026-08-01,2026-08-14 00:26:12.005687
CUST003417,Male,1983-02-17,Melaka,Melaka City,RM3k-6k,High,2020-03-20,2026-08-01,2026-08-14 00:26:12.005687
CUST003418,Male,1973-04-11,Kuala Lumpur,Kuala Lumpur,RM6k-10k,Low,2020-01-19,2026-08-01,2026-08-14 00:26:12.005687
CUST003419,Female,1971-08-12,Penang,George Town,RM10k-15k,Medium,2018-09-02,2026-08-01,2026-08-14 00:26:12.005687
CUST003420,Male,1987-08-22,Kuala Lumpur,Kuala Lumpur,<RM3k,Medium,2019-03-10,2026-08-01,2026-08-14 00:26:12.005687
CUST003421,Male,1955-05-19,Selangor,Petaling Jaya,>RM15k,High,2018-10-06,2026-08-01,2026-08-14 00:26:12.005687
CUST003422,Female,1976-04-21,Selangor,Shah Alam,<RM3k,High,2022-12-04,2026-08-01,2026-08-14 00:26:12.005687
CUST003423,Male,1973-02-28,Johor,Johor Bahru,RM6k-10k,Low,2018-12-22,2026-08-01,2026-08-14 00:26:12.005687
CUST003424,Female,1993-03-09,Kuala Lumpur,Kuala Lumpur,RM3k-6k,Medium,2022-02-07,2026-08-01,2026-08-14 00:26:12.005687
CUST003425,Female,1990-09-09,Selangor,Klang,RM6k-10k,Low,2018-11-22,2026-08-01,2026-08-14 00:26:12.005687
CUST003426,Male,1975-11-15,Kuala Lumpur,Kuala Lumpur,<RM3k,Medium,2024-04-07,2026-08-01,2026-08-14 00:26:12.005687
CUST003427,Female,1967-11-15,Perak,Taiping,>RM15k,Low,2023-06-03,2026-08-01,2026-08-14 00:26:12.005687
CUST003428,Male,1966-07-21,Melaka,Melaka City,>RM15k,Low,2020-05-03,2026-08-01,2026-08-14 00:26:12.005687
CUST003429,Male,1965-05-08,Negeri Sembilan,Seremban,RM6k-10k,High,2023-11-18,2026-08-01,2026-08-14 00:26:12.005687
CUST003430,Male,1968-05-29,Johor,Batu Pahat,RM6k-10k,Medium,2019-10-21,2026-08-01,2026-08-14 00:26:12.005687
CUST003431,Male,1992-04-07,Selangor,Klang,RM6k-10k,Low,2023-01-30,2026-08-01,2026-08-14 00:26:12.005687
CUST003432,Male,1957-03-21,Sarawak,Miri,RM6k-10k,Low,2023-02-14,2026-08-01,2026-08-14 00:26:12.005687
CUST003433,Male,1956-04-12,Kuala Lumpur,Kuala Lumpur,RM6k-10k,Low,2021-06-28,2026-08-01,2026-08-14 00:26:12.005687
CUST003434,Female,1981-06-15,Negeri Sembilan,Seremban,RM6k-10k,Low,2023-08-10,2026-08-01,2026-08-14 00:26:12.005687
CUST003435,Female,1965-12-12,Perak,Ipoh,RM10k-15k,Low,2025-07-31,2026-08-01,2026-08-14 00:26:12.005687
CUST003436,Male,1995-09-17,Johor,Batu Pahat,RM6k-10k,High,2021-04-22,2026-08-01,2026-08-14 00:26:12.005687
CUST003437,Female,1991-11-09,Kuala Lumpur,Kuala Lumpur,RM3k-6k,Low,2020-04-07,2026-08-01,2026-08-14 00:26:12.005687
CUST003438,Female,1992-09-07,Kuala Lumpur,Kuala Lumpur,>RM15k,Low,2021-07-16,2026-08-01,2026-08-14 00:26:12.005687
CUST003439,Female,1977-05-23,Johor,Johor Bahru,RM3k-6k,Medium,2022-07-17,2026-08-01,2026-08-14 00:26:12.005687
CUST003440,Male,1976-06-13,Selangor,Klang,<RM3k,Low,2018-12-27,2026-08-01,2026-08-14 00:26:12.005687
CUST003441,Female,1975-11-08,Sarawak,Miri,>RM15k,Low,2025-09-04,2026-08-01,2026-08-14 00:26:12.005687
CUST003442,Female,1964-08-10,Penang,Bayan Lepas,RM3k-6k,Low,2021-10-03,2026-08-01,2026-08-14 00:26:12.005687
CUST003443,Female,1982-10-18,Johor,Johor Bahru,<RM3k,Low,2025-09-16,2026-08-01,2026-08-14 00:26:12.005687
CUST003444,Female,1997-04-22,Selangor,Subang Jaya,RM6k-10k,Low,2025-09-09,2026-08-01,2026-08-14 00:26:12.005687
CUST003445,Male,1967-07-29,Johor,Muar,RM10k-15k,Medium,2018-07-06,2026-08-01,2026-08-14 00:26:12.005687
CUST003446,Female,1957-10-13,Kuala Lumpur,Kuala Lumpur,<RM3k,Low,2018-11-29,2026-08-01,2026-08-14 00:26:12.005687
CUST003447,Male,1982-09-01,Perak,Taiping,RM6k-10k,Medium,2019-06-15,2026-08-01,2026-08-14 00:26:12.005687
CUST003448,Male,1974-07-24,Penang,George Town,<RM3k,High,2022-07-18,2026-08-01,2026-08-14 00:26:12.005687
CUST003449,Female,1994-01-27,Sarawak,Miri,RM3k-6k,Medium,2020-10-30,2026-08-01,2026-08-14 00:26:12.005687
CUST003450,Male,1996-12-20,Johor,Johor Bahru,RM3k-6k,High,2018-02-23,2026-08-01,2026-08-14 00:26:12.005687
CUST003451,Male,2001-07-30,Selangor,Petaling Jaya,<RM3k,High,2022-07-07,2026-08-01,2026-08-14 00:26:12.005687
CUST003452,Male,1974-04-07,Sarawak,Kuching,>RM15k,Medium,2020-08-08,2026-08-01,2026-08-14 00:26:12.005687
CUST003453,Female,1999-03-08,Perak,Ipoh,RM6k-10k,Low,2024-09-29,2026-08-01,2026-08-14 00:26:12.005687
CUST003454,Female,1960-10-10,Perak,Ipoh,RM10k-15k,Low,2024-02-02,2026-08-01,2026-08-14 00:26:12.005687
CUST003455,Male,1973-04-06,Johor,Muar,>RM15k,Medium,2024-10-03,2026-08-01,2026-08-14 00:26:12.005687
CUST003456,Male,1968-01-12,Melaka,Melaka City,>RM15k,Medium,2022-07-15,2026-08-01,2026-08-14 00:26:12.005687
CUST003457,Male,2000-03-24,Selangor,Subang Jaya,RM10k-15k,Medium,2023-07-26,2026-08-01,2026-08-14 00:26:12.005687
CUST003458,Male,1984-05-26,Selangor,Klang,RM3k-6k,Medium,2018-08-25,2026-08-01,2026-08-14 00:26:12.005687
CUST003459,Female,1972-12-04,Sabah,Kota Kinabalu,RM10k-15k,Medium,2024-01-29,2026-08-01,2026-08-14 00:26:12.005687
CUST003460,Male,1962-06-13,Kuala Lumpur,Kuala Lumpur,RM6k-10k,Medium,2021-08-12,2026-08-01,2026-08-14 00:26:12.005687
CUST003461,Female,1993-05-13,Sarawak,Miri,RM3k-6k,Medium,2018-01-13,2026-08-01,2026-08-14 00:26:12.005687
CUST003462,Male,1987-02-02,Selangor,Petaling Jaya,RM3k-6k,Low,2018-08-19,2026-08-01,2026-08-14 00:26:12.005687
CUST003463,Female,1996-10-16,Kuala Lumpur,Kuala Lumpur,RM3k-6k,Low,2020-06-19,2026-08-01,2026-08-14 00:26:12.005687
CUST003464,Female,1976-06-20,Kuala Lumpur,Kuala Lumpur,RM3k-6k,Low,2020-12-27,2026-08-01,2026-08-14 00:26:12.005687
CUST003465,Male,1962-05-06,Sarawak,Kuching,RM10k-15k,Low,2019-09-02,2026-08-01,2026-08-14 00:26:12.005687
CUST003466,Male,1971-05-21,Sabah,Sandakan,RM6k-10k,Medium,2024-02-25,2026-08-01,2026-08-14 00:26:12.005687
CUST003467,Male,1985-05-19,Selangor,Subang Jaya,RM3k-6k,Low,2021-07-29,2026-08-01,2026-08-14 00:26:12.005687
CUST003468,Female,1966-10-21,Kuala Lumpur,Kuala Lumpur,<RM3k,High,2020-01-25,2026-08-01,2026-08-14 00:26:12.005687
CUST003469,Female,1958-06-19,Selangor,Klang,RM10k-15k,Low,2023-05-22,2026-08-01,2026-08-14 00:26:12.005687
CUST003470,Male,1995-05-05,Selangor,Klang,RM3k-6k,Medium,2021-08-17,2026-08-01,2026-08-14 00:26:12.005687
CUST003471,Female,1980-12-29,Sabah,Sandakan,RM3k-6k,Low,2024-03-24,2026-08-01,2026-08-14 00:26:12.005687
CUST003472,Female,1974-06-08,Selangor,Klang,RM10k-15k,Medium,2022-01-01,2026-08-01,2026-08-14 00:26:12.005687
CUST003473,Male,1982-02-01,Selangor,Subang Jaya,RM10k-15k,Low,2023-12-30,2026-08-01,2026-08-14 00:26:12.005687
CUST003474,Female,1991-03-08,Kuala Lumpur,Kuala Lumpur,RM6k-10k,Medium,2024-10-28,2026-08-01,2026-08-14 00:26:12.005687
CUST003475,Male,1955-01-25,Penang,Bayan Lepas,RM6k-10k,Medium,2018-08-20,2026-08-01,2026-08-14 00:26:12.005687
CUST003476,Female,1976-07-29,Perak,Taiping,RM3k-6k,Low,2018-12-21,2026-08-01,2026-08-14 00:26:12.005687
CUST003477,Male,1967-06-16,Perak,Taiping,>RM15k,Medium,2023-11-05,2026-08-01,2026-08-14 00:26:12.005687
CUST003478,Male,1959-07-03,Penang,Butterworth,RM6k-10k,Medium,2022-05-27,2026-08-01,2026-08-14 00:26:12.005687
CUST003479,Male,1956-10-05,Negeri Sembilan,Seremban,RM6k-10k,Medium,2019-12-05,2026-08-01,2026-08-14 00:26:12.005687
CUST003480,Male,1976-08-01,Johor,Johor Bahru,<RM3k,Low,2018-03-31,2026-08-01,2026-08-14 00:26:12.005687
CUST003481,Female,1981-08-26,Sarawak,Miri,RM6k-10k,High,2025-08-22,2026-08-01,2026-08-14 00:26:12.005687
CUST003482,Male,1979-11-16,Penang,Butterworth,RM3k-6k,Low,2018-09-30,2026-08-01,2026-08-14 00:26:12.005687
CUST003483,Male,1993-05-12,Kuala Lumpur,Kuala Lumpur,RM3k-6k,Low,2021-09-13,2026-08-01,2026-08-14 00:26:12.005687
CUST003484,Male,1977-06-07,Sarawak,Miri,RM6k-10k,Low,2019-10-07,2026-08-01,2026-08-14 00:26:12.005687
CUST003485,Male,1983-11-26,Penang,Butterworth,RM10k-15k,Low,2021-03-01,2026-08-01,2026-08-14 00:26:12.005687
CUST003487,Male,1987-03-16,Selangor,Klang,RM10k-15k,Medium,2022-01-27,2026-08-01,2026-08-14 00:26:12.005687
CUST003488,Male,1999-08-18,Johor,Johor Bahru,RM3k-6k,Medium,2018-05-01,2026-08-01,2026-08-14 00:26:12.005687
CUST003489,Female,1965-11-09,Melaka,Melaka City,RM6k-10k,High,2018-09-12,2026-08-01,2026-08-14 00:26:12.005687
CUST003490,Male,1993-07-20,Selangor,Subang Jaya,<RM3k,Low,2025-07-23,2026-08-01,2026-08-14 00:26:12.005687
CUST003491,Male,1989-02-19,Kuala Lumpur,Kuala Lumpur,RM3k-6k,Medium,2020-01-06,2026-08-01,2026-08-14 00:26:12.005687
CUST003492,Female,1983-07-22,Selangor,Subang Jaya,>RM15k,Low,2021-06-03,2026-08-01,2026-08-14 00:26:12.005687
CUST003493,Male,1955-03-09,Johor,Batu Pahat,<RM3k,Low,2024-04-13,2026-08-01,2026-08-14 00:26:12.005687
CUST003494,Male,1981-07-12,Sarawak,Miri,>RM15k,Low,2024-09-15,2026-08-01,2026-08-14 00:26:12.005687
CUST003495,Female,1997-01-23,Penang,George Town,RM3k-6k,Medium,2020-04-09,2026-08-01,2026-08-14 00:26:12.005687
CUST003496,Male,1986-08-02,Melaka,Melaka City,RM6k-10k,Medium,2019-10-11,2026-08-01,2026-08-14 00:26:12.005687
CUST003497,Male,1955-04-02,Johor,Muar,<RM3k,Low,2021-07-01,2026-08-01,2026-08-14 00:26:12.005687
CUST003498,Male,1969-02-07,Selangor,Petaling Jaya,RM6k-10k,Low,2020-09-13,2026-08-01,2026-08-14 00:26:12.005687
CUST003499,Female,1982-11-24,Selangor,Shah Alam,>RM15k,Low,2023-08-10,2026-08-01,2026-08-14 00:26:12.005687
CUST003500,Male,1994-10-11,Selangor,Klang,RM6k-10k,Low,2023-10-25,2026-08-01,2026-08-14 00:26:12.005687
CUST003501,Female,1976-10-19,Sabah,Sandakan,RM3k-6k,Medium,2020-01-30,2026-08-01,2026-08-14 00:26:12.005687
CUST003502,Male,1996-12-25,Kuala Lumpur,Kuala Lumpur,RM10k-15k,Low,2021-01-12,2026-08-01,2026-08-14 00:26:12.005687
CUST003503,Female,1993-12-29,Selangor,Shah Alam,RM6k-10k,Medium,2023-11-05,2026-08-01,2026-08-14 00:26:12.005687
CUST003504,Male,1968-02-04,Melaka,Melaka City,<RM3k,High,2022-01-22,2026-08-01,2026-08-14 00:26:12.005687
CUST003505,Male,1964-07-20,Penang,Bayan Lepas,RM6k-10k,Low,2022-05-29,2026-08-01,2026-08-14 00:26:12.005687
CUST003506,Male,1999-03-27,Kuala Lumpur,Kuala Lumpur,RM6k-10k,High,2024-06-21,2026-08-01,2026-08-14 00:26:12.005687
CUST003507,Male,1983-11-14,Perak,Taiping,RM10k-15k,Medium,2023-03-19,2026-08-01,2026-08-14 00:26:12.005687
CUST003508,Male,1996-08-01,Johor,Batu Pahat,RM3k-6k,Low,2023-03-17,2026-08-01,2026-08-14 00:26:12.005687
CUST003509,Male,2000-03-07,Sarawak,Miri,RM3k-6k,Medium,2021-11-07,2026-08-01,2026-08-14 00:26:12.005687
CUST003510,Female,1975-10-19,Perak,Ipoh,>RM15k,Low,2024-09-07,2026-08-01,2026-08-14 00:26:12.005687
CUST003511,Male,1957-03-29,Kuala Lumpur,Kuala Lumpur,RM6k-10k,Medium,2018-03-09,2026-08-01,2026-08-14 00:26:12.005687
CUST003512,Male,1999-07-16,Selangor,Subang Jaya,RM6k-10k,Medium,2018-09-10,2026-08-01,2026-08-14 00:26:12.005687
CUST003513,Male,1983-08-05,Selangor,Petaling Jaya,>RM15k,High,2023-05-30,2026-08-01,2026-08-14 00:26:12.005687
CUST003514,Male,1960-11-25,Perak,Taiping,RM3k-6k,Medium,2022-11-12,2026-08-01,2026-08-14 00:26:12.005687
CUST003515,Male,1980-12-16,Johor,Muar,RM3k-6k,Medium,2020-03-28,2026-08-01,2026-08-14 00:26:12.005687
CUST003516,Male,1956-05-15,Sabah,Sandakan,RM10k-15k,Low,2022-10-23,2026-08-01,2026-08-14 00:26:12.005687
CUST003517,Male,1969-03-14,Johor,Muar,RM6k-10k,High,2018-11-09,2026-08-01,2026-08-14 00:26:12.005687
CUST003518,Female,1972-01-17,Selangor,Subang Jaya,>RM15k,Medium,2022-11-09,2026-08-01,2026-08-14 00:26:12.005687
CUST003519,Male,1977-04-06,Kuala Lumpur,Kuala Lumpur,RM6k-10k,Medium,2020-11-21,2026-08-01,2026-08-14 00:26:12.005687
CUST003520,Male,1982-09-15,Selangor,Petaling Jaya,RM3k-6k,Medium,2022-09-16,2026-08-01,2026-08-14 00:26:12.005687
CUST003521,Male,1996-02-16,Selangor,Subang Jaya,RM3k-6k,Low,2020-09-22,2026-08-01,2026-08-14 00:26:12.005687
CUST003522,Male,1972-03-21,Penang,George Town,<RM3k,Low,2023-10-16,2026-08-01,2026-08-14 00:26:12.005687
CUST003523,Female,1991-01-11,Negeri Sembilan,Seremban,>RM15k,Medium,2018-11-23,2026-08-01,2026-08-14 00:26:12.005687
CUST003524,Female,2001-02-27,Selangor,Petaling Jaya,<RM3k,High,2024-10-01,2026-08-01,2026-08-14 00:26:12.005687
CUST003525,Male,1991-09-04,Perak,Taiping,RM6k-10k,Medium,2021-12-16,2026-08-01,2026-08-14 00:26:12.005687
CUST003526,Female,1967-06-25,Kuala Lumpur,Kuala Lumpur,RM3k-6k,Low,2019-11-02,2026-08-01,2026-08-14 00:26:12.005687
CUST003527,Female,1988-03-16,Perak,Taiping,<RM3k,Low,2025-09-11,2026-08-01,2026-08-14 00:26:12.005687
CUST003528,Female,1968-10-11,Kuala Lumpur,Kuala Lumpur,RM3k-6k,Low,2018-11-02,2026-08-01,2026-08-14 00:26:12.005687
CUST003529,Male,1978-06-01,Perak,Ipoh,RM6k-10k,Low,2022-04-18,2026-08-01,2026-08-14 00:26:12.005687
CUST003530,Female,1986-02-07,Kuala Lumpur,Kuala Lumpur,<RM3k,High,2018-08-05,2026-08-01,2026-08-14 00:26:12.005687
CUST003531,Female,1969-05-14,Selangor,Petaling Jaya,>RM15k,Medium,2025-03-12,2026-08-01,2026-08-14 00:26:12.005687
CUST003532,Female,1955-03-11,Penang,Butterworth,>RM15k,Low,2019-04-08,2026-08-01,2026-08-14 00:26:12.005687
CUST003533,Female,1996-01-07,Selangor,Subang Jaya,<RM3k,Low,2020-01-06,2026-08-01,2026-08-14 00:26:12.005687
CUST003534,Female,1990-08-25,Johor,Batu Pahat,RM10k-15k,High,2023-04-01,2026-08-01,2026-08-14 00:26:12.005687
CUST003535,Male,1961-01-12,Selangor,Subang Jaya,RM3k-6k,Medium,2025-01-28,2026-08-01,2026-08-14 00:26:12.005687
CUST003536,Male,1973-06-30,Negeri Sembilan,Seremban,<RM3k,Low,2021-05-01,2026-08-01,2026-08-14 00:26:12.005687
CUST003537,Female,1967-10-28,Selangor,Subang Jaya,RM3k-6k,Low,2020-01-31,2026-08-01,2026-08-14 00:26:12.005687
CUST003538,Male,2002-11-27,Johor,Muar,RM10k-15k,Low,2020-10-17,2026-08-01,2026-08-14 00:26:12.005687
CUST003539,Female,2001-02-22,Sarawak,Miri,RM6k-10k,Low,2025-05-04,2026-08-01,2026-08-14 00:26:12.005687
CUST003540,Female,1988-11-16,Perak,Taiping,RM3k-6k,Medium,2025-04-11,2026-08-01,2026-08-14 00:26:12.005687
CUST003541,Male,1976-08-06,Selangor,Shah Alam,RM6k-10k,Low,2018-12-24,2026-08-01,2026-08-14 00:26:12.005687
CUST003542,Male,1957-07-23,Penang,Bayan Lepas,RM6k-10k,Low,2025-03-14,2026-08-01,2026-08-14 00:26:12.005687
CUST003543,Male,1967-02-05,Kuala Lumpur,Kuala Lumpur,RM10k-15k,Low,2024-09-22,2026-08-01,2026-08-14 00:26:12.005687
CUST003544,Female,1959-07-16,Johor,Muar,RM6k-10k,Low,2022-04-24,2026-08-01,2026-08-14 00:26:12.005687
CUST003545,Female,1993-09-06,Johor,Muar,RM10k-15k,Medium,2020-01-17,2026-08-01,2026-08-14 00:26:12.005687
CUST003546,Female,1959-04-27,Sabah,Kota Kinabalu,RM6k-10k,Medium,2021-09-01,2026-08-01,2026-08-14 00:26:12.005687
CUST003547,Female,1988-03-12,Sarawak,Miri,<RM3k,Low,2024-03-14,2026-08-01,2026-08-14 00:26:12.005687
CUST003548,Male,2001-09-04,Selangor,Petaling Jaya,RM10k-15k,Low,2020-02-29,2026-08-01,2026-08-14 00:26:12.005687
CUST003549,Female,1970-02-01,Kuala Lumpur,Kuala Lumpur,RM3k-6k,Medium,2020-10-01,2026-08-01,2026-08-14 00:26:12.005687
CUST003550,Male,1988-07-07,Selangor,Klang,RM6k-10k,High,2021-09-05,2026-08-01,2026-08-14 00:26:12.005687
CUST003551,Male,1998-01-27,Johor,Muar,RM6k-10k,Low,2018-07-16,2026-08-01,2026-08-14 00:26:12.005687
CUST003552,Male,1975-12-14,Selangor,Subang Jaya,RM3k-6k,Low,2021-04-15,2026-08-01,2026-08-14 00:26:12.005687
CUST003553,Female,1976-12-28,Penang,Bayan Lepas,<RM3k,High,2019-01-27,2026-08-01,2026-08-14 00:26:12.005687
CUST003554,Male,1964-10-27,Johor,Johor Bahru,RM6k-10k,Low,2018-01-21,2026-08-01,2026-08-14 00:26:12.005687
CUST003555,Female,1975-12-12,Negeri Sembilan,Seremban,RM10k-15k,High,2021-02-04,2026-08-01,2026-08-14 00:26:12.005687
CUST003556,Male,1997-10-21,Selangor,Petaling Jaya,RM10k-15k,Medium,2024-01-25,2026-08-01,2026-08-14 00:26:12.005687
CUST003557,Male,1987-07-03,Kuala Lumpur,Kuala Lumpur,RM6k-10k,Low,2025-11-10,2026-08-01,2026-08-14 00:26:12.005687
CUST003558,Male,1964-11-16,Selangor,Subang Jaya,RM3k-6k,Low,2021-07-05,2026-08-01,2026-08-14 00:26:12.005687
CUST003559,Male,1980-10-18,Penang,Bayan Lepas,RM3k-6k,High,2024-01-12,2026-08-01,2026-08-14 00:26:12.005687
CUST003560,Male,1989-08-16,Selangor,Klang,RM10k-15k,Low,2019-10-13,2026-08-01,2026-08-14 00:26:12.005687
CUST003561,Male,1958-10-16,Selangor,Petaling Jaya,RM3k-6k,Low,2023-02-03,2026-08-01,2026-08-14 00:26:12.005687
CUST003562,Male,1992-05-26,Selangor,Subang Jaya,RM10k-15k,Low,2023-05-01,2026-08-01,2026-08-14 00:26:12.005687
CUST003563,Male,1964-11-10,Sabah,Kota Kinabalu,RM3k-6k,Medium,2020-08-28,2026-08-01,2026-08-14 00:26:12.005687
CUST003564,Female,1969-06-09,Negeri Sembilan,Seremban,<RM3k,Medium,2021-07-31,2026-08-01,2026-08-14 00:26:12.005687
CUST003565,Male,1975-05-26,Selangor,Klang,RM6k-10k,Medium,2023-05-12,2026-08-01,2026-08-14 00:26:12.005687
CUST003566,Male,1979-09-27,Selangor,Subang Jaya,RM6k-10k,Low,2020-07-05,2026-08-01,2026-08-14 00:26:12.005687
CUST003567,Male,1999-11-18,Johor,Muar,RM6k-10k,Medium,2022-10-30,2026-08-01,2026-08-14 00:26:12.005687
CUST003568,Female,1965-12-04,Selangor,Petaling Jaya,RM3k-6k,Medium,2019-11-06,2026-08-01,2026-08-14 00:26:12.005687
CUST003569,Male,1967-07-15,Negeri Sembilan,Seremban,RM10k-15k,Low,2022-04-14,2026-08-01,2026-08-14 00:26:12.005687
CUST003570,Female,1973-07-26,Johor,Muar,RM6k-10k,Medium,2018-06-22,2026-08-01,2026-08-14 00:26:12.005687
CUST003571,Male,1997-01-01,Perak,Ipoh,RM10k-15k,Medium,2021-07-28,2026-08-01,2026-08-14 00:26:12.005687
CUST003572,Female,2002-04-16,Melaka,Melaka City,RM6k-10k,Low,2022-01-09,2026-08-01,2026-08-14 00:26:12.005687
CUST003573,Female,1977-04-08,Penang,Bayan Lepas,RM3k-6k,High,2024-08-13,2026-08-01,2026-08-14 00:26:12.005687
CUST003574,Female,1988-12-17,Selangor,Subang Jaya,RM6k-10k,Low,2021-01-01,2026-08-01,2026-08-14 00:26:12.005687
CUST003575,Female,1999-12-11,Penang,George Town,RM6k-10k,Low,2018-01-18,2026-08-01,2026-08-14 00:26:12.005687
CUST003576,Female,1996-06-25,Selangor,Petaling Jaya,RM6k-10k,Low,2018-04-28,2026-08-01,2026-08-14 00:26:12.005687
CUST003577,Male,1988-05-18,Johor,Muar,RM6k-10k,Low,2022-04-25,2026-08-01,2026-08-14 00:26:12.005687
CUST003578,Female,1981-06-27,Negeri Sembilan,Seremban,<RM3k,Low,2024-07-01,2026-08-01,2026-08-14 00:26:12.005687
CUST003579,Male,2003-03-25,Selangor,Klang,>RM15k,Low,2025-02-14,2026-08-01,2026-08-14 00:26:12.005687
CUST003580,Female,1966-09-17,Johor,Johor Bahru,RM3k-6k,Medium,2024-06-18,2026-08-01,2026-08-14 00:26:12.005687
CUST003581,Male,1972-10-10,Kuala Lumpur,Kuala Lumpur,RM3k-6k,Medium,2020-09-20,2026-08-01,2026-08-14 00:26:12.005687
CUST003582,Male,1989-12-05,Kuala Lumpur,Kuala Lumpur,RM10k-15k,Low,2021-12-02,2026-08-01,2026-08-14 00:26:12.005687
CUST003583,Female,1956-01-09,Penang,Butterworth,RM3k-6k,Medium,2025-02-07,2026-08-01,2026-08-14 00:26:12.005687
CUST003584,Male,1979-07-12,Sabah,Sandakan,>RM15k,Medium,2024-09-16,2026-08-01,2026-08-14 00:26:12.005687
CUST003585,Male,1996-11-11,Penang,Bayan Lepas,RM3k-6k,Low,2021-08-18,2026-08-01,2026-08-14 00:26:12.005687
CUST003586,Male,1963-08-31,Selangor,Klang,RM3k-6k,High,2021-11-06,2026-08-01,2026-08-14 00:26:12.005687
CUST003587,Female,1994-05-08,Kuala Lumpur,Kuala Lumpur,<RM3k,Low,2018-07-22,2026-08-01,2026-08-14 00:26:12.005687
CUST003588,Female,1975-03-17,Johor,Batu Pahat,<RM3k,Low,2019-05-09,2026-08-01,2026-08-14 00:26:12.005687
CUST003589,Male,1997-02-28,Johor,Johor Bahru,<RM3k,Low,2022-03-27,2026-08-01,2026-08-14 00:26:12.005687
CUST003590,Female,1986-02-08,Sabah,Kota Kinabalu,<RM3k,Low,2022-02-20,2026-08-01,2026-08-14 00:26:12.005687
CUST003591,Male,1962-09-13,Penang,Butterworth,RM3k-6k,Low,2022-08-07,2026-08-01,2026-08-14 00:26:12.005687
CUST003592,Female,1991-01-11,Melaka,Melaka City,RM3k-6k,Low,2020-07-02,2026-08-01,2026-08-14 00:26:12.005687
CUST003593,Male,1957-10-01,Sabah,Sandakan,RM3k-6k,Medium,2019-10-25,2026-08-01,2026-08-14 00:26:12.005687
CUST003594,Female,1966-12-01,Selangor,Shah Alam,RM3k-6k,High,2021-08-14,2026-08-01,2026-08-14 00:26:12.005687
CUST003595,Female,1998-07-12,Penang,Bayan Lepas,<RM3k,Medium,2025-01-10,2026-08-01,2026-08-14 00:26:12.005687
CUST003596,Male,1997-12-02,Sabah,Kota Kinabalu,<RM3k,Medium,2025-10-06,2026-08-01,2026-08-14 00:26:12.005687
CUST003597,Male,1957-04-09,Negeri Sembilan,Seremban,RM3k-6k,Medium,2018-06-03,2026-08-01,2026-08-14 00:26:12.005687
CUST003598,Male,1973-08-06,Johor,Muar,RM3k-6k,Medium,2020-11-04,2026-08-01,2026-08-14 00:26:12.005687
CUST003599,Male,1959-08-12,Penang,George Town,<RM3k,Low,2022-03-03,2026-08-01,2026-08-14 00:26:12.005687
CUST003600,Female,1968-04-14,Selangor,Petaling Jaya,RM3k-6k,Low,2019-09-23,2026-08-01,2026-08-14 00:26:12.005687
CUST003601,Female,2002-05-27,Sabah,Kota Kinabalu,>RM15k,Low,2020-10-28,2026-08-01,2026-08-14 00:26:12.005687
CUST003602,Female,1964-07-23,Melaka,Melaka City,RM3k-6k,Low,2019-01-11,2026-08-01,2026-08-14 00:26:12.005687
CUST003603,Male,1986-06-06,Melaka,Melaka City,<RM3k,Medium,2021-09-16,2026-08-01,2026-08-14 00:26:12.005687
CUST003604,Female,1994-05-27,Kuala Lumpur,Kuala Lumpur,RM6k-10k,Low,2025-01-25,2026-08-01,2026-08-14 00:26:12.005687
CUST003605,Male,1998-03-02,Selangor,Shah Alam,RM6k-10k,Low,2025-06-05,2026-08-01,2026-08-14 00:26:12.005687
CUST003606,Female,1972-05-09,Sabah,Sandakan,<RM3k,Low,2018-02-13,2026-08-01,2026-08-14 00:26:12.005687
CUST003607,Female,1989-02-22,Penang,Butterworth,RM10k-15k,Medium,2023-02-03,2026-08-01,2026-08-14 00:26:12.005687
CUST003608,Female,1978-09-07,Melaka,Melaka City,RM6k-10k,Low,2025-04-04,2026-08-01,2026-08-14 00:26:12.005687
CUST003609,Female,1960-04-04,Selangor,Petaling Jaya,>RM15k,Low,2024-02-22,2026-08-01,2026-08-14 00:26:12.005687
CUST003610,Female,1965-12-01,Sarawak,Kuching,>RM15k,Low,2018-06-30,2026-08-01,2026-08-14 00:26:12.005687
CUST003612,Female,1988-08-13,Selangor,Subang Jaya,RM6k-10k,Medium,2024-01-08,2026-08-01,2026-08-14 00:26:12.005687
CUST003613,Male,1980-07-13,Kuala Lumpur,Kuala Lumpur,RM3k-6k,Low,2025-11-01,2026-08-01,2026-08-14 00:26:12.005687
CUST003614,Male,1993-04-08,Perak,Taiping,RM10k-15k,Low,2020-05-07,2026-08-01,2026-08-14 00:26:12.005687
CUST003615,Male,1988-11-13,Kuala Lumpur,Kuala Lumpur,RM6k-10k,High,2020-04-06,2026-08-01,2026-08-14 00:26:12.005687
CUST003616,Male,1971-08-19,Sabah,Sandakan,RM3k-6k,Low,2019-12-31,2026-08-01,2026-08-14 00:26:12.005687
CUST003617,Female,1969-05-27,Penang,Butterworth,<RM3k,Medium,2025-02-27,2026-08-01,2026-08-14 00:26:12.005687
CUST003618,Female,2001-04-22,Johor,Johor Bahru,RM6k-10k,Medium,2019-06-10,2026-08-01,2026-08-14 00:26:12.005687
CUST003619,Female,2002-08-14,Selangor,Subang Jaya,RM6k-10k,Low,2020-12-05,2026-08-01,2026-08-14 00:26:12.005687
CUST003620,Male,1956-07-01,Negeri Sembilan,Seremban,RM10k-15k,Low,2019-01-28,2026-08-01,2026-08-14 00:26:12.005687
CUST003621,Male,1993-09-29,Perak,Taiping,RM3k-6k,Low,2025-07-07,2026-08-01,2026-08-14 00:26:12.005687
CUST003622,Female,1961-07-07,Sabah,Kota Kinabalu,RM10k-15k,Low,2018-07-13,2026-08-01,2026-08-14 00:26:12.005687
CUST003623,Female,1997-03-13,Sabah,Kota Kinabalu,<RM3k,Low,2022-01-21,2026-08-01,2026-08-14 00:26:12.005687
CUST003624,Male,1983-11-06,Penang,Bayan Lepas,RM6k-10k,Medium,2019-03-29,2026-08-01,2026-08-14 00:26:12.005687
CUST003625,Male,1988-09-12,Negeri Sembilan,Seremban,RM3k-6k,Low,2021-04-04,2026-08-01,2026-08-14 00:26:12.005687
CUST003626,Male,1989-05-14,Penang,George Town,RM3k-6k,Low,2022-09-15,2026-08-01,2026-08-14 00:26:12.005687
CUST003627,Male,1984-08-21,Johor,Johor Bahru,RM3k-6k,Medium,2023-08-02,2026-08-01,2026-08-14 00:26:12.005687
CUST003628,Male,1967-04-14,Selangor,Petaling Jaya,RM3k-6k,Low,2022-07-23,2026-08-01,2026-08-14 00:26:12.005687
CUST003629,Male,1994-07-20,Selangor,Petaling Jaya,RM3k-6k,Medium,2021-06-02,2026-08-01,2026-08-14 00:26:12.005687
CUST003611,Male,1991-08-29,Perak,Ipoh,RM6k-10k,Low,2021-02-12,2026-08-01,2026-08-14 00:26:12.005687
CUST003630,Female,1982-02-23,Sabah,Kota Kinabalu,RM10k-15k,Low,2020-04-01,2026-08-01,2026-08-14 00:26:12.005687
CUST003631,Female,1981-09-15,Selangor,Petaling Jaya,RM3k-6k,Medium,2024-06-02,2026-08-01,2026-08-14 00:26:12.005687
CUST003632,Male,1970-08-07,Perak,Ipoh,RM10k-15k,Medium,2023-06-09,2026-08-01,2026-08-14 00:26:12.005687
CUST003633,Male,1955-06-29,Negeri Sembilan,Seremban,RM6k-10k,Low,2023-05-17,2026-08-01,2026-08-14 00:26:12.005687
CUST003634,Female,1982-02-23,Johor,Muar,<RM3k,Medium,2024-02-27,2026-08-01,2026-08-14 00:26:12.005687
CUST003635,Male,1971-11-28,Kuala Lumpur,Kuala Lumpur,RM10k-15k,Low,2019-10-06,2026-08-01,2026-08-14 00:26:12.005687
CUST003636,Female,1987-04-22,Perak,Taiping,RM10k-15k,Low,2025-11-03,2026-08-01,2026-08-14 00:26:12.005687
CUST003637,Male,1972-11-10,Kuala Lumpur,Kuala Lumpur,RM10k-15k,Low,2025-05-09,2026-08-01,2026-08-14 00:26:12.005687
CUST003638,Female,2002-08-31,Sabah,Kota Kinabalu,RM10k-15k,Low,2021-07-08,2026-08-01,2026-08-14 00:26:12.005687
CUST003639,Male,1988-05-11,Johor,Muar,RM6k-10k,Medium,2019-08-19,2026-08-01,2026-08-14 00:26:12.005687
CUST003640,Male,1977-04-30,Johor,Johor Bahru,>RM15k,Low,2020-12-30,2026-08-01,2026-08-14 00:26:12.005687
CUST003641,Female,1989-09-12,Penang,Butterworth,<RM3k,Low,2021-02-09,2026-08-01,2026-08-14 00:26:12.005687
CUST003642,Female,1986-10-05,Johor,Johor Bahru,<RM3k,High,2025-10-13,2026-08-01,2026-08-14 00:26:12.005687
CUST003643,Male,1985-05-28,Selangor,Shah Alam,RM6k-10k,Low,2020-04-23,2026-08-01,2026-08-14 00:26:12.005687
CUST003644,Female,1983-04-28,Selangor,Shah Alam,RM3k-6k,Medium,2025-07-15,2026-08-01,2026-08-14 00:26:12.005687
CUST003645,Female,2000-08-28,Selangor,Shah Alam,RM6k-10k,Low,2019-11-06,2026-08-01,2026-08-14 00:26:12.005687
CUST003646,Male,1970-07-23,Melaka,Melaka City,RM3k-6k,High,2025-05-31,2026-08-01,2026-08-14 00:26:12.005687
CUST003647,Female,1976-03-08,Kuala Lumpur,Kuala Lumpur,RM3k-6k,Low,2025-06-09,2026-08-01,2026-08-14 00:26:12.005687
CUST003648,Female,1967-05-26,Selangor,Klang,>RM15k,Medium,2022-11-14,2026-08-01,2026-08-14 00:26:12.005687
CUST003649,Female,1982-11-26,Selangor,Shah Alam,<RM3k,Medium,2018-11-11,2026-08-01,2026-08-14 00:26:12.005687
CUST003650,Male,2003-05-27,Johor,Muar,RM3k-6k,High,2022-12-10,2026-08-01,2026-08-14 00:26:12.005687
CUST003651,Female,1984-10-22,Kuala Lumpur,Kuala Lumpur,RM6k-10k,High,2025-04-16,2026-08-01,2026-08-14 00:26:12.005687
CUST003652,Female,1965-02-18,Sabah,Sandakan,RM10k-15k,Medium,2025-06-03,2026-08-01,2026-08-14 00:26:12.005687
CUST003653,Female,2000-02-25,Kuala Lumpur,Kuala Lumpur,RM10k-15k,Low,2021-08-29,2026-08-01,2026-08-14 00:26:12.005687
CUST003654,Female,1993-09-20,Perak,Ipoh,RM3k-6k,Low,2021-11-02,2026-08-01,2026-08-14 00:26:12.005687
CUST003655,Female,1976-07-25,Selangor,Shah Alam,RM10k-15k,Medium,2021-01-27,2026-08-01,2026-08-14 00:26:12.005687
CUST003656,Female,1962-03-08,Johor,Batu Pahat,RM6k-10k,Medium,2019-09-16,2026-08-01,2026-08-14 00:26:12.005687
CUST003657,Female,1974-09-23,Selangor,Klang,RM10k-15k,Medium,2023-03-25,2026-08-01,2026-08-14 00:26:12.005687
CUST003658,Female,1994-05-30,Sabah,Kota Kinabalu,<RM3k,Medium,2025-11-17,2026-08-01,2026-08-14 00:26:12.005687
CUST003659,Male,1983-04-11,Negeri Sembilan,Seremban,RM3k-6k,Low,2020-02-20,2026-08-01,2026-08-14 00:26:12.005687
CUST003660,Female,1964-02-06,Selangor,Petaling Jaya,RM6k-10k,Low,2024-09-25,2026-08-01,2026-08-14 00:26:12.005687
CUST003661,Female,1962-10-08,Negeri Sembilan,Seremban,RM6k-10k,Low,2018-10-07,2026-08-01,2026-08-14 00:26:12.005687
CUST003662,Male,2002-05-22,Selangor,Shah Alam,<RM3k,Medium,2018-06-13,2026-08-01,2026-08-14 00:26:12.005687
CUST003663,Male,1976-11-29,Penang,Butterworth,RM6k-10k,Low,2025-03-16,2026-08-01,2026-08-14 00:26:12.005687
CUST003664,Male,1988-08-11,Perak,Ipoh,RM6k-10k,Low,2018-11-25,2026-08-01,2026-08-14 00:26:12.005687
CUST003665,Female,1972-09-02,Selangor,Subang Jaya,RM3k-6k,Medium,2021-04-24,2026-08-01,2026-08-14 00:26:12.005687
CUST003666,Female,1959-06-01,Johor,Johor Bahru,RM6k-10k,Low,2025-01-20,2026-08-01,2026-08-14 00:26:12.005687
CUST003667,Female,1975-03-09,Kuala Lumpur,Kuala Lumpur,RM3k-6k,Low,2020-10-16,2026-08-01,2026-08-14 00:26:12.005687
CUST003668,Female,1988-12-18,Perak,Taiping,RM10k-15k,Low,2020-05-29,2026-08-01,2026-08-14 00:26:12.005687
CUST003669,Female,1971-05-02,Selangor,Petaling Jaya,RM6k-10k,Low,2018-04-30,2026-08-01,2026-08-14 00:26:12.005687
CUST003670,Male,1984-07-29,Melaka,Melaka City,RM6k-10k,Low,2023-07-28,2026-08-01,2026-08-14 00:26:12.005687
CUST003671,Female,1976-06-19,Selangor,Subang Jaya,>RM15k,Medium,2020-07-24,2026-08-01,2026-08-14 00:26:12.005687
CUST003672,Male,1971-07-16,Melaka,Melaka City,RM6k-10k,Medium,2018-12-11,2026-08-01,2026-08-14 00:26:12.005687
CUST003673,Female,1967-06-30,Kuala Lumpur,Kuala Lumpur,RM3k-6k,Medium,2021-10-18,2026-08-01,2026-08-14 00:26:12.005687
CUST003674,Female,1967-10-11,Penang,Butterworth,RM6k-10k,High,2019-05-14,2026-08-01,2026-08-14 00:26:12.005687
CUST003675,Male,1967-07-13,Selangor,Klang,>RM15k,Low,2024-10-15,2026-08-01,2026-08-14 00:26:12.005687
CUST003676,Male,1990-03-20,Selangor,Subang Jaya,<RM3k,Low,2023-12-24,2026-08-01,2026-08-14 00:26:12.005687
CUST003677,Female,1971-07-12,Kuala Lumpur,Kuala Lumpur,RM6k-10k,Low,2025-11-01,2026-08-01,2026-08-14 00:26:12.005687
CUST003678,Male,1991-04-29,Perak,Ipoh,<RM3k,Medium,2025-10-31,2026-08-01,2026-08-14 00:26:12.005687
CUST003679,Female,1970-03-29,Selangor,Klang,RM10k-15k,Low,2024-09-11,2026-08-01,2026-08-14 00:26:12.005687
CUST003680,Female,1971-01-12,Penang,George Town,RM6k-10k,High,2022-01-06,2026-08-01,2026-08-14 00:26:12.005687
CUST003681,Male,2000-04-14,Negeri Sembilan,Seremban,>RM15k,Medium,2019-05-13,2026-08-01,2026-08-14 00:26:12.005687
CUST003682,Female,1997-12-06,Selangor,Subang Jaya,RM6k-10k,Medium,2018-05-06,2026-08-01,2026-08-14 00:26:12.005687
CUST003683,Female,1974-08-19,Kuala Lumpur,Kuala Lumpur,<RM3k,Low,2018-09-25,2026-08-01,2026-08-14 00:26:12.005687
CUST003684,Female,1968-03-03,Kuala Lumpur,Kuala Lumpur,RM6k-10k,Medium,2019-11-16,2026-08-01,2026-08-14 00:26:12.005687
CUST003685,Female,1990-01-23,Kuala Lumpur,Kuala Lumpur,>RM15k,Low,2025-01-23,2026-08-01,2026-08-14 00:26:12.005687
CUST003686,Female,1958-06-04,Johor,Muar,RM3k-6k,Low,2019-09-14,2026-08-01,2026-08-14 00:26:12.005687
CUST003687,Female,1977-05-13,Sabah,Kota Kinabalu,<RM3k,Medium,2018-09-28,2026-08-01,2026-08-14 00:26:12.005687
CUST003688,Male,1984-05-23,Selangor,Shah Alam,RM6k-10k,Low,2025-06-24,2026-08-01,2026-08-14 00:26:12.005687
CUST003689,Male,1988-02-10,Kuala Lumpur,Kuala Lumpur,RM6k-10k,High,2021-06-26,2026-08-01,2026-08-14 00:26:12.005687
CUST003690,Female,1960-03-31,Penang,George Town,<RM3k,Medium,2021-05-09,2026-08-01,2026-08-14 00:26:12.005687
CUST003691,Female,1955-02-23,Selangor,Shah Alam,RM3k-6k,Medium,2020-05-30,2026-08-01,2026-08-14 00:26:12.005687
CUST003692,Male,1968-07-22,Penang,Butterworth,RM3k-6k,Low,2025-07-31,2026-08-01,2026-08-14 00:26:12.005687
CUST003693,Female,1960-11-03,Negeri Sembilan,Seremban,RM6k-10k,Low,2020-10-13,2026-08-01,2026-08-14 00:26:12.005687
CUST003694,Male,1979-11-07,Selangor,Shah Alam,RM3k-6k,Low,2024-11-15,2026-08-01,2026-08-14 00:26:12.005687
CUST003695,Male,2000-01-20,Johor,Batu Pahat,RM6k-10k,Medium,2025-12-08,2026-08-01,2026-08-14 00:26:12.005687
CUST003696,Female,1969-01-11,Sarawak,Kuching,RM10k-15k,Low,2021-08-09,2026-08-01,2026-08-14 00:26:12.005687
CUST003697,Female,1977-03-25,Perak,Taiping,RM3k-6k,High,2023-08-09,2026-08-01,2026-08-14 00:26:12.005687
CUST003698,Female,1965-07-14,Sabah,Sandakan,RM6k-10k,High,2018-03-14,2026-08-01,2026-08-14 00:26:12.005687
CUST003699,Female,1957-02-26,Sabah,Sandakan,RM3k-6k,Low,2024-04-02,2026-08-01,2026-08-14 00:26:12.005687
CUST003700,Female,1989-06-15,Johor,Batu Pahat,RM3k-6k,Medium,2025-10-12,2026-08-01,2026-08-14 00:26:12.005687
CUST003701,Male,1967-07-25,Johor,Johor Bahru,RM6k-10k,Low,2019-07-25,2026-08-01,2026-08-14 00:26:12.005687
CUST003702,Female,1981-10-20,Perak,Ipoh,RM6k-10k,Low,2018-01-30,2026-08-01,2026-08-14 00:26:12.005687
CUST003703,Male,1988-06-20,Perak,Ipoh,>RM15k,Low,2018-05-09,2026-08-01,2026-08-14 00:26:12.005687
CUST003704,Male,1996-02-23,Perak,Ipoh,RM3k-6k,Medium,2024-11-05,2026-08-01,2026-08-14 00:26:12.005687
CUST003705,Female,1964-02-04,Selangor,Subang Jaya,<RM3k,High,2019-12-14,2026-08-01,2026-08-14 00:26:12.005687
CUST003706,Female,1983-06-24,Sarawak,Miri,RM3k-6k,Low,2021-04-22,2026-08-01,2026-08-14 00:26:12.005687
CUST003707,Female,1999-08-17,Selangor,Subang Jaya,RM6k-10k,Low,2020-09-08,2026-08-01,2026-08-14 00:26:12.005687
CUST003708,Male,1978-09-08,Kuala Lumpur,Kuala Lumpur,RM3k-6k,Low,2020-05-30,2026-08-01,2026-08-14 00:26:12.005687
CUST003709,Female,1956-12-27,Selangor,Shah Alam,>RM15k,Low,2019-04-29,2026-08-01,2026-08-14 00:26:12.005687
CUST003710,Male,1967-10-20,Selangor,Shah Alam,RM10k-15k,Low,2021-04-07,2026-08-01,2026-08-14 00:26:12.005687
CUST003711,Male,1993-12-09,Perak,Ipoh,RM6k-10k,Medium,2025-05-23,2026-08-01,2026-08-14 00:26:12.005687
CUST003712,Male,1993-10-22,Selangor,Shah Alam,RM3k-6k,High,2020-11-08,2026-08-01,2026-08-14 00:26:12.005687
CUST003713,Male,1970-05-30,Perak,Ipoh,<RM3k,Low,2024-05-29,2026-08-01,2026-08-14 00:26:12.005687
CUST003714,Male,1964-08-24,Johor,Muar,RM6k-10k,Medium,2023-07-06,2026-08-01,2026-08-14 00:26:12.005687
CUST003715,Male,1969-04-18,Kuala Lumpur,Kuala Lumpur,RM6k-10k,Medium,2024-05-17,2026-08-01,2026-08-14 00:26:12.005687
CUST003716,Male,1966-11-13,Selangor,Subang Jaya,>RM15k,Medium,2022-07-31,2026-08-01,2026-08-14 00:26:12.005687
CUST003717,Male,1991-04-22,Johor,Batu Pahat,RM6k-10k,Medium,2020-12-20,2026-08-01,2026-08-14 00:26:12.005687
CUST003718,Male,1996-03-27,Sabah,Sandakan,<RM3k,Low,2020-01-21,2026-08-01,2026-08-14 00:26:12.005687
CUST003719,Male,1957-04-13,Selangor,Subang Jaya,RM3k-6k,Medium,2020-03-29,2026-08-01,2026-08-14 00:26:12.005687
CUST003720,Female,1991-04-26,Selangor,Shah Alam,<RM3k,Low,2022-03-21,2026-08-01,2026-08-14 00:26:12.005687
CUST003721,Male,1991-11-13,Selangor,Subang Jaya,>RM15k,Medium,2021-03-26,2026-08-01,2026-08-14 00:26:12.005687
CUST003722,Male,1985-01-10,Kuala Lumpur,Kuala Lumpur,RM10k-15k,Low,2021-03-28,2026-08-01,2026-08-14 00:26:12.005687
CUST003723,Male,1997-09-09,Kuala Lumpur,Kuala Lumpur,RM10k-15k,Low,2020-12-13,2026-08-01,2026-08-14 00:26:12.005687
CUST003724,Female,1956-11-27,Negeri Sembilan,Seremban,RM10k-15k,Low,2025-05-13,2026-08-01,2026-08-14 00:26:12.005687
CUST003725,Male,1989-04-14,Kuala Lumpur,Kuala Lumpur,<RM3k,Low,2023-02-23,2026-08-01,2026-08-14 00:26:12.005687
CUST003726,Male,1961-03-27,Kuala Lumpur,Kuala Lumpur,RM6k-10k,Low,2025-02-19,2026-08-01,2026-08-14 00:26:12.005687
CUST003727,Male,1998-12-13,Melaka,Melaka City,RM6k-10k,Low,2025-06-04,2026-08-01,2026-08-14 00:26:12.005687
CUST003728,Female,1979-07-01,Perak,Taiping,RM3k-6k,Medium,2022-12-09,2026-08-01,2026-08-14 00:26:12.005687
CUST003729,Male,1959-06-15,Johor,Batu Pahat,RM6k-10k,Medium,2018-09-25,2026-08-01,2026-08-14 00:26:12.005687
CUST003730,Male,1991-07-27,Penang,Butterworth,RM6k-10k,Low,2025-09-20,2026-08-01,2026-08-14 00:26:12.005687
CUST003731,Male,1991-09-17,Negeri Sembilan,Seremban,>RM15k,Medium,2021-10-29,2026-08-01,2026-08-14 00:26:12.005687
CUST003732,Male,1977-09-27,Kuala Lumpur,Kuala Lumpur,<RM3k,Medium,2020-12-31,2026-08-01,2026-08-14 00:26:12.005687
CUST003733,Male,1970-03-18,Selangor,Petaling Jaya,>RM15k,Low,2021-04-23,2026-08-01,2026-08-14 00:26:12.005687
CUST003734,Male,1955-11-06,Sarawak,Kuching,>RM15k,Medium,2018-09-14,2026-08-01,2026-08-14 00:26:12.005687
CUST003735,Female,1999-06-27,Sabah,Kota Kinabalu,>RM15k,Low,2023-04-25,2026-08-01,2026-08-14 00:26:12.005687
CUST003736,Male,1964-01-11,Negeri Sembilan,Seremban,<RM3k,Medium,2018-05-20,2026-08-01,2026-08-14 00:26:12.005687
CUST003737,Female,1996-04-15,Selangor,Petaling Jaya,RM3k-6k,Medium,2023-10-07,2026-08-01,2026-08-14 00:26:12.005687
CUST003738,Male,1983-11-06,Negeri Sembilan,Seremban,RM6k-10k,Low,2024-08-31,2026-08-01,2026-08-14 00:26:12.005687
CUST003739,Male,1988-07-28,Selangor,Klang,RM3k-6k,Low,2021-05-18,2026-08-01,2026-08-14 00:26:12.005687
CUST003740,Female,1989-01-05,Perak,Taiping,<RM3k,Low,2021-01-25,2026-08-01,2026-08-14 00:26:12.005687
CUST003741,Female,1997-01-16,Melaka,Melaka City,RM10k-15k,Low,2023-05-21,2026-08-01,2026-08-14 00:26:12.005687
CUST003742,Female,1956-08-21,Kuala Lumpur,Kuala Lumpur,<RM3k,Low,2024-11-17,2026-08-01,2026-08-14 00:26:12.005687
CUST003743,Male,2003-07-26,Selangor,Klang,RM3k-6k,Medium,2018-10-07,2026-08-01,2026-08-14 00:26:12.005687
CUST003744,Male,1957-02-14,Penang,Bayan Lepas,>RM15k,Medium,2021-09-01,2026-08-01,2026-08-14 00:26:12.005687
CUST003745,Female,2003-12-14,Sarawak,Kuching,RM3k-6k,Low,2020-08-01,2026-08-01,2026-08-14 00:26:12.005687
CUST003746,Male,1967-10-21,Kuala Lumpur,Kuala Lumpur,>RM15k,Medium,2018-02-02,2026-08-01,2026-08-14 00:26:12.005687
CUST003747,Female,1996-06-11,Sarawak,Miri,RM3k-6k,Low,2018-01-25,2026-08-01,2026-08-14 00:26:12.005687
CUST003748,Male,1959-02-03,Selangor,Klang,RM3k-6k,Medium,2022-03-25,2026-08-01,2026-08-14 00:26:12.005687
CUST003749,Female,1977-08-01,Selangor,Shah Alam,<RM3k,Low,2024-02-09,2026-08-01,2026-08-14 00:26:12.005687
CUST003750,Female,1981-07-21,Selangor,Klang,RM3k-6k,Low,2022-10-03,2026-08-01,2026-08-14 00:26:12.005687
CUST003751,Female,2001-10-04,Melaka,Melaka City,RM3k-6k,Low,2019-12-28,2026-08-01,2026-08-14 00:26:12.005687
CUST003752,Male,1961-01-22,Kuala Lumpur,Kuala Lumpur,RM10k-15k,Low,2021-08-11,2026-08-01,2026-08-14 00:26:12.005687
CUST003753,Female,1956-10-14,Penang,George Town,>RM15k,Medium,2025-09-21,2026-08-01,2026-08-14 00:26:12.005687
CUST003754,Male,1986-10-05,Kuala Lumpur,Kuala Lumpur,<RM3k,Medium,2024-09-13,2026-08-01,2026-08-14 00:26:12.005687
CUST003755,Female,1957-05-31,Melaka,Melaka City,<RM3k,Low,2018-12-17,2026-08-01,2026-08-14 00:26:12.005687
CUST003756,Female,1993-01-30,Sabah,Kota Kinabalu,RM6k-10k,Low,2023-02-25,2026-08-01,2026-08-14 00:26:12.005687
CUST003757,Female,1956-11-16,Selangor,Petaling Jaya,RM6k-10k,High,2022-12-30,2026-08-01,2026-08-14 00:26:12.005687
CUST003758,Female,2002-07-21,Selangor,Subang Jaya,RM3k-6k,Low,2020-12-01,2026-08-01,2026-08-14 00:26:12.005687
CUST003759,Male,1981-02-06,Selangor,Shah Alam,RM3k-6k,Low,2020-11-30,2026-08-01,2026-08-14 00:26:12.005687
CUST003760,Female,2001-06-20,Selangor,Klang,RM3k-6k,Medium,2023-10-02,2026-08-01,2026-08-14 00:26:12.005687
CUST003761,Male,1961-03-16,Sarawak,Kuching,RM6k-10k,Low,2025-06-23,2026-08-01,2026-08-14 00:26:12.005687
CUST003762,Female,1968-05-24,Penang,Bayan Lepas,<RM3k,High,2020-07-22,2026-08-01,2026-08-14 00:26:12.005687
CUST003763,Female,1977-04-15,Johor,Batu Pahat,RM10k-15k,Low,2025-06-01,2026-08-01,2026-08-14 00:26:12.005687
CUST003764,Female,1956-06-10,Perak,Taiping,RM3k-6k,Medium,2024-09-15,2026-08-01,2026-08-14 00:26:12.005687
CUST003765,Female,1960-01-16,Johor,Johor Bahru,RM3k-6k,Low,2018-06-03,2026-08-01,2026-08-14 00:26:12.005687
CUST003766,Male,1971-02-21,Kuala Lumpur,Kuala Lumpur,RM6k-10k,Low,2020-03-29,2026-08-01,2026-08-14 00:26:12.005687
CUST003767,Male,1991-02-11,Kuala Lumpur,Kuala Lumpur,RM3k-6k,Low,2021-07-12,2026-08-01,2026-08-14 00:26:12.005687
CUST003768,Female,1989-09-17,Selangor,Petaling Jaya,RM10k-15k,High,2023-05-02,2026-08-01,2026-08-14 00:26:12.005687
CUST003769,Male,1959-04-03,Penang,Butterworth,RM6k-10k,Low,2019-10-24,2026-08-01,2026-08-14 00:26:12.005687
CUST003770,Male,1957-12-06,Kuala Lumpur,Kuala Lumpur,RM10k-15k,Low,2021-04-27,2026-08-01,2026-08-14 00:26:12.005687
CUST003771,Male,1987-02-22,Penang,Bayan Lepas,RM3k-6k,High,2018-09-28,2026-08-01,2026-08-14 00:26:12.005687
CUST003772,Male,1972-08-16,Selangor,Petaling Jaya,RM3k-6k,Low,2018-10-23,2026-08-01,2026-08-14 00:26:12.005687
CUST003774,Male,1969-08-08,Kuala Lumpur,Kuala Lumpur,RM6k-10k,Low,2023-01-14,2026-08-01,2026-08-14 00:26:12.005687
CUST003775,Male,1972-10-11,Johor,Batu Pahat,RM6k-10k,Medium,2021-08-14,2026-08-01,2026-08-14 00:26:12.005687
CUST003776,Male,1965-09-30,Kuala Lumpur,Kuala Lumpur,RM3k-6k,Low,2021-01-23,2026-08-01,2026-08-14 00:26:12.005687
CUST003777,Male,1968-01-22,Selangor,Subang Jaya,<RM3k,Low,2021-12-25,2026-08-01,2026-08-14 00:26:12.005687
CUST003778,Female,1989-08-06,Kuala Lumpur,Kuala Lumpur,RM3k-6k,High,2023-01-27,2026-08-01,2026-08-14 00:26:12.005687
CUST003779,Male,1978-02-02,Johor,Johor Bahru,<RM3k,Medium,2023-09-17,2026-08-01,2026-08-14 00:26:12.005687
CUST003780,Male,1987-04-18,Sabah,Kota Kinabalu,RM3k-6k,Low,2022-04-27,2026-08-01,2026-08-14 00:26:12.005687
CUST003781,Female,1958-11-08,Kuala Lumpur,Kuala Lumpur,RM6k-10k,Medium,2018-09-26,2026-08-01,2026-08-14 00:26:12.005687
CUST003782,Male,1981-03-28,Sabah,Sandakan,>RM15k,Low,2018-05-02,2026-08-01,2026-08-14 00:26:12.005687
CUST003783,Male,1977-06-21,Penang,George Town,<RM3k,Low,2020-09-28,2026-08-01,2026-08-14 00:26:12.005687
CUST003784,Female,1999-08-17,Johor,Johor Bahru,<RM3k,Low,2019-08-22,2026-08-01,2026-08-14 00:26:12.005687
CUST003785,Male,1975-10-01,Penang,Bayan Lepas,RM3k-6k,Medium,2022-04-18,2026-08-01,2026-08-14 00:26:12.005687
CUST003786,Male,1960-01-20,Selangor,Klang,<RM3k,Medium,2023-08-08,2026-08-01,2026-08-14 00:26:12.005687
CUST003787,Male,1989-02-27,Perak,Taiping,RM6k-10k,Low,2020-01-07,2026-08-01,2026-08-14 00:26:12.005687
CUST003788,Female,1962-05-02,Sabah,Kota Kinabalu,<RM3k,Low,2021-09-28,2026-08-01,2026-08-14 00:26:12.005687
CUST003789,Female,1999-07-17,Sabah,Sandakan,>RM15k,Low,2019-10-01,2026-08-01,2026-08-14 00:26:12.005687
CUST003790,Male,1973-10-15,Selangor,Klang,RM10k-15k,Medium,2021-09-24,2026-08-01,2026-08-14 00:26:12.005687
CUST003791,Female,1993-06-10,Perak,Taiping,RM6k-10k,Medium,2021-01-09,2026-08-01,2026-08-14 00:26:12.005687
CUST003792,Female,1987-02-19,Kuala Lumpur,Kuala Lumpur,>RM15k,Medium,2018-01-08,2026-08-01,2026-08-14 00:26:12.005687
CUST003793,Female,1977-10-11,Johor,Batu Pahat,RM6k-10k,High,2023-04-28,2026-08-01,2026-08-14 00:26:12.005687
CUST003794,Female,1983-08-14,Kuala Lumpur,Kuala Lumpur,>RM15k,Medium,2020-06-03,2026-08-01,2026-08-14 00:26:12.005687
CUST003795,Male,1963-12-14,Selangor,Shah Alam,RM3k-6k,High,2023-12-25,2026-08-01,2026-08-14 00:26:12.005687
CUST003796,Male,1958-08-18,Penang,Bayan Lepas,>RM15k,Medium,2023-05-10,2026-08-01,2026-08-14 00:26:12.005687
CUST003797,Male,1992-07-18,Melaka,Melaka City,RM3k-6k,Low,2019-07-24,2026-08-01,2026-08-14 00:26:12.005687
CUST003798,Male,2001-12-16,Kuala Lumpur,Kuala Lumpur,RM3k-6k,Medium,2025-02-03,2026-08-01,2026-08-14 00:26:12.005687
CUST003799,Female,1997-03-25,Penang,Butterworth,>RM15k,Low,2018-03-07,2026-08-01,2026-08-14 00:26:12.005687
CUST003800,Female,1969-12-12,Penang,Butterworth,RM3k-6k,Low,2022-08-04,2026-08-01,2026-08-14 00:26:12.005687
CUST003801,Female,1972-07-17,Negeri Sembilan,Seremban,RM3k-6k,Low,2024-06-02,2026-08-01,2026-08-14 00:26:12.005687
CUST003802,Female,1972-08-03,Perak,Ipoh,<RM3k,Low,2022-04-29,2026-08-01,2026-08-14 00:26:12.005687
CUST003803,Female,1989-06-03,Kuala Lumpur,Kuala Lumpur,<RM3k,Medium,2022-06-17,2026-08-01,2026-08-14 00:26:12.005687
CUST003804,Female,1985-07-22,Kuala Lumpur,Kuala Lumpur,RM3k-6k,Low,2021-10-05,2026-08-01,2026-08-14 00:26:12.005687
CUST003805,Female,1994-01-09,Penang,Butterworth,RM3k-6k,Low,2018-06-25,2026-08-01,2026-08-14 00:26:12.005687
CUST003806,Female,2001-04-23,Selangor,Klang,RM6k-10k,High,2023-06-05,2026-08-01,2026-08-14 00:26:12.005687
CUST003807,Male,1974-03-24,Melaka,Melaka City,RM10k-15k,Medium,2025-08-15,2026-08-01,2026-08-14 00:26:12.005687
CUST003808,Male,1987-06-21,Melaka,Melaka City,<RM3k,Low,2024-05-20,2026-08-01,2026-08-14 00:26:12.005687
CUST003809,Male,1979-07-09,Negeri Sembilan,Seremban,RM10k-15k,Low,2018-06-21,2026-08-01,2026-08-14 00:26:12.005687
CUST003810,Male,2001-10-12,Selangor,Petaling Jaya,RM6k-10k,Low,2019-10-07,2026-08-01,2026-08-14 00:26:12.005687
CUST003811,Male,1972-05-06,Perak,Taiping,RM10k-15k,High,2024-08-29,2026-08-01,2026-08-14 00:26:12.005687
CUST003812,Female,1964-03-11,Perak,Taiping,RM10k-15k,Low,2023-09-17,2026-08-01,2026-08-14 00:26:12.005687
CUST003813,Male,1973-07-24,Kuala Lumpur,Kuala Lumpur,>RM15k,High,2020-12-06,2026-08-01,2026-08-14 00:26:12.005687
CUST003814,Female,1985-04-27,Selangor,Subang Jaya,<RM3k,Low,2019-12-14,2026-08-01,2026-08-14 00:26:12.005687
CUST003815,Female,2001-09-17,Selangor,Klang,RM6k-10k,Medium,2021-09-12,2026-08-01,2026-08-14 00:26:12.005687
CUST003816,Female,1995-08-12,Selangor,Shah Alam,>RM15k,Low,2018-04-03,2026-08-01,2026-08-14 00:26:12.005687
CUST003817,Female,1955-11-25,Negeri Sembilan,Seremban,RM6k-10k,Low,2018-09-19,2026-08-01,2026-08-14 00:26:12.005687
CUST003818,Female,1979-12-10,Sarawak,Kuching,<RM3k,Low,2018-08-07,2026-08-01,2026-08-14 00:26:12.005687
CUST003819,Male,1962-10-18,Selangor,Shah Alam,RM6k-10k,Low,2024-08-06,2026-08-01,2026-08-14 00:26:12.005687
CUST003820,Male,1972-09-29,Johor,Batu Pahat,RM10k-15k,High,2018-05-16,2026-08-01,2026-08-14 00:26:12.005687
CUST003821,Male,2001-04-01,Selangor,Subang Jaya,RM3k-6k,Medium,2022-06-03,2026-08-01,2026-08-14 00:26:12.005687
CUST003822,Male,2003-04-02,Selangor,Subang Jaya,RM6k-10k,Low,2020-03-29,2026-08-01,2026-08-14 00:26:12.005687
CUST003823,Male,1962-07-13,Kuala Lumpur,Kuala Lumpur,RM10k-15k,Medium,2024-01-19,2026-08-01,2026-08-14 00:26:12.005687
CUST003824,Female,1961-11-28,Penang,Butterworth,RM6k-10k,Low,2019-01-07,2026-08-01,2026-08-14 00:26:12.005687
CUST003825,Male,1989-02-12,Perak,Ipoh,RM3k-6k,High,2025-04-13,2026-08-01,2026-08-14 00:26:12.005687
CUST003826,Male,1975-02-18,Sarawak,Kuching,RM6k-10k,Low,2018-09-06,2026-08-01,2026-08-14 00:26:12.005687
CUST003827,Female,1976-03-16,Melaka,Melaka City,RM6k-10k,Low,2024-10-08,2026-08-01,2026-08-14 00:26:12.005687
CUST003828,Female,1997-10-16,Kuala Lumpur,Kuala Lumpur,RM3k-6k,Low,2019-03-08,2026-08-01,2026-08-14 00:26:12.005687
CUST003829,Male,2000-02-09,Sabah,Kota Kinabalu,RM6k-10k,Low,2018-03-28,2026-08-01,2026-08-14 00:26:12.005687
CUST003830,Male,1999-02-14,Kuala Lumpur,Kuala Lumpur,RM3k-6k,High,2018-04-22,2026-08-01,2026-08-14 00:26:12.005687
CUST003831,Female,1993-05-13,Selangor,Shah Alam,RM10k-15k,Low,2024-03-31,2026-08-01,2026-08-14 00:26:12.005687
CUST003832,Male,2003-01-13,Johor,Batu Pahat,RM10k-15k,Low,2020-09-30,2026-08-01,2026-08-14 00:26:12.005687
CUST003833,Female,1990-04-09,Kuala Lumpur,Kuala Lumpur,RM10k-15k,Medium,2021-05-02,2026-08-01,2026-08-14 00:26:12.005687
CUST003834,Female,1998-05-10,Kuala Lumpur,Kuala Lumpur,RM6k-10k,Low,2024-07-31,2026-08-01,2026-08-14 00:26:12.005687
CUST003835,Female,1981-06-23,Selangor,Shah Alam,RM3k-6k,Low,2020-02-04,2026-08-01,2026-08-14 00:26:12.005687
CUST003836,Female,1957-06-30,Kuala Lumpur,Kuala Lumpur,RM6k-10k,Medium,2022-06-06,2026-08-01,2026-08-14 00:26:12.005687
CUST003837,Male,1995-01-02,Negeri Sembilan,Seremban,<RM3k,Low,2020-05-21,2026-08-01,2026-08-14 00:26:12.005687
CUST003838,Female,2000-07-22,Selangor,Klang,RM6k-10k,Medium,2018-07-09,2026-08-01,2026-08-14 00:26:12.005687
CUST003839,Male,1970-04-21,Johor,Johor Bahru,<RM3k,Medium,2025-12-12,2026-08-01,2026-08-14 00:26:12.005687
CUST003840,Female,1975-12-24,Negeri Sembilan,Seremban,RM6k-10k,Low,2020-12-31,2026-08-01,2026-08-14 00:26:12.005687
CUST003841,Male,1983-01-12,Penang,George Town,RM6k-10k,Low,2024-10-10,2026-08-01,2026-08-14 00:26:12.005687
CUST003842,Male,1986-12-05,Selangor,Klang,RM3k-6k,Low,2021-06-09,2026-08-01,2026-08-14 00:26:12.005687
CUST003843,Male,1988-01-23,Melaka,Melaka City,RM3k-6k,Low,2024-12-08,2026-08-01,2026-08-14 00:26:12.005687
CUST003844,Male,1974-04-26,Selangor,Shah Alam,<RM3k,Medium,2019-05-19,2026-08-01,2026-08-14 00:26:12.005687
CUST003845,Male,1996-11-11,Kuala Lumpur,Kuala Lumpur,RM3k-6k,Medium,2022-04-27,2026-08-01,2026-08-14 00:26:12.005687
CUST003846,Male,1994-11-13,Johor,Batu Pahat,RM3k-6k,Low,2020-12-25,2026-08-01,2026-08-14 00:26:12.005687
CUST003847,Male,2001-03-02,Johor,Muar,RM10k-15k,Medium,2025-12-09,2026-08-01,2026-08-14 00:26:12.005687
CUST003848,Male,1983-03-21,Sabah,Kota Kinabalu,>RM15k,Low,2020-09-10,2026-08-01,2026-08-14 00:26:12.005687
CUST003849,Female,1958-10-18,Kuala Lumpur,Kuala Lumpur,>RM15k,High,2024-03-03,2026-08-01,2026-08-14 00:26:12.005687
CUST003850,Female,1996-06-05,Penang,George Town,<RM3k,Low,2021-12-13,2026-08-01,2026-08-14 00:26:12.005687
CUST003851,Female,1958-11-23,Perak,Ipoh,RM3k-6k,Medium,2021-03-16,2026-08-01,2026-08-14 00:26:12.005687
CUST003852,Female,1964-06-29,Negeri Sembilan,Seremban,RM3k-6k,Low,2023-07-30,2026-08-01,2026-08-14 00:26:12.005687
CUST003853,Female,1968-12-21,Kuala Lumpur,Kuala Lumpur,RM6k-10k,Low,2023-02-27,2026-08-01,2026-08-14 00:26:12.005687
CUST003854,Female,1964-01-24,Selangor,Petaling Jaya,RM6k-10k,Low,2021-10-30,2026-08-01,2026-08-14 00:26:12.005687
CUST003855,Male,1990-06-18,Negeri Sembilan,Seremban,RM10k-15k,High,2018-06-11,2026-08-01,2026-08-14 00:26:12.005687
CUST003856,Female,1976-07-29,Penang,Butterworth,RM6k-10k,Medium,2018-08-05,2026-08-01,2026-08-14 00:26:12.005687
CUST003857,Male,1965-09-30,Kuala Lumpur,Kuala Lumpur,RM6k-10k,Medium,2022-10-15,2026-08-01,2026-08-14 00:26:12.005687
CUST003858,Female,1955-03-27,Kuala Lumpur,Kuala Lumpur,>RM15k,Low,2018-06-11,2026-08-01,2026-08-14 00:26:12.005687
CUST003859,Male,1965-08-08,Sabah,Sandakan,RM3k-6k,Medium,2022-11-05,2026-08-01,2026-08-14 00:26:12.005687
CUST003860,Female,1988-12-12,Penang,Butterworth,RM10k-15k,Low,2025-02-06,2026-08-01,2026-08-14 00:26:12.005687
CUST003861,Female,1993-12-01,Penang,Butterworth,RM6k-10k,Medium,2024-04-24,2026-08-01,2026-08-14 00:26:12.005687
CUST003862,Female,1969-07-04,Melaka,Melaka City,<RM3k,Low,2023-07-23,2026-08-01,2026-08-14 00:26:12.005687
CUST003863,Male,1958-08-03,Selangor,Klang,>RM15k,Medium,2020-03-10,2026-08-01,2026-08-14 00:26:12.005687
CUST003864,Female,1982-04-22,Kuala Lumpur,Kuala Lumpur,RM10k-15k,Medium,2023-04-04,2026-08-01,2026-08-14 00:26:12.005687
CUST003865,Male,1993-05-11,Penang,Butterworth,RM10k-15k,Low,2019-06-20,2026-08-01,2026-08-14 00:26:12.005687
CUST003866,Female,1958-06-06,Melaka,Melaka City,<RM3k,Medium,2025-04-21,2026-08-01,2026-08-14 00:26:12.005687
CUST003867,Male,1993-12-24,Selangor,Subang Jaya,<RM3k,Low,2018-09-20,2026-08-01,2026-08-14 00:26:12.005687
CUST003868,Female,1963-05-12,Perak,Taiping,RM6k-10k,Low,2022-05-01,2026-08-01,2026-08-14 00:26:12.005687
CUST003869,Male,1967-08-21,Kuala Lumpur,Kuala Lumpur,<RM3k,Low,2021-11-21,2026-08-01,2026-08-14 00:26:12.005687
CUST003870,Female,1985-07-08,Kuala Lumpur,Kuala Lumpur,<RM3k,Low,2018-08-04,2026-08-01,2026-08-14 00:26:12.005687
CUST003871,Female,1957-07-08,Melaka,Melaka City,RM3k-6k,Low,2019-06-29,2026-08-01,2026-08-14 00:26:12.005687
CUST003872,Female,1969-12-23,Kuala Lumpur,Kuala Lumpur,<RM3k,Medium,2023-09-18,2026-08-01,2026-08-14 00:26:12.005687
CUST003873,Female,1961-10-21,Kuala Lumpur,Kuala Lumpur,RM6k-10k,Medium,2022-10-07,2026-08-01,2026-08-14 00:26:12.005687
CUST003874,Female,1965-07-09,Sabah,Sandakan,RM6k-10k,Low,2019-04-19,2026-08-01,2026-08-14 00:26:12.005687
CUST003875,Male,1992-11-22,Selangor,Subang Jaya,<RM3k,High,2019-02-15,2026-08-01,2026-08-14 00:26:12.005687
CUST003876,Female,1966-03-19,Selangor,Subang Jaya,RM6k-10k,High,2023-04-30,2026-08-01,2026-08-14 00:26:12.005687
CUST003877,Female,1957-02-17,Sabah,Kota Kinabalu,<RM3k,Low,2023-04-14,2026-08-01,2026-08-14 00:26:12.005687
CUST003878,Male,1965-07-11,Kuala Lumpur,Kuala Lumpur,<RM3k,Low,2021-03-16,2026-08-01,2026-08-14 00:26:12.005687
CUST003879,Female,1959-04-02,Perak,Ipoh,RM6k-10k,High,2018-03-01,2026-08-01,2026-08-14 00:26:12.005687
CUST003880,Female,1985-07-08,Selangor,Subang Jaya,RM6k-10k,Low,2018-03-24,2026-08-01,2026-08-14 00:26:12.005687
CUST003881,Male,2002-08-31,Kuala Lumpur,Kuala Lumpur,RM3k-6k,Low,2019-03-17,2026-08-01,2026-08-14 00:26:12.005687
CUST003882,Male,1963-03-21,Perak,Ipoh,RM6k-10k,High,2018-06-12,2026-08-01,2026-08-14 00:26:12.005687
CUST003883,Male,1990-09-17,Selangor,Petaling Jaya,RM3k-6k,Medium,2022-06-15,2026-08-01,2026-08-14 00:26:12.005687
CUST003884,Female,1972-10-08,Sarawak,Miri,RM6k-10k,Medium,2021-02-20,2026-08-01,2026-08-14 00:26:12.005687
CUST003885,Male,1958-07-09,Melaka,Melaka City,RM3k-6k,Medium,2019-09-27,2026-08-01,2026-08-14 00:26:12.005687
CUST003886,Female,1988-09-14,Sarawak,Miri,RM6k-10k,Low,2022-10-03,2026-08-01,2026-08-14 00:26:12.005687
CUST003887,Male,1965-04-14,Selangor,Klang,RM6k-10k,Medium,2023-08-20,2026-08-01,2026-08-14 00:26:12.005687
CUST003888,Male,1980-03-02,Selangor,Klang,<RM3k,Medium,2019-05-15,2026-08-01,2026-08-14 00:26:12.005687
CUST003889,Male,1979-11-06,Melaka,Melaka City,RM6k-10k,Low,2022-12-31,2026-08-01,2026-08-14 00:26:12.005687
CUST003890,Female,1984-04-06,Johor,Batu Pahat,RM10k-15k,Low,2018-11-08,2026-08-01,2026-08-14 00:26:12.005687
CUST003891,Female,1961-08-11,Perak,Ipoh,<RM3k,Low,2022-10-19,2026-08-01,2026-08-14 00:26:12.005687
CUST003892,Male,1967-04-18,Sarawak,Kuching,RM6k-10k,Medium,2021-01-03,2026-08-01,2026-08-14 00:26:12.005687
CUST003893,Male,1991-02-16,Selangor,Shah Alam,RM10k-15k,Medium,2018-11-17,2026-08-01,2026-08-14 00:26:12.005687
CUST003894,Male,2000-09-12,Kuala Lumpur,Kuala Lumpur,<RM3k,High,2024-06-07,2026-08-01,2026-08-14 00:26:12.005687
CUST003895,Male,1955-07-29,Penang,George Town,>RM15k,Low,2019-06-18,2026-08-01,2026-08-14 00:26:12.005687
CUST003896,Male,1975-04-12,Penang,George Town,RM3k-6k,Medium,2024-04-09,2026-08-01,2026-08-14 00:26:12.005687
CUST003897,Female,1998-03-09,Selangor,Shah Alam,RM10k-15k,Low,2020-12-02,2026-08-01,2026-08-14 00:26:12.005687
CUST003898,Female,1969-01-22,Penang,George Town,>RM15k,High,2023-06-22,2026-08-01,2026-08-14 00:26:12.005687
CUST003899,Female,1976-12-06,Sabah,Sandakan,>RM15k,Medium,2023-08-28,2026-08-01,2026-08-14 00:26:12.005687
CUST003900,Female,1999-04-23,Selangor,Petaling Jaya,RM6k-10k,Medium,2021-05-27,2026-08-01,2026-08-14 00:26:12.005687
CUST003901,Female,2002-06-23,Selangor,Subang Jaya,RM6k-10k,Low,2023-05-02,2026-08-01,2026-08-14 00:26:12.005687
CUST003902,Male,1987-02-09,Perak,Taiping,RM3k-6k,Low,2021-07-14,2026-08-01,2026-08-14 00:26:12.005687
CUST003903,Male,1989-01-04,Sabah,Kota Kinabalu,RM3k-6k,Low,2022-11-06,2026-08-01,2026-08-14 00:26:12.005687
CUST003904,Male,1985-01-30,Negeri Sembilan,Seremban,RM10k-15k,Medium,2019-10-22,2026-08-01,2026-08-14 00:26:12.005687
CUST003905,Female,1968-11-23,Kuala Lumpur,Kuala Lumpur,RM3k-6k,Low,2021-05-27,2026-08-01,2026-08-14 00:26:12.005687
CUST003906,Male,1998-06-13,Melaka,Melaka City,RM10k-15k,Medium,2019-02-05,2026-08-01,2026-08-14 00:26:12.005687
CUST003907,Male,1956-09-01,Sabah,Kota Kinabalu,<RM3k,Low,2021-04-29,2026-08-01,2026-08-14 00:26:12.005687
CUST003908,Male,1957-11-13,Perak,Taiping,RM3k-6k,Medium,2018-02-16,2026-08-01,2026-08-14 00:26:12.005687
CUST003909,Male,1984-06-26,Selangor,Klang,<RM3k,Low,2021-04-11,2026-08-01,2026-08-14 00:26:12.005687
CUST003910,Male,1996-01-17,Kuala Lumpur,Kuala Lumpur,RM6k-10k,Low,2024-11-17,2026-08-01,2026-08-14 00:26:12.005687
CUST003911,Male,1994-11-23,Johor,Muar,<RM3k,Medium,2020-11-21,2026-08-01,2026-08-14 00:26:12.005687
CUST003912,Female,1988-03-19,Selangor,Petaling Jaya,RM3k-6k,Low,2021-12-20,2026-08-01,2026-08-14 00:26:12.005687
CUST003913,Male,1973-06-09,Selangor,Klang,>RM15k,Low,2024-11-05,2026-08-01,2026-08-14 00:26:12.005687
CUST003914,Female,1972-08-21,Melaka,Melaka City,RM10k-15k,Medium,2018-01-09,2026-08-01,2026-08-14 00:26:12.005687
CUST003915,Female,1975-11-09,Kuala Lumpur,Kuala Lumpur,RM10k-15k,Low,2023-05-13,2026-08-01,2026-08-14 00:26:12.005687
CUST003916,Female,1967-07-24,Negeri Sembilan,Seremban,<RM3k,Medium,2022-03-26,2026-08-01,2026-08-14 00:26:12.005687
CUST003917,Male,1975-07-15,Johor,Batu Pahat,RM3k-6k,Medium,2020-09-29,2026-08-01,2026-08-14 00:26:12.005687
CUST003918,Male,1960-02-19,Sarawak,Miri,RM6k-10k,Low,2020-01-25,2026-08-01,2026-08-14 00:26:12.005687
CUST003919,Male,1970-09-03,Selangor,Klang,<RM3k,Low,2022-09-28,2026-08-01,2026-08-14 00:26:12.005687
CUST003920,Female,2001-02-09,Penang,Butterworth,RM3k-6k,Low,2021-06-02,2026-08-01,2026-08-14 00:26:12.005687
CUST003921,Female,1989-08-21,Penang,Bayan Lepas,>RM15k,Low,2021-02-28,2026-08-01,2026-08-14 00:26:12.005687
CUST003922,Male,1961-12-14,Melaka,Melaka City,<RM3k,Low,2023-05-19,2026-08-01,2026-08-14 00:26:12.005687
CUST003923,Female,1969-01-10,Kuala Lumpur,Kuala Lumpur,>RM15k,Medium,2021-03-12,2026-08-01,2026-08-14 00:26:12.005687
CUST003924,Male,1967-09-17,Selangor,Subang Jaya,RM3k-6k,Low,2024-06-23,2026-08-01,2026-08-14 00:26:12.005687
CUST003925,Female,1968-10-19,Negeri Sembilan,Seremban,RM3k-6k,Medium,2020-04-12,2026-08-01,2026-08-14 00:26:12.005687
CUST003926,Male,1988-11-11,Kuala Lumpur,Kuala Lumpur,RM3k-6k,Medium,2023-08-09,2026-08-01,2026-08-14 00:26:12.005687
CUST003927,Male,1998-11-08,Penang,George Town,>RM15k,Low,2022-07-04,2026-08-01,2026-08-14 00:26:12.005687
CUST003928,Male,1989-10-17,Kuala Lumpur,Kuala Lumpur,RM6k-10k,Medium,2025-03-03,2026-08-01,2026-08-14 00:26:12.005687
CUST003929,Female,1978-12-06,Kuala Lumpur,Kuala Lumpur,RM10k-15k,Low,2021-03-15,2026-08-01,2026-08-14 00:26:12.005687
CUST003930,Male,1962-11-17,Penang,Butterworth,RM3k-6k,Low,2019-11-17,2026-08-01,2026-08-14 00:26:12.005687
CUST003931,Male,1962-01-01,Penang,George Town,RM10k-15k,High,2021-03-10,2026-08-01,2026-08-14 00:26:12.005687
CUST003932,Male,1994-11-21,Penang,Bayan Lepas,RM6k-10k,Low,2023-04-16,2026-08-01,2026-08-14 00:26:12.005687
CUST003933,Male,1988-03-14,Johor,Batu Pahat,RM6k-10k,Low,2021-06-09,2026-08-01,2026-08-14 00:26:12.005687
CUST003934,Female,1980-01-02,Sabah,Kota Kinabalu,RM10k-15k,Medium,2025-02-12,2026-08-01,2026-08-14 00:26:12.005687
CUST003935,Male,1983-04-13,Negeri Sembilan,Seremban,RM10k-15k,High,2019-04-01,2026-08-01,2026-08-14 00:26:12.005687
CUST003936,Female,1996-07-27,Selangor,Petaling Jaya,RM6k-10k,Medium,2020-06-20,2026-08-01,2026-08-14 00:26:12.005687
CUST003937,Female,1994-11-16,Selangor,Petaling Jaya,<RM3k,Medium,2025-11-12,2026-08-01,2026-08-14 00:26:12.005687
CUST003938,Male,1959-04-12,Selangor,Shah Alam,RM10k-15k,Medium,2024-05-24,2026-08-01,2026-08-14 00:26:12.005687
CUST003939,Male,1974-05-11,Sabah,Sandakan,RM3k-6k,Medium,2018-08-13,2026-08-01,2026-08-14 00:26:12.005687
CUST003940,Female,1957-02-05,Selangor,Shah Alam,>RM15k,Low,2025-07-09,2026-08-01,2026-08-14 00:26:12.005687
CUST003941,Female,1973-11-08,Perak,Taiping,RM3k-6k,Medium,2021-05-28,2026-08-01,2026-08-14 00:26:12.005687
CUST003942,Female,1986-03-18,Johor,Batu Pahat,<RM3k,Low,2023-02-24,2026-08-01,2026-08-14 00:26:12.005687
CUST003943,Female,1965-03-18,Penang,Butterworth,RM3k-6k,Low,2018-02-18,2026-08-01,2026-08-14 00:26:12.005687
CUST003944,Male,1962-05-08,Sarawak,Miri,RM6k-10k,Low,2019-04-25,2026-08-01,2026-08-14 00:26:12.005687
CUST003945,Female,1979-01-20,Johor,Johor Bahru,RM3k-6k,Low,2023-08-03,2026-08-01,2026-08-14 00:26:12.005687
CUST003946,Male,1980-09-20,Johor,Johor Bahru,RM10k-15k,Low,2020-02-01,2026-08-01,2026-08-14 00:26:12.005687
CUST003947,Female,1989-12-27,Selangor,Subang Jaya,RM6k-10k,Low,2018-12-10,2026-08-01,2026-08-14 00:26:12.005687
CUST003948,Female,1955-09-10,Johor,Johor Bahru,RM3k-6k,Low,2023-06-10,2026-08-01,2026-08-14 00:26:12.005687
CUST003949,Male,1967-02-24,Selangor,Subang Jaya,RM6k-10k,High,2019-09-27,2026-08-01,2026-08-14 00:26:12.005687
CUST003950,Female,1993-03-19,Sarawak,Miri,RM10k-15k,Low,2024-12-05,2026-08-01,2026-08-14 00:26:12.005687
CUST003951,Female,1988-05-31,Selangor,Petaling Jaya,>RM15k,Low,2019-06-06,2026-08-01,2026-08-14 00:26:12.005687
CUST003952,Male,1999-01-27,Kuala Lumpur,Kuala Lumpur,RM3k-6k,Medium,2018-03-11,2026-08-01,2026-08-14 00:26:12.005687
CUST003953,Male,1994-12-03,Selangor,Petaling Jaya,>RM15k,Low,2021-02-14,2026-08-01,2026-08-14 00:26:12.005687
CUST003954,Male,1996-02-07,Johor,Batu Pahat,<RM3k,Medium,2020-08-11,2026-08-01,2026-08-14 00:26:12.005687
CUST003955,Female,1980-01-08,Melaka,Melaka City,RM6k-10k,Medium,2023-02-09,2026-08-01,2026-08-14 00:26:12.005687
CUST003956,Male,2001-12-15,Selangor,Subang Jaya,RM10k-15k,Medium,2019-11-14,2026-08-01,2026-08-14 00:26:12.005687
CUST003957,Male,1975-05-19,Selangor,Klang,RM3k-6k,Low,2025-11-04,2026-08-01,2026-08-14 00:26:12.005687
CUST003958,Male,1999-04-01,Selangor,Subang Jaya,<RM3k,Low,2021-05-17,2026-08-01,2026-08-14 00:26:12.005687
CUST003959,Female,1974-03-14,Negeri Sembilan,Seremban,RM6k-10k,Medium,2023-09-03,2026-08-01,2026-08-14 00:26:12.005687
CUST003960,Female,1976-10-03,Sarawak,Miri,RM3k-6k,Low,2024-02-23,2026-08-01,2026-08-14 00:26:12.005687
CUST003961,Female,1988-08-05,Kuala Lumpur,Kuala Lumpur,<RM3k,Low,2025-01-26,2026-08-01,2026-08-14 00:26:12.005687
CUST003962,Female,1974-07-08,Penang,George Town,<RM3k,Low,2022-01-08,2026-08-01,2026-08-14 00:26:12.005687
CUST003963,Male,1962-03-17,Sabah,Kota Kinabalu,RM10k-15k,Medium,2019-10-27,2026-08-01,2026-08-14 00:26:12.005687
CUST003964,Female,1998-11-29,Sabah,Kota Kinabalu,RM3k-6k,Low,2022-02-22,2026-08-01,2026-08-14 00:26:12.005687
CUST003965,Female,1977-03-11,Johor,Batu Pahat,RM6k-10k,Medium,2021-05-28,2026-08-01,2026-08-14 00:26:12.005687
CUST003966,Female,2000-06-01,Sabah,Sandakan,>RM15k,Medium,2022-11-14,2026-08-01,2026-08-14 00:26:12.005687
CUST003967,Male,1974-07-22,Penang,George Town,RM10k-15k,Low,2019-11-22,2026-08-01,2026-08-14 00:26:12.005687
CUST003968,Female,2002-08-31,Selangor,Subang Jaya,RM6k-10k,High,2022-02-15,2026-08-01,2026-08-14 00:26:12.005687
CUST003969,Female,1984-07-16,Kuala Lumpur,Kuala Lumpur,RM6k-10k,Medium,2025-08-29,2026-08-01,2026-08-14 00:26:12.005687
CUST003970,Female,1992-08-23,Selangor,Petaling Jaya,<RM3k,Low,2023-07-04,2026-08-01,2026-08-14 00:26:12.005687
CUST003971,Male,1992-01-08,Kuala Lumpur,Kuala Lumpur,RM3k-6k,Low,2025-08-28,2026-08-01,2026-08-14 00:26:12.005687
CUST003972,Female,1964-11-23,Selangor,Subang Jaya,<RM3k,Low,2018-11-09,2026-08-01,2026-08-14 00:26:12.005687
CUST003973,Male,1994-12-15,Sarawak,Miri,<RM3k,High,2023-03-25,2026-08-01,2026-08-14 00:26:12.005687
CUST003974,Female,2001-04-19,Sarawak,Miri,<RM3k,Low,2018-03-08,2026-08-01,2026-08-14 00:26:12.005687
CUST003975,Female,1987-05-24,Kuala Lumpur,Kuala Lumpur,RM6k-10k,Low,2019-08-16,2026-08-01,2026-08-14 00:26:12.005687
CUST003976,Female,2001-05-29,Kuala Lumpur,Kuala Lumpur,RM3k-6k,High,2024-08-12,2026-08-01,2026-08-14 00:26:12.005687
CUST003977,Female,1996-06-15,Perak,Ipoh,<RM3k,Medium,2018-10-23,2026-08-01,2026-08-14 00:26:12.005687
CUST003978,Female,1987-08-22,Johor,Johor Bahru,RM10k-15k,Low,2021-10-30,2026-08-01,2026-08-14 00:26:12.005687
CUST003979,Male,1978-05-20,Kuala Lumpur,Kuala Lumpur,<RM3k,Medium,2018-07-24,2026-08-01,2026-08-14 00:26:12.005687
CUST003980,Male,1997-01-01,Sarawak,Miri,RM6k-10k,Medium,2020-05-21,2026-08-01,2026-08-14 00:26:12.005687
CUST003981,Female,1964-02-02,Selangor,Petaling Jaya,RM3k-6k,Low,2018-12-27,2026-08-01,2026-08-14 00:26:12.005687
CUST003982,Female,1982-06-30,Kuala Lumpur,Kuala Lumpur,RM6k-10k,Low,2021-08-20,2026-08-01,2026-08-14 00:26:12.005687
CUST003983,Male,1994-12-20,Sabah,Kota Kinabalu,<RM3k,Medium,2023-02-22,2026-08-01,2026-08-14 00:26:12.005687
CUST003984,Female,2001-04-05,Penang,Butterworth,<RM3k,Low,2023-03-14,2026-08-01,2026-08-14 00:26:12.005687
CUST003985,Female,1968-02-02,Selangor,Subang Jaya,RM10k-15k,High,2025-06-16,2026-08-01,2026-08-14 00:26:12.005687
CUST003986,Female,1959-08-09,Perak,Taiping,RM3k-6k,Low,2018-12-22,2026-08-01,2026-08-14 00:26:12.005687
CUST003987,Female,1971-05-02,Melaka,Melaka City,<RM3k,Medium,2021-03-15,2026-08-01,2026-08-14 00:26:12.005687
CUST003988,Female,1997-05-01,Kuala Lumpur,Kuala Lumpur,RM3k-6k,Medium,2022-03-10,2026-08-01,2026-08-14 00:26:12.005687
CUST003989,Male,1980-08-31,Penang,Bayan Lepas,RM6k-10k,Low,2018-09-09,2026-08-01,2026-08-14 00:26:12.005687
CUST003990,Male,1957-09-20,Selangor,Subang Jaya,<RM3k,Low,2018-11-20,2026-08-01,2026-08-14 00:26:12.005687
CUST003991,Male,1960-11-06,Johor,Johor Bahru,RM6k-10k,High,2020-06-25,2026-08-01,2026-08-14 00:26:12.005687
CUST003992,Female,1971-08-13,Johor,Muar,RM6k-10k,Medium,2024-11-15,2026-08-01,2026-08-14 00:26:12.005687
CUST003993,Female,1971-10-17,Selangor,Subang Jaya,RM6k-10k,Low,2022-09-09,2026-08-01,2026-08-14 00:26:12.005687
CUST003994,Female,1961-08-18,Selangor,Klang,RM10k-15k,Low,2022-07-01,2026-08-01,2026-08-14 00:26:12.005687
CUST003995,Female,1979-03-19,Sarawak,Miri,RM3k-6k,Low,2022-05-29,2026-08-01,2026-08-14 00:26:12.005687
CUST003996,Female,1978-06-23,Selangor,Shah Alam,RM10k-15k,Low,2024-06-26,2026-08-01,2026-08-14 00:26:12.005687
CUST003997,Female,1964-10-06,Melaka,Melaka City,RM3k-6k,Low,2022-05-11,2026-08-01,2026-08-14 00:26:12.005687
CUST003998,Female,1966-05-19,Selangor,Petaling Jaya,RM3k-6k,Medium,2023-10-08,2026-08-01,2026-08-14 00:26:12.005687
CUST003999,Female,1987-07-22,Sarawak,Miri,RM6k-10k,Low,2020-06-22,2026-08-01,2026-08-14 00:26:12.005687
CUST004000,Female,2001-08-25,Johor,Muar,RM6k-10k,Medium,2024-07-09,2026-08-01,2026-08-14 00:26:12.005687
CUST004001,Male,2003-10-29,Selangor,Shah Alam,<RM3k,High,2018-04-05,2026-08-01,2026-08-14 00:26:12.005687
CUST004002,Female,1982-05-28,Perak,Ipoh,>RM15k,High,2020-09-25,2026-08-01,2026-08-14 00:26:12.005687
CUST004003,Male,1956-11-19,Sabah,Kota Kinabalu,>RM15k,Medium,2020-01-01,2026-08-01,2026-08-14 00:26:12.005687
CUST004004,Female,1998-12-26,Johor,Muar,RM3k-6k,Low,2019-02-12,2026-08-01,2026-08-14 00:26:12.005687
CUST004005,Male,2001-07-28,Johor,Muar,RM6k-10k,Medium,2022-04-18,2026-08-01,2026-08-14 00:26:12.005687
CUST004006,Female,1968-08-16,Penang,George Town,RM10k-15k,Low,2025-02-17,2026-08-01,2026-08-14 00:26:12.005687
CUST004007,Male,1974-08-13,Penang,Butterworth,>RM15k,Low,2019-04-20,2026-08-01,2026-08-14 00:26:12.005687
CUST004008,Female,1956-04-09,Johor,Johor Bahru,RM6k-10k,Medium,2025-01-28,2026-08-01,2026-08-14 00:26:12.005687
CUST004009,Female,1994-04-04,Sabah,Kota Kinabalu,<RM3k,Medium,2024-11-08,2026-08-01,2026-08-14 00:26:12.005687
CUST004010,Male,1993-01-02,Selangor,Petaling Jaya,RM6k-10k,Medium,2025-01-24,2026-08-01,2026-08-14 00:26:12.005687
CUST004011,Female,1956-01-05,Johor,Muar,<RM3k,Low,2018-01-18,2026-08-01,2026-08-14 00:26:12.005687
CUST004012,Female,1989-05-31,Penang,Bayan Lepas,RM6k-10k,Low,2025-11-29,2026-08-01,2026-08-14 00:26:12.005687
CUST004013,Male,1975-03-08,Negeri Sembilan,Seremban,RM6k-10k,Medium,2021-06-02,2026-08-01,2026-08-14 00:26:12.005687
CUST004014,Female,1981-09-23,Selangor,Petaling Jaya,RM6k-10k,Low,2022-10-08,2026-08-01,2026-08-14 00:26:12.005687
CUST004015,Male,1965-09-12,Selangor,Klang,RM3k-6k,Low,2020-06-09,2026-08-01,2026-08-14 00:26:12.005687
CUST004016,Male,1994-12-13,Kuala Lumpur,Kuala Lumpur,RM6k-10k,Medium,2022-02-06,2026-08-01,2026-08-14 00:26:12.005687
CUST004017,Female,1974-10-25,Perak,Ipoh,RM6k-10k,Medium,2022-05-26,2026-08-01,2026-08-14 00:26:12.005687
CUST004018,Female,1996-02-29,Johor,Johor Bahru,RM3k-6k,Low,2024-05-18,2026-08-01,2026-08-14 00:26:12.005687
CUST004019,Female,1962-04-07,Selangor,Klang,RM3k-6k,Low,2020-09-24,2026-08-01,2026-08-14 00:26:12.005687
CUST004020,Male,1983-10-22,Selangor,Subang Jaya,RM3k-6k,Medium,2018-11-18,2026-08-01,2026-08-14 00:26:12.005687
CUST004021,Female,1970-03-13,Melaka,Melaka City,RM10k-15k,High,2022-09-10,2026-08-01,2026-08-14 00:26:12.005687
CUST004022,Female,2002-04-30,Johor,Johor Bahru,RM3k-6k,Low,2024-04-06,2026-08-01,2026-08-14 00:26:12.005687
CUST004023,Female,1982-04-15,Penang,George Town,RM6k-10k,Medium,2018-02-15,2026-08-01,2026-08-14 00:26:12.005687
CUST004024,Male,1990-04-06,Kuala Lumpur,Kuala Lumpur,RM6k-10k,Low,2024-06-30,2026-08-01,2026-08-14 00:26:12.005687
CUST004025,Male,1959-03-23,Kuala Lumpur,Kuala Lumpur,RM10k-15k,Medium,2024-06-05,2026-08-01,2026-08-14 00:26:12.005687
CUST004026,Male,1988-03-01,Kuala Lumpur,Kuala Lumpur,RM6k-10k,Medium,2022-08-13,2026-08-01,2026-08-14 00:26:12.005687
CUST004027,Male,1959-12-14,Selangor,Shah Alam,<RM3k,Medium,2025-08-01,2026-08-01,2026-08-14 00:26:12.005687
CUST004028,Male,1972-09-16,Johor,Muar,RM3k-6k,Medium,2021-02-07,2026-08-01,2026-08-14 00:26:12.005687
CUST004029,Female,1965-11-25,Selangor,Petaling Jaya,<RM3k,Low,2019-01-25,2026-08-01,2026-08-14 00:26:12.005687
CUST004030,Male,1955-02-10,Selangor,Subang Jaya,RM10k-15k,Low,2023-04-01,2026-08-01,2026-08-14 00:26:12.005687
CUST004031,Male,1983-09-23,Kuala Lumpur,Kuala Lumpur,RM6k-10k,Medium,2022-11-17,2026-08-01,2026-08-14 00:26:12.005687
CUST004032,Female,1966-10-21,Selangor,Klang,RM10k-15k,Low,2025-04-26,2026-08-01,2026-08-14 00:26:12.005687
CUST004033,Male,1980-02-12,Kuala Lumpur,Kuala Lumpur,RM6k-10k,Medium,2019-10-18,2026-08-01,2026-08-14 00:26:12.005687
CUST004034,Male,1992-06-06,Kuala Lumpur,Kuala Lumpur,RM10k-15k,Low,2019-04-07,2026-08-01,2026-08-14 00:26:12.005687
CUST004035,Female,1963-09-24,Kuala Lumpur,Kuala Lumpur,>RM15k,Low,2023-06-07,2026-08-01,2026-08-14 00:26:12.005687
CUST004036,Female,1989-10-12,Perak,Taiping,RM6k-10k,Medium,2020-06-27,2026-08-01,2026-08-14 00:26:12.005687
CUST004037,Female,1969-07-21,Negeri Sembilan,Seremban,RM3k-6k,Low,2019-06-25,2026-08-01,2026-08-14 00:26:12.005687
CUST004038,Male,1971-03-21,Penang,Bayan Lepas,<RM3k,Medium,2023-05-16,2026-08-01,2026-08-14 00:26:12.005687
CUST004039,Female,1983-04-09,Kuala Lumpur,Kuala Lumpur,RM6k-10k,Low,2019-06-26,2026-08-01,2026-08-14 00:26:12.005687
CUST004040,Male,1985-08-26,Negeri Sembilan,Seremban,RM10k-15k,Low,2024-08-30,2026-08-01,2026-08-14 00:26:12.005687
CUST004041,Female,1987-02-10,Negeri Sembilan,Seremban,RM6k-10k,Low,2020-06-27,2026-08-01,2026-08-14 00:26:12.005687
CUST004042,Male,1964-07-26,Johor,Muar,RM3k-6k,Low,2023-03-20,2026-08-01,2026-08-14 00:26:12.005687
CUST004043,Female,1983-05-26,Kuala Lumpur,Kuala Lumpur,RM6k-10k,Medium,2022-08-14,2026-08-01,2026-08-14 00:26:12.005687
CUST004044,Male,1967-12-01,Perak,Ipoh,RM3k-6k,Low,2022-09-22,2026-08-01,2026-08-14 00:26:12.005687
CUST004045,Female,1968-07-26,Negeri Sembilan,Seremban,RM3k-6k,Low,2020-06-07,2026-08-01,2026-08-14 00:26:12.005687
CUST004046,Female,2001-06-02,Sabah,Kota Kinabalu,RM10k-15k,High,2018-09-08,2026-08-01,2026-08-14 00:26:12.005687
CUST004047,Female,1959-12-12,Penang,Bayan Lepas,RM6k-10k,Low,2023-02-11,2026-08-01,2026-08-14 00:26:12.005687
CUST004048,Female,1975-03-31,Penang,Butterworth,RM3k-6k,Low,2021-06-20,2026-08-01,2026-08-14 00:26:12.005687
CUST004049,Female,1976-07-10,Negeri Sembilan,Seremban,RM3k-6k,Medium,2025-10-24,2026-08-01,2026-08-14 00:26:12.005687
CUST004050,Male,1967-01-02,Kuala Lumpur,Kuala Lumpur,RM6k-10k,Medium,2025-02-13,2026-08-01,2026-08-14 00:26:12.005687
CUST004051,Male,1993-06-24,Kuala Lumpur,Kuala Lumpur,RM3k-6k,Low,2018-08-06,2026-08-01,2026-08-14 00:26:12.005687
CUST004052,Male,1978-11-13,Sarawak,Miri,<RM3k,High,2020-11-22,2026-08-01,2026-08-14 00:26:12.005687
CUST004053,Male,1990-04-01,Kuala Lumpur,Kuala Lumpur,RM6k-10k,Low,2021-04-28,2026-08-01,2026-08-14 00:26:12.005687
CUST004054,Female,1973-12-18,Selangor,Klang,RM6k-10k,Low,2021-01-17,2026-08-01,2026-08-14 00:26:12.005687
CUST004055,Male,1998-12-09,Selangor,Shah Alam,<RM3k,Low,2023-10-14,2026-08-01,2026-08-14 00:26:12.005687
CUST004056,Male,1990-09-29,Selangor,Klang,RM6k-10k,High,2020-11-10,2026-08-01,2026-08-14 00:26:12.005687
CUST004057,Female,1971-04-29,Kuala Lumpur,Kuala Lumpur,RM6k-10k,Low,2019-03-23,2026-08-01,2026-08-14 00:26:12.005687
CUST004058,Male,2002-02-21,Penang,Butterworth,RM3k-6k,Medium,2020-11-25,2026-08-01,2026-08-14 00:26:12.005687
CUST004059,Female,1997-05-21,Selangor,Petaling Jaya,RM3k-6k,Low,2024-04-17,2026-08-01,2026-08-14 00:26:12.005687
CUST004060,Male,1983-12-29,Penang,George Town,RM3k-6k,Low,2021-03-28,2026-08-01,2026-08-14 00:26:12.005687
CUST004061,Male,1955-10-22,Selangor,Klang,RM3k-6k,Medium,2020-04-13,2026-08-01,2026-08-14 00:26:12.005687
CUST004062,Male,1983-12-19,Negeri Sembilan,Seremban,RM10k-15k,High,2024-03-08,2026-08-01,2026-08-14 00:26:12.005687
CUST004063,Female,1988-11-06,Penang,Butterworth,RM3k-6k,Low,2018-07-12,2026-08-01,2026-08-14 00:26:12.005687
CUST004064,Male,1972-11-16,Negeri Sembilan,Seremban,>RM15k,Low,2021-08-22,2026-08-01,2026-08-14 00:26:12.005687
CUST004065,Female,1962-01-19,Selangor,Subang Jaya,RM3k-6k,Medium,2022-11-09,2026-08-01,2026-08-14 00:26:12.005687
CUST004066,Male,1982-08-31,Kuala Lumpur,Kuala Lumpur,RM6k-10k,Low,2025-03-13,2026-08-01,2026-08-14 00:26:12.005687
CUST004067,Female,1994-04-09,Sabah,Kota Kinabalu,RM6k-10k,Low,2021-07-16,2026-08-01,2026-08-14 00:26:12.005687
CUST004068,Male,1970-08-24,Sarawak,Kuching,RM10k-15k,Low,2025-11-07,2026-08-01,2026-08-14 00:26:12.005687
CUST004069,Male,1977-05-11,Kuala Lumpur,Kuala Lumpur,RM10k-15k,High,2024-12-27,2026-08-01,2026-08-14 00:26:12.005687
CUST004070,Female,1955-01-20,Penang,George Town,RM6k-10k,Low,2023-10-27,2026-08-01,2026-08-14 00:26:12.005687
CUST004071,Female,1989-06-27,Perak,Ipoh,RM6k-10k,Low,2019-06-07,2026-08-01,2026-08-14 00:26:12.005687
CUST004072,Male,1997-06-08,Kuala Lumpur,Kuala Lumpur,>RM15k,Low,2018-04-06,2026-08-01,2026-08-14 00:26:12.005687
CUST004073,Female,1993-01-14,Penang,Butterworth,>RM15k,Low,2018-12-25,2026-08-01,2026-08-14 00:26:12.005687
CUST004074,Female,1976-01-16,Selangor,Shah Alam,>RM15k,Low,2020-10-13,2026-08-01,2026-08-14 00:26:12.005687
CUST004075,Female,1957-03-18,Kuala Lumpur,Kuala Lumpur,<RM3k,Low,2021-04-05,2026-08-01,2026-08-14 00:26:12.005687
CUST004076,Female,1979-02-10,Sarawak,Kuching,<RM3k,Medium,2019-09-06,2026-08-01,2026-08-14 00:26:12.005687
CUST004077,Male,2001-01-28,Johor,Muar,RM3k-6k,Low,2025-10-16,2026-08-01,2026-08-14 00:26:12.005687
CUST004078,Male,1959-02-03,Sabah,Sandakan,RM10k-15k,Low,2023-12-11,2026-08-01,2026-08-14 00:26:12.005687
CUST004079,Female,1965-06-25,Perak,Ipoh,<RM3k,Medium,2023-08-07,2026-08-01,2026-08-14 00:26:12.005687
CUST004080,Female,1996-01-06,Negeri Sembilan,Seremban,RM3k-6k,Low,2023-03-17,2026-08-01,2026-08-14 00:26:12.005687
CUST004081,Female,1982-11-03,Johor,Muar,RM6k-10k,Low,2022-12-06,2026-08-01,2026-08-14 00:26:12.005687
CUST004082,Female,1963-05-07,Johor,Muar,RM3k-6k,Low,2025-01-19,2026-08-01,2026-08-14 00:26:12.005687
CUST004083,Male,1956-03-10,Selangor,Petaling Jaya,RM10k-15k,Medium,2021-02-14,2026-08-01,2026-08-14 00:26:12.005687
CUST004084,Female,1975-02-13,Penang,George Town,RM3k-6k,Medium,2019-02-15,2026-08-01,2026-08-14 00:26:12.005687
CUST004085,Male,1984-02-24,Johor,Johor Bahru,RM10k-15k,Medium,2020-05-12,2026-08-01,2026-08-14 00:26:12.005687
CUST004086,Male,1996-03-03,Perak,Ipoh,RM3k-6k,Medium,2019-10-31,2026-08-01,2026-08-14 00:26:12.005687
CUST004087,Male,1998-04-21,Selangor,Subang Jaya,RM6k-10k,Low,2025-08-26,2026-08-01,2026-08-14 00:26:12.005687
CUST004088,Male,1977-06-06,Kuala Lumpur,Kuala Lumpur,RM6k-10k,High,2022-07-15,2026-08-01,2026-08-14 00:26:12.005687
CUST004089,Female,1975-09-13,Sarawak,Kuching,RM3k-6k,Low,2021-06-01,2026-08-01,2026-08-14 00:26:12.005687
CUST004090,Female,2000-08-15,Sarawak,Kuching,RM3k-6k,Low,2018-03-17,2026-08-01,2026-08-14 00:26:12.005687
CUST004091,Female,1993-01-24,Selangor,Shah Alam,RM10k-15k,Low,2023-09-09,2026-08-01,2026-08-14 00:26:12.005687
CUST004092,Male,1965-04-03,Perak,Taiping,RM6k-10k,Low,2023-03-04,2026-08-01,2026-08-14 00:26:12.005687
CUST004093,Male,1988-05-19,Johor,Muar,<RM3k,Low,2024-06-25,2026-08-01,2026-08-14 00:26:12.005687
CUST004094,Female,1990-01-16,Sabah,Kota Kinabalu,RM6k-10k,Low,2019-01-18,2026-08-01,2026-08-14 00:26:12.005687
CUST004095,Female,1966-06-17,Selangor,Subang Jaya,RM3k-6k,Medium,2023-04-05,2026-08-01,2026-08-14 00:26:12.005687
CUST004096,Female,2002-12-02,Johor,Muar,RM6k-10k,Medium,2020-11-23,2026-08-01,2026-08-14 00:26:12.005687
CUST004097,Male,1969-07-18,Kuala Lumpur,Kuala Lumpur,RM3k-6k,Medium,2019-11-11,2026-08-01,2026-08-14 00:26:12.005687
CUST004098,Male,1981-12-05,Kuala Lumpur,Kuala Lumpur,RM6k-10k,Low,2019-10-17,2026-08-01,2026-08-14 00:26:12.005687
CUST004099,Male,1979-03-11,Sabah,Kota Kinabalu,<RM3k,Low,2020-04-21,2026-08-01,2026-08-14 00:26:12.005687
CUST004100,Male,1988-11-30,Selangor,Petaling Jaya,RM3k-6k,Medium,2023-11-12,2026-08-01,2026-08-14 00:26:12.005687
CUST004101,Female,1999-03-07,Kuala Lumpur,Kuala Lumpur,<RM3k,Low,2018-03-09,2026-08-01,2026-08-14 00:26:12.005687
CUST004102,Male,1974-04-08,Kuala Lumpur,Kuala Lumpur,RM3k-6k,Low,2025-07-30,2026-08-01,2026-08-14 00:26:12.005687
CUST004103,Male,1973-11-03,Selangor,Subang Jaya,RM6k-10k,Low,2025-10-02,2026-08-01,2026-08-14 00:26:12.005687
CUST004104,Female,1991-10-24,Perak,Ipoh,RM6k-10k,Low,2025-09-28,2026-08-01,2026-08-14 00:26:12.005687
CUST004105,Male,2001-08-28,Selangor,Petaling Jaya,<RM3k,Low,2024-09-04,2026-08-01,2026-08-14 00:26:12.005687
CUST004106,Female,1999-07-14,Sabah,Kota Kinabalu,<RM3k,Medium,2020-08-03,2026-08-01,2026-08-14 00:26:12.005687
CUST004107,Male,1991-11-19,Sarawak,Miri,RM6k-10k,Medium,2021-03-26,2026-08-01,2026-08-14 00:26:12.005687
CUST004108,Male,1989-06-12,Selangor,Shah Alam,RM6k-10k,High,2019-01-06,2026-08-01,2026-08-14 00:26:12.005687
CUST004109,Male,1992-08-31,Sarawak,Kuching,RM10k-15k,Low,2025-02-19,2026-08-01,2026-08-14 00:26:12.005687
CUST004110,Male,2000-11-09,Kuala Lumpur,Kuala Lumpur,RM3k-6k,Low,2024-02-29,2026-08-01,2026-08-14 00:26:12.005687
CUST004111,Female,1955-07-10,Selangor,Klang,<RM3k,Medium,2019-03-25,2026-08-01,2026-08-14 00:26:12.005687
CUST004112,Male,1983-11-04,Kuala Lumpur,Kuala Lumpur,RM3k-6k,Low,2025-12-02,2026-08-01,2026-08-14 00:26:12.005687
CUST004113,Male,1956-09-01,Kuala Lumpur,Kuala Lumpur,RM6k-10k,Medium,2018-05-03,2026-08-01,2026-08-14 00:26:12.005687
CUST004114,Male,1983-04-12,Kuala Lumpur,Kuala Lumpur,RM6k-10k,Medium,2024-02-20,2026-08-01,2026-08-14 00:26:12.005687
CUST004115,Male,1974-05-04,Kuala Lumpur,Kuala Lumpur,<RM3k,Low,2019-01-31,2026-08-01,2026-08-14 00:26:12.005687
CUST004116,Female,1969-12-04,Sarawak,Miri,<RM3k,Low,2023-12-31,2026-08-01,2026-08-14 00:26:12.005687
CUST004117,Male,1998-08-28,Johor,Batu Pahat,RM6k-10k,Low,2025-01-24,2026-08-01,2026-08-14 00:26:12.005687
CUST004118,Male,1989-10-08,Negeri Sembilan,Seremban,RM3k-6k,Medium,2025-08-07,2026-08-01,2026-08-14 00:26:12.005687
CUST004119,Female,1982-10-20,Johor,Johor Bahru,RM6k-10k,Low,2019-04-14,2026-08-01,2026-08-14 00:26:12.005687
CUST004120,Female,1998-03-19,Penang,George Town,RM3k-6k,Low,2019-04-26,2026-08-01,2026-08-14 00:26:12.005687
CUST004121,Male,1959-10-19,Selangor,Subang Jaya,RM3k-6k,Low,2018-07-18,2026-08-01,2026-08-14 00:26:12.005687
CUST004122,Male,1986-09-01,Johor,Johor Bahru,RM3k-6k,Medium,2024-07-29,2026-08-01,2026-08-14 00:26:12.005687
CUST004123,Male,1962-08-28,Selangor,Petaling Jaya,>RM15k,High,2019-06-26,2026-08-01,2026-08-14 00:26:12.005687
CUST004124,Female,1966-06-02,Negeri Sembilan,Seremban,<RM3k,High,2021-02-15,2026-08-01,2026-08-14 00:26:12.005687
CUST004125,Male,1964-01-27,Negeri Sembilan,Seremban,<RM3k,Medium,2021-04-27,2026-08-01,2026-08-14 00:26:12.005687
CUST004126,Female,1981-08-29,Selangor,Subang Jaya,RM10k-15k,Low,2020-10-21,2026-08-01,2026-08-14 00:26:12.005687
CUST004127,Male,1985-10-27,Penang,George Town,<RM3k,Low,2021-12-21,2026-08-01,2026-08-14 00:26:12.005687
CUST004128,Female,1992-01-15,Penang,Butterworth,RM3k-6k,Low,2020-10-15,2026-08-01,2026-08-14 00:26:12.005687
CUST004129,Male,1976-08-03,Penang,Butterworth,RM3k-6k,Low,2019-11-21,2026-08-01,2026-08-14 00:26:12.005687
CUST004130,Male,2001-01-09,Kuala Lumpur,Kuala Lumpur,RM6k-10k,Medium,2021-02-06,2026-08-01,2026-08-14 00:26:12.005687
CUST004131,Male,1973-04-21,Perak,Taiping,RM3k-6k,Low,2024-06-11,2026-08-01,2026-08-14 00:26:12.005687
CUST004132,Male,1962-09-03,Sabah,Sandakan,RM10k-15k,High,2018-12-11,2026-08-01,2026-08-14 00:26:12.005687
CUST004133,Female,1956-10-15,Selangor,Klang,RM10k-15k,Low,2025-09-04,2026-08-01,2026-08-14 00:26:12.005687
CUST004134,Male,1961-03-31,Johor,Batu Pahat,RM6k-10k,Medium,2021-04-12,2026-08-01,2026-08-14 00:26:12.005687
CUST004135,Male,1976-10-22,Kuala Lumpur,Kuala Lumpur,RM3k-6k,Medium,2020-04-29,2026-08-01,2026-08-14 00:26:12.005687
CUST004136,Female,1975-03-27,Negeri Sembilan,Seremban,RM10k-15k,Low,2021-07-23,2026-08-01,2026-08-14 00:26:12.005687
CUST004137,Male,1996-11-08,Kuala Lumpur,Kuala Lumpur,RM10k-15k,Medium,2025-06-12,2026-08-01,2026-08-14 00:26:12.005687
CUST004138,Male,1961-02-25,Selangor,Petaling Jaya,RM10k-15k,Medium,2024-06-21,2026-08-01,2026-08-14 00:26:12.005687
CUST004139,Male,1967-11-08,Selangor,Shah Alam,<RM3k,Medium,2024-07-17,2026-08-01,2026-08-14 00:26:12.005687
CUST004140,Male,2003-01-14,Sarawak,Miri,RM6k-10k,Medium,2019-10-06,2026-08-01,2026-08-14 00:26:12.005687
CUST004141,Female,1956-05-26,Perak,Ipoh,RM6k-10k,Low,2025-02-01,2026-08-01,2026-08-14 00:26:12.005687
CUST004142,Male,1975-10-16,Kuala Lumpur,Kuala Lumpur,>RM15k,Low,2023-08-25,2026-08-01,2026-08-14 00:26:12.005687
CUST004143,Female,1964-09-17,Selangor,Subang Jaya,RM3k-6k,Medium,2018-06-24,2026-08-01,2026-08-14 00:26:12.005687
CUST004144,Female,1981-02-22,Sabah,Kota Kinabalu,RM10k-15k,Medium,2021-06-01,2026-08-01,2026-08-14 00:26:12.005687
CUST004145,Female,2002-09-15,Selangor,Shah Alam,RM6k-10k,Medium,2024-09-02,2026-08-01,2026-08-14 00:26:12.005687
CUST004146,Female,1966-02-15,Kuala Lumpur,Kuala Lumpur,RM10k-15k,Low,2022-04-05,2026-08-01,2026-08-14 00:26:12.005687
CUST004147,Female,1973-02-23,Negeri Sembilan,Seremban,RM6k-10k,Low,2022-09-08,2026-08-01,2026-08-14 00:26:12.005687
CUST004148,Male,1977-01-02,Kuala Lumpur,Kuala Lumpur,RM10k-15k,Low,2020-12-30,2026-08-01,2026-08-14 00:26:12.005687
CUST004149,Female,1994-02-14,Johor,Muar,RM3k-6k,High,2018-04-22,2026-08-01,2026-08-14 00:26:12.005687
CUST004150,Female,2003-04-01,Selangor,Petaling Jaya,<RM3k,Low,2025-01-30,2026-08-01,2026-08-14 00:26:12.005687
CUST004151,Female,1959-09-24,Sabah,Kota Kinabalu,RM3k-6k,Low,2024-01-11,2026-08-01,2026-08-14 00:26:12.005687
CUST004152,Male,1978-12-11,Sabah,Sandakan,RM10k-15k,Low,2020-03-04,2026-08-01,2026-08-14 00:26:12.005687
CUST004153,Female,1991-11-16,Selangor,Klang,<RM3k,Low,2019-12-08,2026-08-01,2026-08-14 00:26:12.005687
CUST004154,Female,1955-06-07,Perak,Ipoh,RM6k-10k,Low,2022-02-22,2026-08-01,2026-08-14 00:26:12.005687
CUST004155,Male,1994-07-01,Melaka,Melaka City,>RM15k,Medium,2024-05-17,2026-08-01,2026-08-14 00:26:12.005687
CUST004156,Female,1966-11-19,Sarawak,Miri,>RM15k,Low,2018-09-11,2026-08-01,2026-08-14 00:26:12.005687
CUST004157,Male,1980-05-26,Selangor,Petaling Jaya,RM6k-10k,Low,2023-01-03,2026-08-01,2026-08-14 00:26:12.005687
CUST004158,Female,2002-12-10,Johor,Muar,RM10k-15k,Low,2024-10-09,2026-08-01,2026-08-14 00:26:12.005687
CUST004159,Female,1986-02-13,Melaka,Melaka City,<RM3k,Low,2021-12-09,2026-08-01,2026-08-14 00:26:12.005687
CUST004160,Female,2003-06-18,Kuala Lumpur,Kuala Lumpur,RM6k-10k,Medium,2018-06-04,2026-08-01,2026-08-14 00:26:12.005687
CUST004161,Male,1984-07-26,Kuala Lumpur,Kuala Lumpur,RM6k-10k,High,2018-03-10,2026-08-01,2026-08-14 00:26:12.005687
CUST004162,Female,1965-04-24,Selangor,Shah Alam,RM10k-15k,Medium,2019-04-19,2026-08-01,2026-08-14 00:26:12.005687
CUST004163,Male,1988-12-08,Sarawak,Miri,RM3k-6k,Medium,2025-02-11,2026-08-01,2026-08-14 00:26:12.005687
CUST004164,Female,1985-02-22,Kuala Lumpur,Kuala Lumpur,<RM3k,Low,2021-08-30,2026-08-01,2026-08-14 00:26:12.005687
CUST004165,Male,1970-03-23,Selangor,Shah Alam,RM6k-10k,High,2019-03-08,2026-08-01,2026-08-14 00:26:12.005687
CUST004166,Female,1958-10-08,Penang,Butterworth,RM6k-10k,Low,2025-03-28,2026-08-01,2026-08-14 00:26:12.005687
CUST004167,Female,1986-10-05,Selangor,Petaling Jaya,RM10k-15k,Medium,2024-08-20,2026-08-01,2026-08-14 00:26:12.005687
CUST004168,Female,1983-04-17,Selangor,Petaling Jaya,RM6k-10k,Medium,2019-03-06,2026-08-01,2026-08-14 00:26:12.005687
CUST004169,Male,1992-11-26,Johor,Muar,RM10k-15k,Low,2023-07-04,2026-08-01,2026-08-14 00:26:12.005687
CUST004170,Female,1961-03-03,Selangor,Petaling Jaya,RM6k-10k,Low,2020-08-23,2026-08-01,2026-08-14 00:26:12.005687
CUST004171,Male,1981-05-25,Negeri Sembilan,Seremban,RM10k-15k,Low,2018-07-23,2026-08-01,2026-08-14 00:26:12.005687
CUST004172,Male,1995-02-10,Kuala Lumpur,Kuala Lumpur,RM6k-10k,Low,2018-07-01,2026-08-01,2026-08-14 00:26:12.005687
CUST004173,Male,1998-09-01,Sarawak,Kuching,RM3k-6k,Low,2022-05-03,2026-08-01,2026-08-14 00:26:12.005687
CUST004174,Female,2001-01-13,Johor,Muar,RM3k-6k,High,2024-09-29,2026-08-01,2026-08-14 00:26:12.005687
CUST004175,Male,1965-05-21,Kuala Lumpur,Kuala Lumpur,>RM15k,Low,2025-09-10,2026-08-01,2026-08-14 00:26:12.005687
CUST004176,Male,1963-06-23,Kuala Lumpur,Kuala Lumpur,RM3k-6k,Medium,2023-08-23,2026-08-01,2026-08-14 00:26:12.005687
CUST004177,Male,1983-03-23,Johor,Batu Pahat,RM6k-10k,Low,2025-05-19,2026-08-01,2026-08-14 00:26:12.005687
CUST004178,Male,1977-09-02,Selangor,Shah Alam,<RM3k,Low,2019-11-20,2026-08-01,2026-08-14 00:26:12.005687
CUST004179,Male,1966-06-25,Selangor,Petaling Jaya,RM10k-15k,Low,2019-03-04,2026-08-01,2026-08-14 00:26:12.005687
CUST004180,Male,1960-01-01,Negeri Sembilan,Seremban,RM3k-6k,Low,2018-11-20,2026-08-01,2026-08-14 00:26:12.005687
CUST004181,Male,1962-01-14,Johor,Johor Bahru,RM6k-10k,Low,2019-05-21,2026-08-01,2026-08-14 00:26:12.005687
CUST004182,Female,1971-08-14,Melaka,Melaka City,RM6k-10k,Low,2024-01-11,2026-08-01,2026-08-14 00:26:12.005687
CUST004183,Male,1991-03-26,Kuala Lumpur,Kuala Lumpur,RM3k-6k,Low,2019-03-25,2026-08-01,2026-08-14 00:26:12.005687
CUST004184,Female,1958-03-10,Selangor,Subang Jaya,RM6k-10k,Low,2021-06-17,2026-08-01,2026-08-14 00:26:12.005687
CUST004185,Male,1960-02-26,Penang,George Town,RM10k-15k,Medium,2024-01-18,2026-08-01,2026-08-14 00:26:12.005687
CUST004186,Male,1967-12-18,Selangor,Shah Alam,RM6k-10k,Medium,2025-05-31,2026-08-01,2026-08-14 00:26:12.005687
CUST004187,Female,1997-10-23,Selangor,Petaling Jaya,>RM15k,Low,2019-04-15,2026-08-01,2026-08-14 00:26:12.005687
CUST004188,Female,2003-07-09,Kuala Lumpur,Kuala Lumpur,RM10k-15k,Medium,2019-06-30,2026-08-01,2026-08-14 00:26:12.005687
CUST004189,Female,1976-07-26,Kuala Lumpur,Kuala Lumpur,RM6k-10k,High,2018-07-08,2026-08-01,2026-08-14 00:26:12.005687
CUST004190,Male,1957-03-09,Sabah,Sandakan,RM6k-10k,Low,2018-11-24,2026-08-01,2026-08-14 00:26:12.005687
CUST004191,Female,1955-08-02,Selangor,Klang,>RM15k,Low,2021-02-14,2026-08-01,2026-08-14 00:26:12.005687
CUST004192,Male,1997-02-01,Negeri Sembilan,Seremban,RM6k-10k,Low,2020-07-07,2026-08-01,2026-08-14 00:26:12.005687
CUST004193,Male,1976-10-16,Selangor,Shah Alam,RM3k-6k,Low,2025-09-25,2026-08-01,2026-08-14 00:26:12.005687
CUST004194,Male,1958-10-18,Selangor,Subang Jaya,RM10k-15k,Medium,2021-07-21,2026-08-01,2026-08-14 00:26:12.005687
CUST004195,Female,1995-11-02,Selangor,Shah Alam,>RM15k,Medium,2020-06-19,2026-08-01,2026-08-14 00:26:12.005687
CUST004196,Male,1980-12-01,Johor,Muar,RM3k-6k,Medium,2021-10-02,2026-08-01,2026-08-14 00:26:12.005687
CUST004197,Female,1972-02-20,Melaka,Melaka City,<RM3k,Low,2023-10-17,2026-08-01,2026-08-14 00:26:12.005687
CUST004198,Male,1977-02-25,Sarawak,Miri,RM6k-10k,Medium,2020-09-13,2026-08-01,2026-08-14 00:26:12.005687
CUST004199,Female,1966-01-10,Kuala Lumpur,Kuala Lumpur,RM10k-15k,Low,2019-02-25,2026-08-01,2026-08-14 00:26:12.005687
CUST004200,Female,2000-08-23,Selangor,Klang,RM3k-6k,Low,2021-05-14,2026-08-01,2026-08-14 00:26:12.005687
CUST004201,Female,1993-08-06,Sarawak,Miri,RM10k-15k,Low,2022-12-20,2026-08-01,2026-08-14 00:26:12.005687
CUST004202,Male,1964-10-02,Kuala Lumpur,Kuala Lumpur,RM6k-10k,Medium,2020-07-13,2026-08-01,2026-08-14 00:26:12.005687
CUST004203,Female,1991-01-03,Johor,Muar,RM3k-6k,Medium,2022-08-25,2026-08-01,2026-08-14 00:26:12.005687
CUST004204,Male,1963-10-21,Selangor,Shah Alam,RM6k-10k,Medium,2020-08-05,2026-08-01,2026-08-14 00:26:12.005687
CUST004205,Male,1977-03-18,Selangor,Subang Jaya,RM3k-6k,Medium,2025-03-26,2026-08-01,2026-08-14 00:26:12.005687
CUST004206,Male,1991-09-07,Johor,Batu Pahat,RM10k-15k,Low,2025-02-05,2026-08-01,2026-08-14 00:26:12.005687
CUST004207,Female,1956-10-12,Selangor,Petaling Jaya,<RM3k,Low,2023-09-25,2026-08-01,2026-08-14 00:26:12.005687
CUST004208,Female,1990-07-23,Melaka,Melaka City,RM10k-15k,Medium,2024-09-12,2026-08-01,2026-08-14 00:26:12.005687
CUST004209,Female,1966-01-26,Johor,Batu Pahat,RM3k-6k,High,2018-12-19,2026-08-01,2026-08-14 00:26:12.005687
CUST004210,Female,1989-04-04,Melaka,Melaka City,>RM15k,Low,2023-03-24,2026-08-01,2026-08-14 00:26:12.005687
CUST004211,Male,1979-06-17,Perak,Taiping,RM10k-15k,Low,2021-03-28,2026-08-01,2026-08-14 00:26:12.005687
CUST004212,Female,1956-04-12,Selangor,Klang,RM3k-6k,High,2024-03-20,2026-08-01,2026-08-14 00:26:12.005687
CUST004213,Female,1992-04-30,Johor,Muar,>RM15k,Low,2018-01-02,2026-08-01,2026-08-14 00:26:12.005687
CUST004214,Female,1967-09-27,Selangor,Shah Alam,RM6k-10k,Low,2019-07-03,2026-08-01,2026-08-14 00:26:12.005687
CUST004215,Male,2001-08-29,Sarawak,Kuching,RM6k-10k,Low,2019-12-05,2026-08-01,2026-08-14 00:26:12.005687
CUST004216,Female,1996-02-25,Selangor,Klang,>RM15k,Low,2022-06-16,2026-08-01,2026-08-14 00:26:12.005687
CUST004217,Male,1964-06-12,Negeri Sembilan,Seremban,>RM15k,Medium,2025-10-08,2026-08-01,2026-08-14 00:26:12.005687
CUST004218,Female,1984-06-09,Penang,George Town,RM6k-10k,Medium,2025-03-02,2026-08-01,2026-08-14 00:26:12.005687
CUST004219,Male,1972-09-26,Penang,George Town,>RM15k,Low,2021-08-24,2026-08-01,2026-08-14 00:26:12.005687
CUST004220,Male,1984-07-03,Johor,Muar,RM3k-6k,Low,2018-01-04,2026-08-01,2026-08-14 00:26:12.005687
CUST004221,Female,1982-04-17,Penang,Butterworth,RM3k-6k,Low,2024-12-09,2026-08-01,2026-08-14 00:26:12.005687
CUST004222,Female,1969-07-01,Perak,Taiping,<RM3k,Low,2022-07-31,2026-08-01,2026-08-14 00:26:12.005687
CUST004223,Female,1986-12-01,Perak,Ipoh,RM3k-6k,Low,2018-03-11,2026-08-01,2026-08-14 00:26:12.005687
CUST004224,Female,1967-10-01,Selangor,Petaling Jaya,RM6k-10k,Low,2023-02-28,2026-08-01,2026-08-14 00:26:12.005687
CUST004225,Female,1999-06-16,Penang,George Town,RM3k-6k,Medium,2025-01-14,2026-08-01,2026-08-14 00:26:12.005687
CUST004226,Male,2001-05-18,Selangor,Petaling Jaya,RM6k-10k,High,2024-12-18,2026-08-01,2026-08-14 00:26:12.005687
CUST004227,Male,1963-02-17,Penang,Bayan Lepas,<RM3k,Low,2025-02-10,2026-08-01,2026-08-14 00:26:12.005687
CUST004228,Female,1990-08-28,Johor,Muar,RM3k-6k,Medium,2025-10-20,2026-08-01,2026-08-14 00:26:12.005687
CUST004229,Male,2000-07-15,Kuala Lumpur,Kuala Lumpur,RM10k-15k,Medium,2023-03-24,2026-08-01,2026-08-14 00:26:12.005687
CUST004230,Female,1961-03-20,Sabah,Kota Kinabalu,<RM3k,Low,2022-11-24,2026-08-01,2026-08-14 00:26:12.005687
CUST004231,Male,1991-03-29,Johor,Batu Pahat,RM6k-10k,High,2018-12-06,2026-08-01,2026-08-14 00:26:12.005687
CUST004232,Female,2000-12-11,Penang,Bayan Lepas,RM10k-15k,Low,2023-01-22,2026-08-01,2026-08-14 00:26:12.005687
CUST004233,Male,1966-01-11,Perak,Ipoh,RM6k-10k,Medium,2025-01-02,2026-08-01,2026-08-14 00:26:12.005687
CUST004234,Male,1983-07-15,Perak,Taiping,RM10k-15k,Low,2024-07-02,2026-08-01,2026-08-14 00:26:12.005687
CUST004235,Female,1994-02-03,Sabah,Sandakan,>RM15k,Low,2025-03-13,2026-08-01,2026-08-14 00:26:12.005687
CUST004236,Female,1971-05-02,Selangor,Klang,<RM3k,Medium,2019-05-12,2026-08-01,2026-08-14 00:26:12.005687
CUST004237,Female,1966-08-27,Kuala Lumpur,Kuala Lumpur,RM6k-10k,Medium,2019-08-11,2026-08-01,2026-08-14 00:26:12.005687
CUST004238,Male,1974-06-17,Perak,Ipoh,RM3k-6k,Low,2024-11-12,2026-08-01,2026-08-14 00:26:12.005687
CUST004239,Male,1971-06-08,Selangor,Klang,RM3k-6k,Medium,2025-07-09,2026-08-01,2026-08-14 00:26:12.005687
CUST004240,Male,1990-07-17,Kuala Lumpur,Kuala Lumpur,RM6k-10k,High,2022-03-17,2026-08-01,2026-08-14 00:26:12.005687
CUST004241,Male,1973-03-05,Kuala Lumpur,Kuala Lumpur,RM6k-10k,Medium,2025-01-17,2026-08-01,2026-08-14 00:26:12.005687
CUST004242,Male,1973-06-08,Selangor,Shah Alam,RM10k-15k,Medium,2023-06-16,2026-08-01,2026-08-14 00:26:12.005687
CUST004243,Female,2001-04-11,Negeri Sembilan,Seremban,RM6k-10k,Low,2019-08-22,2026-08-01,2026-08-14 00:26:12.005687
CUST004244,Male,1983-05-11,Kuala Lumpur,Kuala Lumpur,RM10k-15k,Low,2022-01-20,2026-08-01,2026-08-14 00:26:12.005687
CUST004245,Male,2000-07-14,Selangor,Petaling Jaya,RM6k-10k,Low,2021-02-24,2026-08-01,2026-08-14 00:26:12.005687
CUST004246,Female,1989-10-24,Melaka,Melaka City,<RM3k,Medium,2024-04-26,2026-08-01,2026-08-14 00:26:12.005687
CUST004247,Male,1998-05-16,Negeri Sembilan,Seremban,<RM3k,Medium,2020-09-10,2026-08-01,2026-08-14 00:26:12.005687
CUST004248,Female,1964-07-28,Selangor,Shah Alam,RM6k-10k,High,2019-05-28,2026-08-01,2026-08-14 00:26:12.005687
CUST004249,Female,2000-12-19,Melaka,Melaka City,RM6k-10k,Low,2021-12-26,2026-08-01,2026-08-14 00:26:12.005687
CUST004250,Male,2001-04-07,Kuala Lumpur,Kuala Lumpur,<RM3k,High,2021-12-15,2026-08-01,2026-08-14 00:26:12.005687
CUST004251,Female,1956-12-30,Sabah,Kota Kinabalu,RM3k-6k,High,2025-02-09,2026-08-01,2026-08-14 00:26:12.005687
CUST004252,Female,1972-06-14,Kuala Lumpur,Kuala Lumpur,RM3k-6k,Medium,2018-01-24,2026-08-01,2026-08-14 00:26:12.005687
CUST004253,Female,1975-04-02,Selangor,Shah Alam,RM6k-10k,High,2024-12-28,2026-08-01,2026-08-14 00:26:12.005687
CUST004254,Male,1975-07-20,Selangor,Subang Jaya,RM3k-6k,Low,2019-09-09,2026-08-01,2026-08-14 00:26:12.005687
CUST004255,Male,1993-02-20,Perak,Ipoh,RM3k-6k,Low,2019-05-29,2026-08-01,2026-08-14 00:26:12.005687
CUST004256,Female,1989-03-23,Kuala Lumpur,Kuala Lumpur,<RM3k,Low,2021-05-06,2026-08-01,2026-08-14 00:26:12.005687
CUST004257,Female,1965-06-06,Johor,Batu Pahat,RM3k-6k,Low,2022-05-29,2026-08-01,2026-08-14 00:26:12.005687
CUST004258,Female,1984-10-29,Perak,Taiping,RM6k-10k,Low,2025-06-08,2026-08-01,2026-08-14 00:26:12.005687
CUST004259,Male,2002-10-02,Kuala Lumpur,Kuala Lumpur,>RM15k,Medium,2022-04-09,2026-08-01,2026-08-14 00:26:12.005687
CUST004260,Female,1976-07-25,Melaka,Melaka City,RM3k-6k,Low,2019-03-01,2026-08-01,2026-08-14 00:26:12.005687
CUST004261,Male,2000-06-24,Selangor,Petaling Jaya,RM6k-10k,Low,2021-08-08,2026-08-01,2026-08-14 00:26:12.005687
CUST004262,Male,1986-11-01,Kuala Lumpur,Kuala Lumpur,RM6k-10k,Low,2025-05-12,2026-08-01,2026-08-14 00:26:12.005687
CUST004263,Female,2000-04-27,Selangor,Petaling Jaya,RM6k-10k,Medium,2023-09-19,2026-08-01,2026-08-14 00:26:12.005687
CUST004264,Male,1999-03-28,Selangor,Petaling Jaya,RM3k-6k,High,2019-09-29,2026-08-01,2026-08-14 00:26:12.005687
CUST004265,Male,1955-10-26,Selangor,Subang Jaya,<RM3k,Low,2023-03-02,2026-08-01,2026-08-14 00:26:12.005687
CUST004266,Male,1994-03-18,Johor,Johor Bahru,>RM15k,Medium,2023-11-14,2026-08-01,2026-08-14 00:26:12.005687
CUST004267,Female,1964-04-06,Penang,Butterworth,>RM15k,High,2020-03-14,2026-08-01,2026-08-14 00:26:12.005687
CUST004268,Male,1995-05-21,Johor,Muar,RM3k-6k,Medium,2022-03-23,2026-08-01,2026-08-14 00:26:12.005687
CUST004269,Male,1994-08-04,Johor,Batu Pahat,RM6k-10k,Medium,2020-10-14,2026-08-01,2026-08-14 00:26:12.005687
CUST004270,Male,1967-08-30,Sabah,Sandakan,<RM3k,Medium,2019-06-13,2026-08-01,2026-08-14 00:26:12.005687
CUST004271,Male,1958-03-31,Selangor,Shah Alam,<RM3k,High,2025-02-07,2026-08-01,2026-08-14 00:26:12.005687
CUST004272,Female,1975-07-20,Penang,George Town,<RM3k,Low,2020-07-25,2026-08-01,2026-08-14 00:26:12.005687
CUST004273,Male,1969-11-05,Melaka,Melaka City,RM10k-15k,Medium,2020-08-09,2026-08-01,2026-08-14 00:26:12.005687
CUST004274,Male,1982-02-19,Selangor,Klang,RM3k-6k,Low,2018-10-24,2026-08-01,2026-08-14 00:26:12.005687
CUST004275,Female,1959-01-07,Penang,George Town,RM3k-6k,Low,2021-07-21,2026-08-01,2026-08-14 00:26:12.005687
CUST004276,Female,1957-03-01,Negeri Sembilan,Seremban,<RM3k,Medium,2023-02-24,2026-08-01,2026-08-14 00:26:12.005687
CUST004277,Female,1976-06-02,Johor,Johor Bahru,<RM3k,Medium,2025-10-12,2026-08-01,2026-08-14 00:26:12.005687
CUST004278,Male,1992-09-19,Negeri Sembilan,Seremban,RM3k-6k,Medium,2024-03-15,2026-08-01,2026-08-14 00:26:12.005687
CUST004279,Female,1970-06-07,Selangor,Klang,RM6k-10k,High,2024-11-09,2026-08-01,2026-08-14 00:26:12.005687
CUST004280,Male,1970-11-06,Penang,George Town,RM6k-10k,Medium,2025-11-23,2026-08-01,2026-08-14 00:26:12.005687
CUST004281,Female,1963-01-14,Selangor,Shah Alam,RM3k-6k,Low,2023-08-04,2026-08-01,2026-08-14 00:26:12.005687
CUST004282,Female,1968-11-05,Kuala Lumpur,Kuala Lumpur,RM3k-6k,High,2024-11-08,2026-08-01,2026-08-14 00:26:12.005687
CUST004283,Male,1969-08-21,Negeri Sembilan,Seremban,RM10k-15k,Low,2020-06-07,2026-08-01,2026-08-14 00:26:12.005687
CUST004284,Female,1967-09-15,Selangor,Shah Alam,RM3k-6k,Low,2023-09-20,2026-08-01,2026-08-14 00:26:12.005687
CUST004285,Male,1971-11-03,Negeri Sembilan,Seremban,RM3k-6k,Low,2023-01-11,2026-08-01,2026-08-14 00:26:12.005687
CUST004286,Female,1968-11-19,Perak,Ipoh,RM10k-15k,Medium,2021-08-11,2026-08-01,2026-08-14 00:26:12.005687
CUST004287,Male,1988-05-10,Melaka,Melaka City,RM6k-10k,Medium,2023-02-19,2026-08-01,2026-08-14 00:26:12.005687
CUST004288,Female,1971-07-25,Negeri Sembilan,Seremban,RM3k-6k,Medium,2023-10-07,2026-08-01,2026-08-14 00:26:12.005687
CUST004289,Male,1991-12-25,Penang,Butterworth,RM3k-6k,Low,2021-04-17,2026-08-01,2026-08-14 00:26:12.005687
CUST004290,Male,1984-08-19,Negeri Sembilan,Seremban,<RM3k,Medium,2024-09-27,2026-08-01,2026-08-14 00:26:12.005687
CUST004291,Female,1986-05-20,Sabah,Sandakan,<RM3k,Medium,2018-04-16,2026-08-01,2026-08-14 00:26:12.005687
CUST004292,Female,1983-08-05,Johor,Muar,RM10k-15k,High,2020-08-04,2026-08-01,2026-08-14 00:26:12.005687
CUST004293,Female,2000-03-20,Perak,Taiping,RM6k-10k,Low,2020-12-06,2026-08-01,2026-08-14 00:26:12.005687
CUST004294,Male,1967-07-13,Selangor,Subang Jaya,<RM3k,Medium,2024-08-22,2026-08-01,2026-08-14 00:26:12.005687
CUST004295,Male,2003-02-18,Kuala Lumpur,Kuala Lumpur,<RM3k,Medium,2022-01-24,2026-08-01,2026-08-14 00:26:12.005687
CUST004296,Female,1965-02-11,Selangor,Klang,RM3k-6k,Low,2025-06-18,2026-08-01,2026-08-14 00:26:12.005687
CUST004297,Female,1961-10-09,Johor,Johor Bahru,RM3k-6k,Low,2025-08-07,2026-08-01,2026-08-14 00:26:12.005687
CUST004298,Male,1995-06-28,Selangor,Klang,RM6k-10k,Low,2021-09-01,2026-08-01,2026-08-14 00:26:12.005687
CUST004299,Male,1998-11-25,Johor,Batu Pahat,RM3k-6k,Low,2023-10-27,2026-08-01,2026-08-14 00:26:12.005687
CUST004300,Male,1959-07-18,Perak,Taiping,RM10k-15k,Low,2019-12-21,2026-08-01,2026-08-14 00:26:12.005687
CUST004301,Female,1984-05-21,Perak,Ipoh,RM6k-10k,Medium,2018-11-12,2026-08-01,2026-08-14 00:26:12.005687
CUST004302,Male,1980-02-16,Melaka,Melaka City,>RM15k,Medium,2021-12-05,2026-08-01,2026-08-14 00:26:12.005687
CUST004303,Male,1965-10-14,Negeri Sembilan,Seremban,RM10k-15k,Medium,2020-05-30,2026-08-01,2026-08-14 00:26:12.005687
CUST004304,Female,1980-07-03,Melaka,Melaka City,>RM15k,Low,2023-11-05,2026-08-01,2026-08-14 00:26:12.005687
CUST004305,Female,1988-08-07,Penang,Bayan Lepas,>RM15k,Low,2022-03-04,2026-08-01,2026-08-14 00:26:12.005687
CUST004306,Female,1983-02-17,Selangor,Petaling Jaya,RM3k-6k,Medium,2019-02-01,2026-08-01,2026-08-14 00:26:12.005687
CUST004307,Male,1980-06-19,Negeri Sembilan,Seremban,RM3k-6k,Medium,2021-08-10,2026-08-01,2026-08-14 00:26:12.005687
CUST004308,Female,1998-05-24,Kuala Lumpur,Kuala Lumpur,<RM3k,Medium,2021-03-19,2026-08-01,2026-08-14 00:26:12.005687
CUST004309,Male,1966-01-19,Kuala Lumpur,Kuala Lumpur,RM6k-10k,Medium,2018-01-15,2026-08-01,2026-08-14 00:26:12.005687
CUST004310,Male,1985-07-27,Selangor,Subang Jaya,RM6k-10k,High,2022-05-11,2026-08-01,2026-08-14 00:26:12.005687
CUST004311,Male,1970-07-06,Penang,George Town,<RM3k,High,2025-06-24,2026-08-01,2026-08-14 00:26:12.005687
CUST004312,Male,2002-09-15,Perak,Ipoh,RM10k-15k,Medium,2025-03-04,2026-08-01,2026-08-14 00:26:12.005687
CUST004313,Female,1967-04-29,Kuala Lumpur,Kuala Lumpur,RM10k-15k,Low,2025-03-25,2026-08-01,2026-08-14 00:26:12.005687
CUST004314,Male,1997-09-10,Sabah,Kota Kinabalu,RM6k-10k,Low,2025-02-24,2026-08-01,2026-08-14 00:26:12.005687
CUST004315,Female,1985-12-21,Kuala Lumpur,Kuala Lumpur,RM3k-6k,Medium,2025-05-22,2026-08-01,2026-08-14 00:26:12.005687
CUST004316,Male,1965-07-09,Selangor,Klang,<RM3k,Low,2018-10-12,2026-08-01,2026-08-14 00:26:12.005687
CUST004317,Male,1992-03-04,Selangor,Petaling Jaya,RM6k-10k,Low,2021-06-05,2026-08-01,2026-08-14 00:26:12.005687
CUST004318,Male,1966-10-26,Selangor,Subang Jaya,<RM3k,Low,2022-05-12,2026-08-01,2026-08-14 00:26:12.005687
CUST004319,Male,1967-11-08,Sabah,Sandakan,RM6k-10k,High,2024-08-31,2026-08-01,2026-08-14 00:26:12.005687
CUST004320,Female,1971-11-23,Kuala Lumpur,Kuala Lumpur,RM3k-6k,Low,2020-12-25,2026-08-01,2026-08-14 00:26:12.005687
CUST004321,Male,1988-05-27,Selangor,Shah Alam,RM3k-6k,Medium,2023-09-01,2026-08-01,2026-08-14 00:26:12.005687
CUST004322,Male,1974-03-08,Kuala Lumpur,Kuala Lumpur,RM3k-6k,High,2024-03-31,2026-08-01,2026-08-14 00:26:12.005687
CUST004323,Male,1982-11-20,Sabah,Sandakan,RM6k-10k,Medium,2022-02-03,2026-08-01,2026-08-14 00:26:12.005687
CUST004324,Female,1982-02-04,Negeri Sembilan,Seremban,RM3k-6k,Low,2019-12-06,2026-08-01,2026-08-14 00:26:12.005687
CUST004325,Female,1964-08-19,Perak,Taiping,>RM15k,Medium,2018-08-14,2026-08-01,2026-08-14 00:26:12.005687
CUST004326,Male,1966-05-24,Penang,Butterworth,<RM3k,Medium,2021-07-23,2026-08-01,2026-08-14 00:26:12.005687
CUST004327,Female,1970-01-12,Melaka,Melaka City,>RM15k,Low,2019-05-06,2026-08-01,2026-08-14 00:26:12.005687
CUST004328,Male,1965-11-23,Selangor,Subang Jaya,<RM3k,Medium,2023-02-25,2026-08-01,2026-08-14 00:26:12.005687
CUST004329,Male,2000-01-06,Kuala Lumpur,Kuala Lumpur,RM3k-6k,Low,2019-11-27,2026-08-01,2026-08-14 00:26:12.005687
CUST004330,Male,1973-09-08,Johor,Muar,>RM15k,Medium,2025-01-05,2026-08-01,2026-08-14 00:26:12.005687
CUST004331,Female,1974-11-02,Selangor,Klang,RM6k-10k,High,2025-03-01,2026-08-01,2026-08-14 00:26:12.005687
CUST004332,Male,1987-12-05,Johor,Johor Bahru,RM6k-10k,Low,2024-09-08,2026-08-01,2026-08-14 00:26:12.005687
CUST004333,Female,1993-08-12,Johor,Batu Pahat,RM6k-10k,High,2023-04-28,2026-08-01,2026-08-14 00:26:12.005687
CUST004334,Female,1988-09-18,Selangor,Klang,RM3k-6k,Low,2018-12-04,2026-08-01,2026-08-14 00:26:12.005687
CUST004335,Male,1982-01-02,Johor,Johor Bahru,RM10k-15k,Medium,2025-11-11,2026-08-01,2026-08-14 00:26:12.005687
CUST004336,Female,2002-10-29,Selangor,Subang Jaya,<RM3k,Medium,2018-07-12,2026-08-01,2026-08-14 00:26:12.005687
CUST004337,Female,1999-02-02,Kuala Lumpur,Kuala Lumpur,RM10k-15k,Low,2022-07-13,2026-08-01,2026-08-14 00:26:12.005687
CUST004338,Female,1964-12-01,Sarawak,Miri,>RM15k,High,2024-06-07,2026-08-01,2026-08-14 00:26:12.005687
CUST004339,Male,1962-11-03,Perak,Taiping,RM10k-15k,High,2018-09-05,2026-08-01,2026-08-14 00:26:12.005687
CUST004340,Male,1974-04-01,Kuala Lumpur,Kuala Lumpur,RM10k-15k,Low,2021-12-22,2026-08-01,2026-08-14 00:26:12.005687
CUST004341,Female,1995-12-06,Kuala Lumpur,Kuala Lumpur,RM6k-10k,Medium,2021-10-27,2026-08-01,2026-08-14 00:26:12.005687
CUST004342,Female,2002-04-07,Kuala Lumpur,Kuala Lumpur,RM6k-10k,Low,2019-07-30,2026-08-01,2026-08-14 00:26:12.005687
CUST004343,Male,1989-06-05,Kuala Lumpur,Kuala Lumpur,RM3k-6k,Low,2018-11-23,2026-08-01,2026-08-14 00:26:12.005687
CUST004344,Female,1988-10-22,Kuala Lumpur,Kuala Lumpur,RM10k-15k,Low,2025-04-11,2026-08-01,2026-08-14 00:26:12.005687
CUST004345,Male,1966-06-14,Kuala Lumpur,Kuala Lumpur,RM6k-10k,Low,2025-03-17,2026-08-01,2026-08-14 00:26:12.005687
CUST004346,Male,1984-01-08,Sarawak,Kuching,RM3k-6k,Low,2018-10-01,2026-08-01,2026-08-14 00:26:12.005687
CUST004347,Male,1964-01-12,Sarawak,Kuching,RM10k-15k,Low,2020-03-24,2026-08-01,2026-08-14 00:26:12.005687
CUST004348,Male,1981-06-10,Sabah,Kota Kinabalu,<RM3k,High,2021-02-19,2026-08-01,2026-08-14 00:26:12.005687
CUST004349,Male,1964-06-29,Penang,Butterworth,RM10k-15k,Low,2019-07-31,2026-08-01,2026-08-14 00:26:12.005687
CUST004350,Male,1958-09-13,Perak,Taiping,RM10k-15k,Medium,2018-07-14,2026-08-01,2026-08-14 00:26:12.005687
CUST004351,Female,2002-05-24,Sabah,Sandakan,RM3k-6k,Low,2022-02-03,2026-08-01,2026-08-14 00:26:12.005687
CUST004352,Female,1998-10-09,Melaka,Melaka City,<RM3k,Low,2021-07-15,2026-08-01,2026-08-14 00:26:12.005687
CUST004353,Male,1988-07-30,Sabah,Kota Kinabalu,RM6k-10k,Medium,2024-06-15,2026-08-01,2026-08-14 00:26:12.005687
CUST004354,Female,1985-08-25,Sabah,Sandakan,RM3k-6k,Low,2020-05-16,2026-08-01,2026-08-14 00:26:12.005687
CUST004355,Male,1966-10-04,Sarawak,Kuching,>RM15k,Low,2022-01-30,2026-08-01,2026-08-14 00:26:12.005687
CUST004356,Male,1983-01-04,Penang,George Town,<RM3k,High,2020-07-06,2026-08-01,2026-08-14 00:26:12.005687
CUST004357,Male,1991-08-27,Selangor,Petaling Jaya,RM3k-6k,Low,2018-04-22,2026-08-01,2026-08-14 00:26:12.005687
CUST004358,Female,1981-06-07,Kuala Lumpur,Kuala Lumpur,<RM3k,Low,2023-10-27,2026-08-01,2026-08-14 00:26:12.005687
CUST004359,Female,1968-10-24,Selangor,Klang,RM10k-15k,Medium,2023-12-11,2026-08-01,2026-08-14 00:26:12.005687
CUST004360,Male,1974-03-15,Kuala Lumpur,Kuala Lumpur,RM6k-10k,Low,2023-04-24,2026-08-01,2026-08-14 00:26:12.005687
CUST004361,Female,1996-03-15,Kuala Lumpur,Kuala Lumpur,RM10k-15k,Medium,2018-04-10,2026-08-01,2026-08-14 00:26:12.005687
CUST004362,Male,1967-06-24,Kuala Lumpur,Kuala Lumpur,>RM15k,Low,2023-07-28,2026-08-01,2026-08-14 00:26:12.005687
CUST004363,Male,2002-02-08,Selangor,Petaling Jaya,RM6k-10k,Low,2022-11-01,2026-08-01,2026-08-14 00:26:12.005687
CUST004364,Male,1992-01-04,Negeri Sembilan,Seremban,RM3k-6k,Low,2021-07-12,2026-08-01,2026-08-14 00:26:12.005687
CUST004365,Male,1998-08-14,Selangor,Shah Alam,<RM3k,Low,2022-12-08,2026-08-01,2026-08-14 00:26:12.005687
CUST004366,Female,1979-12-20,Selangor,Shah Alam,RM10k-15k,Medium,2018-11-20,2026-08-01,2026-08-14 00:26:12.005687
CUST004367,Female,1965-12-18,Selangor,Klang,RM3k-6k,High,2019-09-02,2026-08-01,2026-08-14 00:26:12.005687
CUST004368,Male,1956-08-30,Selangor,Klang,>RM15k,Medium,2019-01-12,2026-08-01,2026-08-14 00:26:12.005687
CUST004369,Female,1981-03-17,Perak,Taiping,RM10k-15k,Low,2021-07-28,2026-08-01,2026-08-14 00:26:12.005687
CUST004370,Female,1974-07-22,Penang,Butterworth,RM6k-10k,High,2025-02-28,2026-08-01,2026-08-14 00:26:12.005687
CUST004371,Female,1960-07-27,Kuala Lumpur,Kuala Lumpur,RM6k-10k,Medium,2018-01-19,2026-08-01,2026-08-14 00:26:12.005687
CUST004372,Female,2000-07-01,Johor,Johor Bahru,>RM15k,Low,2021-07-27,2026-08-01,2026-08-14 00:26:12.005687
CUST004373,Male,2002-07-16,Kuala Lumpur,Kuala Lumpur,RM10k-15k,Low,2020-04-08,2026-08-01,2026-08-14 00:26:12.005687
CUST004374,Female,1973-04-27,Perak,Taiping,RM6k-10k,Low,2025-07-01,2026-08-01,2026-08-14 00:26:12.005687
CUST004375,Male,1987-09-25,Negeri Sembilan,Seremban,RM3k-6k,Low,2022-12-15,2026-08-01,2026-08-14 00:26:12.005687
CUST004376,Female,1975-04-01,Melaka,Melaka City,RM6k-10k,Low,2019-10-11,2026-08-01,2026-08-14 00:26:12.005687
CUST004377,Male,1979-05-05,Selangor,Subang Jaya,RM3k-6k,Low,2020-04-10,2026-08-01,2026-08-14 00:26:12.005687
CUST004378,Female,1985-07-28,Sabah,Kota Kinabalu,>RM15k,High,2022-08-24,2026-08-01,2026-08-14 00:26:12.005687
CUST004379,Male,1975-05-28,Sabah,Kota Kinabalu,RM6k-10k,Low,2018-05-20,2026-08-01,2026-08-14 00:26:12.005687
CUST004380,Female,1994-04-12,Sarawak,Kuching,RM10k-15k,Low,2018-07-16,2026-08-01,2026-08-14 00:26:12.005687
CUST004381,Male,1964-04-11,Selangor,Petaling Jaya,<RM3k,High,2023-05-24,2026-08-01,2026-08-14 00:26:12.005687
CUST004382,Female,1987-10-02,Johor,Muar,RM10k-15k,Low,2024-06-01,2026-08-01,2026-08-14 00:26:12.005687
CUST004383,Female,2003-03-04,Selangor,Shah Alam,RM3k-6k,Low,2023-12-09,2026-08-01,2026-08-14 00:26:12.005687
CUST004384,Female,1996-08-25,Kuala Lumpur,Kuala Lumpur,RM10k-15k,Low,2019-05-17,2026-08-01,2026-08-14 00:26:12.005687
CUST004386,Male,1960-08-01,Johor,Muar,>RM15k,Low,2019-10-19,2026-08-01,2026-08-14 00:26:12.005687
CUST004387,Female,1985-10-21,Selangor,Shah Alam,RM6k-10k,Medium,2025-01-01,2026-08-01,2026-08-14 00:26:12.005687
CUST004388,Female,2000-04-20,Sarawak,Kuching,RM3k-6k,Medium,2020-05-14,2026-08-01,2026-08-14 00:26:12.005687
CUST004389,Male,1996-05-09,Johor,Johor Bahru,RM3k-6k,Medium,2021-12-20,2026-08-01,2026-08-14 00:26:12.005687
CUST004390,Male,1999-04-16,Negeri Sembilan,Seremban,RM3k-6k,Medium,2025-08-27,2026-08-01,2026-08-14 00:26:12.005687
CUST004391,Female,1962-05-03,Sabah,Sandakan,RM3k-6k,Medium,2021-04-04,2026-08-01,2026-08-14 00:26:12.005687
CUST004392,Male,1980-06-08,Sarawak,Miri,<RM3k,Medium,2023-05-05,2026-08-01,2026-08-14 00:26:12.005687
CUST004393,Male,1990-07-26,Sabah,Sandakan,RM3k-6k,Low,2022-09-08,2026-08-01,2026-08-14 00:26:12.005687
CUST004394,Male,1985-08-11,Kuala Lumpur,Kuala Lumpur,RM3k-6k,Low,2018-08-07,2026-08-01,2026-08-14 00:26:12.005687
CUST004395,Female,1993-01-26,Kuala Lumpur,Kuala Lumpur,RM3k-6k,Low,2024-05-04,2026-08-01,2026-08-14 00:26:12.005687
CUST004396,Female,1965-06-05,Melaka,Melaka City,RM6k-10k,Medium,2020-11-12,2026-08-01,2026-08-14 00:26:12.005687
CUST004397,Female,1977-05-24,Kuala Lumpur,Kuala Lumpur,RM3k-6k,Low,2021-10-20,2026-08-01,2026-08-14 00:26:12.005687
CUST004398,Male,1976-12-12,Selangor,Shah Alam,<RM3k,Medium,2020-06-08,2026-08-01,2026-08-14 00:26:12.005687
CUST004399,Female,2001-01-19,Penang,Butterworth,RM10k-15k,Low,2025-12-16,2026-08-01,2026-08-14 00:26:12.005687
CUST004400,Male,1964-12-06,Selangor,Subang Jaya,RM3k-6k,Medium,2022-05-28,2026-08-01,2026-08-14 00:26:12.005687
CUST004401,Male,1970-12-28,Selangor,Subang Jaya,RM6k-10k,Low,2023-02-06,2026-08-01,2026-08-14 00:26:12.005687
CUST004402,Male,1956-01-29,Johor,Batu Pahat,>RM15k,High,2022-03-08,2026-08-01,2026-08-14 00:26:12.005687
CUST004403,Female,1962-06-08,Selangor,Subang Jaya,RM10k-15k,Low,2020-06-18,2026-08-01,2026-08-14 00:26:12.005687
CUST004404,Female,2003-01-23,Perak,Ipoh,RM6k-10k,Medium,2022-09-09,2026-08-01,2026-08-14 00:26:12.005687
CUST004405,Female,1996-07-14,Kuala Lumpur,Kuala Lumpur,RM6k-10k,Medium,2024-05-07,2026-08-01,2026-08-14 00:26:12.005687
CUST004406,Male,1967-09-12,Johor,Batu Pahat,RM10k-15k,Low,2018-10-05,2026-08-01,2026-08-14 00:26:12.005687
CUST004407,Male,1989-05-26,Kuala Lumpur,Kuala Lumpur,RM10k-15k,Medium,2019-03-17,2026-08-01,2026-08-14 00:26:12.005687
CUST004408,Female,1984-01-23,Penang,Butterworth,<RM3k,High,2019-04-26,2026-08-01,2026-08-14 00:26:12.005687
CUST004409,Male,1999-06-03,Kuala Lumpur,Kuala Lumpur,RM6k-10k,Medium,2025-06-26,2026-08-01,2026-08-14 00:26:12.005687
CUST004410,Female,1969-09-17,Selangor,Subang Jaya,RM10k-15k,High,2022-08-12,2026-08-01,2026-08-14 00:26:12.005687
CUST004411,Female,2003-09-20,Sarawak,Kuching,RM10k-15k,Low,2020-09-21,2026-08-01,2026-08-14 00:26:12.005687
CUST004412,Female,1973-02-27,Selangor,Klang,<RM3k,High,2019-08-04,2026-08-01,2026-08-14 00:26:12.005687
CUST004413,Male,1990-02-14,Sabah,Kota Kinabalu,RM3k-6k,Medium,2023-06-25,2026-08-01,2026-08-14 00:26:12.005687
CUST004414,Female,1974-06-28,Selangor,Shah Alam,RM6k-10k,Medium,2022-03-13,2026-08-01,2026-08-14 00:26:12.005687
CUST004415,Female,1987-11-26,Selangor,Subang Jaya,RM3k-6k,Medium,2023-01-01,2026-08-01,2026-08-14 00:26:12.005687
CUST004416,Male,1971-06-01,Selangor,Subang Jaya,RM6k-10k,Medium,2023-09-21,2026-08-01,2026-08-14 00:26:12.005687
CUST004417,Male,1996-04-26,Melaka,Melaka City,RM3k-6k,Low,2018-10-08,2026-08-01,2026-08-14 00:26:12.005687
CUST004418,Female,1986-03-25,Selangor,Subang Jaya,RM3k-6k,Medium,2023-06-08,2026-08-01,2026-08-14 00:26:12.005687
CUST004419,Female,1969-02-23,Selangor,Subang Jaya,RM3k-6k,Low,2023-10-09,2026-08-01,2026-08-14 00:26:12.005687
CUST004420,Male,2002-01-30,Johor,Muar,RM10k-15k,Medium,2020-03-20,2026-08-01,2026-08-14 00:26:12.005687
CUST004421,Female,1989-09-30,Selangor,Klang,RM10k-15k,Low,2020-06-29,2026-08-01,2026-08-14 00:26:12.005687
CUST004422,Female,1976-01-01,Sabah,Sandakan,RM10k-15k,Medium,2022-09-26,2026-08-01,2026-08-14 00:26:12.005687
CUST004423,Male,1961-08-28,Negeri Sembilan,Seremban,>RM15k,Low,2021-01-18,2026-08-01,2026-08-14 00:26:12.005687
CUST004424,Female,2002-09-09,Johor,Johor Bahru,>RM15k,Low,2025-06-11,2026-08-01,2026-08-14 00:26:12.005687
CUST004425,Male,1991-12-29,Johor,Batu Pahat,RM6k-10k,Low,2018-10-09,2026-08-01,2026-08-14 00:26:12.005687
CUST004426,Female,1987-09-20,Selangor,Klang,<RM3k,Low,2019-05-09,2026-08-01,2026-08-14 00:26:12.005687
CUST004427,Female,1995-10-27,Negeri Sembilan,Seremban,RM10k-15k,Medium,2024-06-24,2026-08-01,2026-08-14 00:26:12.005687
CUST004428,Female,1984-09-30,Johor,Muar,RM6k-10k,Low,2023-06-13,2026-08-01,2026-08-14 00:26:12.005687
CUST004429,Female,1966-05-14,Kuala Lumpur,Kuala Lumpur,RM3k-6k,Low,2024-11-17,2026-08-01,2026-08-14 00:26:12.005687
CUST004430,Female,1966-08-14,Negeri Sembilan,Seremban,>RM15k,Low,2018-03-11,2026-08-01,2026-08-14 00:26:12.005687
CUST004431,Female,1958-11-16,Negeri Sembilan,Seremban,RM3k-6k,Low,2019-01-28,2026-08-01,2026-08-14 00:26:12.005687
CUST004432,Male,1958-01-31,Johor,Batu Pahat,>RM15k,Low,2024-09-10,2026-08-01,2026-08-14 00:26:12.005687
CUST004433,Male,1990-09-14,Selangor,Shah Alam,RM6k-10k,Low,2024-07-01,2026-08-01,2026-08-14 00:26:12.005687
CUST004434,Female,1996-09-28,Perak,Taiping,<RM3k,Medium,2024-08-09,2026-08-01,2026-08-14 00:26:12.005687
CUST004435,Male,1963-01-12,Sarawak,Kuching,RM10k-15k,Medium,2025-03-08,2026-08-01,2026-08-14 00:26:12.005687
CUST004436,Male,1983-02-14,Johor,Muar,RM10k-15k,High,2019-11-05,2026-08-01,2026-08-14 00:26:12.005687
CUST004437,Male,1961-01-26,Selangor,Petaling Jaya,RM6k-10k,Low,2018-10-12,2026-08-01,2026-08-14 00:26:12.005687
CUST004438,Female,1975-04-22,Selangor,Subang Jaya,RM6k-10k,Low,2020-05-15,2026-08-01,2026-08-14 00:26:12.005687
CUST004439,Female,1993-09-28,Selangor,Klang,RM3k-6k,Low,2025-12-23,2026-08-01,2026-08-14 00:26:12.005687
CUST004440,Female,1994-10-13,Kuala Lumpur,Kuala Lumpur,RM3k-6k,Medium,2022-02-18,2026-08-01,2026-08-14 00:26:12.005687
CUST004441,Female,2001-06-26,Sabah,Kota Kinabalu,<RM3k,Low,2018-01-14,2026-08-01,2026-08-14 00:26:12.005687
CUST004442,Female,1970-03-21,Kuala Lumpur,Kuala Lumpur,<RM3k,Low,2023-12-12,2026-08-01,2026-08-14 00:26:12.005687
CUST004443,Male,2001-06-26,Selangor,Petaling Jaya,RM3k-6k,Medium,2024-09-26,2026-08-01,2026-08-14 00:26:12.005687
CUST004444,Male,1993-05-24,Sarawak,Miri,RM6k-10k,Low,2018-12-24,2026-08-01,2026-08-14 00:26:12.005687
CUST004445,Female,1971-08-05,Selangor,Shah Alam,<RM3k,Medium,2022-06-19,2026-08-01,2026-08-14 00:26:12.005687
CUST004446,Female,1971-01-26,Selangor,Klang,RM6k-10k,Medium,2023-12-16,2026-08-01,2026-08-14 00:26:12.005687
CUST004447,Female,1960-04-08,Negeri Sembilan,Seremban,RM3k-6k,Medium,2025-08-28,2026-08-01,2026-08-14 00:26:12.005687
CUST004448,Female,2000-02-14,Kuala Lumpur,Kuala Lumpur,RM3k-6k,Low,2022-11-09,2026-08-01,2026-08-14 00:26:12.005687
CUST004449,Male,1964-12-17,Melaka,Melaka City,>RM15k,Low,2020-09-14,2026-08-01,2026-08-14 00:26:12.005687
CUST004450,Female,1968-02-17,Kuala Lumpur,Kuala Lumpur,>RM15k,Low,2025-04-12,2026-08-01,2026-08-14 00:26:12.005687
CUST004451,Male,1975-03-26,Selangor,Subang Jaya,RM10k-15k,Low,2020-11-20,2026-08-01,2026-08-14 00:26:12.005687
CUST004452,Male,1961-09-27,Penang,Bayan Lepas,<RM3k,Low,2023-01-24,2026-08-01,2026-08-14 00:26:12.005687
CUST004453,Male,1994-06-28,Selangor,Petaling Jaya,RM6k-10k,Low,2024-09-20,2026-08-01,2026-08-14 00:26:12.005687
CUST004454,Male,1989-03-16,Johor,Muar,<RM3k,Low,2022-03-30,2026-08-01,2026-08-14 00:26:12.005687
CUST004455,Male,1962-09-03,Selangor,Subang Jaya,RM6k-10k,Low,2023-09-07,2026-08-01,2026-08-14 00:26:12.005687
CUST004456,Female,1962-12-24,Penang,George Town,>RM15k,Medium,2024-09-24,2026-08-01,2026-08-14 00:26:12.005687
CUST004457,Female,1956-01-29,Kuala Lumpur,Kuala Lumpur,RM3k-6k,Medium,2022-10-21,2026-08-01,2026-08-14 00:26:12.005687
CUST004458,Male,2001-07-07,Sabah,Sandakan,>RM15k,Low,2021-05-12,2026-08-01,2026-08-14 00:26:12.005687
CUST004459,Female,1976-05-08,Penang,Butterworth,RM6k-10k,Medium,2023-02-26,2026-08-01,2026-08-14 00:26:12.005687
CUST004460,Male,1987-02-13,Johor,Johor Bahru,RM3k-6k,High,2021-03-17,2026-08-01,2026-08-14 00:26:12.005687
CUST004461,Female,1962-05-07,Kuala Lumpur,Kuala Lumpur,<RM3k,Low,2023-06-17,2026-08-01,2026-08-14 00:26:12.005687
CUST004462,Female,1966-04-24,Johor,Muar,RM10k-15k,Medium,2018-08-26,2026-08-01,2026-08-14 00:26:12.005687
CUST004463,Female,1981-07-13,Penang,George Town,RM3k-6k,Low,2018-05-20,2026-08-01,2026-08-14 00:26:12.005687
CUST004464,Male,1965-03-26,Selangor,Subang Jaya,<RM3k,High,2021-10-19,2026-08-01,2026-08-14 00:26:12.005687
CUST004465,Female,1985-01-12,Perak,Ipoh,<RM3k,Low,2018-12-11,2026-08-01,2026-08-14 00:26:12.005687
CUST004466,Female,2000-04-07,Kuala Lumpur,Kuala Lumpur,>RM15k,Low,2023-11-05,2026-08-01,2026-08-14 00:26:12.005687
CUST004467,Female,1969-12-13,Selangor,Petaling Jaya,RM3k-6k,High,2019-06-14,2026-08-01,2026-08-14 00:26:12.005687
CUST004468,Male,1984-10-13,Sabah,Kota Kinabalu,>RM15k,Medium,2021-12-30,2026-08-01,2026-08-14 00:26:12.005687
CUST004469,Male,1999-11-12,Kuala Lumpur,Kuala Lumpur,RM6k-10k,Low,2019-06-01,2026-08-01,2026-08-14 00:26:12.005687
CUST004470,Female,1998-10-16,Selangor,Petaling Jaya,RM3k-6k,Medium,2025-05-16,2026-08-01,2026-08-14 00:26:12.005687
CUST004471,Male,1955-05-19,Perak,Ipoh,RM3k-6k,High,2024-09-28,2026-08-01,2026-08-14 00:26:12.005687
CUST004472,Female,1960-05-26,Perak,Ipoh,RM10k-15k,Low,2018-01-05,2026-08-01,2026-08-14 00:26:12.005687
CUST004473,Male,2003-04-27,Kuala Lumpur,Kuala Lumpur,RM3k-6k,Low,2021-02-26,2026-08-01,2026-08-14 00:26:12.005687
CUST004474,Female,2000-05-04,Kuala Lumpur,Kuala Lumpur,<RM3k,Low,2025-07-14,2026-08-01,2026-08-14 00:26:12.005687
CUST004475,Male,1970-10-09,Johor,Muar,RM3k-6k,High,2021-11-30,2026-08-01,2026-08-14 00:26:12.005687
CUST004476,Male,1980-06-24,Penang,George Town,RM10k-15k,Low,2024-10-01,2026-08-01,2026-08-14 00:26:12.005687
CUST004477,Male,1983-01-24,Johor,Muar,RM6k-10k,Low,2018-09-19,2026-08-01,2026-08-14 00:26:12.005687
CUST004478,Female,1987-10-02,Penang,George Town,RM6k-10k,Low,2021-06-07,2026-08-01,2026-08-14 00:26:12.005687
CUST004479,Male,1991-10-07,Sabah,Sandakan,RM3k-6k,Low,2024-12-18,2026-08-01,2026-08-14 00:26:12.005687
CUST004480,Male,1973-04-08,Negeri Sembilan,Seremban,RM3k-6k,Low,2019-07-23,2026-08-01,2026-08-14 00:26:12.005687
CUST004481,Female,1998-08-09,Selangor,Subang Jaya,RM10k-15k,Low,2018-01-30,2026-08-01,2026-08-14 00:26:12.005687
CUST004482,Male,1957-11-24,Kuala Lumpur,Kuala Lumpur,<RM3k,Low,2023-11-16,2026-08-01,2026-08-14 00:26:12.005687
CUST004483,Male,1956-08-03,Selangor,Subang Jaya,>RM15k,Low,2018-09-01,2026-08-01,2026-08-14 00:26:12.005687
CUST004484,Female,2001-12-08,Kuala Lumpur,Kuala Lumpur,RM10k-15k,Low,2020-05-28,2026-08-01,2026-08-14 00:26:12.005687
CUST004485,Male,1963-09-06,Selangor,Petaling Jaya,RM3k-6k,Low,2024-06-30,2026-08-01,2026-08-14 00:26:12.005687
CUST004486,Female,2003-09-25,Melaka,Melaka City,RM10k-15k,Low,2025-02-18,2026-08-01,2026-08-14 00:26:12.005687
CUST004487,Male,1969-01-04,Selangor,Klang,RM6k-10k,Medium,2019-01-17,2026-08-01,2026-08-14 00:26:12.005687
CUST004488,Female,1972-11-10,Kuala Lumpur,Kuala Lumpur,RM6k-10k,Low,2021-12-22,2026-08-01,2026-08-14 00:26:12.005687
CUST004489,Female,1956-05-15,Johor,Muar,<RM3k,Low,2024-05-06,2026-08-01,2026-08-14 00:26:12.005687
CUST004490,Male,2001-03-31,Negeri Sembilan,Seremban,>RM15k,Medium,2021-02-17,2026-08-01,2026-08-14 00:26:12.005687
CUST004491,Male,1972-08-09,Selangor,Shah Alam,RM3k-6k,Medium,2020-10-20,2026-08-01,2026-08-14 00:26:12.005687
CUST004492,Male,1963-03-21,Sabah,Sandakan,RM10k-15k,Medium,2022-05-06,2026-08-01,2026-08-14 00:26:12.005687
CUST004493,Male,1978-09-06,Sarawak,Miri,RM3k-6k,High,2024-03-16,2026-08-01,2026-08-14 00:26:12.005687
CUST004494,Female,1962-07-31,Selangor,Shah Alam,RM3k-6k,Low,2018-04-28,2026-08-01,2026-08-14 00:26:12.005687
CUST004495,Female,1993-09-11,Penang,Butterworth,>RM15k,Low,2018-05-28,2026-08-01,2026-08-14 00:26:12.005687
CUST004496,Female,1958-08-01,Johor,Batu Pahat,RM6k-10k,Low,2018-11-08,2026-08-01,2026-08-14 00:26:12.005687
CUST004497,Female,1979-06-18,Selangor,Klang,<RM3k,Low,2020-09-23,2026-08-01,2026-08-14 00:26:12.005687
CUST004498,Male,1974-03-04,Johor,Muar,RM10k-15k,High,2020-03-23,2026-08-01,2026-08-14 00:26:12.005687
CUST004499,Male,1956-10-27,Kuala Lumpur,Kuala Lumpur,RM3k-6k,Medium,2021-11-06,2026-08-01,2026-08-14 00:26:12.005687
CUST004500,Male,1957-07-25,Perak,Taiping,RM10k-15k,Medium,2020-05-28,2026-08-01,2026-08-14 00:26:12.005687
CUST004501,Female,1980-05-30,Sarawak,Kuching,>RM15k,High,2023-01-02,2026-08-01,2026-08-14 00:26:12.005687
CUST004502,Female,1974-05-03,Selangor,Klang,<RM3k,Medium,2020-07-28,2026-08-01,2026-08-14 00:26:12.005687
CUST004503,Male,1961-05-10,Penang,Bayan Lepas,RM6k-10k,Low,2024-09-08,2026-08-01,2026-08-14 00:26:12.005687
CUST004504,Female,1961-10-12,Selangor,Shah Alam,>RM15k,Medium,2020-06-23,2026-08-01,2026-08-14 00:26:12.005687
CUST004505,Female,1994-06-08,Kuala Lumpur,Kuala Lumpur,>RM15k,Low,2019-12-16,2026-08-01,2026-08-14 00:26:12.005687
CUST004506,Female,1990-10-17,Perak,Ipoh,RM6k-10k,Low,2024-11-17,2026-08-01,2026-08-14 00:26:12.005687
CUST004507,Female,1984-10-11,Kuala Lumpur,Kuala Lumpur,RM6k-10k,Medium,2023-04-09,2026-08-01,2026-08-14 00:26:12.005687
CUST004508,Female,1995-10-31,Sabah,Kota Kinabalu,RM6k-10k,High,2018-05-21,2026-08-01,2026-08-14 00:26:12.005687
CUST004509,Male,1958-05-25,Selangor,Subang Jaya,RM3k-6k,Medium,2019-03-20,2026-08-01,2026-08-14 00:26:12.005687
CUST004510,Female,1988-09-13,Sarawak,Miri,RM6k-10k,Low,2018-05-23,2026-08-01,2026-08-14 00:26:12.005687
CUST004511,Male,1991-11-15,Selangor,Subang Jaya,RM3k-6k,Medium,2024-05-11,2026-08-01,2026-08-14 00:26:12.005687
CUST004512,Male,1964-10-28,Selangor,Petaling Jaya,RM3k-6k,Low,2023-01-08,2026-08-01,2026-08-14 00:26:12.005687
CUST004513,Male,1981-04-12,Sabah,Sandakan,RM3k-6k,Medium,2025-06-18,2026-08-01,2026-08-14 00:26:12.005687
CUST004514,Female,1992-07-28,Johor,Johor Bahru,RM10k-15k,Low,2020-08-16,2026-08-01,2026-08-14 00:26:12.005687
CUST004515,Female,1984-07-26,Selangor,Subang Jaya,RM3k-6k,Low,2018-05-19,2026-08-01,2026-08-14 00:26:12.005687
CUST004516,Female,1967-03-24,Sarawak,Miri,RM3k-6k,Low,2021-09-02,2026-08-01,2026-08-14 00:26:12.005687
CUST004517,Female,1987-07-28,Selangor,Subang Jaya,<RM3k,Medium,2018-08-22,2026-08-01,2026-08-14 00:26:12.005687
CUST004518,Female,1992-03-18,Kuala Lumpur,Kuala Lumpur,<RM3k,High,2019-02-27,2026-08-01,2026-08-14 00:26:12.005687
CUST004519,Male,1955-06-23,Selangor,Petaling Jaya,>RM15k,Low,2024-04-19,2026-08-01,2026-08-14 00:26:12.005687
CUST004520,Female,1982-10-20,Penang,Bayan Lepas,RM3k-6k,Low,2021-01-11,2026-08-01,2026-08-14 00:26:12.005687
CUST004521,Female,1979-09-22,Penang,Bayan Lepas,RM3k-6k,Low,2025-01-15,2026-08-01,2026-08-14 00:26:12.005687
CUST004522,Female,1972-12-19,Sarawak,Kuching,>RM15k,Medium,2022-02-09,2026-08-01,2026-08-14 00:26:12.005687
CUST004523,Male,1957-03-02,Johor,Batu Pahat,<RM3k,Low,2023-03-09,2026-08-01,2026-08-14 00:26:12.005687
CUST004524,Male,1959-02-03,Selangor,Subang Jaya,RM6k-10k,Medium,2024-09-02,2026-08-01,2026-08-14 00:26:12.005687
CUST004525,Male,1991-10-03,Selangor,Subang Jaya,RM10k-15k,Low,2021-09-09,2026-08-01,2026-08-14 00:26:12.005687
CUST004526,Male,1995-07-19,Kuala Lumpur,Kuala Lumpur,RM10k-15k,Low,2020-07-23,2026-08-01,2026-08-14 00:26:12.005687
CUST004527,Male,1975-07-18,Sabah,Sandakan,RM3k-6k,High,2024-02-25,2026-08-01,2026-08-14 00:26:12.005687
CUST004528,Male,2001-01-15,Kuala Lumpur,Kuala Lumpur,RM6k-10k,Medium,2024-08-23,2026-08-01,2026-08-14 00:26:12.005687
CUST004529,Female,2000-06-14,Penang,George Town,RM6k-10k,Low,2020-05-25,2026-08-01,2026-08-14 00:26:12.005687
CUST004530,Male,1987-08-18,Penang,Butterworth,RM6k-10k,Low,2024-08-01,2026-08-01,2026-08-14 00:26:12.005687
CUST004531,Male,1983-06-19,Sabah,Kota Kinabalu,RM3k-6k,Low,2025-12-06,2026-08-01,2026-08-14 00:26:12.005687
CUST004532,Female,2002-04-05,Kuala Lumpur,Kuala Lumpur,RM10k-15k,Low,2019-07-21,2026-08-01,2026-08-14 00:26:12.005687
CUST004533,Male,1984-11-16,Selangor,Shah Alam,RM6k-10k,Low,2024-10-12,2026-08-01,2026-08-14 00:26:12.005687
CUST004534,Female,2000-10-07,Melaka,Melaka City,RM6k-10k,Medium,2018-09-11,2026-08-01,2026-08-14 00:26:12.005687
CUST004535,Male,2002-12-19,Penang,George Town,>RM15k,Low,2025-02-04,2026-08-01,2026-08-14 00:26:12.005687
CUST004536,Female,1964-07-14,Johor,Muar,RM10k-15k,Low,2025-02-15,2026-08-01,2026-08-14 00:26:12.005687
CUST004537,Male,1987-05-16,Sabah,Sandakan,RM10k-15k,Low,2024-11-02,2026-08-01,2026-08-14 00:26:12.005687
CUST004538,Male,1990-10-29,Melaka,Melaka City,RM3k-6k,Low,2020-10-15,2026-08-01,2026-08-14 00:26:12.005687
CUST004539,Female,1995-03-08,Selangor,Petaling Jaya,<RM3k,Low,2025-06-17,2026-08-01,2026-08-14 00:26:12.005687
CUST004540,Female,1972-02-12,Melaka,Melaka City,RM6k-10k,Medium,2022-06-07,2026-08-01,2026-08-14 00:26:12.005687
CUST004541,Female,1997-03-20,Kuala Lumpur,Kuala Lumpur,<RM3k,Low,2018-07-08,2026-08-01,2026-08-14 00:26:12.005687
CUST004542,Female,1978-11-20,Negeri Sembilan,Seremban,RM6k-10k,Medium,2024-10-17,2026-08-01,2026-08-14 00:26:12.005687
CUST004543,Male,1973-12-14,Kuala Lumpur,Kuala Lumpur,RM10k-15k,Low,2025-04-08,2026-08-01,2026-08-14 00:26:12.005687
CUST004544,Male,1962-09-10,Selangor,Petaling Jaya,RM6k-10k,Low,2020-06-04,2026-08-01,2026-08-14 00:26:12.005687
CUST004545,Female,1970-09-27,Kuala Lumpur,Kuala Lumpur,<RM3k,Low,2019-12-28,2026-08-01,2026-08-14 00:26:12.005687
CUST004546,Female,2002-10-05,Sarawak,Miri,RM10k-15k,Medium,2022-07-21,2026-08-01,2026-08-14 00:26:12.005687
CUST004547,Male,1990-02-03,Negeri Sembilan,Seremban,RM6k-10k,Low,2020-11-15,2026-08-01,2026-08-14 00:26:12.005687
CUST004548,Female,1990-07-30,Selangor,Subang Jaya,RM6k-10k,Medium,2023-02-10,2026-08-01,2026-08-14 00:26:12.005687
CUST004549,Male,1998-11-19,Selangor,Klang,RM6k-10k,Low,2020-12-18,2026-08-01,2026-08-14 00:26:12.005687
CUST004550,Female,1968-01-29,Selangor,Subang Jaya,<RM3k,Medium,2019-09-28,2026-08-01,2026-08-14 00:26:12.005687
CUST004551,Female,1987-06-01,Kuala Lumpur,Kuala Lumpur,RM10k-15k,Low,2019-11-10,2026-08-01,2026-08-14 00:26:12.005687
CUST004552,Male,1973-03-14,Sabah,Kota Kinabalu,<RM3k,Low,2023-04-06,2026-08-01,2026-08-14 00:26:12.005687
CUST004553,Female,1996-07-19,Kuala Lumpur,Kuala Lumpur,RM6k-10k,Medium,2021-07-04,2026-08-01,2026-08-14 00:26:12.005687
CUST004554,Male,1975-09-13,Negeri Sembilan,Seremban,<RM3k,Low,2018-02-14,2026-08-01,2026-08-14 00:26:12.005687
CUST004555,Female,1996-11-19,Melaka,Melaka City,RM3k-6k,Low,2022-01-16,2026-08-01,2026-08-14 00:26:12.005687
CUST004556,Male,1991-08-17,Kuala Lumpur,Kuala Lumpur,RM3k-6k,Medium,2024-04-20,2026-08-01,2026-08-14 00:26:12.005687
CUST004557,Male,1992-10-27,Johor,Johor Bahru,<RM3k,Medium,2019-03-11,2026-08-01,2026-08-14 00:26:12.005687
CUST004558,Male,2000-05-10,Negeri Sembilan,Seremban,>RM15k,Medium,2019-12-15,2026-08-01,2026-08-14 00:26:12.005687
CUST004559,Female,1993-09-27,Sarawak,Miri,RM10k-15k,Low,2020-11-16,2026-08-01,2026-08-14 00:26:12.005687
CUST004560,Male,1970-10-01,Perak,Ipoh,<RM3k,Low,2025-06-01,2026-08-01,2026-08-14 00:26:12.005687
CUST004561,Male,1980-07-21,Kuala Lumpur,Kuala Lumpur,<RM3k,Low,2020-10-13,2026-08-01,2026-08-14 00:26:12.005687
CUST004562,Female,1978-02-24,Kuala Lumpur,Kuala Lumpur,RM10k-15k,Low,2024-09-13,2026-08-01,2026-08-14 00:26:12.005687
CUST004563,Female,1958-03-01,Sabah,Sandakan,<RM3k,Low,2023-05-25,2026-08-01,2026-08-14 00:26:12.005687
CUST004564,Male,1984-01-25,Selangor,Subang Jaya,RM3k-6k,Low,2025-12-07,2026-08-01,2026-08-14 00:26:12.005687
CUST004565,Female,1976-06-07,Perak,Taiping,<RM3k,Low,2022-08-24,2026-08-01,2026-08-14 00:26:12.005687
CUST004566,Male,1974-04-10,Sabah,Sandakan,RM6k-10k,Low,2020-07-14,2026-08-01,2026-08-14 00:26:12.005687
CUST004567,Male,1960-05-15,Johor,Batu Pahat,>RM15k,Low,2023-09-23,2026-08-01,2026-08-14 00:26:12.005687
CUST004568,Female,1979-09-14,Kuala Lumpur,Kuala Lumpur,<RM3k,Low,2018-09-21,2026-08-01,2026-08-14 00:26:12.005687
CUST004569,Male,1983-05-16,Selangor,Klang,>RM15k,Low,2024-04-08,2026-08-01,2026-08-14 00:26:12.005687
CUST004570,Male,1960-03-06,Melaka,Melaka City,RM10k-15k,Low,2019-11-15,2026-08-01,2026-08-14 00:26:12.005687
CUST004571,Female,1986-02-09,Selangor,Subang Jaya,>RM15k,Medium,2023-05-03,2026-08-01,2026-08-14 00:26:12.005687
CUST004572,Male,1963-03-20,Kuala Lumpur,Kuala Lumpur,RM10k-15k,Low,2022-08-22,2026-08-01,2026-08-14 00:26:12.005687
CUST004573,Female,1962-02-08,Negeri Sembilan,Seremban,RM10k-15k,Low,2019-12-06,2026-08-01,2026-08-14 00:26:12.005687
CUST004574,Female,1974-08-27,Perak,Taiping,RM6k-10k,Medium,2021-11-06,2026-08-01,2026-08-14 00:26:12.005687
CUST004575,Male,1974-01-24,Johor,Batu Pahat,RM10k-15k,Low,2022-01-06,2026-08-01,2026-08-14 00:26:12.005687
CUST004576,Female,1999-10-30,Sarawak,Miri,<RM3k,Low,2024-02-19,2026-08-01,2026-08-14 00:26:12.005687
CUST004577,Male,1958-04-26,Selangor,Klang,RM10k-15k,Medium,2021-09-24,2026-08-01,2026-08-14 00:26:12.005687
CUST004578,Female,1972-02-13,Negeri Sembilan,Seremban,RM6k-10k,Medium,2018-06-19,2026-08-01,2026-08-14 00:26:12.005687
CUST004579,Female,1990-12-27,Sarawak,Kuching,<RM3k,High,2018-08-05,2026-08-01,2026-08-14 00:26:12.005687
CUST004580,Female,1967-03-29,Selangor,Klang,RM3k-6k,Medium,2023-04-26,2026-08-01,2026-08-14 00:26:12.005687
CUST004581,Male,2003-02-04,Selangor,Subang Jaya,RM3k-6k,Medium,2025-02-25,2026-08-01,2026-08-14 00:26:12.005687
CUST004582,Male,1991-05-26,Selangor,Klang,RM3k-6k,Low,2021-06-25,2026-08-01,2026-08-14 00:26:12.005687
CUST004584,Male,2001-07-03,Penang,George Town,RM3k-6k,Low,2019-05-15,2026-08-01,2026-08-14 00:26:12.005687
CUST004585,Male,1960-05-07,Johor,Muar,RM3k-6k,Medium,2025-10-23,2026-08-01,2026-08-14 00:26:12.005687
CUST004586,Male,1977-06-30,Negeri Sembilan,Seremban,RM6k-10k,High,2023-08-17,2026-08-01,2026-08-14 00:26:12.005687
CUST004587,Male,1991-06-26,Johor,Batu Pahat,<RM3k,Low,2018-04-03,2026-08-01,2026-08-14 00:26:12.005687
CUST004588,Male,1955-06-03,Sabah,Sandakan,RM3k-6k,Medium,2020-01-28,2026-08-01,2026-08-14 00:26:12.005687
CUST004589,Male,1977-02-23,Perak,Ipoh,RM3k-6k,Low,2023-11-02,2026-08-01,2026-08-14 00:26:12.005687
CUST004590,Male,1988-09-19,Johor,Johor Bahru,RM3k-6k,Low,2023-01-19,2026-08-01,2026-08-14 00:26:12.005687
CUST004591,Female,1993-11-06,Kuala Lumpur,Kuala Lumpur,<RM3k,Medium,2020-04-20,2026-08-01,2026-08-14 00:26:12.005687
CUST004592,Male,1975-05-03,Perak,Taiping,>RM15k,Low,2023-07-27,2026-08-01,2026-08-14 00:26:12.005687
CUST004593,Male,1997-04-14,Penang,George Town,RM3k-6k,Low,2025-03-27,2026-08-01,2026-08-14 00:26:12.005687
CUST004594,Female,1988-01-03,Kuala Lumpur,Kuala Lumpur,RM3k-6k,Low,2025-03-14,2026-08-01,2026-08-14 00:26:12.005687
CUST004595,Female,1957-03-25,Sabah,Sandakan,RM6k-10k,Low,2024-08-03,2026-08-01,2026-08-14 00:26:12.005687
CUST004596,Male,1968-08-10,Johor,Muar,RM10k-15k,Low,2020-10-31,2026-08-01,2026-08-14 00:26:12.005687
CUST004597,Female,2000-12-14,Selangor,Subang Jaya,RM3k-6k,Medium,2018-03-15,2026-08-01,2026-08-14 00:26:12.005687
CUST004598,Female,1955-02-13,Sarawak,Miri,RM3k-6k,High,2021-02-15,2026-08-01,2026-08-14 00:26:12.005687
CUST004599,Female,1960-04-17,Selangor,Klang,RM6k-10k,Medium,2018-03-06,2026-08-01,2026-08-14 00:26:12.005687
CUST004600,Female,1971-11-18,Penang,Bayan Lepas,RM6k-10k,Medium,2022-07-24,2026-08-01,2026-08-14 00:26:12.005687
CUST004601,Male,2003-09-11,Penang,Bayan Lepas,RM3k-6k,Medium,2022-10-28,2026-08-01,2026-08-14 00:26:12.005687
CUST004602,Male,1989-07-13,Kuala Lumpur,Kuala Lumpur,>RM15k,Low,2020-09-25,2026-08-01,2026-08-14 00:26:12.005687
CUST004603,Male,1962-03-27,Johor,Muar,>RM15k,Medium,2019-03-13,2026-08-01,2026-08-14 00:26:12.005687
CUST004604,Male,1974-04-06,Selangor,Klang,RM6k-10k,Medium,2022-03-13,2026-08-01,2026-08-14 00:26:12.005687
CUST004605,Male,2001-01-13,Selangor,Klang,<RM3k,Low,2018-02-11,2026-08-01,2026-08-14 00:26:12.005687
CUST004606,Female,1965-09-27,Perak,Ipoh,RM6k-10k,Low,2020-03-18,2026-08-01,2026-08-14 00:26:12.005687
CUST004607,Male,1983-03-13,Kuala Lumpur,Kuala Lumpur,>RM15k,Medium,2025-09-27,2026-08-01,2026-08-14 00:26:12.005687
CUST004608,Female,1977-09-25,Negeri Sembilan,Seremban,>RM15k,High,2025-04-24,2026-08-01,2026-08-14 00:26:12.005687
CUST004609,Female,1992-04-05,Selangor,Petaling Jaya,RM3k-6k,High,2023-01-23,2026-08-01,2026-08-14 00:26:12.005687
CUST004610,Male,1991-11-12,Selangor,Petaling Jaya,RM3k-6k,Low,2020-12-28,2026-08-01,2026-08-14 00:26:12.005687
CUST004611,Male,1995-10-30,Melaka,Melaka City,<RM3k,Medium,2018-02-01,2026-08-01,2026-08-14 00:26:12.005687
CUST004612,Female,1960-11-07,Johor,Muar,RM10k-15k,Low,2023-03-14,2026-08-01,2026-08-14 00:26:12.005687
CUST004613,Male,1977-03-27,Penang,Butterworth,RM6k-10k,Medium,2021-12-03,2026-08-01,2026-08-14 00:26:12.005687
CUST004614,Female,1988-11-22,Perak,Ipoh,RM3k-6k,Medium,2023-09-15,2026-08-01,2026-08-14 00:26:12.005687
CUST004615,Female,1975-07-13,Melaka,Melaka City,RM3k-6k,High,2019-04-06,2026-08-01,2026-08-14 00:26:12.005687
CUST004616,Female,1987-09-12,Kuala Lumpur,Kuala Lumpur,RM3k-6k,High,2024-08-22,2026-08-01,2026-08-14 00:26:12.005687
CUST004617,Female,1986-02-24,Kuala Lumpur,Kuala Lumpur,RM10k-15k,Low,2024-06-09,2026-08-01,2026-08-14 00:26:12.005687
CUST004618,Male,1973-03-01,Negeri Sembilan,Seremban,RM3k-6k,High,2021-06-04,2026-08-01,2026-08-14 00:26:12.005687
CUST004619,Female,1959-11-27,Kuala Lumpur,Kuala Lumpur,RM3k-6k,Medium,2018-03-25,2026-08-01,2026-08-14 00:26:12.005687
CUST004620,Male,2002-07-18,Perak,Ipoh,RM6k-10k,Low,2021-09-24,2026-08-01,2026-08-14 00:26:12.005687
CUST004621,Female,1995-06-22,Penang,Bayan Lepas,RM6k-10k,Low,2020-12-19,2026-08-01,2026-08-14 00:26:12.005687
CUST004622,Male,1998-11-02,Penang,Butterworth,RM6k-10k,Medium,2024-02-01,2026-08-01,2026-08-14 00:26:12.005687
CUST004623,Male,1969-09-09,Sabah,Kota Kinabalu,RM10k-15k,Low,2019-11-27,2026-08-01,2026-08-14 00:26:12.005687
CUST004624,Male,1970-06-29,Negeri Sembilan,Seremban,<RM3k,Low,2018-02-22,2026-08-01,2026-08-14 00:26:12.005687
CUST004625,Female,1970-11-06,Kuala Lumpur,Kuala Lumpur,<RM3k,Medium,2025-11-05,2026-08-01,2026-08-14 00:26:12.005687
CUST004626,Male,1956-07-10,Penang,Butterworth,<RM3k,Low,2019-12-06,2026-08-01,2026-08-14 00:26:12.005687
CUST004627,Male,1963-04-26,Perak,Ipoh,RM6k-10k,Low,2018-08-17,2026-08-01,2026-08-14 00:26:12.005687
CUST004628,Female,1970-02-08,Selangor,Shah Alam,>RM15k,Medium,2024-11-08,2026-08-01,2026-08-14 00:26:12.005687
CUST004629,Female,2003-05-19,Melaka,Melaka City,RM3k-6k,Low,2023-10-04,2026-08-01,2026-08-14 00:26:12.005687
CUST004630,Female,1965-01-11,Johor,Muar,RM10k-15k,Medium,2020-02-24,2026-08-01,2026-08-14 00:26:12.005687
CUST004631,Female,1979-11-18,Kuala Lumpur,Kuala Lumpur,RM6k-10k,Low,2021-10-28,2026-08-01,2026-08-14 00:26:12.005687
CUST004632,Female,1981-10-24,Sarawak,Kuching,>RM15k,Medium,2023-07-04,2026-08-01,2026-08-14 00:26:12.005687
CUST004633,Female,1972-08-18,Negeri Sembilan,Seremban,RM3k-6k,Low,2024-07-12,2026-08-01,2026-08-14 00:26:12.005687
CUST004634,Female,2000-01-06,Kuala Lumpur,Kuala Lumpur,<RM3k,Medium,2020-12-25,2026-08-01,2026-08-14 00:26:12.005687
CUST004635,Male,1959-07-27,Sabah,Kota Kinabalu,RM10k-15k,Medium,2019-09-18,2026-08-01,2026-08-14 00:26:12.005687
CUST004636,Female,1997-08-23,Selangor,Petaling Jaya,RM10k-15k,Medium,2018-02-12,2026-08-01,2026-08-14 00:26:12.005687
CUST004637,Female,1991-06-10,Kuala Lumpur,Kuala Lumpur,RM6k-10k,Low,2024-11-03,2026-08-01,2026-08-14 00:26:12.005687
CUST004638,Male,1969-12-26,Selangor,Klang,RM10k-15k,Low,2024-07-06,2026-08-01,2026-08-14 00:26:12.005687
CUST004639,Female,1992-08-13,Sarawak,Kuching,RM3k-6k,Low,2025-08-08,2026-08-01,2026-08-14 00:26:12.005687
CUST004640,Female,1976-01-01,Kuala Lumpur,Kuala Lumpur,RM6k-10k,Low,2023-12-24,2026-08-01,2026-08-14 00:26:12.005687
CUST004641,Female,2002-07-23,Kuala Lumpur,Kuala Lumpur,RM3k-6k,Low,2019-09-15,2026-08-01,2026-08-14 00:26:12.005687
CUST004642,Female,1956-10-15,Sabah,Kota Kinabalu,RM3k-6k,Medium,2019-12-03,2026-08-01,2026-08-14 00:26:12.005687
CUST004643,Female,1956-06-16,Selangor,Shah Alam,RM3k-6k,Low,2019-12-11,2026-08-01,2026-08-14 00:26:12.005687
CUST004644,Female,1981-08-30,Kuala Lumpur,Kuala Lumpur,<RM3k,Low,2021-08-31,2026-08-01,2026-08-14 00:26:12.005687
CUST004645,Female,2000-08-21,Selangor,Subang Jaya,<RM3k,Low,2025-09-15,2026-08-01,2026-08-14 00:26:12.005687
CUST004646,Male,1958-02-08,Sabah,Sandakan,RM6k-10k,Medium,2023-07-12,2026-08-01,2026-08-14 00:26:12.005687
CUST004647,Male,1993-02-11,Penang,Bayan Lepas,RM10k-15k,Medium,2021-06-22,2026-08-01,2026-08-14 00:26:12.005687
CUST004648,Female,2000-12-27,Sabah,Sandakan,RM3k-6k,Low,2023-11-25,2026-08-01,2026-08-14 00:26:12.005687
CUST004649,Female,1978-10-31,Kuala Lumpur,Kuala Lumpur,RM3k-6k,Low,2024-09-05,2026-08-01,2026-08-14 00:26:12.005687
CUST004650,Female,1997-06-23,Johor,Johor Bahru,<RM3k,Low,2021-03-24,2026-08-01,2026-08-14 00:26:12.005687
CUST004651,Male,1992-02-02,Sabah,Kota Kinabalu,RM3k-6k,Medium,2024-09-26,2026-08-01,2026-08-14 00:26:12.005687
CUST004652,Male,1965-06-30,Selangor,Klang,RM3k-6k,Medium,2018-02-23,2026-08-01,2026-08-14 00:26:12.005687
CUST004653,Female,1996-11-07,Kuala Lumpur,Kuala Lumpur,RM6k-10k,Low,2020-06-27,2026-08-01,2026-08-14 00:26:12.005687
CUST004654,Female,1989-04-07,Selangor,Subang Jaya,>RM15k,Low,2019-05-12,2026-08-01,2026-08-14 00:26:12.005687
CUST004655,Female,1955-08-14,Selangor,Subang Jaya,RM6k-10k,Medium,2019-06-07,2026-08-01,2026-08-14 00:26:12.005687
CUST004656,Male,1982-10-31,Selangor,Klang,RM6k-10k,Medium,2019-08-16,2026-08-01,2026-08-14 00:26:12.005687
CUST004657,Male,1987-01-23,Negeri Sembilan,Seremban,RM6k-10k,Low,2020-12-06,2026-08-01,2026-08-14 00:26:12.005687
CUST004658,Female,1994-04-07,Johor,Johor Bahru,<RM3k,Low,2023-10-19,2026-08-01,2026-08-14 00:26:12.005687
CUST004659,Male,1992-10-15,Penang,Bayan Lepas,RM3k-6k,Low,2022-09-25,2026-08-01,2026-08-14 00:26:12.005687
CUST004660,Female,1978-04-22,Kuala Lumpur,Kuala Lumpur,<RM3k,Medium,2021-07-12,2026-08-01,2026-08-14 00:26:12.005687
CUST004661,Male,1969-08-25,Penang,Bayan Lepas,RM3k-6k,Low,2021-12-22,2026-08-01,2026-08-14 00:26:12.005687
CUST004662,Male,1964-05-24,Penang,Bayan Lepas,RM10k-15k,Medium,2019-06-20,2026-08-01,2026-08-14 00:26:12.005687
CUST004663,Female,1959-05-12,Negeri Sembilan,Seremban,RM6k-10k,Medium,2023-11-23,2026-08-01,2026-08-14 00:26:12.005687
CUST004664,Female,1986-05-08,Selangor,Petaling Jaya,RM3k-6k,Medium,2024-01-15,2026-08-01,2026-08-14 00:26:12.005687
CUST004665,Male,2002-01-10,Sabah,Sandakan,RM3k-6k,High,2022-05-23,2026-08-01,2026-08-14 00:26:12.005687
CUST004666,Female,1958-12-07,Selangor,Shah Alam,RM3k-6k,Low,2024-07-06,2026-08-01,2026-08-14 00:26:12.005687
CUST004667,Male,1989-06-06,Penang,George Town,>RM15k,Medium,2024-06-10,2026-08-01,2026-08-14 00:26:12.005687
CUST004668,Female,1983-08-23,Melaka,Melaka City,RM3k-6k,Medium,2024-06-07,2026-08-01,2026-08-14 00:26:12.005687
CUST004669,Male,1963-06-04,Penang,Bayan Lepas,RM10k-15k,Medium,2018-10-31,2026-08-01,2026-08-14 00:26:12.005687
CUST004670,Female,1965-06-03,Perak,Taiping,<RM3k,Low,2018-09-09,2026-08-01,2026-08-14 00:26:12.005687
CUST004671,Female,1968-12-08,Melaka,Melaka City,<RM3k,Low,2021-07-06,2026-08-01,2026-08-14 00:26:12.005687
CUST004672,Female,1988-07-23,Melaka,Melaka City,RM3k-6k,High,2018-06-16,2026-08-01,2026-08-14 00:26:12.005687
CUST004673,Female,1969-08-19,Selangor,Klang,>RM15k,Low,2018-02-16,2026-08-01,2026-08-14 00:26:12.005687
CUST004674,Female,1995-07-28,Selangor,Klang,RM3k-6k,High,2019-01-18,2026-08-01,2026-08-14 00:26:12.005687
CUST004675,Male,1973-02-12,Penang,Bayan Lepas,RM6k-10k,Low,2018-12-19,2026-08-01,2026-08-14 00:26:12.005687
CUST004676,Female,1960-05-14,Negeri Sembilan,Seremban,<RM3k,Low,2020-08-09,2026-08-01,2026-08-14 00:26:12.005687
CUST004677,Female,1959-09-05,Johor,Batu Pahat,RM6k-10k,High,2020-08-26,2026-08-01,2026-08-14 00:26:12.005687
CUST004678,Female,1974-08-12,Selangor,Subang Jaya,RM6k-10k,Medium,2024-07-22,2026-08-01,2026-08-14 00:26:12.005687
CUST004679,Female,1974-12-26,Johor,Muar,RM6k-10k,Medium,2025-03-18,2026-08-01,2026-08-14 00:26:12.005687
CUST004680,Male,1990-12-10,Kuala Lumpur,Kuala Lumpur,RM3k-6k,Low,2019-05-13,2026-08-01,2026-08-14 00:26:12.005687
CUST004681,Male,1978-06-13,Kuala Lumpur,Kuala Lumpur,<RM3k,Low,2021-01-15,2026-08-01,2026-08-14 00:26:12.005687
CUST004682,Female,1963-01-08,Kuala Lumpur,Kuala Lumpur,RM10k-15k,Low,2022-01-24,2026-08-01,2026-08-14 00:26:12.005687
CUST004683,Male,1965-06-13,Kuala Lumpur,Kuala Lumpur,RM6k-10k,Medium,2020-03-09,2026-08-01,2026-08-14 00:26:12.005687
CUST004684,Male,1982-10-04,Perak,Taiping,RM3k-6k,Low,2020-08-24,2026-08-01,2026-08-14 00:26:12.005687
CUST004685,Male,1971-05-17,Selangor,Klang,RM3k-6k,Low,2023-05-14,2026-08-01,2026-08-14 00:26:12.005687
CUST004686,Female,1987-12-02,Kuala Lumpur,Kuala Lumpur,<RM3k,Low,2021-05-27,2026-08-01,2026-08-14 00:26:12.005687
CUST004687,Female,2000-03-23,Johor,Johor Bahru,RM3k-6k,High,2023-08-17,2026-08-01,2026-08-14 00:26:12.005687
CUST004688,Female,1972-05-20,Selangor,Petaling Jaya,RM3k-6k,Medium,2018-08-07,2026-08-01,2026-08-14 00:26:12.005687
CUST004689,Male,1982-01-15,Selangor,Klang,<RM3k,Low,2021-11-06,2026-08-01,2026-08-14 00:26:12.005687
CUST004690,Male,1995-10-07,Selangor,Klang,RM3k-6k,High,2020-06-26,2026-08-01,2026-08-14 00:26:12.005687
CUST004691,Female,1965-04-22,Kuala Lumpur,Kuala Lumpur,RM6k-10k,Low,2020-04-22,2026-08-01,2026-08-14 00:26:12.005687
CUST004692,Female,1980-01-08,Perak,Taiping,>RM15k,Low,2021-09-30,2026-08-01,2026-08-14 00:26:12.005687
CUST004693,Male,1969-12-15,Kuala Lumpur,Kuala Lumpur,RM6k-10k,Low,2020-05-31,2026-08-01,2026-08-14 00:26:12.005687
CUST004694,Male,1985-09-20,Selangor,Klang,RM6k-10k,Medium,2024-01-24,2026-08-01,2026-08-14 00:26:12.005687
CUST004695,Female,1991-05-30,Selangor,Petaling Jaya,RM10k-15k,Low,2019-06-26,2026-08-01,2026-08-14 00:26:12.005687
CUST004696,Male,1961-11-26,Selangor,Subang Jaya,RM3k-6k,Low,2025-02-21,2026-08-01,2026-08-14 00:26:12.005687
CUST004697,Female,1964-03-08,Kuala Lumpur,Kuala Lumpur,RM6k-10k,High,2020-11-25,2026-08-01,2026-08-14 00:26:12.005687
CUST004698,Female,1956-02-19,Selangor,Subang Jaya,<RM3k,Medium,2022-03-20,2026-08-01,2026-08-14 00:26:12.005687
CUST004699,Male,1955-08-04,Selangor,Klang,<RM3k,Medium,2019-05-07,2026-08-01,2026-08-14 00:26:12.005687
CUST004700,Male,1957-06-27,Kuala Lumpur,Kuala Lumpur,RM6k-10k,Medium,2025-05-09,2026-08-01,2026-08-14 00:26:12.005687
CUST004701,Male,1989-08-19,Melaka,Melaka City,RM3k-6k,Medium,2023-02-21,2026-08-01,2026-08-14 00:26:12.005687
CUST004702,Female,1999-04-16,Selangor,Petaling Jaya,RM6k-10k,Low,2024-02-27,2026-08-01,2026-08-14 00:26:12.005687
CUST004703,Female,1975-01-28,Kuala Lumpur,Kuala Lumpur,RM6k-10k,Medium,2025-02-26,2026-08-01,2026-08-14 00:26:12.005687
CUST004704,Female,1998-03-31,Johor,Batu Pahat,<RM3k,Low,2025-12-18,2026-08-01,2026-08-14 00:26:12.005687
CUST004705,Female,1990-10-02,Kuala Lumpur,Kuala Lumpur,RM3k-6k,Low,2020-01-13,2026-08-01,2026-08-14 00:26:12.005687
CUST004706,Female,1994-07-27,Sabah,Sandakan,RM6k-10k,High,2020-08-18,2026-08-01,2026-08-14 00:26:12.005687
CUST004707,Female,1991-04-03,Kuala Lumpur,Kuala Lumpur,RM6k-10k,Low,2019-12-09,2026-08-01,2026-08-14 00:26:12.005687
CUST004708,Female,1964-10-12,Johor,Batu Pahat,RM10k-15k,Low,2022-01-05,2026-08-01,2026-08-14 00:26:12.005687
CUST004709,Female,1980-08-23,Negeri Sembilan,Seremban,RM3k-6k,Low,2025-03-08,2026-08-01,2026-08-14 00:26:12.005687
CUST004710,Female,1980-09-29,Kuala Lumpur,Kuala Lumpur,RM10k-15k,Medium,2023-11-27,2026-08-01,2026-08-14 00:26:12.005687
CUST004711,Male,1986-06-09,Selangor,Subang Jaya,RM3k-6k,High,2022-07-18,2026-08-01,2026-08-14 00:26:12.005687
CUST004712,Female,1994-01-03,Penang,George Town,<RM3k,Low,2021-10-15,2026-08-01,2026-08-14 00:26:12.005687
CUST004713,Male,1960-07-08,Negeri Sembilan,Seremban,RM6k-10k,Low,2023-11-02,2026-08-01,2026-08-14 00:26:12.005687
CUST004714,Male,1988-01-21,Selangor,Shah Alam,RM3k-6k,Medium,2021-09-27,2026-08-01,2026-08-14 00:26:12.005687
CUST004715,Male,1995-10-25,Penang,Butterworth,<RM3k,Medium,2025-02-10,2026-08-01,2026-08-14 00:26:12.005687
CUST004716,Female,1960-08-29,Kuala Lumpur,Kuala Lumpur,RM3k-6k,Low,2022-06-22,2026-08-01,2026-08-14 00:26:12.005687
CUST004717,Female,1975-05-02,Penang,George Town,RM10k-15k,Low,2023-04-27,2026-08-01,2026-08-14 00:26:12.005687
CUST004718,Male,1998-11-17,Selangor,Shah Alam,>RM15k,Medium,2023-06-08,2026-08-01,2026-08-14 00:26:12.005687
CUST004719,Male,1956-03-12,Penang,Bayan Lepas,>RM15k,Low,2023-12-09,2026-08-01,2026-08-14 00:26:12.005687
CUST004720,Female,1962-11-15,Kuala Lumpur,Kuala Lumpur,RM3k-6k,Medium,2021-10-28,2026-08-01,2026-08-14 00:26:12.005687
CUST004721,Female,1994-05-22,Johor,Johor Bahru,RM3k-6k,Low,2021-02-04,2026-08-01,2026-08-14 00:26:12.005687
CUST004722,Male,1963-06-02,Selangor,Klang,RM10k-15k,Medium,2021-04-27,2026-08-01,2026-08-14 00:26:12.005687
CUST004723,Female,1989-05-24,Perak,Ipoh,RM3k-6k,Medium,2025-07-03,2026-08-01,2026-08-14 00:26:12.005687
CUST004724,Male,1999-02-23,Sabah,Kota Kinabalu,RM3k-6k,Medium,2018-11-17,2026-08-01,2026-08-14 00:26:12.005687
CUST004725,Female,1979-06-06,Sarawak,Kuching,RM3k-6k,Medium,2023-08-19,2026-08-01,2026-08-14 00:26:12.005687
CUST004726,Female,1978-09-29,Negeri Sembilan,Seremban,RM6k-10k,Low,2025-09-06,2026-08-01,2026-08-14 00:26:12.005687
CUST004727,Male,1976-01-03,Johor,Johor Bahru,RM6k-10k,Low,2018-07-29,2026-08-01,2026-08-14 00:26:12.005687
CUST004728,Female,1973-04-09,Perak,Taiping,RM3k-6k,Low,2022-12-10,2026-08-01,2026-08-14 00:26:12.005687
CUST004729,Male,1973-08-15,Kuala Lumpur,Kuala Lumpur,<RM3k,Medium,2022-10-05,2026-08-01,2026-08-14 00:26:12.005687
CUST004730,Female,1982-02-16,Melaka,Melaka City,RM10k-15k,Medium,2020-09-03,2026-08-01,2026-08-14 00:26:12.005687
CUST004731,Female,1998-11-17,Penang,Bayan Lepas,RM6k-10k,Low,2018-10-04,2026-08-01,2026-08-14 00:26:12.005687
CUST004732,Male,2003-02-01,Johor,Batu Pahat,RM3k-6k,Medium,2023-06-03,2026-08-01,2026-08-14 00:26:12.005687
CUST004733,Female,1997-06-04,Johor,Batu Pahat,RM3k-6k,Low,2022-03-06,2026-08-01,2026-08-14 00:26:12.005687
CUST004734,Female,1960-11-10,Sabah,Sandakan,>RM15k,Low,2024-01-05,2026-08-01,2026-08-14 00:26:12.005687
CUST004735,Male,1970-01-11,Sarawak,Miri,RM6k-10k,Low,2018-09-16,2026-08-01,2026-08-14 00:26:12.005687
CUST004736,Male,1992-02-02,Sarawak,Kuching,RM6k-10k,High,2025-06-23,2026-08-01,2026-08-14 00:26:12.005687
CUST004737,Male,1981-09-23,Johor,Batu Pahat,RM6k-10k,Medium,2023-01-07,2026-08-01,2026-08-14 00:26:12.005687
CUST004738,Female,1971-05-20,Selangor,Shah Alam,>RM15k,Low,2021-07-16,2026-08-01,2026-08-14 00:26:12.005687
CUST004739,Female,1970-04-01,Negeri Sembilan,Seremban,RM3k-6k,Medium,2021-08-26,2026-08-01,2026-08-14 00:26:12.005687
CUST004740,Male,1960-09-25,Penang,George Town,RM3k-6k,Low,2025-08-12,2026-08-01,2026-08-14 00:26:12.005687
CUST004741,Female,1971-04-15,Johor,Batu Pahat,RM3k-6k,Low,2022-06-04,2026-08-01,2026-08-14 00:26:12.005687
CUST004742,Female,1975-09-03,Penang,Bayan Lepas,RM10k-15k,Low,2022-08-22,2026-08-01,2026-08-14 00:26:12.005687
CUST004743,Male,1975-05-19,Penang,George Town,<RM3k,Low,2023-03-11,2026-08-01,2026-08-14 00:26:12.005687
CUST004744,Female,1981-11-20,Perak,Taiping,RM3k-6k,Low,2020-07-01,2026-08-01,2026-08-14 00:26:12.005687
CUST004745,Female,1968-05-17,Penang,George Town,RM3k-6k,Low,2020-01-02,2026-08-01,2026-08-14 00:26:12.005687
CUST004746,Female,1965-02-02,Melaka,Melaka City,RM6k-10k,Medium,2024-01-04,2026-08-01,2026-08-14 00:26:12.005687
CUST004747,Female,1998-06-27,Sarawak,Miri,RM6k-10k,Medium,2020-07-22,2026-08-01,2026-08-14 00:26:12.005687
CUST004748,Male,1974-11-09,Johor,Batu Pahat,RM3k-6k,High,2018-04-10,2026-08-01,2026-08-14 00:26:12.005687
CUST004749,Male,1967-06-26,Kuala Lumpur,Kuala Lumpur,RM3k-6k,Low,2021-11-09,2026-08-01,2026-08-14 00:26:12.005687
CUST004750,Female,1986-02-23,Penang,George Town,RM10k-15k,Low,2018-01-30,2026-08-01,2026-08-14 00:26:12.005687
CUST004751,Female,1981-07-28,Penang,Butterworth,<RM3k,Low,2022-07-13,2026-08-01,2026-08-14 00:26:12.005687
CUST004752,Male,1983-03-31,Johor,Johor Bahru,RM10k-15k,Low,2023-02-25,2026-08-01,2026-08-14 00:26:12.005687
CUST004753,Female,1965-11-08,Melaka,Melaka City,RM3k-6k,Medium,2025-05-21,2026-08-01,2026-08-14 00:26:12.005687
CUST004754,Female,1990-06-07,Kuala Lumpur,Kuala Lumpur,>RM15k,Low,2022-11-08,2026-08-01,2026-08-14 00:26:12.005687
CUST004755,Male,1964-06-03,Selangor,Petaling Jaya,RM3k-6k,Medium,2020-10-24,2026-08-01,2026-08-14 00:26:12.005687
CUST004756,Male,1995-12-25,Sarawak,Kuching,RM6k-10k,Medium,2023-02-20,2026-08-01,2026-08-14 00:26:12.005687
CUST004757,Female,1975-10-11,Negeri Sembilan,Seremban,<RM3k,Low,2022-09-25,2026-08-01,2026-08-14 00:26:12.005687
CUST004758,Male,1975-01-17,Johor,Batu Pahat,RM3k-6k,High,2023-12-05,2026-08-01,2026-08-14 00:26:12.005687
CUST004759,Female,1974-01-13,Selangor,Shah Alam,RM6k-10k,Low,2025-05-18,2026-08-01,2026-08-14 00:26:12.005687
CUST004760,Male,1975-09-22,Johor,Muar,RM6k-10k,High,2018-10-11,2026-08-01,2026-08-14 00:26:12.005687
CUST004761,Male,1987-08-07,Johor,Muar,RM10k-15k,Medium,2023-09-28,2026-08-01,2026-08-14 00:26:12.005687
CUST004762,Male,1979-05-03,Johor,Johor Bahru,RM6k-10k,Low,2024-06-09,2026-08-01,2026-08-14 00:26:12.005687
CUST004763,Male,1961-03-19,Selangor,Klang,RM6k-10k,Low,2020-08-17,2026-08-01,2026-08-14 00:26:12.005687
CUST004764,Male,1982-10-01,Selangor,Klang,RM10k-15k,Low,2021-03-24,2026-08-01,2026-08-14 00:26:12.005687
CUST004765,Female,1968-01-31,Perak,Taiping,RM3k-6k,Medium,2021-04-26,2026-08-01,2026-08-14 00:26:12.005687
CUST004766,Female,1960-04-22,Penang,Bayan Lepas,>RM15k,Low,2020-12-27,2026-08-01,2026-08-14 00:26:12.005687
CUST004767,Male,1996-02-26,Perak,Ipoh,RM3k-6k,Medium,2025-01-10,2026-08-01,2026-08-14 00:26:12.005687
CUST004768,Male,1970-04-26,Selangor,Shah Alam,RM3k-6k,Low,2020-08-10,2026-08-01,2026-08-14 00:26:12.005687
CUST004769,Female,1984-02-26,Selangor,Shah Alam,RM10k-15k,High,2021-07-02,2026-08-01,2026-08-14 00:26:12.005687
CUST004770,Male,1963-06-04,Selangor,Subang Jaya,<RM3k,Low,2022-09-05,2026-08-01,2026-08-14 00:26:12.005687
CUST004771,Male,1971-08-17,Negeri Sembilan,Seremban,<RM3k,Medium,2020-01-07,2026-08-01,2026-08-14 00:26:12.005687
CUST004772,Female,1973-11-27,Selangor,Subang Jaya,<RM3k,Medium,2023-08-01,2026-08-01,2026-08-14 00:26:12.005687
CUST004773,Female,1961-07-24,Penang,George Town,RM6k-10k,Low,2022-03-08,2026-08-01,2026-08-14 00:26:12.005687
CUST004774,Female,2002-09-10,Johor,Batu Pahat,RM6k-10k,Low,2019-05-12,2026-08-01,2026-08-14 00:26:12.005687
CUST004775,Female,1970-04-08,Melaka,Melaka City,<RM3k,Medium,2019-06-28,2026-08-01,2026-08-14 00:26:12.005687
CUST004776,Female,1983-07-21,Selangor,Petaling Jaya,<RM3k,Medium,2018-03-21,2026-08-01,2026-08-14 00:26:12.005687
CUST004777,Female,1982-09-16,Johor,Johor Bahru,RM3k-6k,Medium,2022-08-28,2026-08-01,2026-08-14 00:26:12.005687
CUST004778,Female,1976-01-15,Sarawak,Kuching,RM3k-6k,Low,2024-05-28,2026-08-01,2026-08-14 00:26:12.005687
CUST004779,Female,1983-09-11,Kuala Lumpur,Kuala Lumpur,<RM3k,Medium,2025-12-06,2026-08-01,2026-08-14 00:26:12.005687
CUST004780,Male,1982-09-24,Penang,Bayan Lepas,<RM3k,High,2023-04-12,2026-08-01,2026-08-14 00:26:12.005687
CUST004781,Female,1958-12-03,Selangor,Shah Alam,RM10k-15k,Medium,2025-10-02,2026-08-01,2026-08-14 00:26:12.005687
CUST004782,Male,1987-10-13,Negeri Sembilan,Seremban,RM6k-10k,Low,2025-11-26,2026-08-01,2026-08-14 00:26:12.005687
CUST004783,Male,1960-08-05,Perak,Taiping,RM3k-6k,Low,2022-11-28,2026-08-01,2026-08-14 00:26:12.005687
CUST004784,Male,1976-04-23,Kuala Lumpur,Kuala Lumpur,RM3k-6k,High,2020-12-31,2026-08-01,2026-08-14 00:26:12.005687
CUST004785,Male,1972-11-13,Sarawak,Miri,<RM3k,Medium,2025-02-01,2026-08-01,2026-08-14 00:26:12.005687
CUST004786,Male,1976-12-08,Perak,Ipoh,RM3k-6k,Medium,2023-01-22,2026-08-01,2026-08-14 00:26:12.005687
CUST004787,Female,1958-07-10,Penang,George Town,RM3k-6k,High,2024-07-09,2026-08-01,2026-08-14 00:26:12.005687
CUST004788,Male,1989-05-14,Selangor,Shah Alam,>RM15k,Low,2019-10-24,2026-08-01,2026-08-14 00:26:12.005687
CUST004789,Female,1975-07-05,Kuala Lumpur,Kuala Lumpur,RM10k-15k,Medium,2025-08-08,2026-08-01,2026-08-14 00:26:12.005687
CUST004790,Male,1957-12-25,Penang,Butterworth,RM3k-6k,Medium,2021-06-07,2026-08-01,2026-08-14 00:26:12.005687
CUST004791,Male,1955-03-05,Johor,Muar,<RM3k,Medium,2024-12-25,2026-08-01,2026-08-14 00:26:12.005687
CUST004792,Female,1981-06-18,Sarawak,Kuching,RM6k-10k,Medium,2021-01-01,2026-08-01,2026-08-14 00:26:12.005687
CUST004793,Female,1987-08-24,Selangor,Subang Jaya,>RM15k,Low,2025-03-13,2026-08-01,2026-08-14 00:26:12.005687
CUST004794,Male,1981-10-25,Penang,George Town,<RM3k,Low,2023-05-20,2026-08-01,2026-08-14 00:26:12.005687
CUST004795,Female,1990-04-20,Selangor,Petaling Jaya,RM10k-15k,High,2019-11-02,2026-08-01,2026-08-14 00:26:12.005687
CUST004796,Female,1992-01-29,Penang,George Town,RM3k-6k,Medium,2019-03-10,2026-08-01,2026-08-14 00:26:12.005687
CUST004797,Female,1997-09-21,Kuala Lumpur,Kuala Lumpur,RM6k-10k,Low,2019-04-07,2026-08-01,2026-08-14 00:26:12.005687
CUST004798,Female,2003-02-23,Selangor,Shah Alam,RM3k-6k,High,2020-12-30,2026-08-01,2026-08-14 00:26:12.005687
CUST004799,Male,1998-05-09,Kuala Lumpur,Kuala Lumpur,RM6k-10k,Low,2018-05-09,2026-08-01,2026-08-14 00:26:12.005687
CUST004800,Male,1993-12-27,Penang,Butterworth,RM3k-6k,Low,2022-05-22,2026-08-01,2026-08-14 00:26:12.005687
CUST004801,Female,1976-02-12,Selangor,Shah Alam,RM6k-10k,High,2023-04-10,2026-08-01,2026-08-14 00:26:12.005687
CUST004802,Female,1979-09-07,Sabah,Kota Kinabalu,RM6k-10k,Medium,2023-12-15,2026-08-01,2026-08-14 00:26:12.005687
CUST004803,Female,1985-03-08,Kuala Lumpur,Kuala Lumpur,RM6k-10k,Medium,2025-06-19,2026-08-01,2026-08-14 00:26:12.005687
CUST004804,Female,1963-04-21,Penang,Butterworth,RM6k-10k,High,2024-05-26,2026-08-01,2026-08-14 00:26:12.005687
CUST004805,Male,1988-03-15,Penang,George Town,<RM3k,Low,2025-12-13,2026-08-01,2026-08-14 00:26:12.005687
CUST004806,Male,1983-10-28,Kuala Lumpur,Kuala Lumpur,RM6k-10k,Low,2022-10-30,2026-08-01,2026-08-14 00:26:12.005687
CUST004807,Female,1980-06-27,Kuala Lumpur,Kuala Lumpur,<RM3k,Medium,2024-10-25,2026-08-01,2026-08-14 00:26:12.005687
CUST004808,Male,1995-11-17,Selangor,Klang,RM6k-10k,Low,2024-03-12,2026-08-01,2026-08-14 00:26:12.005687
CUST004809,Female,1988-09-01,Penang,George Town,<RM3k,Medium,2024-08-24,2026-08-01,2026-08-14 00:26:12.005687
CUST004810,Male,2000-09-07,Negeri Sembilan,Seremban,RM3k-6k,Medium,2021-04-14,2026-08-01,2026-08-14 00:26:12.005687
CUST004811,Male,2002-11-05,Kuala Lumpur,Kuala Lumpur,RM3k-6k,Low,2025-04-23,2026-08-01,2026-08-14 00:26:12.005687
CUST004812,Male,1995-06-09,Perak,Taiping,>RM15k,Low,2021-08-13,2026-08-01,2026-08-14 00:26:12.005687
CUST004813,Male,1969-08-06,Perak,Ipoh,RM6k-10k,Medium,2022-11-07,2026-08-01,2026-08-14 00:26:12.005687
CUST004814,Male,1964-04-04,Perak,Ipoh,<RM3k,Medium,2023-02-14,2026-08-01,2026-08-14 00:26:12.005687
CUST004815,Female,1969-08-31,Johor,Muar,RM6k-10k,Low,2019-06-25,2026-08-01,2026-08-14 00:26:12.005687
CUST004816,Female,1989-11-30,Negeri Sembilan,Seremban,RM3k-6k,Low,2018-03-08,2026-08-01,2026-08-14 00:26:12.005687
CUST004817,Female,1997-05-07,Johor,Batu Pahat,RM3k-6k,Low,2023-07-24,2026-08-01,2026-08-14 00:26:12.005687
CUST004818,Male,1998-02-15,Sarawak,Kuching,RM3k-6k,Medium,2024-05-09,2026-08-01,2026-08-14 00:26:12.005687
CUST004819,Male,1988-07-06,Selangor,Subang Jaya,RM10k-15k,Low,2022-08-29,2026-08-01,2026-08-14 00:26:12.005687
CUST004820,Male,1988-05-14,Sarawak,Kuching,>RM15k,Medium,2023-04-05,2026-08-01,2026-08-14 00:26:12.005687
CUST004821,Male,2001-08-22,Negeri Sembilan,Seremban,>RM15k,Medium,2018-07-15,2026-08-01,2026-08-14 00:26:12.005687
CUST004822,Female,1988-08-07,Melaka,Melaka City,<RM3k,Low,2019-05-12,2026-08-01,2026-08-14 00:26:12.005687
CUST004823,Male,1961-11-27,Selangor,Subang Jaya,<RM3k,Medium,2023-11-25,2026-08-01,2026-08-14 00:26:12.005687
CUST004824,Male,1979-07-04,Sarawak,Miri,RM10k-15k,High,2023-01-31,2026-08-01,2026-08-14 00:26:12.005687
CUST004825,Female,1972-07-28,Kuala Lumpur,Kuala Lumpur,RM3k-6k,Low,2019-08-01,2026-08-01,2026-08-14 00:26:12.005687
CUST004826,Female,1986-03-18,Perak,Ipoh,RM6k-10k,Low,2022-10-18,2026-08-01,2026-08-14 00:26:12.005687
CUST004827,Female,1986-02-25,Selangor,Subang Jaya,>RM15k,Low,2018-04-13,2026-08-01,2026-08-14 00:26:12.005687
CUST004828,Female,1969-06-04,Perak,Taiping,RM3k-6k,Medium,2024-04-20,2026-08-01,2026-08-14 00:26:12.005687
CUST004829,Male,1969-09-07,Selangor,Klang,RM3k-6k,High,2018-03-20,2026-08-01,2026-08-14 00:26:12.005687
CUST004830,Male,1959-05-09,Kuala Lumpur,Kuala Lumpur,RM10k-15k,Medium,2024-09-12,2026-08-01,2026-08-14 00:26:12.005687
CUST004831,Male,1969-05-15,Selangor,Petaling Jaya,RM6k-10k,High,2019-10-16,2026-08-01,2026-08-14 00:26:12.005687
CUST004832,Female,1995-07-22,Kuala Lumpur,Kuala Lumpur,>RM15k,Medium,2020-01-11,2026-08-01,2026-08-14 00:26:12.005687
CUST004833,Male,1987-02-06,Johor,Muar,RM6k-10k,Low,2025-05-28,2026-08-01,2026-08-14 00:26:12.005687
CUST004834,Male,2001-03-18,Sarawak,Kuching,RM3k-6k,Low,2024-07-07,2026-08-01,2026-08-14 00:26:12.005687
CUST004835,Female,2000-05-21,Sabah,Sandakan,RM10k-15k,Medium,2020-09-10,2026-08-01,2026-08-14 00:26:12.005687
CUST004836,Male,1996-12-24,Sabah,Sandakan,RM10k-15k,Medium,2019-06-16,2026-08-01,2026-08-14 00:26:12.005687
CUST004837,Female,1963-10-21,Sarawak,Miri,>RM15k,Low,2018-11-17,2026-08-01,2026-08-14 00:26:12.005687
CUST004838,Female,1971-05-12,Selangor,Subang Jaya,RM3k-6k,Low,2021-02-25,2026-08-01,2026-08-14 00:26:12.005687
CUST004839,Female,1957-10-25,Johor,Batu Pahat,RM6k-10k,Low,2022-08-25,2026-08-01,2026-08-14 00:26:12.005687
CUST004840,Female,1959-08-01,Johor,Johor Bahru,RM3k-6k,Low,2021-12-10,2026-08-01,2026-08-14 00:26:12.005687
CUST004841,Male,1966-04-28,Kuala Lumpur,Kuala Lumpur,RM3k-6k,Medium,2025-03-04,2026-08-01,2026-08-14 00:26:12.005687
CUST004842,Female,1968-09-22,Penang,Butterworth,>RM15k,Medium,2024-06-09,2026-08-01,2026-08-14 00:26:12.005687
CUST004843,Female,1955-10-03,Perak,Ipoh,>RM15k,Medium,2020-01-31,2026-08-01,2026-08-14 00:26:12.005687
CUST004844,Female,1996-04-18,Penang,George Town,RM6k-10k,Low,2025-03-17,2026-08-01,2026-08-14 00:26:12.005687
CUST004845,Female,1980-10-27,Sabah,Sandakan,>RM15k,Medium,2021-09-10,2026-08-01,2026-08-14 00:26:12.005687
CUST004846,Female,1987-02-18,Kuala Lumpur,Kuala Lumpur,RM3k-6k,Low,2018-02-20,2026-08-01,2026-08-14 00:26:12.005687
CUST004847,Female,1987-01-09,Sabah,Sandakan,RM10k-15k,Low,2024-10-22,2026-08-01,2026-08-14 00:26:12.005687
CUST004848,Male,2002-05-13,Selangor,Shah Alam,RM6k-10k,Medium,2023-11-24,2026-08-01,2026-08-14 00:26:12.005687
CUST004849,Female,1962-03-21,Melaka,Melaka City,RM6k-10k,High,2020-11-03,2026-08-01,2026-08-14 00:26:12.005687
CUST004850,Male,1971-10-16,Selangor,Petaling Jaya,RM6k-10k,High,2025-01-07,2026-08-01,2026-08-14 00:26:12.005687
CUST004851,Female,1970-02-09,Johor,Muar,RM6k-10k,Low,2025-03-30,2026-08-01,2026-08-14 00:26:12.005687
CUST004852,Male,1982-01-08,Johor,Muar,RM10k-15k,Low,2025-08-19,2026-08-01,2026-08-14 00:26:12.005687
CUST004853,Male,1980-10-12,Selangor,Klang,RM3k-6k,Medium,2025-04-19,2026-08-01,2026-08-14 00:26:12.005687
CUST004854,Female,1993-09-16,Selangor,Petaling Jaya,RM10k-15k,Medium,2020-02-22,2026-08-01,2026-08-14 00:26:12.005687
CUST004855,Female,1982-06-21,Selangor,Subang Jaya,RM3k-6k,Low,2022-06-17,2026-08-01,2026-08-14 00:26:12.005687
CUST004856,Male,1966-06-19,Penang,Bayan Lepas,RM3k-6k,Low,2019-05-21,2026-08-01,2026-08-14 00:26:12.005687
CUST004857,Female,1982-09-02,Melaka,Melaka City,RM6k-10k,Low,2023-06-15,2026-08-01,2026-08-14 00:26:12.005687
CUST004858,Male,2002-03-28,Selangor,Subang Jaya,RM10k-15k,Low,2021-12-28,2026-08-01,2026-08-14 00:26:12.005687
CUST004859,Female,1983-05-13,Johor,Johor Bahru,>RM15k,Low,2025-01-12,2026-08-01,2026-08-14 00:26:12.005687
CUST004860,Female,1984-01-10,Sarawak,Kuching,RM3k-6k,Medium,2025-03-16,2026-08-01,2026-08-14 00:26:12.005687
CUST004861,Male,1963-08-16,Johor,Muar,<RM3k,Low,2020-07-17,2026-08-01,2026-08-14 00:26:12.005687
CUST004862,Male,1955-05-22,Sarawak,Kuching,RM6k-10k,Medium,2020-07-10,2026-08-01,2026-08-14 00:26:12.005687
CUST004863,Female,1965-04-08,Johor,Johor Bahru,RM10k-15k,Medium,2018-04-04,2026-08-01,2026-08-14 00:26:12.005687
CUST004864,Male,1956-03-26,Johor,Johor Bahru,>RM15k,Low,2022-01-15,2026-08-01,2026-08-14 00:26:12.005687
CUST004865,Male,1977-02-27,Kuala Lumpur,Kuala Lumpur,RM10k-15k,Low,2021-01-28,2026-08-01,2026-08-14 00:26:12.005687
CUST004866,Female,1998-03-24,Kuala Lumpur,Kuala Lumpur,RM6k-10k,High,2025-12-18,2026-08-01,2026-08-14 00:26:12.005687
CUST004867,Female,1976-11-20,Penang,George Town,RM10k-15k,Medium,2024-07-16,2026-08-01,2026-08-14 00:26:12.005687
CUST004868,Female,1986-08-13,Sarawak,Kuching,RM3k-6k,High,2021-08-25,2026-08-01,2026-08-14 00:26:12.005687
CUST004869,Female,1996-12-03,Kuala Lumpur,Kuala Lumpur,>RM15k,Low,2022-07-17,2026-08-01,2026-08-14 00:26:12.005687
CUST004870,Male,1992-05-21,Melaka,Melaka City,RM6k-10k,Medium,2023-01-10,2026-08-01,2026-08-14 00:26:12.005687
CUST004871,Female,1986-11-17,Selangor,Shah Alam,RM3k-6k,High,2025-03-22,2026-08-01,2026-08-14 00:26:12.005687
CUST004872,Female,1993-05-31,Johor,Johor Bahru,RM6k-10k,Low,2025-12-18,2026-08-01,2026-08-14 00:26:12.005687
CUST004873,Male,1968-09-29,Melaka,Melaka City,RM10k-15k,Low,2021-05-06,2026-08-01,2026-08-14 00:26:12.005687
CUST004874,Male,1975-08-08,Melaka,Melaka City,RM3k-6k,High,2020-12-08,2026-08-01,2026-08-14 00:26:12.005687
CUST004875,Male,1974-07-20,Johor,Muar,<RM3k,Low,2023-09-14,2026-08-01,2026-08-14 00:26:12.005687
CUST004876,Male,1994-02-16,Selangor,Subang Jaya,RM10k-15k,Low,2020-03-08,2026-08-01,2026-08-14 00:26:12.005687
CUST004877,Female,1975-01-11,Kuala Lumpur,Kuala Lumpur,>RM15k,High,2019-02-15,2026-08-01,2026-08-14 00:26:12.005687
CUST004878,Male,2000-12-08,Selangor,Subang Jaya,RM6k-10k,Low,2020-04-05,2026-08-01,2026-08-14 00:26:12.005687
CUST004879,Female,1964-02-22,Sabah,Kota Kinabalu,<RM3k,Medium,2020-07-12,2026-08-01,2026-08-14 00:26:12.005687
CUST004880,Female,1963-06-09,Selangor,Shah Alam,RM6k-10k,Medium,2022-12-08,2026-08-01,2026-08-14 00:26:12.005687
CUST004881,Female,1990-02-02,Perak,Ipoh,<RM3k,Medium,2023-11-19,2026-08-01,2026-08-14 00:26:12.005687
CUST004882,Male,1992-06-09,Selangor,Petaling Jaya,RM3k-6k,Low,2019-04-21,2026-08-01,2026-08-14 00:26:12.005687
CUST004883,Male,1988-04-09,Johor,Muar,<RM3k,Low,2018-05-12,2026-08-01,2026-08-14 00:26:12.005687
CUST004884,Female,1970-01-30,Selangor,Klang,RM6k-10k,Medium,2019-04-26,2026-08-01,2026-08-14 00:26:12.005687
CUST004885,Male,1955-06-13,Johor,Johor Bahru,RM3k-6k,Medium,2025-04-16,2026-08-01,2026-08-14 00:26:12.005687
CUST004886,Male,1970-10-02,Penang,Bayan Lepas,<RM3k,Low,2020-01-30,2026-08-01,2026-08-14 00:26:12.005687
CUST004887,Female,1977-11-11,Negeri Sembilan,Seremban,RM3k-6k,Low,2022-03-24,2026-08-01,2026-08-14 00:26:12.005687
CUST004888,Male,1975-03-23,Melaka,Melaka City,RM6k-10k,Low,2022-04-30,2026-08-01,2026-08-14 00:26:12.005687
CUST004889,Female,2000-03-05,Perak,Taiping,RM3k-6k,Low,2020-03-23,2026-08-01,2026-08-14 00:26:12.005687
CUST004890,Male,1997-04-27,Kuala Lumpur,Kuala Lumpur,<RM3k,Medium,2024-10-01,2026-08-01,2026-08-14 00:26:12.005687
CUST004891,Female,1992-12-22,Melaka,Melaka City,RM6k-10k,High,2018-07-10,2026-08-01,2026-08-14 00:26:12.005687
CUST004892,Female,1956-01-30,Melaka,Melaka City,RM10k-15k,Low,2022-03-26,2026-08-01,2026-08-14 00:26:12.005687
CUST004893,Female,1961-03-30,Melaka,Melaka City,RM10k-15k,High,2021-04-23,2026-08-01,2026-08-14 00:26:12.005687
CUST004894,Female,1976-04-05,Johor,Muar,RM3k-6k,Medium,2024-04-05,2026-08-01,2026-08-14 00:26:12.005687
CUST004895,Male,1985-06-17,Kuala Lumpur,Kuala Lumpur,RM6k-10k,Medium,2019-07-31,2026-08-01,2026-08-14 00:26:12.005687
CUST004896,Female,1988-04-27,Sabah,Sandakan,RM10k-15k,High,2025-08-29,2026-08-01,2026-08-14 00:26:12.005687
CUST004897,Female,1969-07-08,Selangor,Shah Alam,RM6k-10k,Low,2024-05-03,2026-08-01,2026-08-14 00:26:12.005687
CUST004898,Male,1960-05-29,Selangor,Petaling Jaya,RM6k-10k,High,2023-12-02,2026-08-01,2026-08-14 00:26:12.005687
CUST004899,Male,1971-01-29,Selangor,Shah Alam,<RM3k,Low,2021-12-15,2026-08-01,2026-08-14 00:26:12.005687
CUST004900,Male,1993-10-26,Penang,George Town,RM3k-6k,Low,2023-02-21,2026-08-01,2026-08-14 00:26:12.005687
CUST004901,Male,2003-05-04,Selangor,Petaling Jaya,RM3k-6k,Medium,2019-08-30,2026-08-01,2026-08-14 00:26:12.005687
CUST004902,Female,2001-02-24,Perak,Taiping,RM3k-6k,Low,2018-01-24,2026-08-01,2026-08-14 00:26:12.005687
CUST004903,Female,1984-01-25,Penang,George Town,>RM15k,Medium,2023-12-19,2026-08-01,2026-08-14 00:26:12.005687
CUST004904,Male,1959-06-16,Johor,Johor Bahru,RM3k-6k,Low,2021-08-02,2026-08-01,2026-08-14 00:26:12.005687
CUST004905,Male,2002-06-01,Kuala Lumpur,Kuala Lumpur,RM6k-10k,Low,2020-10-26,2026-08-01,2026-08-14 00:26:12.005687
CUST004906,Male,1962-06-30,Negeri Sembilan,Seremban,>RM15k,Medium,2020-02-22,2026-08-01,2026-08-14 00:26:12.005687
CUST004907,Male,1968-02-23,Selangor,Klang,RM6k-10k,Low,2022-12-18,2026-08-01,2026-08-14 00:26:12.005687
CUST004908,Female,2002-09-23,Johor,Muar,RM3k-6k,Low,2022-02-05,2026-08-01,2026-08-14 00:26:12.005687
CUST004909,Male,1979-09-09,Johor,Johor Bahru,>RM15k,Low,2023-05-26,2026-08-01,2026-08-14 00:26:12.005687
CUST004910,Female,1964-09-10,Selangor,Subang Jaya,RM3k-6k,High,2025-08-10,2026-08-01,2026-08-14 00:26:12.005687
CUST004911,Female,1979-08-08,Perak,Taiping,<RM3k,Medium,2024-09-06,2026-08-01,2026-08-14 00:26:12.005687
CUST004912,Female,1958-11-13,Kuala Lumpur,Kuala Lumpur,RM3k-6k,Low,2020-07-25,2026-08-01,2026-08-14 00:26:12.005687
CUST004913,Female,1970-06-20,Melaka,Melaka City,RM3k-6k,Medium,2019-12-08,2026-08-01,2026-08-14 00:26:12.005687
CUST004914,Male,2001-08-27,Kuala Lumpur,Kuala Lumpur,RM10k-15k,Medium,2019-04-15,2026-08-01,2026-08-14 00:26:12.005687
CUST004915,Female,1969-08-18,Negeri Sembilan,Seremban,RM3k-6k,Low,2022-07-21,2026-08-01,2026-08-14 00:26:12.005687
CUST004916,Male,1998-09-26,Penang,Butterworth,RM10k-15k,Low,2024-08-09,2026-08-01,2026-08-14 00:26:12.005687
CUST004917,Male,1981-08-08,Kuala Lumpur,Kuala Lumpur,<RM3k,Medium,2020-01-10,2026-08-01,2026-08-14 00:26:12.005687
CUST004918,Male,1987-02-16,Penang,Butterworth,>RM15k,Low,2025-12-03,2026-08-01,2026-08-14 00:26:12.005687
CUST004919,Male,1989-06-11,Selangor,Subang Jaya,<RM3k,Medium,2021-06-07,2026-08-01,2026-08-14 00:26:12.005687
CUST004920,Female,1982-01-07,Negeri Sembilan,Seremban,>RM15k,Low,2024-03-28,2026-08-01,2026-08-14 00:26:12.005687
CUST004921,Female,1956-09-05,Sabah,Sandakan,<RM3k,Medium,2020-05-21,2026-08-01,2026-08-14 00:26:12.005687
CUST004922,Female,2000-01-15,Johor,Batu Pahat,RM10k-15k,Low,2019-02-09,2026-08-01,2026-08-14 00:26:12.005687
CUST004923,Female,1978-04-11,Johor,Batu Pahat,RM10k-15k,Medium,2022-02-06,2026-08-01,2026-08-14 00:26:12.005687
CUST004924,Male,1987-02-13,Negeri Sembilan,Seremban,RM6k-10k,High,2022-05-28,2026-08-01,2026-08-14 00:26:12.005687
CUST004925,Female,1982-02-20,Perak,Taiping,<RM3k,Low,2021-10-29,2026-08-01,2026-08-14 00:26:12.005687
CUST004926,Female,1987-04-05,Johor,Batu Pahat,RM6k-10k,Low,2021-03-29,2026-08-01,2026-08-14 00:26:12.005687
CUST004927,Female,1972-05-18,Selangor,Klang,RM6k-10k,Medium,2023-03-14,2026-08-01,2026-08-14 00:26:12.005687
CUST004928,Female,1996-05-03,Selangor,Subang Jaya,RM6k-10k,Low,2023-01-25,2026-08-01,2026-08-14 00:26:12.005687
CUST004929,Male,1965-12-28,Perak,Ipoh,RM6k-10k,Low,2019-03-19,2026-08-01,2026-08-14 00:26:12.005687
CUST004930,Female,1987-01-03,Penang,Butterworth,>RM15k,Medium,2023-05-08,2026-08-01,2026-08-14 00:26:12.005687
CUST004931,Male,1983-04-26,Sarawak,Kuching,>RM15k,Low,2020-08-29,2026-08-01,2026-08-14 00:26:12.005687
CUST004932,Male,1979-09-05,Penang,Bayan Lepas,RM6k-10k,Low,2024-06-15,2026-08-01,2026-08-14 00:26:12.005687
CUST004933,Male,1956-01-29,Penang,Butterworth,<RM3k,Low,2021-12-24,2026-08-01,2026-08-14 00:26:12.005687
CUST004934,Female,1974-02-04,Johor,Muar,<RM3k,Low,2019-12-03,2026-08-01,2026-08-14 00:26:12.005687
CUST004935,Male,1957-04-30,Sabah,Sandakan,RM6k-10k,High,2019-06-11,2026-08-01,2026-08-14 00:26:12.005687
CUST004936,Female,1979-08-27,Selangor,Subang Jaya,>RM15k,Low,2025-09-18,2026-08-01,2026-08-14 00:26:12.005687
CUST004937,Female,1988-09-12,Sarawak,Miri,RM3k-6k,Low,2023-10-01,2026-08-01,2026-08-14 00:26:12.005687
CUST004938,Male,1980-08-07,Selangor,Klang,<RM3k,Medium,2019-09-20,2026-08-01,2026-08-14 00:26:12.005687
CUST004939,Male,1992-02-04,Perak,Taiping,RM3k-6k,Medium,2022-01-05,2026-08-01,2026-08-14 00:26:12.005687
CUST004940,Female,1972-09-05,Melaka,Melaka City,RM3k-6k,Low,2018-12-29,2026-08-01,2026-08-14 00:26:12.005687
CUST004941,Male,1969-12-31,Sabah,Kota Kinabalu,>RM15k,Medium,2024-09-02,2026-08-01,2026-08-14 00:26:12.005687
CUST004942,Female,1976-12-15,Selangor,Subang Jaya,RM6k-10k,Medium,2024-08-18,2026-08-01,2026-08-14 00:26:12.005687
CUST004943,Male,1966-03-24,Perak,Ipoh,<RM3k,Low,2024-06-04,2026-08-01,2026-08-14 00:26:12.005687
CUST004944,Male,1994-04-16,Selangor,Petaling Jaya,RM3k-6k,Low,2021-09-15,2026-08-01,2026-08-14 00:26:12.005687
CUST004945,Male,1994-09-03,Kuala Lumpur,Kuala Lumpur,<RM3k,Medium,2019-04-30,2026-08-01,2026-08-14 00:26:12.005687
CUST004946,Male,1975-05-29,Sabah,Kota Kinabalu,RM6k-10k,Low,2021-12-02,2026-08-01,2026-08-14 00:26:12.005687
CUST004947,Male,1993-10-31,Sarawak,Miri,RM6k-10k,Low,2022-01-30,2026-08-01,2026-08-14 00:26:12.005687
CUST004948,Male,1956-04-02,Kuala Lumpur,Kuala Lumpur,<RM3k,Medium,2020-07-20,2026-08-01,2026-08-14 00:26:12.005687
CUST004949,Male,1962-08-01,Negeri Sembilan,Seremban,RM3k-6k,Low,2021-01-08,2026-08-01,2026-08-14 00:26:12.005687
CUST004950,Male,1968-11-12,Johor,Batu Pahat,>RM15k,Low,2018-05-16,2026-08-01,2026-08-14 00:26:12.005687
CUST004951,Female,1974-01-03,Melaka,Melaka City,RM10k-15k,Low,2022-03-09,2026-08-01,2026-08-14 00:26:12.005687
CUST004952,Male,1966-05-10,Sabah,Sandakan,RM6k-10k,Medium,2019-07-20,2026-08-01,2026-08-14 00:26:12.005687
CUST004953,Female,1980-02-05,Melaka,Melaka City,RM6k-10k,Medium,2024-09-22,2026-08-01,2026-08-14 00:26:12.005687
CUST004954,Male,1993-11-18,Sarawak,Kuching,>RM15k,Low,2024-02-03,2026-08-01,2026-08-14 00:26:12.005687
CUST004955,Female,1977-05-09,Negeri Sembilan,Seremban,RM6k-10k,Low,2022-10-30,2026-08-01,2026-08-14 00:26:12.005687
CUST004956,Female,1977-01-05,Penang,Bayan Lepas,>RM15k,High,2019-10-18,2026-08-01,2026-08-14 00:26:12.005687
CUST004957,Male,1957-12-07,Selangor,Subang Jaya,<RM3k,Medium,2023-05-06,2026-08-01,2026-08-14 00:26:12.005687
CUST004958,Female,1968-09-25,Selangor,Petaling Jaya,RM3k-6k,Medium,2025-12-09,2026-08-01,2026-08-14 00:26:12.005687
CUST004959,Female,1994-07-21,Sabah,Kota Kinabalu,<RM3k,Low,2023-01-17,2026-08-01,2026-08-14 00:26:12.005687
CUST004960,Male,1994-09-21,Kuala Lumpur,Kuala Lumpur,RM10k-15k,Low,2024-04-15,2026-08-01,2026-08-14 00:26:12.005687
CUST004961,Female,1960-02-10,Melaka,Melaka City,RM6k-10k,Low,2025-03-15,2026-08-01,2026-08-14 00:26:12.005687
CUST004962,Female,1955-12-10,Selangor,Petaling Jaya,<RM3k,Medium,2024-10-14,2026-08-01,2026-08-14 00:26:12.005687
CUST004963,Female,1995-09-19,Melaka,Melaka City,>RM15k,High,2019-04-19,2026-08-01,2026-08-14 00:26:12.005687
CUST004964,Female,1963-07-16,Johor,Batu Pahat,>RM15k,Low,2024-12-25,2026-08-01,2026-08-14 00:26:12.005687
CUST004965,Female,1983-02-25,Sarawak,Miri,RM3k-6k,Medium,2024-02-14,2026-08-01,2026-08-14 00:26:12.005687
CUST004966,Female,1995-07-09,Negeri Sembilan,Seremban,RM6k-10k,Medium,2023-10-01,2026-08-01,2026-08-14 00:26:12.005687
CUST004967,Female,1993-07-30,Johor,Muar,RM6k-10k,Medium,2019-10-28,2026-08-01,2026-08-14 00:26:12.005687
CUST004968,Female,1981-12-24,Perak,Taiping,<RM3k,Low,2021-09-23,2026-08-01,2026-08-14 00:26:12.005687
CUST004969,Female,1973-06-15,Selangor,Petaling Jaya,RM6k-10k,Low,2025-03-25,2026-08-01,2026-08-14 00:26:12.005687
CUST004970,Male,1992-11-27,Sarawak,Kuching,RM3k-6k,High,2025-05-02,2026-08-01,2026-08-14 00:26:12.005687
CUST004971,Male,1989-01-15,Sarawak,Miri,>RM15k,Low,2018-12-04,2026-08-01,2026-08-14 00:26:12.005687
CUST004972,Female,1996-01-25,Selangor,Klang,RM10k-15k,Low,2021-05-30,2026-08-01,2026-08-14 00:26:12.005687
CUST004973,Female,1980-03-05,Kuala Lumpur,Kuala Lumpur,>RM15k,Low,2022-11-06,2026-08-01,2026-08-14 00:26:12.005687
CUST004974,Male,2001-02-25,Johor,Batu Pahat,RM10k-15k,Low,2018-10-07,2026-08-01,2026-08-14 00:26:12.005687
CUST004975,Male,1992-09-18,Kuala Lumpur,Kuala Lumpur,<RM3k,Low,2019-12-20,2026-08-01,2026-08-14 00:26:12.005687
CUST004976,Female,1958-02-09,Sarawak,Miri,RM3k-6k,Medium,2022-10-09,2026-08-01,2026-08-14 00:26:12.005687
CUST004977,Female,1969-05-26,Selangor,Shah Alam,RM6k-10k,High,2023-04-01,2026-08-01,2026-08-14 00:26:12.005687
CUST004978,Female,1994-02-28,Negeri Sembilan,Seremban,RM3k-6k,Low,2018-11-05,2026-08-01,2026-08-14 00:26:12.005687
CUST004979,Male,1960-09-08,Negeri Sembilan,Seremban,RM6k-10k,High,2021-05-22,2026-08-01,2026-08-14 00:26:12.005687
CUST004980,Male,1989-09-23,Melaka,Melaka City,RM3k-6k,High,2023-03-30,2026-08-01,2026-08-14 00:26:12.005687
CUST004981,Male,1971-09-08,Penang,Bayan Lepas,<RM3k,Medium,2025-12-03,2026-08-01,2026-08-14 00:26:12.005687
CUST004982,Female,1965-02-21,Selangor,Subang Jaya,RM6k-10k,Medium,2025-12-23,2026-08-01,2026-08-14 00:26:12.005687
CUST004983,Female,1981-06-15,Sarawak,Miri,RM6k-10k,High,2020-06-26,2026-08-01,2026-08-14 00:26:12.005687
CUST004984,Female,2000-08-25,Perak,Taiping,RM6k-10k,Medium,2023-05-27,2026-08-01,2026-08-14 00:26:12.005687
CUST004985,Female,1998-12-25,Negeri Sembilan,Seremban,RM6k-10k,Low,2022-06-03,2026-08-01,2026-08-14 00:26:12.005687
CUST004986,Female,1974-10-21,Selangor,Petaling Jaya,RM3k-6k,High,2019-09-08,2026-08-01,2026-08-14 00:26:12.005687
CUST004987,Male,1955-03-08,Kuala Lumpur,Kuala Lumpur,RM10k-15k,Low,2022-01-22,2026-08-01,2026-08-14 00:26:12.005687
CUST004988,Female,1998-06-28,Negeri Sembilan,Seremban,RM6k-10k,High,2019-02-07,2026-08-01,2026-08-14 00:26:12.005687
CUST004989,Male,1998-12-18,Sarawak,Kuching,RM6k-10k,Low,2018-12-18,2026-08-01,2026-08-14 00:26:12.005687
CUST004990,Female,1984-08-25,Selangor,Subang Jaya,RM3k-6k,Low,2020-11-07,2026-08-01,2026-08-14 00:26:12.005687
CUST004991,Female,1985-10-18,Perak,Ipoh,RM6k-10k,Medium,2020-02-03,2026-08-01,2026-08-14 00:26:12.005687
CUST004992,Male,1980-10-22,Kuala Lumpur,Kuala Lumpur,<RM3k,Medium,2019-03-02,2026-08-01,2026-08-14 00:26:12.005687
CUST004993,Male,1955-08-12,Penang,Butterworth,RM6k-10k,Low,2018-06-01,2026-08-01,2026-08-14 00:26:12.005687
CUST004994,Female,1962-10-25,Selangor,Petaling Jaya,RM3k-6k,Medium,2022-07-23,2026-08-01,2026-08-14 00:26:12.005687
CUST004995,Male,1962-01-10,Selangor,Subang Jaya,RM10k-15k,Low,2018-01-18,2026-08-01,2026-08-14 00:26:12.005687
CUST004996,Female,1999-10-19,Selangor,Petaling Jaya,RM10k-15k,Low,2024-04-06,2026-08-01,2026-08-14 00:26:12.005687
CUST004997,Female,1957-06-10,Selangor,Petaling Jaya,RM6k-10k,Medium,2018-08-01,2026-08-01,2026-08-14 00:26:12.005687
CUST004998,Female,1982-04-11,Johor,Johor Bahru,RM10k-15k,Low,2023-04-07,2026-08-01,2026-08-14 00:26:12.005687
CUST004999,Female,1972-10-10,Selangor,Klang,RM6k-10k,Low,2019-03-11,2026-08-01,2026-08-14 00:26:12.005687
CUST005000,Male,1955-04-20,Johor,Batu Pahat,<RM3k,Low,2022-12-08,2026-08-01,2026-08-14 00:26:12.005687
CUST005001,Female,2000-01-15,Penang,Butterworth,RM10k-15k,Low,2019-02-21,2026-08-01,2026-08-14 00:26:12.005687
CUST005002,Male,1955-11-24,Perak,Ipoh,>RM15k,High,2021-06-26,2026-08-01,2026-08-14 00:26:12.005687
CUST005003,Male,1996-12-06,Perak,Ipoh,<RM3k,Low,2023-04-11,2026-08-01,2026-08-14 00:26:12.005687
CUST005004,Female,1993-02-06,Selangor,Klang,RM3k-6k,Medium,2019-05-20,2026-08-01,2026-08-14 00:26:12.005687
CUST005005,Female,1993-11-20,Kuala Lumpur,Kuala Lumpur,RM6k-10k,Medium,2019-01-23,2026-08-01,2026-08-14 00:26:12.005687
CUST005006,Female,1962-12-08,Sarawak,Miri,RM3k-6k,Low,2023-02-06,2026-08-01,2026-08-14 00:26:12.005687
CUST005007,Male,1998-03-03,Melaka,Melaka City,RM6k-10k,High,2023-02-16,2026-08-01,2026-08-14 00:26:12.005687
CUST005008,Male,1984-05-03,Negeri Sembilan,Seremban,RM6k-10k,Low,2021-05-09,2026-08-01,2026-08-14 00:26:12.005687
CUST005009,Male,1974-09-11,Negeri Sembilan,Seremban,RM10k-15k,Low,2018-12-24,2026-08-01,2026-08-14 00:26:12.005687
CUST005010,Female,1988-05-15,Penang,George Town,<RM3k,Medium,2020-06-11,2026-08-01,2026-08-14 00:26:12.005687
CUST005011,Female,1971-09-24,Melaka,Melaka City,RM3k-6k,Medium,2019-09-28,2026-08-01,2026-08-14 00:26:12.005687
CUST005012,Male,1968-09-08,Johor,Muar,RM10k-15k,Low,2023-04-10,2026-08-01,2026-08-14 00:26:12.005687
CUST005013,Female,1969-02-14,Sabah,Kota Kinabalu,RM3k-6k,Medium,2020-05-27,2026-08-01,2026-08-14 00:26:12.005687
CUST005014,Male,1982-11-23,Negeri Sembilan,Seremban,RM6k-10k,High,2021-01-10,2026-08-01,2026-08-14 00:26:12.005687
CUST005015,Female,1984-06-13,Sabah,Sandakan,<RM3k,Low,2020-02-03,2026-08-01,2026-08-14 00:26:12.005687
CUST005016,Female,1966-10-09,Selangor,Shah Alam,RM3k-6k,Medium,2019-05-07,2026-08-01,2026-08-14 00:26:12.005687
CUST005017,Male,1967-01-13,Selangor,Klang,RM3k-6k,Low,2024-06-29,2026-08-01,2026-08-14 00:26:12.005687
CUST005018,Female,2001-05-14,Selangor,Klang,RM3k-6k,Low,2021-11-13,2026-08-01,2026-08-14 00:26:12.005687
CUST005019,Male,1980-03-24,Selangor,Petaling Jaya,RM6k-10k,Low,2022-07-27,2026-08-01,2026-08-14 00:26:12.005687
CUST005020,Female,1997-02-22,Sarawak,Kuching,RM6k-10k,Low,2020-04-24,2026-08-01,2026-08-14 00:26:12.005687
CUST005021,Male,1971-03-06,Perak,Taiping,RM10k-15k,Medium,2018-09-13,2026-08-01,2026-08-14 00:26:12.005687
CUST005022,Male,1969-02-10,Selangor,Petaling Jaya,RM10k-15k,Low,2023-11-13,2026-08-01,2026-08-14 00:26:12.005687
CUST005023,Male,1968-11-05,Perak,Taiping,RM3k-6k,Low,2023-10-11,2026-08-01,2026-08-14 00:26:12.005687
CUST005024,Male,1980-11-28,Selangor,Klang,<RM3k,Low,2018-05-18,2026-08-01,2026-08-14 00:26:12.005687
CUST005025,Male,1993-03-04,Penang,Butterworth,RM10k-15k,Low,2025-02-01,2026-08-01,2026-08-14 00:26:12.005687
CUST005026,Male,1979-07-13,Selangor,Petaling Jaya,RM3k-6k,Medium,2024-10-27,2026-08-01,2026-08-14 00:26:12.005687
CUST005027,Female,1969-06-14,Johor,Muar,RM3k-6k,Low,2024-10-15,2026-08-01,2026-08-14 00:26:12.005687
CUST005028,Female,2002-01-14,Perak,Ipoh,<RM3k,Low,2021-09-09,2026-08-01,2026-08-14 00:26:12.005687
CUST005029,Male,1983-01-18,Sabah,Kota Kinabalu,RM6k-10k,Low,2023-07-20,2026-08-01,2026-08-14 00:26:12.005687
CUST005030,Female,1974-04-22,Sabah,Kota Kinabalu,RM3k-6k,Low,2018-02-16,2026-08-01,2026-08-14 00:26:12.005687
CUST005031,Female,1955-06-23,Selangor,Subang Jaya,<RM3k,Medium,2022-10-14,2026-08-01,2026-08-14 00:26:12.005687
CUST005032,Male,1982-07-19,Perak,Taiping,RM6k-10k,Low,2019-01-25,2026-08-01,2026-08-14 00:26:12.005687
CUST005033,Female,1985-06-06,Selangor,Subang Jaya,RM10k-15k,Medium,2025-04-10,2026-08-01,2026-08-14 00:26:12.005687
CUST005034,Male,2000-07-03,Johor,Muar,RM3k-6k,Medium,2025-07-24,2026-08-01,2026-08-14 00:26:12.005687
CUST005035,Male,1966-04-21,Penang,Butterworth,RM6k-10k,Low,2019-03-16,2026-08-01,2026-08-14 00:26:12.005687
CUST005036,Female,1962-12-23,Perak,Ipoh,RM3k-6k,Low,2022-04-18,2026-08-01,2026-08-14 00:26:12.005687
CUST005037,Male,2003-12-18,Melaka,Melaka City,RM3k-6k,Low,2022-09-26,2026-08-01,2026-08-14 00:26:12.005687
CUST005038,Female,1981-12-21,Selangor,Klang,RM3k-6k,Low,2024-02-23,2026-08-01,2026-08-14 00:26:12.005687
CUST005039,Male,1956-04-25,Sarawak,Miri,<RM3k,Low,2021-11-28,2026-08-01,2026-08-14 00:26:12.005687
CUST005040,Male,1960-03-06,Selangor,Subang Jaya,RM3k-6k,High,2025-01-22,2026-08-01,2026-08-14 00:26:12.005687
CUST005041,Female,1978-04-17,Penang,Bayan Lepas,RM10k-15k,Low,2020-10-06,2026-08-01,2026-08-14 00:26:12.005687
CUST005042,Female,1985-04-03,Sarawak,Kuching,<RM3k,Low,2020-07-24,2026-08-01,2026-08-14 00:26:12.005687
CUST005043,Female,1966-12-10,Perak,Taiping,>RM15k,Medium,2023-10-31,2026-08-01,2026-08-14 00:26:12.005687
CUST005044,Female,1972-12-01,Sarawak,Miri,<RM3k,High,2022-05-17,2026-08-01,2026-08-14 00:26:12.005687
CUST005045,Female,1991-01-27,Sarawak,Kuching,RM3k-6k,Low,2018-08-28,2026-08-01,2026-08-14 00:26:12.005687
CUST005046,Male,2002-05-30,Selangor,Subang Jaya,RM6k-10k,Medium,2023-03-15,2026-08-01,2026-08-14 00:26:12.005687
CUST005047,Female,1979-01-23,Negeri Sembilan,Seremban,RM10k-15k,Low,2020-03-27,2026-08-01,2026-08-14 00:26:12.005687
CUST005048,Male,1975-05-10,Negeri Sembilan,Seremban,<RM3k,Medium,2024-09-24,2026-08-01,2026-08-14 00:26:12.005687
CUST005049,Female,1972-09-10,Johor,Muar,<RM3k,Medium,2024-09-09,2026-08-01,2026-08-14 00:26:12.005687
CUST005050,Male,1961-09-03,Kuala Lumpur,Kuala Lumpur,RM6k-10k,Low,2021-05-12,2026-08-01,2026-08-14 00:26:12.005687
CUST005051,Female,1957-08-02,Selangor,Petaling Jaya,RM3k-6k,Low,2024-10-28,2026-08-01,2026-08-14 00:26:12.005687
CUST005052,Female,1995-11-12,Sarawak,Miri,RM6k-10k,Low,2025-08-12,2026-08-01,2026-08-14 00:26:12.005687
CUST005053,Male,1956-10-26,Negeri Sembilan,Seremban,RM10k-15k,Medium,2023-11-01,2026-08-01,2026-08-14 00:26:12.005687
CUST005054,Female,1995-03-22,Sarawak,Kuching,<RM3k,Low,2022-11-09,2026-08-01,2026-08-14 00:26:12.005687
CUST005055,Male,1967-02-11,Selangor,Petaling Jaya,RM10k-15k,Low,2025-06-18,2026-08-01,2026-08-14 00:26:12.005687
CUST005056,Female,1989-01-17,Kuala Lumpur,Kuala Lumpur,<RM3k,Low,2024-12-27,2026-08-01,2026-08-14 00:26:12.005687
CUST005057,Male,2001-08-16,Johor,Johor Bahru,>RM15k,Medium,2021-10-28,2026-08-01,2026-08-14 00:26:12.005687
CUST005058,Male,1991-09-09,Selangor,Shah Alam,>RM15k,Low,2018-09-01,2026-08-01,2026-08-14 00:26:12.005687
CUST005059,Male,1990-09-29,Kuala Lumpur,Kuala Lumpur,RM6k-10k,High,2022-10-21,2026-08-01,2026-08-14 00:26:12.005687
CUST005060,Female,1967-12-21,Kuala Lumpur,Kuala Lumpur,>RM15k,Low,2021-09-15,2026-08-01,2026-08-14 00:26:12.005687
CUST005061,Female,1984-04-22,Kuala Lumpur,Kuala Lumpur,RM10k-15k,Low,2020-12-04,2026-08-01,2026-08-14 00:26:12.005687
CUST005062,Female,1986-06-17,Selangor,Petaling Jaya,<RM3k,Low,2019-06-08,2026-08-01,2026-08-14 00:26:12.005687
CUST005063,Female,1975-11-03,Sabah,Sandakan,<RM3k,Low,2023-09-25,2026-08-01,2026-08-14 00:26:12.005687
CUST005064,Female,1956-11-11,Selangor,Shah Alam,<RM3k,Low,2025-04-17,2026-08-01,2026-08-14 00:26:12.005687
CUST005065,Male,1999-09-15,Johor,Batu Pahat,RM3k-6k,Low,2022-10-12,2026-08-01,2026-08-14 00:26:12.005687
CUST005066,Male,1964-08-24,Penang,Butterworth,RM6k-10k,Low,2019-11-18,2026-08-01,2026-08-14 00:26:12.005687
CUST005067,Male,2002-09-11,Negeri Sembilan,Seremban,RM6k-10k,Low,2018-01-04,2026-08-01,2026-08-14 00:26:12.005687
CUST005068,Female,2000-09-05,Sabah,Sandakan,RM6k-10k,Medium,2023-09-14,2026-08-01,2026-08-14 00:26:12.005687
CUST005069,Female,1955-12-04,Penang,Bayan Lepas,RM3k-6k,Low,2019-04-06,2026-08-01,2026-08-14 00:26:12.005687
CUST005070,Male,1991-03-22,Sabah,Sandakan,<RM3k,Medium,2018-07-03,2026-08-01,2026-08-14 00:26:12.005687
CUST005071,Female,1986-01-25,Perak,Ipoh,RM3k-6k,Medium,2019-07-31,2026-08-01,2026-08-14 00:26:12.005687
CUST005072,Female,1966-04-21,Perak,Taiping,>RM15k,Medium,2019-08-10,2026-08-01,2026-08-14 00:26:12.005687
CUST005073,Female,1994-10-28,Johor,Johor Bahru,RM3k-6k,Low,2020-09-18,2026-08-01,2026-08-14 00:26:12.005687
CUST005074,Male,1960-06-16,Penang,Butterworth,RM3k-6k,Medium,2020-07-23,2026-08-01,2026-08-14 00:26:12.005687
CUST005076,Female,2001-06-29,Selangor,Petaling Jaya,>RM15k,Low,2024-04-02,2026-08-01,2026-08-14 00:26:12.005687
CUST005077,Female,1991-05-25,Selangor,Petaling Jaya,RM3k-6k,Low,2024-08-10,2026-08-01,2026-08-14 00:26:12.005687
CUST005078,Female,1960-06-30,Selangor,Subang Jaya,RM6k-10k,Low,2020-01-04,2026-08-01,2026-08-14 00:26:12.005687
CUST005079,Female,1962-01-22,Johor,Muar,<RM3k,Low,2020-12-11,2026-08-01,2026-08-14 00:26:12.005687
CUST005080,Male,1967-08-06,Penang,Bayan Lepas,<RM3k,Low,2024-07-14,2026-08-01,2026-08-14 00:26:12.005687
CUST005081,Female,1958-06-16,Johor,Muar,RM6k-10k,Low,2025-08-15,2026-08-01,2026-08-14 00:26:12.005687
CUST005082,Male,1963-12-13,Kuala Lumpur,Kuala Lumpur,RM6k-10k,Medium,2024-04-22,2026-08-01,2026-08-14 00:26:12.005687
CUST005083,Female,1983-01-06,Selangor,Shah Alam,RM6k-10k,Low,2022-06-04,2026-08-01,2026-08-14 00:26:12.005687
CUST005084,Female,1955-05-14,Selangor,Klang,RM3k-6k,Low,2025-12-08,2026-08-01,2026-08-14 00:26:12.005687
CUST005085,Male,1969-01-31,Perak,Ipoh,>RM15k,High,2023-10-25,2026-08-01,2026-08-14 00:26:12.005687
CUST005086,Female,1970-05-23,Selangor,Subang Jaya,RM6k-10k,Low,2023-06-01,2026-08-01,2026-08-14 00:26:12.005687
CUST005087,Male,2002-07-27,Kuala Lumpur,Kuala Lumpur,>RM15k,Low,2018-03-29,2026-08-01,2026-08-14 00:26:12.005687
CUST005088,Female,2002-09-24,Kuala Lumpur,Kuala Lumpur,<RM3k,Low,2023-02-05,2026-08-01,2026-08-14 00:26:12.005687
CUST005089,Male,1996-06-04,Johor,Batu Pahat,RM3k-6k,Low,2020-04-21,2026-08-01,2026-08-14 00:26:12.005687
CUST005090,Female,1971-10-02,Selangor,Petaling Jaya,RM3k-6k,Low,2022-10-24,2026-08-01,2026-08-14 00:26:12.005687
CUST005091,Female,1980-11-01,Johor,Muar,RM10k-15k,Low,2022-08-01,2026-08-01,2026-08-14 00:26:12.005687
CUST005092,Male,1979-09-17,Penang,Butterworth,RM10k-15k,Medium,2018-11-17,2026-08-01,2026-08-14 00:26:12.005687
CUST005093,Female,1997-02-22,Negeri Sembilan,Seremban,RM6k-10k,Medium,2021-09-09,2026-08-01,2026-08-14 00:26:12.005687
CUST005094,Female,1991-07-20,Perak,Ipoh,<RM3k,Low,2022-02-08,2026-08-01,2026-08-14 00:26:12.005687
CUST005095,Male,1999-06-03,Kuala Lumpur,Kuala Lumpur,<RM3k,Medium,2018-05-20,2026-08-01,2026-08-14 00:26:12.005687
CUST005096,Male,1982-01-01,Selangor,Shah Alam,<RM3k,Medium,2024-10-23,2026-08-01,2026-08-14 00:26:12.005687
CUST005097,Male,2000-01-14,Sabah,Kota Kinabalu,RM10k-15k,Medium,2025-07-01,2026-08-01,2026-08-14 00:26:12.005687
CUST005098,Male,1991-06-08,Selangor,Klang,RM3k-6k,Low,2018-03-02,2026-08-01,2026-08-14 00:26:12.005687
CUST005099,Male,1991-03-15,Melaka,Melaka City,<RM3k,Medium,2018-12-18,2026-08-01,2026-08-14 00:26:12.005687
CUST005100,Male,1987-06-02,Johor,Muar,RM3k-6k,Low,2019-01-05,2026-08-01,2026-08-14 00:26:12.005687
CUST005101,Male,1971-06-13,Kuala Lumpur,Kuala Lumpur,<RM3k,Low,2021-07-12,2026-08-01,2026-08-14 00:26:12.005687
CUST005102,Female,1984-10-25,Selangor,Shah Alam,>RM15k,Medium,2022-10-21,2026-08-01,2026-08-14 00:26:12.005687
CUST005103,Female,1972-06-21,Melaka,Melaka City,RM3k-6k,Low,2019-12-07,2026-08-01,2026-08-14 00:26:12.005687
CUST005104,Male,1986-10-31,Negeri Sembilan,Seremban,>RM15k,Low,2024-10-10,2026-08-01,2026-08-14 00:26:12.005687
CUST005105,Male,1967-06-26,Sarawak,Miri,RM6k-10k,Low,2020-06-26,2026-08-01,2026-08-14 00:26:12.005687
CUST005106,Female,1994-02-26,Selangor,Petaling Jaya,RM6k-10k,Medium,2020-06-16,2026-08-01,2026-08-14 00:26:12.005687
CUST005107,Female,1982-12-30,Sabah,Sandakan,RM3k-6k,Low,2022-09-14,2026-08-01,2026-08-14 00:26:12.005687
CUST005108,Female,1989-10-18,Selangor,Shah Alam,RM6k-10k,Low,2024-12-20,2026-08-01,2026-08-14 00:26:12.005687
CUST005109,Male,1965-11-13,Selangor,Subang Jaya,RM6k-10k,Medium,2019-12-29,2026-08-01,2026-08-14 00:26:12.005687
CUST005110,Male,1993-10-17,Perak,Taiping,<RM3k,Low,2020-09-12,2026-08-01,2026-08-14 00:26:12.005687
CUST005111,Female,1994-04-29,Negeri Sembilan,Seremban,>RM15k,Low,2020-09-16,2026-08-01,2026-08-14 00:26:12.005687
CUST005112,Male,1962-02-18,Johor,Johor Bahru,RM3k-6k,Medium,2021-09-21,2026-08-01,2026-08-14 00:26:12.005687
CUST005113,Male,1972-02-24,Johor,Johor Bahru,RM3k-6k,High,2021-06-06,2026-08-01,2026-08-14 00:26:12.005687
CUST005114,Male,1988-03-15,Selangor,Klang,RM3k-6k,Medium,2025-08-15,2026-08-01,2026-08-14 00:26:12.005687
CUST005115,Female,1997-10-19,Selangor,Shah Alam,RM6k-10k,Low,2019-03-04,2026-08-01,2026-08-14 00:26:12.005687
CUST005116,Male,1991-02-10,Kuala Lumpur,Kuala Lumpur,RM3k-6k,Low,2021-05-04,2026-08-01,2026-08-14 00:26:12.005687
CUST005117,Male,1978-02-10,Sarawak,Kuching,RM3k-6k,Medium,2020-01-12,2026-08-01,2026-08-14 00:26:12.005687
CUST005118,Male,1969-09-12,Kuala Lumpur,Kuala Lumpur,<RM3k,Low,2022-10-18,2026-08-01,2026-08-14 00:26:12.005687
CUST005119,Female,1999-08-02,Perak,Taiping,RM3k-6k,Medium,2024-03-31,2026-08-01,2026-08-14 00:26:12.005687
CUST005120,Male,1997-11-07,Selangor,Klang,<RM3k,Low,2025-06-25,2026-08-01,2026-08-14 00:26:12.005687
CUST005121,Male,1998-12-10,Johor,Batu Pahat,RM10k-15k,High,2021-07-02,2026-08-01,2026-08-14 00:26:12.005687
CUST005122,Female,1969-12-06,Selangor,Petaling Jaya,RM3k-6k,Low,2020-02-12,2026-08-01,2026-08-14 00:26:12.005687
CUST005123,Female,1976-05-20,Selangor,Shah Alam,>RM15k,High,2025-09-16,2026-08-01,2026-08-14 00:26:12.005687
CUST005124,Male,1966-12-12,Johor,Batu Pahat,RM6k-10k,Low,2018-09-26,2026-08-01,2026-08-14 00:26:12.005687
CUST005125,Male,2001-10-08,Penang,Butterworth,RM10k-15k,Medium,2019-01-19,2026-08-01,2026-08-14 00:26:12.005687
CUST005126,Female,1997-06-26,Negeri Sembilan,Seremban,>RM15k,Low,2025-08-30,2026-08-01,2026-08-14 00:26:12.005687
CUST005127,Female,1963-06-28,Selangor,Subang Jaya,RM3k-6k,Low,2025-02-02,2026-08-01,2026-08-14 00:26:12.005687
CUST005128,Female,1967-02-07,Penang,Butterworth,RM6k-10k,Low,2022-06-24,2026-08-01,2026-08-14 00:26:12.005687
CUST005129,Male,1982-01-18,Melaka,Melaka City,<RM3k,Low,2020-08-17,2026-08-01,2026-08-14 00:26:12.005687
CUST005130,Male,1975-05-11,Selangor,Petaling Jaya,<RM3k,Low,2025-09-22,2026-08-01,2026-08-14 00:26:12.005687
CUST005131,Female,1977-07-14,Sarawak,Miri,RM3k-6k,Low,2025-08-30,2026-08-01,2026-08-14 00:26:12.005687
CUST005132,Female,1973-01-10,Negeri Sembilan,Seremban,RM6k-10k,High,2024-12-06,2026-08-01,2026-08-14 00:26:12.005687
CUST005133,Female,1988-01-08,Sarawak,Miri,RM10k-15k,Medium,2024-03-04,2026-08-01,2026-08-14 00:26:12.005687
CUST005134,Female,1999-01-01,Penang,Bayan Lepas,RM3k-6k,Medium,2022-10-03,2026-08-01,2026-08-14 00:26:12.005687
CUST005135,Male,1999-12-10,Perak,Ipoh,RM10k-15k,Low,2020-12-21,2026-08-01,2026-08-14 00:26:12.005687
CUST005136,Male,1977-04-21,Johor,Muar,RM3k-6k,Low,2021-10-08,2026-08-01,2026-08-14 00:26:12.005687
CUST005137,Female,1995-07-25,Penang,Bayan Lepas,<RM3k,Low,2022-05-04,2026-08-01,2026-08-14 00:26:12.005687
CUST005138,Female,1989-01-07,Negeri Sembilan,Seremban,<RM3k,Low,2021-11-03,2026-08-01,2026-08-14 00:26:12.005687
CUST005139,Female,1964-08-24,Selangor,Petaling Jaya,RM6k-10k,Medium,2024-11-20,2026-08-01,2026-08-14 00:26:12.005687
CUST005140,Male,1993-11-27,Sabah,Sandakan,RM6k-10k,Medium,2019-04-30,2026-08-01,2026-08-14 00:26:12.005687
CUST005141,Male,1972-03-03,Johor,Batu Pahat,RM3k-6k,Low,2018-08-31,2026-08-01,2026-08-14 00:26:12.005687
CUST005142,Male,1985-10-06,Kuala Lumpur,Kuala Lumpur,<RM3k,Low,2021-08-17,2026-08-01,2026-08-14 00:26:12.005687
CUST005143,Female,1990-04-23,Penang,George Town,RM6k-10k,Low,2019-08-28,2026-08-01,2026-08-14 00:26:12.005687
CUST005144,Male,2001-03-28,Sabah,Sandakan,RM10k-15k,Low,2024-07-28,2026-08-01,2026-08-14 00:26:12.005687
CUST005145,Female,2001-06-19,Penang,Butterworth,<RM3k,Low,2024-10-14,2026-08-01,2026-08-14 00:26:12.005687
CUST005146,Male,1994-04-27,Sarawak,Kuching,RM10k-15k,Low,2025-11-28,2026-08-01,2026-08-14 00:26:12.005687
CUST005147,Male,1979-10-17,Selangor,Klang,RM6k-10k,Low,2021-02-01,2026-08-01,2026-08-14 00:26:12.005687
CUST005148,Female,1974-08-11,Melaka,Melaka City,RM3k-6k,Low,2025-09-06,2026-08-01,2026-08-14 00:26:12.005687
CUST005149,Male,1976-08-14,Penang,Butterworth,<RM3k,Medium,2018-10-24,2026-08-01,2026-08-14 00:26:12.005687
CUST005150,Female,2001-08-02,Sarawak,Kuching,>RM15k,High,2025-09-11,2026-08-01,2026-08-14 00:26:12.005687
CUST005151,Male,1965-01-17,Selangor,Klang,RM3k-6k,Low,2019-12-20,2026-08-01,2026-08-14 00:26:12.005687
CUST005152,Female,1980-09-13,Johor,Batu Pahat,RM3k-6k,Low,2018-02-25,2026-08-01,2026-08-14 00:26:12.005687
CUST005153,Female,1988-04-18,Melaka,Melaka City,RM10k-15k,Low,2024-08-08,2026-08-01,2026-08-14 00:26:12.005687
CUST005154,Female,1956-02-09,Kuala Lumpur,Kuala Lumpur,RM10k-15k,Medium,2022-02-15,2026-08-01,2026-08-14 00:26:12.005687
CUST005155,Female,1986-02-09,Selangor,Petaling Jaya,RM6k-10k,Low,2021-04-21,2026-08-01,2026-08-14 00:26:12.005687
CUST005156,Female,1967-09-28,Sabah,Kota Kinabalu,RM10k-15k,Medium,2019-08-08,2026-08-01,2026-08-14 00:26:12.005687
CUST005157,Female,1968-10-01,Sabah,Kota Kinabalu,<RM3k,Medium,2021-04-29,2026-08-01,2026-08-14 00:26:12.005687
CUST005158,Male,1985-06-18,Sarawak,Kuching,RM10k-15k,High,2022-12-03,2026-08-01,2026-08-14 00:26:12.005687
CUST005159,Female,1955-06-09,Sabah,Kota Kinabalu,RM3k-6k,Low,2019-02-24,2026-08-01,2026-08-14 00:26:12.005687
CUST005160,Female,1962-09-07,Negeri Sembilan,Seremban,RM10k-15k,Low,2025-07-25,2026-08-01,2026-08-14 00:26:12.005687
CUST005161,Male,1977-04-17,Johor,Muar,RM3k-6k,Low,2023-10-15,2026-08-01,2026-08-14 00:26:12.005687
CUST005162,Male,1983-08-14,Penang,Butterworth,<RM3k,Low,2025-01-04,2026-08-01,2026-08-14 00:26:12.005687
CUST005163,Female,1960-05-06,Sarawak,Kuching,RM3k-6k,Low,2018-05-11,2026-08-01,2026-08-14 00:26:12.005687
CUST005164,Female,1972-09-19,Perak,Taiping,RM10k-15k,High,2024-12-06,2026-08-01,2026-08-14 00:26:12.005687
CUST005165,Male,1970-01-25,Kuala Lumpur,Kuala Lumpur,RM6k-10k,Medium,2024-12-03,2026-08-01,2026-08-14 00:26:12.005687
CUST005166,Male,1981-03-08,Selangor,Petaling Jaya,RM10k-15k,High,2020-12-04,2026-08-01,2026-08-14 00:26:12.005687
CUST005167,Female,1969-09-23,Penang,Bayan Lepas,<RM3k,High,2022-07-22,2026-08-01,2026-08-14 00:26:12.005687
CUST005168,Male,1955-02-03,Sabah,Kota Kinabalu,<RM3k,Low,2022-01-03,2026-08-01,2026-08-14 00:26:12.005687
CUST005169,Female,1980-12-21,Johor,Muar,RM6k-10k,Medium,2024-08-10,2026-08-01,2026-08-14 00:26:12.005687
CUST005170,Female,1996-07-27,Sabah,Kota Kinabalu,RM3k-6k,Medium,2020-04-03,2026-08-01,2026-08-14 00:26:12.005687
CUST005171,Male,1983-08-26,Sarawak,Kuching,RM6k-10k,Low,2025-05-10,2026-08-01,2026-08-14 00:26:12.005687
CUST005172,Male,1972-09-25,Selangor,Subang Jaya,>RM15k,Medium,2022-06-06,2026-08-01,2026-08-14 00:26:12.005687
CUST005173,Male,1978-08-20,Penang,George Town,RM6k-10k,High,2018-01-01,2026-08-01,2026-08-14 00:26:12.005687
CUST005174,Female,1961-11-13,Penang,Butterworth,RM3k-6k,Medium,2020-06-05,2026-08-01,2026-08-14 00:26:12.005687
CUST005175,Female,1966-08-05,Selangor,Shah Alam,RM6k-10k,Medium,2019-02-21,2026-08-01,2026-08-14 00:26:12.005687
CUST005176,Female,1976-06-15,Johor,Batu Pahat,>RM15k,Low,2024-06-20,2026-08-01,2026-08-14 00:26:12.005687
CUST005177,Female,1984-01-09,Johor,Batu Pahat,RM6k-10k,Medium,2021-04-10,2026-08-01,2026-08-14 00:26:12.005687
CUST005178,Female,1978-10-27,Sarawak,Miri,RM10k-15k,Low,2021-09-18,2026-08-01,2026-08-14 00:26:12.005687
CUST005179,Male,2002-03-06,Johor,Batu Pahat,RM3k-6k,Medium,2020-10-19,2026-08-01,2026-08-14 00:26:12.005687
CUST005180,Male,1986-03-25,Kuala Lumpur,Kuala Lumpur,RM10k-15k,Medium,2023-08-08,2026-08-01,2026-08-14 00:26:12.005687
CUST005181,Male,1956-02-16,Johor,Muar,<RM3k,Low,2025-12-11,2026-08-01,2026-08-14 00:26:12.005687
CUST005182,Female,1980-09-13,Sarawak,Miri,RM10k-15k,Low,2024-12-24,2026-08-01,2026-08-14 00:26:12.005687
CUST005183,Female,1983-07-22,Penang,George Town,RM10k-15k,Medium,2025-11-30,2026-08-01,2026-08-14 00:26:12.005687
CUST005184,Male,1957-02-17,Selangor,Petaling Jaya,>RM15k,Low,2020-05-25,2026-08-01,2026-08-14 00:26:12.005687
CUST005185,Female,1973-11-12,Melaka,Melaka City,<RM3k,Low,2023-04-25,2026-08-01,2026-08-14 00:26:12.005687
CUST005186,Male,1997-09-13,Kuala Lumpur,Kuala Lumpur,RM10k-15k,Low,2022-12-23,2026-08-01,2026-08-14 00:26:12.005687
CUST005187,Female,1972-06-26,Selangor,Petaling Jaya,<RM3k,Medium,2020-06-02,2026-08-01,2026-08-14 00:26:12.005687
CUST005188,Male,1977-05-14,Johor,Johor Bahru,RM3k-6k,Low,2024-10-06,2026-08-01,2026-08-14 00:26:12.005687
CUST005189,Male,1965-11-01,Sabah,Sandakan,RM6k-10k,Low,2025-05-10,2026-08-01,2026-08-14 00:26:12.005687
CUST005190,Male,1958-10-09,Sarawak,Kuching,RM6k-10k,High,2025-08-09,2026-08-01,2026-08-14 00:26:12.005687
CUST005191,Male,1970-08-04,Kuala Lumpur,Kuala Lumpur,RM3k-6k,Low,2025-11-25,2026-08-01,2026-08-14 00:26:12.005687
CUST005192,Male,1992-11-12,Sabah,Kota Kinabalu,RM6k-10k,High,2019-04-22,2026-08-01,2026-08-14 00:26:12.005687
CUST005193,Female,2003-03-04,Perak,Ipoh,RM6k-10k,Low,2019-03-07,2026-08-01,2026-08-14 00:26:12.005687
CUST005194,Male,1987-05-07,Melaka,Melaka City,RM6k-10k,Low,2023-06-14,2026-08-01,2026-08-14 00:26:12.005687
CUST005195,Male,1995-09-17,Melaka,Melaka City,RM6k-10k,Medium,2023-10-21,2026-08-01,2026-08-14 00:26:12.005687
CUST005196,Male,1986-10-27,Sabah,Sandakan,RM6k-10k,Low,2021-06-25,2026-08-01,2026-08-14 00:26:12.005687
CUST005197,Female,1987-04-11,Selangor,Petaling Jaya,RM3k-6k,High,2019-04-22,2026-08-01,2026-08-14 00:26:12.005687
CUST005198,Female,1975-12-02,Selangor,Klang,<RM3k,Low,2020-04-14,2026-08-01,2026-08-14 00:26:12.005687
CUST005199,Male,1957-12-31,Negeri Sembilan,Seremban,RM6k-10k,Medium,2019-01-10,2026-08-01,2026-08-14 00:26:12.005687
CUST005200,Male,1975-02-11,Penang,George Town,RM6k-10k,Low,2019-04-06,2026-08-01,2026-08-14 00:26:12.005687
CUST005201,Female,1997-05-17,Johor,Batu Pahat,RM3k-6k,Medium,2019-07-03,2026-08-01,2026-08-14 00:26:12.005687
CUST005202,Female,1981-04-12,Melaka,Melaka City,<RM3k,Low,2022-09-06,2026-08-01,2026-08-14 00:26:12.005687
CUST005203,Female,1992-05-02,Melaka,Melaka City,>RM15k,Medium,2022-02-08,2026-08-01,2026-08-14 00:26:12.005687
CUST005204,Female,1957-06-24,Perak,Ipoh,RM10k-15k,Low,2020-09-02,2026-08-01,2026-08-14 00:26:12.005687
CUST005205,Female,1964-11-10,Melaka,Melaka City,RM6k-10k,Medium,2022-05-05,2026-08-01,2026-08-14 00:26:12.005687
CUST005206,Female,1969-08-25,Kuala Lumpur,Kuala Lumpur,RM10k-15k,Low,2023-05-06,2026-08-01,2026-08-14 00:26:12.005687
CUST005207,Female,1972-08-09,Sabah,Kota Kinabalu,>RM15k,Low,2018-10-12,2026-08-01,2026-08-14 00:26:12.005687
CUST005208,Male,2003-05-28,Negeri Sembilan,Seremban,RM6k-10k,Medium,2020-03-31,2026-08-01,2026-08-14 00:26:12.005687
CUST005209,Female,1977-08-19,Kuala Lumpur,Kuala Lumpur,RM3k-6k,Low,2019-08-11,2026-08-01,2026-08-14 00:26:12.005687
CUST005210,Female,1987-06-12,Selangor,Shah Alam,RM6k-10k,Medium,2018-01-02,2026-08-01,2026-08-14 00:26:12.005687
CUST005211,Female,1986-07-30,Sabah,Sandakan,>RM15k,Medium,2018-12-05,2026-08-01,2026-08-14 00:26:12.005687
CUST005212,Female,1975-07-12,Johor,Batu Pahat,RM6k-10k,Low,2024-02-20,2026-08-01,2026-08-14 00:26:12.005687
CUST005213,Male,2002-05-07,Kuala Lumpur,Kuala Lumpur,<RM3k,Medium,2025-01-01,2026-08-01,2026-08-14 00:26:12.005687
CUST005214,Male,1965-11-23,Selangor,Petaling Jaya,>RM15k,Low,2019-04-17,2026-08-01,2026-08-14 00:26:12.005687
CUST005215,Female,1956-09-09,Selangor,Petaling Jaya,RM10k-15k,Medium,2024-02-20,2026-08-01,2026-08-14 00:26:12.005687
CUST005216,Female,1991-07-07,Selangor,Shah Alam,RM3k-6k,Low,2020-01-08,2026-08-01,2026-08-14 00:26:12.005687
CUST005217,Female,1987-01-13,Melaka,Melaka City,>RM15k,Low,2019-02-13,2026-08-01,2026-08-14 00:26:12.005687
CUST005218,Female,1967-10-03,Perak,Taiping,RM6k-10k,Medium,2019-11-19,2026-08-01,2026-08-14 00:26:12.005687
CUST005219,Female,1997-07-12,Sabah,Sandakan,RM10k-15k,High,2025-05-09,2026-08-01,2026-08-14 00:26:12.005687
CUST005220,Female,1962-12-15,Kuala Lumpur,Kuala Lumpur,>RM15k,High,2020-09-26,2026-08-01,2026-08-14 00:26:12.005687
CUST005221,Female,1967-04-19,Johor,Batu Pahat,<RM3k,Medium,2023-12-04,2026-08-01,2026-08-14 00:26:12.005687
CUST005222,Male,1962-07-28,Selangor,Petaling Jaya,RM10k-15k,Low,2021-11-18,2026-08-01,2026-08-14 00:26:12.005687
CUST005223,Female,1964-02-16,Sarawak,Miri,RM3k-6k,Low,2021-06-26,2026-08-01,2026-08-14 00:26:12.005687
CUST005224,Female,1990-09-24,Negeri Sembilan,Seremban,RM10k-15k,Low,2024-07-01,2026-08-01,2026-08-14 00:26:12.005687
CUST005225,Female,1989-06-20,Johor,Johor Bahru,RM10k-15k,Medium,2025-12-06,2026-08-01,2026-08-14 00:26:12.005687
CUST005226,Female,1986-06-30,Negeri Sembilan,Seremban,RM10k-15k,Low,2023-03-15,2026-08-01,2026-08-14 00:26:12.005687
CUST005227,Female,1997-03-05,Kuala Lumpur,Kuala Lumpur,RM10k-15k,High,2024-10-17,2026-08-01,2026-08-14 00:26:12.005687
CUST005228,Female,1958-06-03,Selangor,Klang,RM10k-15k,Low,2019-03-03,2026-08-01,2026-08-14 00:26:12.005687
CUST005229,Female,1985-05-26,Sabah,Kota Kinabalu,RM3k-6k,Low,2025-03-16,2026-08-01,2026-08-14 00:26:12.005687
CUST005230,Female,1960-08-20,Selangor,Shah Alam,RM3k-6k,Medium,2019-06-21,2026-08-01,2026-08-14 00:26:12.005687
CUST005231,Male,2001-10-28,Melaka,Melaka City,<RM3k,Low,2019-07-11,2026-08-01,2026-08-14 00:26:12.005687
CUST005232,Male,1986-01-21,Selangor,Klang,RM10k-15k,Low,2024-10-10,2026-08-01,2026-08-14 00:26:12.005687
CUST005233,Female,1992-03-26,Sabah,Kota Kinabalu,RM6k-10k,Medium,2021-11-11,2026-08-01,2026-08-14 00:26:12.005687
CUST005234,Female,1982-12-25,Selangor,Petaling Jaya,RM6k-10k,High,2019-12-31,2026-08-01,2026-08-14 00:26:12.005687
CUST005235,Male,1973-10-19,Selangor,Klang,RM3k-6k,Low,2018-03-21,2026-08-01,2026-08-14 00:26:12.005687
CUST005236,Male,1988-08-11,Johor,Muar,RM6k-10k,Low,2019-10-01,2026-08-01,2026-08-14 00:26:12.005687
CUST005237,Female,1995-12-13,Negeri Sembilan,Seremban,RM3k-6k,Low,2024-08-04,2026-08-01,2026-08-14 00:26:12.005687
CUST005238,Female,1963-09-22,Penang,Butterworth,>RM15k,Medium,2018-01-11,2026-08-01,2026-08-14 00:26:12.005687
CUST005239,Female,1997-09-19,Penang,Bayan Lepas,RM10k-15k,Low,2025-05-11,2026-08-01,2026-08-14 00:26:12.005687
CUST005240,Male,1990-08-08,Kuala Lumpur,Kuala Lumpur,RM6k-10k,Medium,2024-03-11,2026-08-01,2026-08-14 00:26:12.005687
CUST005241,Female,1959-03-17,Kuala Lumpur,Kuala Lumpur,RM10k-15k,Low,2019-08-21,2026-08-01,2026-08-14 00:26:12.005687
CUST005242,Female,2000-11-12,Kuala Lumpur,Kuala Lumpur,<RM3k,High,2023-11-28,2026-08-01,2026-08-14 00:26:12.005687
CUST005243,Female,1963-10-31,Sarawak,Miri,<RM3k,Medium,2022-02-23,2026-08-01,2026-08-14 00:26:12.005687
CUST005244,Female,1984-06-13,Selangor,Klang,RM6k-10k,Medium,2020-10-12,2026-08-01,2026-08-14 00:26:12.005687
CUST005245,Female,1961-05-08,Selangor,Subang Jaya,RM6k-10k,Low,2022-01-16,2026-08-01,2026-08-14 00:26:12.005687
CUST005246,Male,1964-08-10,Penang,Bayan Lepas,<RM3k,Low,2018-01-22,2026-08-01,2026-08-14 00:26:12.005687
CUST005247,Male,1986-07-04,Penang,Bayan Lepas,RM3k-6k,Low,2025-01-15,2026-08-01,2026-08-14 00:26:12.005687
CUST005248,Female,1988-04-18,Selangor,Petaling Jaya,RM6k-10k,Low,2024-04-13,2026-08-01,2026-08-14 00:26:12.005687
CUST005249,Female,1988-08-28,Kuala Lumpur,Kuala Lumpur,<RM3k,Low,2019-06-09,2026-08-01,2026-08-14 00:26:12.005687
CUST005250,Male,1971-10-23,Johor,Batu Pahat,RM3k-6k,Low,2018-10-18,2026-08-01,2026-08-14 00:26:12.005687
CUST005251,Female,1995-03-10,Sabah,Kota Kinabalu,RM6k-10k,Low,2021-05-21,2026-08-01,2026-08-14 00:26:12.005687
CUST005252,Female,1957-06-01,Selangor,Petaling Jaya,>RM15k,Low,2021-09-07,2026-08-01,2026-08-14 00:26:12.005687
CUST005253,Female,1996-11-09,Perak,Taiping,RM3k-6k,Low,2024-03-06,2026-08-01,2026-08-14 00:26:12.005687
CUST005254,Male,1969-10-24,Kuala Lumpur,Kuala Lumpur,<RM3k,Low,2024-09-20,2026-08-01,2026-08-14 00:26:12.005687
CUST005255,Male,1985-05-30,Melaka,Melaka City,<RM3k,Medium,2018-07-06,2026-08-01,2026-08-14 00:26:12.005687
CUST005256,Male,1999-05-16,Negeri Sembilan,Seremban,<RM3k,Low,2019-12-15,2026-08-01,2026-08-14 00:26:12.005687
CUST005257,Male,1967-07-09,Kuala Lumpur,Kuala Lumpur,RM10k-15k,Medium,2022-09-09,2026-08-01,2026-08-14 00:26:12.005687
CUST005258,Female,1975-02-22,Johor,Muar,RM3k-6k,Low,2021-01-14,2026-08-01,2026-08-14 00:26:12.005687
CUST005259,Female,1995-08-02,Selangor,Petaling Jaya,RM3k-6k,High,2025-12-03,2026-08-01,2026-08-14 00:26:12.005687
CUST005260,Female,1997-05-14,Sarawak,Miri,>RM15k,Low,2023-04-15,2026-08-01,2026-08-14 00:26:12.005687
CUST005261,Male,1966-07-11,Johor,Batu Pahat,RM10k-15k,Low,2020-07-31,2026-08-01,2026-08-14 00:26:12.005687
CUST005262,Male,1979-12-03,Penang,Bayan Lepas,<RM3k,Medium,2023-05-21,2026-08-01,2026-08-14 00:26:12.005687
CUST005263,Female,1971-05-02,Selangor,Klang,RM3k-6k,Low,2021-06-11,2026-08-01,2026-08-14 00:26:12.005687
CUST005264,Male,1980-04-30,Kuala Lumpur,Kuala Lumpur,RM10k-15k,Low,2021-09-13,2026-08-01,2026-08-14 00:26:12.005687
CUST005265,Female,1973-07-30,Perak,Ipoh,RM6k-10k,Low,2023-09-19,2026-08-01,2026-08-14 00:26:12.005687
CUST005266,Female,1955-04-04,Penang,Bayan Lepas,>RM15k,High,2021-06-20,2026-08-01,2026-08-14 00:26:12.005687
CUST005267,Female,2000-04-19,Sarawak,Kuching,<RM3k,Medium,2023-07-28,2026-08-01,2026-08-14 00:26:12.005687
CUST005268,Male,1986-03-20,Sarawak,Miri,RM10k-15k,Low,2021-05-10,2026-08-01,2026-08-14 00:26:12.005687
CUST005269,Male,1977-08-14,Penang,George Town,<RM3k,Medium,2022-10-02,2026-08-01,2026-08-14 00:26:12.005687
CUST005270,Male,1960-04-13,Johor,Batu Pahat,RM3k-6k,Low,2021-11-20,2026-08-01,2026-08-14 00:26:12.005687
CUST005271,Male,1958-06-29,Melaka,Melaka City,RM10k-15k,Low,2022-08-04,2026-08-01,2026-08-14 00:26:12.005687
CUST005272,Male,1978-06-16,Sarawak,Kuching,RM6k-10k,Low,2020-10-09,2026-08-01,2026-08-14 00:26:12.005687
CUST005273,Male,1986-10-21,Melaka,Melaka City,<RM3k,Low,2018-12-17,2026-08-01,2026-08-14 00:26:12.005687
CUST005274,Male,1967-10-03,Negeri Sembilan,Seremban,RM3k-6k,High,2020-01-19,2026-08-01,2026-08-14 00:26:12.005687
CUST005275,Female,1991-06-22,Selangor,Shah Alam,RM10k-15k,Medium,2020-11-06,2026-08-01,2026-08-14 00:26:12.005687
CUST005276,Male,1974-03-24,Perak,Taiping,<RM3k,High,2020-07-12,2026-08-01,2026-08-14 00:26:12.005687
CUST005277,Male,1955-07-18,Perak,Taiping,RM3k-6k,Medium,2021-05-15,2026-08-01,2026-08-14 00:26:12.005687
CUST005278,Male,1981-04-25,Kuala Lumpur,Kuala Lumpur,RM3k-6k,Low,2021-10-27,2026-08-01,2026-08-14 00:26:12.005687
CUST005279,Female,1963-11-15,Penang,Butterworth,<RM3k,Medium,2020-01-06,2026-08-01,2026-08-14 00:26:12.005687
CUST005280,Male,1955-09-16,Johor,Muar,RM10k-15k,Low,2021-01-21,2026-08-01,2026-08-14 00:26:12.005687
CUST005281,Male,1961-05-17,Johor,Batu Pahat,<RM3k,Medium,2020-04-04,2026-08-01,2026-08-14 00:26:12.005687
CUST005282,Female,1968-12-10,Selangor,Petaling Jaya,RM6k-10k,Low,2022-09-07,2026-08-01,2026-08-14 00:26:12.005687
CUST005283,Male,1980-03-23,Sabah,Sandakan,RM6k-10k,Medium,2021-10-22,2026-08-01,2026-08-14 00:26:12.005687
CUST005284,Female,2003-06-28,Perak,Taiping,<RM3k,Medium,2023-01-18,2026-08-01,2026-08-14 00:26:12.005687
CUST005285,Female,1965-09-11,Johor,Johor Bahru,RM6k-10k,Low,2021-06-15,2026-08-01,2026-08-14 00:26:12.005687
CUST005286,Female,1957-10-24,Kuala Lumpur,Kuala Lumpur,RM3k-6k,Low,2025-12-19,2026-08-01,2026-08-14 00:26:12.005687
CUST005287,Male,1964-05-15,Penang,Bayan Lepas,RM10k-15k,Low,2021-11-16,2026-08-01,2026-08-14 00:26:12.005687
CUST005288,Male,1970-08-25,Kuala Lumpur,Kuala Lumpur,RM10k-15k,Low,2022-12-02,2026-08-01,2026-08-14 00:26:12.005687
CUST005289,Female,1965-01-21,Selangor,Petaling Jaya,RM10k-15k,Medium,2021-07-15,2026-08-01,2026-08-14 00:26:12.005687
CUST005290,Male,1970-10-01,Selangor,Petaling Jaya,RM3k-6k,Low,2023-11-16,2026-08-01,2026-08-14 00:26:12.005687
CUST005291,Female,2002-06-25,Melaka,Melaka City,RM10k-15k,Low,2022-06-20,2026-08-01,2026-08-14 00:26:12.005687
CUST005292,Female,1973-08-03,Selangor,Shah Alam,RM6k-10k,Low,2018-10-14,2026-08-01,2026-08-14 00:26:12.005687
CUST005293,Male,1986-02-05,Penang,Bayan Lepas,RM3k-6k,Low,2023-11-01,2026-08-01,2026-08-14 00:26:12.005687
CUST005294,Male,1988-07-20,Melaka,Melaka City,<RM3k,Low,2024-01-31,2026-08-01,2026-08-14 00:26:12.005687
CUST005295,Male,1961-05-18,Johor,Batu Pahat,<RM3k,Medium,2021-03-21,2026-08-01,2026-08-14 00:26:12.005687
CUST005296,Male,1967-02-20,Melaka,Melaka City,RM3k-6k,Medium,2022-01-26,2026-08-01,2026-08-14 00:26:12.005687
CUST005297,Male,1975-05-15,Kuala Lumpur,Kuala Lumpur,RM3k-6k,High,2018-02-01,2026-08-01,2026-08-14 00:26:12.005687
CUST005298,Female,1977-07-20,Selangor,Petaling Jaya,>RM15k,Low,2024-12-06,2026-08-01,2026-08-14 00:26:12.005687
CUST005299,Female,1955-08-24,Kuala Lumpur,Kuala Lumpur,>RM15k,Low,2024-03-24,2026-08-01,2026-08-14 00:26:12.005687
CUST005300,Female,1986-08-06,Penang,George Town,<RM3k,Low,2025-10-07,2026-08-01,2026-08-14 00:26:12.005687
CUST005301,Male,1969-09-25,Negeri Sembilan,Seremban,>RM15k,Low,2022-10-17,2026-08-01,2026-08-14 00:26:12.005687
CUST005302,Male,1970-10-17,Perak,Ipoh,RM6k-10k,Low,2019-11-04,2026-08-01,2026-08-14 00:26:12.005687
CUST005303,Male,1984-07-18,Penang,Butterworth,RM6k-10k,Low,2020-04-27,2026-08-01,2026-08-14 00:26:12.005687
CUST005304,Female,2001-06-27,Selangor,Subang Jaya,>RM15k,Medium,2025-06-05,2026-08-01,2026-08-14 00:26:12.005687
CUST005305,Female,1997-05-19,Negeri Sembilan,Seremban,RM6k-10k,Low,2018-05-06,2026-08-01,2026-08-14 00:26:12.005687
CUST005306,Male,2003-01-01,Johor,Batu Pahat,RM6k-10k,Medium,2023-05-16,2026-08-01,2026-08-14 00:26:12.005687
CUST005307,Male,1975-04-06,Selangor,Klang,RM3k-6k,Medium,2018-07-18,2026-08-01,2026-08-14 00:26:12.005687
CUST005308,Female,1960-11-11,Negeri Sembilan,Seremban,RM3k-6k,Medium,2023-11-29,2026-08-01,2026-08-14 00:26:12.005687
CUST005309,Female,1965-08-01,Johor,Muar,>RM15k,Low,2022-08-25,2026-08-01,2026-08-14 00:26:12.005687
CUST005310,Female,1971-11-06,Selangor,Shah Alam,RM3k-6k,Medium,2021-10-11,2026-08-01,2026-08-14 00:26:12.005687
CUST005311,Female,1969-09-17,Kuala Lumpur,Kuala Lumpur,<RM3k,Low,2023-08-08,2026-08-01,2026-08-14 00:26:12.005687
CUST005312,Female,1965-03-10,Kuala Lumpur,Kuala Lumpur,RM3k-6k,Low,2020-11-02,2026-08-01,2026-08-14 00:26:12.005687
CUST005313,Female,1962-05-24,Sarawak,Kuching,RM6k-10k,Low,2022-08-02,2026-08-01,2026-08-14 00:26:12.005687
CUST005314,Male,1964-02-25,Johor,Muar,RM3k-6k,Low,2024-05-25,2026-08-01,2026-08-14 00:26:12.005687
CUST005315,Female,1987-04-03,Negeri Sembilan,Seremban,>RM15k,Low,2021-08-31,2026-08-01,2026-08-14 00:26:12.005687
CUST005316,Female,1979-01-21,Kuala Lumpur,Kuala Lumpur,RM3k-6k,Medium,2018-03-06,2026-08-01,2026-08-14 00:26:12.005687
CUST005317,Female,1956-11-03,Penang,Bayan Lepas,RM10k-15k,Medium,2025-12-13,2026-08-01,2026-08-14 00:26:12.005687
CUST005318,Male,1982-08-17,Perak,Taiping,RM6k-10k,Low,2022-04-29,2026-08-01,2026-08-14 00:26:12.005687
CUST005319,Female,1996-04-09,Penang,George Town,RM6k-10k,Low,2021-06-09,2026-08-01,2026-08-14 00:26:12.005687
CUST005320,Female,1975-11-09,Johor,Muar,<RM3k,Low,2018-08-04,2026-08-01,2026-08-14 00:26:12.005687
CUST005321,Female,1970-08-11,Penang,Butterworth,RM3k-6k,High,2018-09-22,2026-08-01,2026-08-14 00:26:12.005687
CUST005322,Male,1968-05-09,Perak,Ipoh,RM10k-15k,Low,2020-01-14,2026-08-01,2026-08-14 00:26:12.005687
CUST005323,Male,1973-08-04,Sarawak,Kuching,RM10k-15k,Low,2025-05-20,2026-08-01,2026-08-14 00:26:12.005687
CUST005324,Female,1968-08-26,Selangor,Subang Jaya,RM3k-6k,Low,2023-10-20,2026-08-01,2026-08-14 00:26:12.005687
CUST005325,Female,2000-04-13,Johor,Muar,>RM15k,Medium,2021-04-22,2026-08-01,2026-08-14 00:26:12.005687
CUST005326,Female,2003-08-12,Penang,Butterworth,RM10k-15k,Low,2024-01-14,2026-08-01,2026-08-14 00:26:12.005687
CUST005327,Male,1971-10-27,Selangor,Petaling Jaya,<RM3k,Low,2021-02-18,2026-08-01,2026-08-14 00:26:12.005687
CUST005328,Male,2000-04-04,Kuala Lumpur,Kuala Lumpur,RM6k-10k,Low,2025-02-09,2026-08-01,2026-08-14 00:26:12.005687
CUST005329,Female,1996-10-27,Negeri Sembilan,Seremban,RM10k-15k,Medium,2020-08-13,2026-08-01,2026-08-14 00:26:12.005687
CUST005330,Female,1958-09-20,Selangor,Petaling Jaya,RM10k-15k,Low,2023-09-21,2026-08-01,2026-08-14 00:26:12.005687
CUST005331,Male,1979-01-19,Selangor,Shah Alam,<RM3k,High,2021-06-29,2026-08-01,2026-08-14 00:26:12.005687
CUST005332,Male,1987-03-03,Penang,Butterworth,RM3k-6k,Medium,2023-05-25,2026-08-01,2026-08-14 00:26:12.005687
CUST005333,Female,1975-09-07,Kuala Lumpur,Kuala Lumpur,RM3k-6k,Low,2019-06-29,2026-08-01,2026-08-14 00:26:12.005687
CUST005334,Female,1977-05-21,Kuala Lumpur,Kuala Lumpur,RM3k-6k,High,2025-07-23,2026-08-01,2026-08-14 00:26:12.005687
CUST005335,Female,1979-03-19,Kuala Lumpur,Kuala Lumpur,<RM3k,Medium,2020-04-16,2026-08-01,2026-08-14 00:26:12.005687
CUST005336,Male,1988-10-01,Kuala Lumpur,Kuala Lumpur,RM6k-10k,Low,2022-04-19,2026-08-01,2026-08-14 00:26:12.005687
CUST005337,Male,1969-05-24,Johor,Muar,RM6k-10k,Medium,2023-07-01,2026-08-01,2026-08-14 00:26:12.005687
CUST005338,Male,1984-04-01,Sarawak,Miri,<RM3k,Low,2023-03-25,2026-08-01,2026-08-14 00:26:12.005687
CUST005339,Male,1966-12-06,Selangor,Subang Jaya,RM6k-10k,Low,2022-06-09,2026-08-01,2026-08-14 00:26:12.005687
CUST005340,Female,1998-07-28,Johor,Johor Bahru,<RM3k,Low,2024-12-10,2026-08-01,2026-08-14 00:26:12.005687
CUST005341,Female,1959-02-24,Penang,George Town,RM3k-6k,Medium,2025-10-03,2026-08-01,2026-08-14 00:26:12.005687
CUST005342,Female,1958-04-13,Selangor,Shah Alam,RM10k-15k,High,2024-02-09,2026-08-01,2026-08-14 00:26:12.005687
CUST005343,Male,1956-11-06,Johor,Batu Pahat,>RM15k,Low,2019-06-23,2026-08-01,2026-08-14 00:26:12.005687
CUST005344,Male,1972-02-17,Selangor,Petaling Jaya,RM3k-6k,Medium,2024-02-27,2026-08-01,2026-08-14 00:26:12.005687
CUST005345,Female,1984-09-14,Selangor,Petaling Jaya,RM10k-15k,Medium,2022-01-10,2026-08-01,2026-08-14 00:26:12.005687
CUST005346,Female,2003-04-15,Selangor,Subang Jaya,>RM15k,High,2022-04-17,2026-08-01,2026-08-14 00:26:12.005687
CUST005347,Male,1977-04-11,Kuala Lumpur,Kuala Lumpur,RM6k-10k,Low,2025-07-13,2026-08-01,2026-08-14 00:26:12.005687
CUST005348,Male,1963-12-07,Melaka,Melaka City,>RM15k,Low,2022-03-22,2026-08-01,2026-08-14 00:26:12.005687
CUST005349,Male,1973-01-16,Negeri Sembilan,Seremban,RM3k-6k,Low,2024-10-21,2026-08-01,2026-08-14 00:26:12.005687
CUST005350,Female,1961-03-28,Sarawak,Kuching,<RM3k,Low,2023-03-10,2026-08-01,2026-08-14 00:26:12.005687
CUST005351,Male,1978-02-15,Kuala Lumpur,Kuala Lumpur,RM10k-15k,Low,2018-09-13,2026-08-01,2026-08-14 00:26:12.005687
CUST005352,Male,1990-09-19,Sabah,Sandakan,RM6k-10k,Low,2023-08-09,2026-08-01,2026-08-14 00:26:12.005687
CUST005353,Male,1956-09-27,Penang,Bayan Lepas,RM3k-6k,Low,2021-12-16,2026-08-01,2026-08-14 00:26:12.005687
CUST005354,Male,1993-02-02,Kuala Lumpur,Kuala Lumpur,<RM3k,Medium,2022-05-15,2026-08-01,2026-08-14 00:26:12.005687
CUST005355,Male,1966-03-14,Negeri Sembilan,Seremban,<RM3k,Low,2020-06-03,2026-08-01,2026-08-14 00:26:12.005687
CUST005356,Male,1987-12-10,Sabah,Kota Kinabalu,<RM3k,Low,2019-06-26,2026-08-01,2026-08-14 00:26:12.005687
CUST005357,Male,1994-12-16,Kuala Lumpur,Kuala Lumpur,RM3k-6k,Medium,2023-12-14,2026-08-01,2026-08-14 00:26:12.005687
CUST005358,Female,1993-01-11,Negeri Sembilan,Seremban,>RM15k,Low,2019-12-27,2026-08-01,2026-08-14 00:26:12.005687
CUST005359,Female,1987-10-28,Kuala Lumpur,Kuala Lumpur,RM3k-6k,Medium,2018-09-30,2026-08-01,2026-08-14 00:26:12.005687
CUST005360,Male,1988-12-27,Johor,Batu Pahat,RM10k-15k,Medium,2021-12-11,2026-08-01,2026-08-14 00:26:12.005687
CUST005361,Male,1964-03-11,Kuala Lumpur,Kuala Lumpur,<RM3k,Low,2023-09-10,2026-08-01,2026-08-14 00:26:12.005687
CUST005362,Female,1961-08-26,Kuala Lumpur,Kuala Lumpur,RM3k-6k,Low,2019-08-20,2026-08-01,2026-08-14 00:26:12.005687
CUST005363,Female,1973-09-05,Negeri Sembilan,Seremban,>RM15k,Low,2020-11-22,2026-08-01,2026-08-14 00:26:12.005687
CUST005364,Male,1984-10-19,Penang,Bayan Lepas,RM3k-6k,Low,2021-05-22,2026-08-01,2026-08-14 00:26:12.005687
CUST005365,Male,1985-04-15,Selangor,Klang,RM3k-6k,Medium,2025-05-21,2026-08-01,2026-08-14 00:26:12.005687
CUST005366,Male,1993-01-23,Sabah,Kota Kinabalu,RM10k-15k,Low,2019-03-06,2026-08-01,2026-08-14 00:26:12.005687
CUST005367,Female,1970-02-11,Melaka,Melaka City,<RM3k,Low,2025-05-06,2026-08-01,2026-08-14 00:26:12.005687
CUST005368,Male,1997-05-29,Melaka,Melaka City,<RM3k,Low,2019-03-04,2026-08-01,2026-08-14 00:26:12.005687
CUST005369,Male,1977-01-02,Negeri Sembilan,Seremban,>RM15k,Low,2022-08-16,2026-08-01,2026-08-14 00:26:12.005687
CUST005370,Female,1967-01-24,Melaka,Melaka City,RM3k-6k,Low,2024-09-29,2026-08-01,2026-08-14 00:26:12.005687
CUST005371,Female,1991-01-13,Penang,Bayan Lepas,RM6k-10k,Medium,2025-03-26,2026-08-01,2026-08-14 00:26:12.005687
CUST005372,Male,1961-03-30,Selangor,Subang Jaya,<RM3k,Low,2022-05-03,2026-08-01,2026-08-14 00:26:12.005687
CUST005373,Female,1974-11-10,Melaka,Melaka City,RM3k-6k,Medium,2021-12-11,2026-08-01,2026-08-14 00:26:12.005687
CUST005374,Male,1993-04-09,Kuala Lumpur,Kuala Lumpur,RM3k-6k,High,2024-03-29,2026-08-01,2026-08-14 00:26:12.005687
CUST005375,Male,1992-10-12,Kuala Lumpur,Kuala Lumpur,RM6k-10k,Medium,2025-04-10,2026-08-01,2026-08-14 00:26:12.005687
CUST005376,Male,1967-07-28,Johor,Muar,RM3k-6k,Low,2018-02-03,2026-08-01,2026-08-14 00:26:12.005687
CUST005377,Female,1963-02-28,Selangor,Subang Jaya,RM10k-15k,Low,2020-02-05,2026-08-01,2026-08-14 00:26:12.005687
CUST005378,Male,1956-07-25,Penang,George Town,RM10k-15k,Medium,2020-04-14,2026-08-01,2026-08-14 00:26:12.005687
CUST005379,Female,1959-05-19,Melaka,Melaka City,RM6k-10k,Medium,2024-08-31,2026-08-01,2026-08-14 00:26:12.005687
CUST005380,Male,1995-06-08,Johor,Muar,RM3k-6k,High,2018-02-21,2026-08-01,2026-08-14 00:26:12.005687
CUST005381,Female,1993-05-24,Penang,Butterworth,RM6k-10k,Low,2019-01-02,2026-08-01,2026-08-14 00:26:12.005687
CUST005382,Male,1979-10-17,Johor,Muar,RM10k-15k,Low,2018-01-10,2026-08-01,2026-08-14 00:26:12.005687
CUST005383,Male,1982-12-07,Perak,Taiping,<RM3k,Low,2025-08-15,2026-08-01,2026-08-14 00:26:12.005687
CUST005384,Female,1971-01-02,Kuala Lumpur,Kuala Lumpur,RM10k-15k,High,2018-04-04,2026-08-01,2026-08-14 00:26:12.005687
CUST005385,Female,1964-05-29,Kuala Lumpur,Kuala Lumpur,RM6k-10k,Medium,2020-02-15,2026-08-01,2026-08-14 00:26:12.005687
CUST005386,Male,1955-07-24,Penang,Butterworth,>RM15k,Medium,2022-03-04,2026-08-01,2026-08-14 00:26:12.005687
CUST005387,Female,1987-12-03,Johor,Johor Bahru,>RM15k,Medium,2020-10-15,2026-08-01,2026-08-14 00:26:12.005687
CUST005388,Female,1956-09-24,Selangor,Subang Jaya,<RM3k,High,2018-09-23,2026-08-01,2026-08-14 00:26:12.005687
CUST005389,Female,1960-02-23,Selangor,Petaling Jaya,RM3k-6k,Low,2021-04-21,2026-08-01,2026-08-14 00:26:12.005687
CUST005390,Male,1993-11-01,Kuala Lumpur,Kuala Lumpur,RM6k-10k,High,2024-05-21,2026-08-01,2026-08-14 00:26:12.005687
CUST005391,Male,1983-07-23,Perak,Ipoh,RM6k-10k,High,2020-04-23,2026-08-01,2026-08-14 00:26:12.005687
CUST005392,Female,1978-12-29,Johor,Johor Bahru,RM10k-15k,Medium,2022-02-16,2026-08-01,2026-08-14 00:26:12.005687
CUST005393,Male,1965-09-13,Johor,Batu Pahat,<RM3k,High,2021-10-04,2026-08-01,2026-08-14 00:26:12.005687
CUST005394,Female,1962-05-03,Melaka,Melaka City,RM6k-10k,Low,2019-12-18,2026-08-01,2026-08-14 00:26:12.005687
CUST005395,Female,1977-11-09,Sabah,Kota Kinabalu,>RM15k,Medium,2018-01-08,2026-08-01,2026-08-14 00:26:12.005687
CUST005396,Female,1972-07-25,Selangor,Klang,>RM15k,Medium,2024-09-15,2026-08-01,2026-08-14 00:26:12.005687
CUST005397,Female,1981-03-03,Perak,Taiping,<RM3k,Medium,2025-12-12,2026-08-01,2026-08-14 00:26:12.005687
CUST005398,Female,1963-02-06,Kuala Lumpur,Kuala Lumpur,>RM15k,Medium,2022-01-28,2026-08-01,2026-08-14 00:26:12.005687
CUST005399,Male,1966-05-04,Selangor,Subang Jaya,<RM3k,Medium,2024-08-22,2026-08-01,2026-08-14 00:26:12.005687
CUST005400,Female,1960-07-13,Perak,Taiping,RM6k-10k,Low,2020-10-21,2026-08-01,2026-08-14 00:26:12.005687
CUST005401,Male,1975-10-19,Kuala Lumpur,Kuala Lumpur,RM3k-6k,Medium,2022-07-17,2026-08-01,2026-08-14 00:26:12.005687
CUST005402,Female,1968-07-15,Selangor,Shah Alam,RM6k-10k,Medium,2024-05-25,2026-08-01,2026-08-14 00:26:12.005687
CUST005403,Female,1965-12-13,Melaka,Melaka City,<RM3k,Medium,2023-05-19,2026-08-01,2026-08-14 00:26:12.005687
CUST005404,Female,1981-12-04,Sabah,Sandakan,RM3k-6k,Low,2025-05-22,2026-08-01,2026-08-14 00:26:12.005687
CUST005405,Male,1979-05-16,Melaka,Melaka City,RM3k-6k,Medium,2022-06-21,2026-08-01,2026-08-14 00:26:12.005687
CUST005406,Male,1965-04-16,Melaka,Melaka City,>RM15k,Medium,2024-10-10,2026-08-01,2026-08-14 00:26:12.005687
CUST005407,Female,1989-04-01,Selangor,Subang Jaya,RM6k-10k,Low,2025-06-17,2026-08-01,2026-08-14 00:26:12.005687
CUST005408,Female,1971-11-03,Penang,Bayan Lepas,RM6k-10k,Medium,2024-01-30,2026-08-01,2026-08-14 00:26:12.005687
CUST005409,Female,1971-09-23,Selangor,Subang Jaya,RM6k-10k,Medium,2020-10-30,2026-08-01,2026-08-14 00:26:12.005687
CUST005410,Male,1978-06-02,Perak,Ipoh,RM3k-6k,Medium,2018-09-23,2026-08-01,2026-08-14 00:26:12.005687
CUST005411,Female,1961-10-24,Selangor,Shah Alam,<RM3k,Low,2021-04-12,2026-08-01,2026-08-14 00:26:12.005687
CUST005412,Male,1975-07-31,Kuala Lumpur,Kuala Lumpur,<RM3k,Low,2023-07-16,2026-08-01,2026-08-14 00:26:12.005687
CUST005413,Female,1983-07-15,Kuala Lumpur,Kuala Lumpur,RM3k-6k,High,2024-11-13,2026-08-01,2026-08-14 00:26:12.005687
CUST005414,Female,1961-04-20,Sabah,Sandakan,>RM15k,High,2024-02-25,2026-08-01,2026-08-14 00:26:12.005687
CUST005415,Male,1982-09-05,Kuala Lumpur,Kuala Lumpur,RM3k-6k,Low,2023-02-06,2026-08-01,2026-08-14 00:26:12.005687
CUST005416,Female,1956-11-26,Penang,George Town,RM6k-10k,High,2022-04-16,2026-08-01,2026-08-14 00:26:12.005687
CUST005417,Female,1984-07-26,Sarawak,Kuching,RM10k-15k,Low,2025-09-23,2026-08-01,2026-08-14 00:26:12.005687
CUST005418,Male,1956-09-26,Sabah,Sandakan,>RM15k,Low,2019-12-14,2026-08-01,2026-08-14 00:26:12.005687
CUST005419,Female,1963-07-31,Selangor,Subang Jaya,RM3k-6k,Medium,2024-05-02,2026-08-01,2026-08-14 00:26:12.005687
CUST005420,Female,1972-02-27,Selangor,Klang,>RM15k,Low,2022-05-30,2026-08-01,2026-08-14 00:26:12.005687
CUST005421,Female,1985-02-11,Melaka,Melaka City,RM6k-10k,Low,2022-02-07,2026-08-01,2026-08-14 00:26:12.005687
CUST005422,Female,1990-03-21,Penang,George Town,RM6k-10k,High,2021-03-12,2026-08-01,2026-08-14 00:26:12.005687
CUST005423,Male,1977-12-22,Selangor,Petaling Jaya,RM10k-15k,Low,2023-01-29,2026-08-01,2026-08-14 00:26:12.005687
CUST005424,Female,1961-06-06,Negeri Sembilan,Seremban,RM3k-6k,Low,2025-12-30,2026-08-01,2026-08-14 00:26:12.005687
CUST005425,Male,1973-12-26,Selangor,Petaling Jaya,RM10k-15k,Low,2021-04-01,2026-08-01,2026-08-14 00:26:12.005687
CUST005426,Male,1993-07-23,Johor,Muar,RM6k-10k,Medium,2018-11-26,2026-08-01,2026-08-14 00:26:12.005687
CUST005427,Male,1959-06-05,Kuala Lumpur,Kuala Lumpur,RM10k-15k,Medium,2019-01-08,2026-08-01,2026-08-14 00:26:12.005687
CUST005428,Male,1990-01-24,Kuala Lumpur,Kuala Lumpur,RM10k-15k,Low,2019-06-01,2026-08-01,2026-08-14 00:26:12.005687
CUST005429,Male,1973-11-25,Selangor,Klang,RM6k-10k,Low,2021-04-04,2026-08-01,2026-08-14 00:26:12.005687
CUST005430,Male,1955-03-12,Perak,Taiping,<RM3k,Medium,2018-01-13,2026-08-01,2026-08-14 00:26:12.005687
CUST005431,Female,1989-01-12,Selangor,Shah Alam,RM3k-6k,Medium,2020-04-02,2026-08-01,2026-08-14 00:26:12.005687
CUST005432,Female,1956-04-23,Perak,Taiping,RM10k-15k,High,2023-07-24,2026-08-01,2026-08-14 00:26:12.005687
CUST005433,Male,1973-02-10,Sarawak,Miri,RM6k-10k,Low,2023-06-04,2026-08-01,2026-08-14 00:26:12.005687
CUST005434,Female,1964-07-22,Melaka,Melaka City,>RM15k,Medium,2023-05-09,2026-08-01,2026-08-14 00:26:12.005687
CUST005435,Male,1983-08-13,Kuala Lumpur,Kuala Lumpur,RM3k-6k,High,2023-05-09,2026-08-01,2026-08-14 00:26:12.005687
CUST005436,Female,1957-10-01,Sabah,Sandakan,RM6k-10k,Low,2018-08-10,2026-08-01,2026-08-14 00:26:12.005687
CUST005437,Male,1959-06-18,Kuala Lumpur,Kuala Lumpur,RM10k-15k,Low,2025-07-01,2026-08-01,2026-08-14 00:26:12.005687
CUST005438,Female,1981-01-12,Perak,Ipoh,RM10k-15k,Medium,2020-05-19,2026-08-01,2026-08-14 00:26:12.005687
CUST005439,Male,2003-09-13,Selangor,Petaling Jaya,RM3k-6k,High,2018-08-21,2026-08-01,2026-08-14 00:26:12.005687
CUST005440,Female,1956-12-10,Perak,Taiping,<RM3k,Low,2024-06-28,2026-08-01,2026-08-14 00:26:12.005687
CUST005441,Female,1977-07-29,Selangor,Shah Alam,RM10k-15k,Low,2021-09-27,2026-08-01,2026-08-14 00:26:12.005687
CUST005442,Male,1994-04-30,Penang,Bayan Lepas,RM10k-15k,Medium,2020-10-09,2026-08-01,2026-08-14 00:26:12.005687
CUST005443,Male,1969-03-31,Kuala Lumpur,Kuala Lumpur,RM3k-6k,Medium,2021-03-10,2026-08-01,2026-08-14 00:26:12.005687
CUST005444,Male,1979-02-26,Kuala Lumpur,Kuala Lumpur,RM6k-10k,Low,2022-08-31,2026-08-01,2026-08-14 00:26:12.005687
CUST005445,Male,1996-02-04,Penang,Butterworth,RM3k-6k,Low,2022-03-21,2026-08-01,2026-08-14 00:26:12.005687
CUST005446,Female,1990-09-01,Selangor,Klang,RM3k-6k,Low,2018-02-10,2026-08-01,2026-08-14 00:26:12.005687
CUST005447,Male,1969-05-14,Perak,Ipoh,<RM3k,High,2018-12-16,2026-08-01,2026-08-14 00:26:12.005687
CUST005448,Female,1991-10-13,Perak,Ipoh,RM3k-6k,Medium,2025-07-30,2026-08-01,2026-08-14 00:26:12.005687
CUST005449,Male,1988-02-10,Penang,Bayan Lepas,RM10k-15k,Low,2021-12-06,2026-08-01,2026-08-14 00:26:12.005687
CUST005450,Female,1979-10-31,Sabah,Sandakan,RM3k-6k,Medium,2025-11-27,2026-08-01,2026-08-14 00:26:12.005687
CUST005451,Female,1976-08-12,Sabah,Kota Kinabalu,RM10k-15k,Low,2023-04-04,2026-08-01,2026-08-14 00:26:12.005687
CUST005452,Male,2000-05-04,Melaka,Melaka City,RM3k-6k,High,2023-11-24,2026-08-01,2026-08-14 00:26:12.005687
CUST005453,Male,1997-11-02,Kuala Lumpur,Kuala Lumpur,<RM3k,Low,2020-07-05,2026-08-01,2026-08-14 00:26:12.005687
CUST005454,Female,2003-07-09,Penang,George Town,RM3k-6k,Low,2024-09-13,2026-08-01,2026-08-14 00:26:12.005687
CUST005455,Male,1988-02-03,Sabah,Sandakan,<RM3k,Low,2023-03-15,2026-08-01,2026-08-14 00:26:12.005687
CUST005456,Male,1972-08-07,Selangor,Petaling Jaya,RM6k-10k,Low,2024-01-05,2026-08-01,2026-08-14 00:26:12.005687
CUST005457,Female,1960-05-15,Selangor,Subang Jaya,>RM15k,Medium,2020-02-16,2026-08-01,2026-08-14 00:26:12.005687
CUST005458,Male,1961-03-02,Selangor,Klang,RM10k-15k,Low,2022-09-10,2026-08-01,2026-08-14 00:26:12.005687
CUST005459,Female,2001-08-09,Penang,Bayan Lepas,RM10k-15k,Low,2020-12-14,2026-08-01,2026-08-14 00:26:12.005687
CUST005460,Female,1972-10-18,Selangor,Petaling Jaya,RM10k-15k,Medium,2025-04-08,2026-08-01,2026-08-14 00:26:12.005687
CUST005461,Male,1960-05-30,Perak,Taiping,RM10k-15k,Low,2025-04-04,2026-08-01,2026-08-14 00:26:12.005687
CUST005462,Female,1965-12-11,Penang,George Town,RM6k-10k,Low,2020-10-28,2026-08-01,2026-08-14 00:26:12.005687
CUST005463,Female,1956-01-09,Perak,Ipoh,RM6k-10k,Low,2018-03-15,2026-08-01,2026-08-14 00:26:12.005687
CUST005464,Male,1981-01-06,Selangor,Subang Jaya,RM3k-6k,High,2019-12-30,2026-08-01,2026-08-14 00:26:12.005687
CUST005465,Female,1983-12-15,Sabah,Kota Kinabalu,<RM3k,Medium,2020-03-07,2026-08-01,2026-08-14 00:26:12.005687
CUST005466,Male,1973-07-16,Perak,Ipoh,RM6k-10k,Medium,2018-02-26,2026-08-01,2026-08-14 00:26:12.005687
CUST005467,Male,1991-06-17,Kuala Lumpur,Kuala Lumpur,RM6k-10k,Medium,2025-06-26,2026-08-01,2026-08-14 00:26:12.005687
CUST005468,Female,1978-07-17,Selangor,Klang,RM3k-6k,Low,2021-09-23,2026-08-01,2026-08-14 00:26:12.005687
CUST005469,Male,2002-01-13,Selangor,Shah Alam,>RM15k,Low,2019-03-06,2026-08-01,2026-08-14 00:26:12.005687
CUST005470,Female,1992-05-24,Negeri Sembilan,Seremban,<RM3k,Medium,2022-11-16,2026-08-01,2026-08-14 00:26:12.005687
CUST005471,Male,1958-09-09,Selangor,Petaling Jaya,RM10k-15k,Low,2021-03-06,2026-08-01,2026-08-14 00:26:12.005687
CUST005472,Female,1968-06-04,Kuala Lumpur,Kuala Lumpur,>RM15k,High,2019-05-26,2026-08-01,2026-08-14 00:26:12.005687
CUST005473,Male,1991-12-15,Kuala Lumpur,Kuala Lumpur,RM3k-6k,Low,2021-08-19,2026-08-01,2026-08-14 00:26:12.005687
CUST005474,Female,1981-05-02,Kuala Lumpur,Kuala Lumpur,>RM15k,Low,2022-10-15,2026-08-01,2026-08-14 00:26:12.005687
CUST005475,Male,1991-11-27,Selangor,Subang Jaya,RM10k-15k,Medium,2023-03-22,2026-08-01,2026-08-14 00:26:12.005687
CUST005476,Female,1971-06-04,Sabah,Sandakan,RM10k-15k,Low,2019-10-20,2026-08-01,2026-08-14 00:26:12.005687
CUST005477,Female,1956-11-13,Johor,Johor Bahru,>RM15k,Medium,2022-11-22,2026-08-01,2026-08-14 00:26:12.005687
CUST005478,Female,1993-06-17,Sarawak,Kuching,RM6k-10k,Medium,2024-05-04,2026-08-01,2026-08-14 00:26:12.005687
CUST005479,Male,1993-06-18,Kuala Lumpur,Kuala Lumpur,RM6k-10k,Medium,2023-01-05,2026-08-01,2026-08-14 00:26:12.005687
CUST005480,Male,1986-05-03,Johor,Johor Bahru,RM6k-10k,High,2025-08-11,2026-08-01,2026-08-14 00:26:12.005687
CUST005481,Female,1974-10-24,Sabah,Kota Kinabalu,RM3k-6k,Low,2025-07-09,2026-08-01,2026-08-14 00:26:12.005687
CUST005482,Female,1955-06-02,Perak,Taiping,RM3k-6k,Low,2021-12-17,2026-08-01,2026-08-14 00:26:12.005687
CUST005483,Female,1990-08-30,Sarawak,Miri,<RM3k,Medium,2021-02-21,2026-08-01,2026-08-14 00:26:12.005687
CUST005484,Female,1987-05-05,Selangor,Shah Alam,RM3k-6k,Low,2021-08-29,2026-08-01,2026-08-14 00:26:12.005687
CUST005485,Male,1987-09-18,Johor,Johor Bahru,RM10k-15k,Low,2021-12-01,2026-08-01,2026-08-14 00:26:12.005687
CUST005486,Male,1963-05-04,Perak,Taiping,>RM15k,Low,2019-05-22,2026-08-01,2026-08-14 00:26:12.005687
CUST005487,Male,1990-10-29,Kuala Lumpur,Kuala Lumpur,>RM15k,Medium,2025-09-16,2026-08-01,2026-08-14 00:26:12.005687
CUST005488,Female,1990-07-01,Sarawak,Kuching,RM3k-6k,Medium,2022-07-18,2026-08-01,2026-08-14 00:26:12.005687
CUST005489,Female,1997-01-05,Selangor,Subang Jaya,RM6k-10k,Low,2019-01-10,2026-08-01,2026-08-14 00:26:12.005687
CUST005490,Male,1982-10-19,Kuala Lumpur,Kuala Lumpur,RM6k-10k,Low,2025-03-22,2026-08-01,2026-08-14 00:26:12.005687
CUST005491,Female,1990-11-04,Sabah,Kota Kinabalu,<RM3k,Low,2025-08-01,2026-08-01,2026-08-14 00:26:12.005687
CUST005492,Male,1974-09-02,Perak,Ipoh,RM6k-10k,Low,2022-06-28,2026-08-01,2026-08-14 00:26:12.005687
CUST005493,Female,1989-02-18,Melaka,Melaka City,RM3k-6k,Low,2025-08-01,2026-08-01,2026-08-14 00:26:12.005687
CUST005494,Female,1989-01-03,Melaka,Melaka City,>RM15k,Medium,2025-10-06,2026-08-01,2026-08-14 00:26:12.005687
CUST005495,Male,1993-03-13,Selangor,Subang Jaya,RM3k-6k,High,2025-08-17,2026-08-01,2026-08-14 00:26:12.005687
CUST005496,Female,1996-12-20,Penang,Butterworth,RM10k-15k,Medium,2025-09-16,2026-08-01,2026-08-14 00:26:12.005687
CUST005497,Male,1955-02-27,Negeri Sembilan,Seremban,>RM15k,Medium,2018-07-15,2026-08-01,2026-08-14 00:26:12.005687
CUST005498,Female,1993-02-26,Selangor,Subang Jaya,RM10k-15k,High,2018-04-01,2026-08-01,2026-08-14 00:26:12.005687
CUST005499,Female,1993-10-30,Johor,Johor Bahru,RM3k-6k,Medium,2022-08-15,2026-08-01,2026-08-14 00:26:12.005687
CUST005500,Female,1981-09-21,Melaka,Melaka City,RM3k-6k,Medium,2023-12-26,2026-08-01,2026-08-14 00:26:12.005687
CUST005501,Female,1980-06-17,Kuala Lumpur,Kuala Lumpur,>RM15k,Medium,2024-09-14,2026-08-01,2026-08-14 00:26:12.005687
CUST005502,Male,1990-05-30,Melaka,Melaka City,<RM3k,Medium,2023-02-18,2026-08-01,2026-08-14 00:26:12.005687
CUST005503,Female,1977-04-22,Johor,Muar,<RM3k,Low,2020-07-05,2026-08-01,2026-08-14 00:26:12.005687
CUST005504,Male,1975-04-13,Melaka,Melaka City,>RM15k,Low,2025-06-18,2026-08-01,2026-08-14 00:26:12.005687
CUST005505,Male,1994-05-12,Penang,Bayan Lepas,RM10k-15k,Medium,2022-09-22,2026-08-01,2026-08-14 00:26:12.005687
CUST005506,Female,1993-08-29,Perak,Ipoh,RM10k-15k,High,2023-06-14,2026-08-01,2026-08-14 00:26:12.005687
CUST005507,Female,1965-02-20,Sabah,Sandakan,<RM3k,Medium,2020-01-20,2026-08-01,2026-08-14 00:26:12.005687
CUST005508,Female,1995-08-15,Kuala Lumpur,Kuala Lumpur,RM6k-10k,Low,2024-01-26,2026-08-01,2026-08-14 00:26:12.005687
CUST005509,Male,1970-12-30,Penang,George Town,RM10k-15k,Medium,2019-01-14,2026-08-01,2026-08-14 00:26:12.005687
CUST005510,Male,1961-09-23,Melaka,Melaka City,RM3k-6k,Medium,2024-12-17,2026-08-01,2026-08-14 00:26:12.005687
CUST005511,Female,1998-01-15,Negeri Sembilan,Seremban,RM3k-6k,Medium,2024-10-25,2026-08-01,2026-08-14 00:26:12.005687
CUST005512,Male,1966-08-30,Negeri Sembilan,Seremban,<RM3k,Low,2023-06-18,2026-08-01,2026-08-14 00:26:12.005687
CUST005513,Female,1964-12-11,Penang,Butterworth,RM6k-10k,Low,2025-11-06,2026-08-01,2026-08-14 00:26:12.005687
CUST005514,Female,1968-03-24,Penang,Butterworth,RM3k-6k,Low,2025-04-12,2026-08-01,2026-08-14 00:26:12.005687
CUST005515,Female,1979-01-31,Penang,Butterworth,RM10k-15k,High,2018-07-23,2026-08-01,2026-08-14 00:26:12.005687
CUST005516,Male,1963-02-20,Penang,George Town,RM3k-6k,Low,2019-10-08,2026-08-01,2026-08-14 00:26:12.005687
CUST005517,Female,1962-10-26,Penang,George Town,<RM3k,Medium,2018-12-21,2026-08-01,2026-08-14 00:26:12.005687
CUST005518,Female,1974-03-26,Kuala Lumpur,Kuala Lumpur,>RM15k,Low,2020-07-26,2026-08-01,2026-08-14 00:26:12.005687
CUST005519,Female,1965-09-05,Kuala Lumpur,Kuala Lumpur,>RM15k,High,2022-09-16,2026-08-01,2026-08-14 00:26:12.005687
CUST005520,Male,1964-06-16,Penang,Bayan Lepas,RM6k-10k,Low,2019-02-24,2026-08-01,2026-08-14 00:26:12.005687
CUST005521,Female,1999-09-11,Selangor,Petaling Jaya,>RM15k,Medium,2018-09-10,2026-08-01,2026-08-14 00:26:12.005687
CUST005522,Female,1984-03-06,Selangor,Subang Jaya,<RM3k,Medium,2023-02-26,2026-08-01,2026-08-14 00:26:12.005687
CUST005523,Female,1955-09-05,Selangor,Petaling Jaya,RM3k-6k,Medium,2023-01-18,2026-08-01,2026-08-14 00:26:12.005687
CUST005524,Male,1959-12-24,Sarawak,Kuching,RM3k-6k,Medium,2020-12-05,2026-08-01,2026-08-14 00:26:12.005687
CUST005525,Female,1994-11-18,Negeri Sembilan,Seremban,RM3k-6k,Low,2023-10-03,2026-08-01,2026-08-14 00:26:12.005687
CUST005526,Male,1968-03-23,Penang,Bayan Lepas,RM10k-15k,Low,2022-09-25,2026-08-01,2026-08-14 00:26:12.005687
CUST005527,Female,1962-06-20,Negeri Sembilan,Seremban,RM10k-15k,Low,2021-04-26,2026-08-01,2026-08-14 00:26:12.005687
CUST005528,Female,1987-08-11,Melaka,Melaka City,<RM3k,Medium,2018-07-19,2026-08-01,2026-08-14 00:26:12.005687
CUST005529,Male,1996-01-23,Selangor,Shah Alam,RM3k-6k,Medium,2024-01-18,2026-08-01,2026-08-14 00:26:12.005687
CUST005530,Male,1974-07-12,Kuala Lumpur,Kuala Lumpur,>RM15k,Low,2022-12-30,2026-08-01,2026-08-14 00:26:12.005687
CUST005531,Female,1991-05-26,Selangor,Shah Alam,RM6k-10k,Medium,2018-11-28,2026-08-01,2026-08-14 00:26:12.005687
CUST005532,Male,1975-08-26,Kuala Lumpur,Kuala Lumpur,RM3k-6k,Low,2019-07-03,2026-08-01,2026-08-14 00:26:12.005687
CUST005533,Male,1960-05-01,Penang,Butterworth,RM3k-6k,Low,2020-05-29,2026-08-01,2026-08-14 00:26:12.005687
CUST005534,Female,1994-02-04,Selangor,Shah Alam,RM3k-6k,Low,2019-06-08,2026-08-01,2026-08-14 00:26:12.005687
CUST005535,Male,2000-01-10,Melaka,Melaka City,RM3k-6k,Medium,2024-06-17,2026-08-01,2026-08-14 00:26:12.005687
CUST005536,Male,2003-03-28,Penang,Bayan Lepas,RM3k-6k,Low,2025-06-19,2026-08-01,2026-08-14 00:26:12.005687
CUST005537,Female,1959-11-26,Selangor,Shah Alam,RM6k-10k,High,2018-09-16,2026-08-01,2026-08-14 00:26:12.005687
CUST005538,Male,1982-09-08,Negeri Sembilan,Seremban,RM3k-6k,Medium,2019-12-01,2026-08-01,2026-08-14 00:26:12.005687
CUST005539,Female,1985-07-18,Negeri Sembilan,Seremban,RM6k-10k,Medium,2020-04-12,2026-08-01,2026-08-14 00:26:12.005687
CUST005540,Female,1958-11-15,Sabah,Sandakan,<RM3k,Low,2025-12-06,2026-08-01,2026-08-14 00:26:12.005687
CUST005541,Male,2001-08-17,Sabah,Kota Kinabalu,<RM3k,Medium,2022-12-20,2026-08-01,2026-08-14 00:26:12.005687
CUST005542,Male,1960-01-16,Negeri Sembilan,Seremban,RM3k-6k,Medium,2025-08-18,2026-08-01,2026-08-14 00:26:12.005687
CUST005543,Male,1968-03-02,Penang,Butterworth,RM10k-15k,Low,2019-12-24,2026-08-01,2026-08-14 00:26:12.005687
CUST005544,Male,2002-06-15,Melaka,Melaka City,RM10k-15k,Low,2018-07-17,2026-08-01,2026-08-14 00:26:12.005687
CUST005545,Male,1982-03-31,Kuala Lumpur,Kuala Lumpur,<RM3k,Low,2021-11-05,2026-08-01,2026-08-14 00:26:12.005687
CUST005546,Female,1988-04-12,Penang,Bayan Lepas,RM6k-10k,Low,2024-07-14,2026-08-01,2026-08-14 00:26:12.005687
CUST005547,Male,1979-03-11,Johor,Johor Bahru,RM6k-10k,Low,2024-09-11,2026-08-01,2026-08-14 00:26:12.005687
CUST005548,Male,1991-11-14,Kuala Lumpur,Kuala Lumpur,RM6k-10k,Medium,2021-10-11,2026-08-01,2026-08-14 00:26:12.005687
CUST005549,Male,1958-12-28,Kuala Lumpur,Kuala Lumpur,RM6k-10k,Low,2020-02-27,2026-08-01,2026-08-14 00:26:12.005687
CUST005550,Female,1988-02-10,Kuala Lumpur,Kuala Lumpur,>RM15k,Medium,2018-05-18,2026-08-01,2026-08-14 00:26:12.005687
CUST005551,Female,1958-04-07,Selangor,Shah Alam,<RM3k,Low,2021-06-27,2026-08-01,2026-08-14 00:26:12.005687
CUST005552,Female,1963-10-20,Kuala Lumpur,Kuala Lumpur,RM6k-10k,Medium,2022-04-15,2026-08-01,2026-08-14 00:26:12.005687
CUST005553,Female,1979-10-21,Johor,Johor Bahru,RM6k-10k,High,2018-02-23,2026-08-01,2026-08-14 00:26:12.005687
CUST005554,Female,1976-12-19,Sarawak,Miri,RM6k-10k,Low,2025-06-23,2026-08-01,2026-08-14 00:26:12.005687
CUST005555,Male,1962-06-22,Penang,Bayan Lepas,<RM3k,Low,2023-09-01,2026-08-01,2026-08-14 00:26:12.005687
CUST005556,Male,1994-02-07,Perak,Taiping,RM6k-10k,Medium,2020-08-12,2026-08-01,2026-08-14 00:26:12.005687
CUST005557,Female,1969-10-16,Kuala Lumpur,Kuala Lumpur,<RM3k,Low,2020-11-03,2026-08-01,2026-08-14 00:26:12.005687
CUST005558,Female,1997-06-13,Sarawak,Kuching,RM10k-15k,Medium,2020-11-09,2026-08-01,2026-08-14 00:26:12.005687
CUST005559,Male,1955-09-26,Kuala Lumpur,Kuala Lumpur,RM6k-10k,Medium,2024-11-17,2026-08-01,2026-08-14 00:26:12.005687
CUST005560,Female,1966-08-18,Selangor,Petaling Jaya,RM3k-6k,Medium,2023-10-16,2026-08-01,2026-08-14 00:26:12.005687
CUST005561,Male,1969-07-18,Johor,Muar,>RM15k,High,2018-09-16,2026-08-01,2026-08-14 00:26:12.005687
CUST005562,Female,1984-03-14,Melaka,Melaka City,RM10k-15k,Low,2020-06-13,2026-08-01,2026-08-14 00:26:12.005687
CUST005563,Female,1974-08-25,Negeri Sembilan,Seremban,RM6k-10k,Low,2024-04-03,2026-08-01,2026-08-14 00:26:12.005687
CUST005564,Female,1962-09-12,Sabah,Sandakan,>RM15k,Low,2020-11-07,2026-08-01,2026-08-14 00:26:12.005687
CUST005565,Male,1982-12-24,Perak,Ipoh,RM10k-15k,Medium,2024-07-05,2026-08-01,2026-08-14 00:26:12.005687
CUST005566,Female,2001-12-14,Johor,Muar,<RM3k,Low,2022-01-22,2026-08-01,2026-08-14 00:26:12.005687
CUST005567,Male,1961-07-20,Perak,Taiping,RM6k-10k,Low,2024-03-16,2026-08-01,2026-08-14 00:26:12.005687
CUST005568,Female,1967-05-11,Kuala Lumpur,Kuala Lumpur,RM6k-10k,High,2022-03-22,2026-08-01,2026-08-14 00:26:12.005687
CUST005569,Female,1978-06-12,Selangor,Klang,RM6k-10k,Low,2023-11-16,2026-08-01,2026-08-14 00:26:12.005687
CUST005570,Male,1990-08-08,Negeri Sembilan,Seremban,>RM15k,Low,2021-06-14,2026-08-01,2026-08-14 00:26:12.005687
CUST005571,Female,1961-09-10,Negeri Sembilan,Seremban,RM6k-10k,Low,2019-11-26,2026-08-01,2026-08-14 00:26:12.005687
CUST005572,Female,1966-04-28,Selangor,Shah Alam,<RM3k,Low,2025-01-20,2026-08-01,2026-08-14 00:26:12.005687
CUST005573,Male,1966-07-10,Selangor,Klang,RM3k-6k,Low,2021-05-02,2026-08-01,2026-08-14 00:26:12.005687
CUST005574,Male,1985-03-08,Selangor,Shah Alam,RM10k-15k,Low,2018-01-28,2026-08-01,2026-08-14 00:26:12.005687
CUST005575,Female,1959-01-14,Johor,Batu Pahat,RM3k-6k,Low,2021-02-01,2026-08-01,2026-08-14 00:26:12.005687
CUST005577,Male,1975-11-06,Penang,Bayan Lepas,RM3k-6k,Low,2019-12-06,2026-08-01,2026-08-14 00:26:12.005687
CUST005578,Male,1971-02-03,Kuala Lumpur,Kuala Lumpur,RM6k-10k,Medium,2025-01-07,2026-08-01,2026-08-14 00:26:12.005687
CUST005579,Male,1997-03-30,Kuala Lumpur,Kuala Lumpur,<RM3k,Medium,2021-12-07,2026-08-01,2026-08-14 00:26:12.005687
CUST005580,Male,1995-02-13,Selangor,Subang Jaya,RM3k-6k,Medium,2020-12-17,2026-08-01,2026-08-14 00:26:12.005687
CUST005581,Male,1994-05-05,Sabah,Kota Kinabalu,<RM3k,High,2023-07-31,2026-08-01,2026-08-14 00:26:12.005687
CUST005582,Female,1998-05-19,Selangor,Shah Alam,RM3k-6k,Low,2023-02-13,2026-08-01,2026-08-14 00:26:12.005687
CUST005583,Female,1966-06-18,Johor,Batu Pahat,<RM3k,Low,2021-10-30,2026-08-01,2026-08-14 00:26:12.005687
CUST005584,Male,1996-11-23,Perak,Ipoh,<RM3k,Low,2025-10-18,2026-08-01,2026-08-14 00:26:12.005687
CUST005585,Male,1963-08-16,Sabah,Sandakan,RM6k-10k,Low,2025-10-17,2026-08-01,2026-08-14 00:26:12.005687
CUST005586,Male,1971-03-17,Selangor,Shah Alam,<RM3k,Medium,2021-10-22,2026-08-01,2026-08-14 00:26:12.005687
CUST005587,Male,1982-03-21,Sabah,Sandakan,<RM3k,Medium,2023-09-02,2026-08-01,2026-08-14 00:26:12.005687
CUST005588,Female,1991-06-21,Selangor,Klang,RM6k-10k,Low,2018-06-01,2026-08-01,2026-08-14 00:26:12.005687
CUST005589,Female,1983-04-21,Penang,Bayan Lepas,<RM3k,Low,2021-07-17,2026-08-01,2026-08-14 00:26:12.005687
CUST005590,Male,1982-05-31,Johor,Muar,<RM3k,High,2021-07-14,2026-08-01,2026-08-14 00:26:12.005687
CUST005591,Female,1973-06-12,Melaka,Melaka City,RM3k-6k,Low,2021-03-25,2026-08-01,2026-08-14 00:26:12.005687
CUST005592,Male,1984-01-14,Negeri Sembilan,Seremban,RM3k-6k,Low,2024-09-22,2026-08-01,2026-08-14 00:26:12.005687
CUST005593,Male,1978-04-12,Sabah,Kota Kinabalu,RM6k-10k,High,2022-09-01,2026-08-01,2026-08-14 00:26:12.005687
CUST005594,Female,1978-05-23,Melaka,Melaka City,>RM15k,Medium,2021-10-08,2026-08-01,2026-08-14 00:26:12.005687
CUST005595,Male,1983-09-13,Kuala Lumpur,Kuala Lumpur,RM3k-6k,Low,2021-06-15,2026-08-01,2026-08-14 00:26:12.005687
CUST005596,Male,1984-05-30,Perak,Taiping,RM6k-10k,Low,2022-12-13,2026-08-01,2026-08-14 00:26:12.005687
CUST005597,Male,1971-03-03,Selangor,Shah Alam,>RM15k,Medium,2019-10-11,2026-08-01,2026-08-14 00:26:12.005687
CUST005598,Female,1961-08-24,Selangor,Subang Jaya,RM6k-10k,Low,2019-12-20,2026-08-01,2026-08-14 00:26:12.005687
CUST005599,Male,1969-09-04,Johor,Johor Bahru,RM10k-15k,High,2022-03-02,2026-08-01,2026-08-14 00:26:12.005687
CUST005600,Female,1975-01-12,Sabah,Sandakan,RM6k-10k,Medium,2020-07-21,2026-08-01,2026-08-14 00:26:12.005687
CUST005601,Male,1962-11-19,Perak,Taiping,RM6k-10k,Medium,2023-05-19,2026-08-01,2026-08-14 00:26:12.005687
CUST005602,Female,1963-09-15,Sarawak,Miri,>RM15k,Medium,2025-03-18,2026-08-01,2026-08-14 00:26:12.005687
CUST005603,Male,2001-08-05,Penang,Butterworth,<RM3k,High,2020-11-13,2026-08-01,2026-08-14 00:26:12.005687
CUST005604,Male,1968-09-21,Melaka,Melaka City,>RM15k,Low,2022-08-15,2026-08-01,2026-08-14 00:26:12.005687
CUST005605,Male,1991-03-17,Melaka,Melaka City,RM6k-10k,Low,2020-04-07,2026-08-01,2026-08-14 00:26:12.005687
CUST005606,Male,1961-04-06,Sarawak,Kuching,RM6k-10k,Medium,2024-05-06,2026-08-01,2026-08-14 00:26:12.005687
CUST005607,Female,2002-08-22,Selangor,Klang,RM3k-6k,Low,2019-09-28,2026-08-01,2026-08-14 00:26:12.005687
CUST005608,Male,1965-05-30,Johor,Johor Bahru,RM3k-6k,Medium,2022-03-06,2026-08-01,2026-08-14 00:26:12.005687
CUST005609,Female,1974-04-19,Sabah,Sandakan,<RM3k,Low,2020-11-25,2026-08-01,2026-08-14 00:26:12.005687
CUST005610,Male,1993-04-24,Negeri Sembilan,Seremban,>RM15k,Low,2024-02-13,2026-08-01,2026-08-14 00:26:12.005687
CUST005611,Female,1964-11-13,Kuala Lumpur,Kuala Lumpur,RM6k-10k,Low,2019-12-15,2026-08-01,2026-08-14 00:26:12.005687
CUST005612,Male,1981-12-09,Selangor,Klang,RM10k-15k,Medium,2019-08-11,2026-08-01,2026-08-14 00:26:12.005687
CUST005613,Female,1993-06-27,Selangor,Petaling Jaya,RM3k-6k,Low,2024-02-08,2026-08-01,2026-08-14 00:26:12.005687
CUST005614,Male,1956-02-28,Selangor,Subang Jaya,RM3k-6k,Low,2022-06-15,2026-08-01,2026-08-14 00:26:12.005687
CUST005615,Male,1956-03-29,Sarawak,Miri,RM3k-6k,Low,2023-02-09,2026-08-01,2026-08-14 00:26:12.005687
CUST005616,Female,1993-08-20,Kuala Lumpur,Kuala Lumpur,RM3k-6k,Low,2024-05-08,2026-08-01,2026-08-14 00:26:12.005687
CUST005617,Female,1967-11-16,Selangor,Shah Alam,RM6k-10k,Medium,2020-04-18,2026-08-01,2026-08-14 00:26:12.005687
CUST005618,Male,1999-07-24,Perak,Taiping,>RM15k,High,2019-12-06,2026-08-01,2026-08-14 00:26:12.005687
CUST005619,Male,2000-06-09,Selangor,Subang Jaya,RM10k-15k,Medium,2025-12-07,2026-08-01,2026-08-14 00:26:12.005687
CUST005620,Female,1998-02-20,Kuala Lumpur,Kuala Lumpur,RM6k-10k,Medium,2018-11-22,2026-08-01,2026-08-14 00:26:12.005687
CUST005621,Female,2003-11-03,Penang,Butterworth,RM3k-6k,Low,2023-03-02,2026-08-01,2026-08-14 00:26:12.005687
CUST005622,Female,1995-04-29,Johor,Muar,RM6k-10k,High,2021-02-09,2026-08-01,2026-08-14 00:26:12.005687
CUST005623,Male,1973-10-15,Negeri Sembilan,Seremban,RM6k-10k,Medium,2019-02-21,2026-08-01,2026-08-14 00:26:12.005687
CUST005624,Male,2003-08-13,Sabah,Kota Kinabalu,RM6k-10k,Medium,2025-08-16,2026-08-01,2026-08-14 00:26:12.005687
CUST005625,Female,1971-12-12,Negeri Sembilan,Seremban,RM6k-10k,Low,2024-08-19,2026-08-01,2026-08-14 00:26:12.005687
CUST005626,Male,1983-09-25,Selangor,Petaling Jaya,<RM3k,Low,2019-10-11,2026-08-01,2026-08-14 00:26:12.005687
CUST005627,Male,1955-04-13,Sabah,Kota Kinabalu,<RM3k,Low,2024-01-11,2026-08-01,2026-08-14 00:26:12.005687
CUST005628,Male,2002-03-01,Penang,George Town,>RM15k,Low,2024-02-21,2026-08-01,2026-08-14 00:26:12.005687
CUST005629,Female,1983-12-31,Perak,Ipoh,RM10k-15k,Low,2021-12-31,2026-08-01,2026-08-14 00:26:12.005687
CUST005630,Female,2001-06-28,Johor,Batu Pahat,>RM15k,High,2025-08-25,2026-08-01,2026-08-14 00:26:12.005687
CUST005631,Female,1972-04-15,Selangor,Subang Jaya,RM3k-6k,Low,2019-11-13,2026-08-01,2026-08-14 00:26:12.005687
CUST005632,Female,1970-05-07,Kuala Lumpur,Kuala Lumpur,RM6k-10k,Low,2018-08-01,2026-08-01,2026-08-14 00:26:12.005687
CUST005633,Female,1980-08-05,Sarawak,Miri,RM3k-6k,High,2024-06-26,2026-08-01,2026-08-14 00:26:12.005687
CUST005634,Female,1997-04-22,Sarawak,Kuching,>RM15k,High,2020-11-10,2026-08-01,2026-08-14 00:26:12.005687
CUST005635,Female,1981-11-23,Kuala Lumpur,Kuala Lumpur,RM3k-6k,Low,2018-12-30,2026-08-01,2026-08-14 00:26:12.005687
CUST005636,Male,1993-10-30,Penang,Butterworth,RM6k-10k,Low,2025-09-30,2026-08-01,2026-08-14 00:26:12.005687
CUST005637,Female,1965-07-04,Sabah,Sandakan,<RM3k,Medium,2021-05-06,2026-08-01,2026-08-14 00:26:12.005687
CUST005638,Male,1993-01-04,Penang,Bayan Lepas,<RM3k,High,2024-12-03,2026-08-01,2026-08-14 00:26:12.005687
CUST005639,Female,1990-11-21,Selangor,Subang Jaya,<RM3k,Medium,2024-07-15,2026-08-01,2026-08-14 00:26:12.005687
CUST005640,Male,1998-11-30,Melaka,Melaka City,RM6k-10k,Low,2020-06-05,2026-08-01,2026-08-14 00:26:12.005687
CUST005641,Female,1957-10-28,Penang,Butterworth,RM10k-15k,Medium,2024-05-30,2026-08-01,2026-08-14 00:26:12.005687
CUST005642,Male,1973-10-28,Perak,Taiping,>RM15k,Medium,2021-10-03,2026-08-01,2026-08-14 00:26:12.005687
CUST005643,Male,1959-05-07,Perak,Ipoh,RM6k-10k,Low,2023-01-14,2026-08-01,2026-08-14 00:26:12.005687
CUST005644,Female,1974-08-08,Perak,Ipoh,RM6k-10k,Low,2020-04-16,2026-08-01,2026-08-14 00:26:12.005687
CUST005645,Male,1992-03-08,Kuala Lumpur,Kuala Lumpur,RM10k-15k,Medium,2018-01-23,2026-08-01,2026-08-14 00:26:12.005687
CUST005646,Female,1986-05-12,Melaka,Melaka City,<RM3k,Medium,2019-07-11,2026-08-01,2026-08-14 00:26:12.005687
CUST005647,Male,1991-11-23,Selangor,Subang Jaya,RM10k-15k,Low,2020-08-31,2026-08-01,2026-08-14 00:26:12.005687
CUST005648,Female,1991-02-24,Sarawak,Kuching,RM10k-15k,Medium,2022-05-18,2026-08-01,2026-08-14 00:26:12.005687
CUST005649,Female,2003-08-14,Melaka,Melaka City,RM6k-10k,Medium,2024-10-28,2026-08-01,2026-08-14 00:26:12.005687
CUST005650,Female,1998-02-07,Perak,Ipoh,<RM3k,Low,2019-06-01,2026-08-01,2026-08-14 00:26:12.005687
CUST005651,Male,1983-09-22,Penang,George Town,RM3k-6k,Low,2023-10-09,2026-08-01,2026-08-14 00:26:12.005687
CUST005652,Female,1997-11-30,Kuala Lumpur,Kuala Lumpur,RM3k-6k,Low,2023-12-29,2026-08-01,2026-08-14 00:26:12.005687
CUST005653,Male,1957-05-07,Johor,Johor Bahru,>RM15k,High,2024-06-25,2026-08-01,2026-08-14 00:26:12.005687
CUST005654,Female,1990-05-06,Penang,Bayan Lepas,RM6k-10k,Low,2024-07-07,2026-08-01,2026-08-14 00:26:12.005687
CUST005655,Female,1980-07-30,Kuala Lumpur,Kuala Lumpur,RM6k-10k,Medium,2018-07-03,2026-08-01,2026-08-14 00:26:12.005687
CUST005656,Female,2001-11-19,Kuala Lumpur,Kuala Lumpur,RM6k-10k,Low,2019-09-29,2026-08-01,2026-08-14 00:26:12.005687
CUST005657,Male,1979-09-07,Negeri Sembilan,Seremban,RM10k-15k,High,2025-07-10,2026-08-01,2026-08-14 00:26:12.005687
CUST005658,Male,1963-10-02,Selangor,Klang,RM3k-6k,High,2023-01-22,2026-08-01,2026-08-14 00:26:12.005687
CUST005659,Female,1990-06-24,Selangor,Subang Jaya,<RM3k,High,2019-11-01,2026-08-01,2026-08-14 00:26:12.005687
CUST005660,Male,2001-07-25,Selangor,Klang,RM6k-10k,Medium,2025-12-19,2026-08-01,2026-08-14 00:26:12.005687
CUST005661,Female,1955-10-17,Penang,Bayan Lepas,RM3k-6k,Low,2020-08-28,2026-08-01,2026-08-14 00:26:12.005687
CUST005662,Female,1958-02-22,Johor,Batu Pahat,RM3k-6k,Low,2020-04-22,2026-08-01,2026-08-14 00:26:12.005687
CUST005663,Male,1987-05-27,Sabah,Sandakan,RM3k-6k,Low,2024-09-21,2026-08-01,2026-08-14 00:26:12.005687
CUST005664,Female,1982-03-23,Johor,Muar,RM3k-6k,Medium,2025-09-06,2026-08-01,2026-08-14 00:26:12.005687
CUST005665,Female,1981-11-17,Kuala Lumpur,Kuala Lumpur,>RM15k,Low,2021-04-01,2026-08-01,2026-08-14 00:26:12.005687
CUST005666,Male,1959-06-03,Johor,Muar,RM10k-15k,Low,2023-03-01,2026-08-01,2026-08-14 00:26:12.005687
CUST005667,Female,1983-01-12,Kuala Lumpur,Kuala Lumpur,>RM15k,Low,2023-02-22,2026-08-01,2026-08-14 00:26:12.005687
CUST005668,Male,1982-10-30,Sarawak,Miri,>RM15k,Medium,2019-10-22,2026-08-01,2026-08-14 00:26:12.005687
CUST005669,Male,1996-08-11,Kuala Lumpur,Kuala Lumpur,RM3k-6k,Low,2022-06-02,2026-08-01,2026-08-14 00:26:12.005687
CUST005670,Male,1974-02-11,Selangor,Petaling Jaya,RM3k-6k,Low,2018-06-12,2026-08-01,2026-08-14 00:26:12.005687
CUST005671,Male,1972-01-18,Johor,Muar,RM6k-10k,Medium,2024-12-04,2026-08-01,2026-08-14 00:26:12.005687
CUST005672,Male,1958-12-31,Selangor,Klang,<RM3k,Low,2024-08-16,2026-08-01,2026-08-14 00:26:12.005687
CUST005673,Female,1982-10-11,Johor,Batu Pahat,>RM15k,High,2019-04-02,2026-08-01,2026-08-14 00:26:12.005687
CUST005674,Male,1986-10-03,Johor,Batu Pahat,<RM3k,Medium,2022-11-13,2026-08-01,2026-08-14 00:26:12.005687
CUST005675,Male,1968-10-02,Negeri Sembilan,Seremban,RM6k-10k,Medium,2018-10-13,2026-08-01,2026-08-14 00:26:12.005687
CUST005676,Male,1990-10-29,Kuala Lumpur,Kuala Lumpur,RM6k-10k,Low,2018-09-13,2026-08-01,2026-08-14 00:26:12.005687
CUST005677,Female,2000-12-17,Penang,Butterworth,>RM15k,Low,2023-01-22,2026-08-01,2026-08-14 00:26:12.005687
CUST005678,Male,1963-07-15,Perak,Ipoh,RM6k-10k,Medium,2024-05-16,2026-08-01,2026-08-14 00:26:12.005687
CUST005679,Male,1983-01-22,Kuala Lumpur,Kuala Lumpur,RM6k-10k,Low,2024-10-03,2026-08-01,2026-08-14 00:26:12.005687
CUST005680,Female,1989-01-09,Penang,George Town,RM3k-6k,Medium,2020-08-26,2026-08-01,2026-08-14 00:26:12.005687
CUST005681,Male,1955-11-27,Sarawak,Kuching,RM6k-10k,High,2025-05-20,2026-08-01,2026-08-14 00:26:12.005687
CUST005682,Female,1963-10-10,Sabah,Kota Kinabalu,RM10k-15k,Low,2022-04-26,2026-08-01,2026-08-14 00:26:12.005687
CUST005683,Female,1974-05-21,Negeri Sembilan,Seremban,RM6k-10k,Medium,2021-03-14,2026-08-01,2026-08-14 00:26:12.005687
CUST005684,Male,1961-09-24,Perak,Taiping,RM10k-15k,Low,2020-10-04,2026-08-01,2026-08-14 00:26:12.005687
CUST005685,Female,1972-06-02,Selangor,Klang,<RM3k,Low,2023-11-17,2026-08-01,2026-08-14 00:26:12.005687
CUST005686,Female,1962-03-22,Melaka,Melaka City,RM3k-6k,Low,2020-12-18,2026-08-01,2026-08-14 00:26:12.005687
CUST005687,Female,1998-12-06,Selangor,Shah Alam,>RM15k,Medium,2021-02-15,2026-08-01,2026-08-14 00:26:12.005687
CUST005688,Female,1984-05-09,Penang,George Town,RM3k-6k,High,2021-02-06,2026-08-01,2026-08-14 00:26:12.005687
CUST005689,Male,1971-02-16,Sabah,Sandakan,RM6k-10k,Low,2020-07-20,2026-08-01,2026-08-14 00:26:12.005687
CUST005690,Male,1993-02-27,Melaka,Melaka City,RM6k-10k,Medium,2021-03-07,2026-08-01,2026-08-14 00:26:12.005687
CUST005691,Male,1955-11-26,Melaka,Melaka City,>RM15k,Low,2018-03-12,2026-08-01,2026-08-14 00:26:12.005687
CUST005692,Female,1984-03-31,Kuala Lumpur,Kuala Lumpur,<RM3k,Low,2024-12-29,2026-08-01,2026-08-14 00:26:12.005687
CUST005693,Male,1988-06-26,Perak,Taiping,RM3k-6k,Medium,2020-01-01,2026-08-01,2026-08-14 00:26:12.005687
CUST005694,Male,1994-08-28,Selangor,Klang,RM10k-15k,Medium,2021-07-30,2026-08-01,2026-08-14 00:26:12.005687
CUST005695,Male,1965-11-21,Sabah,Sandakan,RM6k-10k,Medium,2019-05-13,2026-08-01,2026-08-14 00:26:12.005687
CUST005696,Female,1983-12-25,Perak,Taiping,RM6k-10k,High,2022-04-17,2026-08-01,2026-08-14 00:26:12.005687
CUST005697,Female,1992-08-12,Selangor,Subang Jaya,RM3k-6k,Low,2020-02-24,2026-08-01,2026-08-14 00:26:12.005687
CUST005698,Male,1994-01-24,Sarawak,Kuching,RM3k-6k,Medium,2019-05-11,2026-08-01,2026-08-14 00:26:12.005687
CUST005699,Male,1963-08-10,Johor,Johor Bahru,>RM15k,Low,2020-04-23,2026-08-01,2026-08-14 00:26:12.005687
CUST005700,Female,2002-11-05,Johor,Batu Pahat,RM6k-10k,Medium,2025-03-27,2026-08-01,2026-08-14 00:26:12.005687
CUST005701,Male,1968-06-03,Negeri Sembilan,Seremban,>RM15k,Low,2024-11-13,2026-08-01,2026-08-14 00:26:12.005687
CUST005702,Female,1974-02-26,Perak,Taiping,>RM15k,Low,2024-04-26,2026-08-01,2026-08-14 00:26:12.005687
CUST005703,Female,1964-05-30,Penang,Butterworth,RM6k-10k,Medium,2019-08-18,2026-08-01,2026-08-14 00:26:12.005687
CUST005704,Male,1962-05-07,Kuala Lumpur,Kuala Lumpur,RM6k-10k,Low,2023-03-14,2026-08-01,2026-08-14 00:26:12.005687
CUST005705,Male,1967-07-08,Selangor,Subang Jaya,RM6k-10k,Medium,2024-07-21,2026-08-01,2026-08-14 00:26:12.005687
CUST005706,Female,1961-08-20,Kuala Lumpur,Kuala Lumpur,RM10k-15k,High,2023-03-14,2026-08-01,2026-08-14 00:26:12.005687
CUST005707,Male,1990-11-26,Selangor,Subang Jaya,RM6k-10k,Low,2024-11-15,2026-08-01,2026-08-14 00:26:12.005687
CUST005708,Male,1984-04-10,Selangor,Shah Alam,<RM3k,Low,2019-08-11,2026-08-01,2026-08-14 00:26:12.005687
CUST005709,Female,1974-02-09,Johor,Johor Bahru,>RM15k,High,2021-09-16,2026-08-01,2026-08-14 00:26:12.005687
CUST005710,Male,1981-10-21,Perak,Taiping,RM6k-10k,Medium,2020-08-23,2026-08-01,2026-08-14 00:26:12.005687
CUST005711,Male,1984-08-08,Kuala Lumpur,Kuala Lumpur,RM10k-15k,Low,2023-10-18,2026-08-01,2026-08-14 00:26:12.005687
CUST005712,Male,1964-01-11,Penang,George Town,RM3k-6k,Medium,2019-01-09,2026-08-01,2026-08-14 00:26:12.005687
CUST005713,Male,1969-07-20,Melaka,Melaka City,RM3k-6k,Low,2020-07-19,2026-08-01,2026-08-14 00:26:12.005687
CUST005714,Male,1998-03-22,Selangor,Shah Alam,RM6k-10k,Medium,2023-08-14,2026-08-01,2026-08-14 00:26:12.005687
CUST005715,Female,1955-08-05,Perak,Ipoh,RM10k-15k,Medium,2018-02-21,2026-08-01,2026-08-14 00:26:12.005687
CUST005716,Female,2001-11-16,Kuala Lumpur,Kuala Lumpur,<RM3k,Low,2020-01-17,2026-08-01,2026-08-14 00:26:12.005687
CUST005717,Male,2002-03-31,Johor,Batu Pahat,RM3k-6k,Medium,2023-09-04,2026-08-01,2026-08-14 00:26:12.005687
CUST005718,Male,1967-05-29,Sabah,Kota Kinabalu,RM10k-15k,Low,2019-12-01,2026-08-01,2026-08-14 00:26:12.005687
CUST005719,Female,1970-09-18,Kuala Lumpur,Kuala Lumpur,>RM15k,High,2022-11-07,2026-08-01,2026-08-14 00:26:12.005687
CUST005720,Female,1965-02-19,Selangor,Petaling Jaya,<RM3k,Medium,2021-03-15,2026-08-01,2026-08-14 00:26:12.005687
CUST005721,Male,1982-06-21,Melaka,Melaka City,RM3k-6k,High,2021-09-09,2026-08-01,2026-08-14 00:26:12.005687
CUST005722,Female,1965-06-25,Selangor,Shah Alam,RM3k-6k,Low,2020-11-12,2026-08-01,2026-08-14 00:26:12.005687
CUST005723,Female,1993-09-28,Perak,Taiping,RM3k-6k,Low,2025-03-10,2026-08-01,2026-08-14 00:26:12.005687
CUST005724,Male,1973-12-25,Penang,Butterworth,<RM3k,Low,2023-10-07,2026-08-01,2026-08-14 00:26:12.005687
CUST005725,Male,2002-05-27,Kuala Lumpur,Kuala Lumpur,RM6k-10k,Low,2023-10-26,2026-08-01,2026-08-14 00:26:12.005687
CUST005726,Male,1996-10-21,Sabah,Sandakan,RM6k-10k,Low,2024-05-01,2026-08-01,2026-08-14 00:26:12.005687
CUST005727,Male,1974-08-30,Johor,Muar,RM3k-6k,Medium,2021-05-28,2026-08-01,2026-08-14 00:26:12.005687
CUST005728,Female,1984-03-14,Kuala Lumpur,Kuala Lumpur,RM3k-6k,Low,2018-10-29,2026-08-01,2026-08-14 00:26:12.005687
CUST005729,Male,1956-03-12,Negeri Sembilan,Seremban,>RM15k,High,2018-06-05,2026-08-01,2026-08-14 00:26:12.005687
CUST005730,Female,1958-04-23,Johor,Batu Pahat,RM3k-6k,Low,2021-11-09,2026-08-01,2026-08-14 00:26:12.005687
CUST005731,Female,1979-10-17,Sabah,Sandakan,RM10k-15k,Low,2025-01-03,2026-08-01,2026-08-14 00:26:12.005687
CUST005732,Male,1978-03-05,Selangor,Subang Jaya,RM3k-6k,Medium,2021-11-11,2026-08-01,2026-08-14 00:26:12.005687
CUST005733,Male,1974-07-07,Kuala Lumpur,Kuala Lumpur,RM10k-15k,Low,2025-11-16,2026-08-01,2026-08-14 00:26:12.005687
CUST005734,Male,1959-06-05,Sabah,Sandakan,RM10k-15k,Medium,2022-03-10,2026-08-01,2026-08-14 00:26:12.005687
CUST005735,Female,1996-02-25,Perak,Taiping,RM3k-6k,Medium,2023-01-28,2026-08-01,2026-08-14 00:26:12.005687
CUST005736,Male,1974-11-26,Selangor,Subang Jaya,RM6k-10k,Medium,2018-08-15,2026-08-01,2026-08-14 00:26:12.005687
CUST005737,Male,1978-01-11,Sabah,Kota Kinabalu,RM6k-10k,Medium,2024-02-22,2026-08-01,2026-08-14 00:26:12.005687
CUST005738,Male,1974-10-09,Johor,Johor Bahru,RM3k-6k,Medium,2025-02-09,2026-08-01,2026-08-14 00:26:12.005687
CUST005739,Male,1979-05-15,Selangor,Subang Jaya,RM10k-15k,High,2022-01-18,2026-08-01,2026-08-14 00:26:12.005687
CUST005740,Female,1986-10-07,Sabah,Sandakan,RM3k-6k,Low,2025-03-27,2026-08-01,2026-08-14 00:26:12.005687
CUST005741,Male,1992-06-07,Penang,George Town,RM6k-10k,Low,2019-11-23,2026-08-01,2026-08-14 00:26:12.005687
CUST005742,Male,1981-12-03,Johor,Muar,>RM15k,Medium,2021-11-30,2026-08-01,2026-08-14 00:26:12.005687
CUST005743,Male,1963-02-18,Sabah,Sandakan,<RM3k,Low,2025-04-18,2026-08-01,2026-08-14 00:26:12.005687
CUST005745,Male,1968-12-11,Negeri Sembilan,Seremban,<RM3k,Medium,2023-07-04,2026-08-01,2026-08-14 00:26:12.005687
CUST005746,Female,1955-10-19,Sarawak,Kuching,>RM15k,Low,2021-03-23,2026-08-01,2026-08-14 00:26:12.005687
CUST005747,Female,1956-11-29,Selangor,Subang Jaya,<RM3k,Low,2022-05-22,2026-08-01,2026-08-14 00:26:12.005687
CUST005748,Male,1992-12-03,Johor,Muar,RM3k-6k,Medium,2020-12-21,2026-08-01,2026-08-14 00:26:12.005687
CUST005749,Male,1973-12-16,Negeri Sembilan,Seremban,RM6k-10k,Low,2023-06-16,2026-08-01,2026-08-14 00:26:12.005687
CUST005750,Male,1956-02-10,Melaka,Melaka City,RM10k-15k,Low,2018-06-12,2026-08-01,2026-08-14 00:26:12.005687
CUST005751,Female,1994-10-04,Selangor,Klang,RM6k-10k,Medium,2022-02-04,2026-08-01,2026-08-14 00:26:12.005687
CUST005752,Female,1969-11-28,Selangor,Shah Alam,>RM15k,Medium,2025-06-09,2026-08-01,2026-08-14 00:26:12.005687
CUST005753,Male,2002-12-01,Selangor,Petaling Jaya,<RM3k,Medium,2018-06-20,2026-08-01,2026-08-14 00:26:12.005687
CUST005754,Male,1998-02-06,Melaka,Melaka City,RM6k-10k,Low,2021-08-10,2026-08-01,2026-08-14 00:26:12.005687
CUST005755,Female,1957-05-12,Melaka,Melaka City,RM6k-10k,Low,2023-04-14,2026-08-01,2026-08-14 00:26:12.005687
CUST005756,Male,1988-10-29,Sarawak,Miri,RM3k-6k,Medium,2018-09-04,2026-08-01,2026-08-14 00:26:12.005687
CUST005757,Female,1984-07-22,Selangor,Petaling Jaya,>RM15k,Low,2018-01-16,2026-08-01,2026-08-14 00:26:12.005687
CUST005758,Male,1963-06-06,Melaka,Melaka City,RM6k-10k,High,2019-04-28,2026-08-01,2026-08-14 00:26:12.005687
CUST005759,Female,1971-10-23,Kuala Lumpur,Kuala Lumpur,RM3k-6k,Medium,2019-10-06,2026-08-01,2026-08-14 00:26:12.005687
CUST005760,Female,1979-01-18,Johor,Batu Pahat,<RM3k,Low,2025-01-10,2026-08-01,2026-08-14 00:26:12.005687
CUST005761,Female,1962-02-27,Selangor,Shah Alam,<RM3k,Medium,2019-04-01,2026-08-01,2026-08-14 00:26:12.005687
CUST005763,Male,1968-08-02,Penang,George Town,RM3k-6k,Medium,2020-09-20,2026-08-01,2026-08-14 00:26:12.005687
CUST005764,Male,2000-12-04,Selangor,Petaling Jaya,>RM15k,Medium,2022-04-14,2026-08-01,2026-08-14 00:26:12.005687
CUST005765,Female,1994-04-12,Selangor,Petaling Jaya,<RM3k,Low,2025-04-07,2026-08-01,2026-08-14 00:26:12.005687
CUST005766,Female,1986-01-29,Sarawak,Miri,>RM15k,Medium,2024-11-12,2026-08-01,2026-08-14 00:26:12.005687
CUST005767,Female,1960-11-13,Kuala Lumpur,Kuala Lumpur,RM10k-15k,Medium,2018-08-21,2026-08-01,2026-08-14 00:26:12.005687
CUST005768,Male,1956-03-17,Johor,Johor Bahru,<RM3k,Medium,2018-09-18,2026-08-01,2026-08-14 00:26:12.005687
CUST005769,Female,1962-02-24,Selangor,Subang Jaya,<RM3k,Low,2020-11-09,2026-08-01,2026-08-14 00:26:12.005687
CUST005770,Male,1979-06-26,Selangor,Petaling Jaya,RM10k-15k,High,2024-06-20,2026-08-01,2026-08-14 00:26:12.005687
CUST005771,Male,1993-04-12,Selangor,Klang,<RM3k,Low,2024-01-28,2026-08-01,2026-08-14 00:26:12.005687
CUST005772,Male,1962-06-30,Perak,Ipoh,RM3k-6k,Low,2022-12-12,2026-08-01,2026-08-14 00:26:12.005687
CUST005773,Female,1989-08-29,Johor,Muar,RM10k-15k,Low,2024-11-26,2026-08-01,2026-08-14 00:26:12.005687
CUST005762,Male,1990-05-16,Johor,Muar,>RM15k,High,2023-02-14,2026-08-01,2026-08-14 00:26:12.005687
CUST005774,Male,1957-05-05,Selangor,Shah Alam,>RM15k,Low,2019-06-17,2026-08-01,2026-08-14 00:26:12.005687
CUST005775,Female,1968-01-06,Sarawak,Miri,RM10k-15k,Low,2023-11-21,2026-08-01,2026-08-14 00:26:12.005687
CUST005776,Female,1984-04-28,Kuala Lumpur,Kuala Lumpur,RM10k-15k,Low,2025-10-02,2026-08-01,2026-08-14 00:26:12.005687
CUST005777,Male,1995-08-03,Sabah,Kota Kinabalu,RM6k-10k,Low,2025-09-20,2026-08-01,2026-08-14 00:26:12.005687
CUST005778,Male,1993-01-24,Selangor,Petaling Jaya,RM10k-15k,Low,2023-09-09,2026-08-01,2026-08-14 00:26:12.005687
CUST005779,Male,1981-02-05,Melaka,Melaka City,RM3k-6k,Low,2023-07-26,2026-08-01,2026-08-14 00:26:12.005687
CUST005780,Female,1956-10-07,Kuala Lumpur,Kuala Lumpur,RM10k-15k,Low,2019-10-16,2026-08-01,2026-08-14 00:26:12.005687
CUST005781,Male,1969-05-17,Penang,Bayan Lepas,RM6k-10k,Low,2023-12-16,2026-08-01,2026-08-14 00:26:12.005687
CUST005782,Male,1993-05-24,Penang,George Town,RM6k-10k,Low,2019-12-24,2026-08-01,2026-08-14 00:26:12.005687
CUST005783,Female,1958-12-24,Penang,Butterworth,>RM15k,Low,2021-05-17,2026-08-01,2026-08-14 00:26:12.005687
CUST005784,Male,1989-08-11,Sarawak,Miri,RM3k-6k,Medium,2018-12-08,2026-08-01,2026-08-14 00:26:12.005687
CUST005785,Female,1989-06-28,Kuala Lumpur,Kuala Lumpur,RM6k-10k,Low,2020-06-01,2026-08-01,2026-08-14 00:26:12.005687
CUST005786,Male,1991-11-05,Selangor,Petaling Jaya,RM6k-10k,Medium,2018-08-10,2026-08-01,2026-08-14 00:26:12.005687
CUST005787,Male,1965-08-23,Sarawak,Miri,RM3k-6k,Low,2021-09-11,2026-08-01,2026-08-14 00:26:12.005687
CUST005788,Male,1966-12-28,Melaka,Melaka City,RM3k-6k,Low,2018-07-31,2026-08-01,2026-08-14 00:26:12.005687
CUST005789,Male,1964-09-22,Johor,Muar,>RM15k,Low,2024-02-22,2026-08-01,2026-08-14 00:26:12.005687
CUST005790,Female,1974-04-14,Penang,Bayan Lepas,RM3k-6k,Low,2023-03-31,2026-08-01,2026-08-14 00:26:12.005687
CUST005791,Male,1980-09-02,Sabah,Kota Kinabalu,RM6k-10k,Medium,2023-03-15,2026-08-01,2026-08-14 00:26:12.005687
CUST005792,Male,1960-11-13,Sabah,Kota Kinabalu,RM6k-10k,Medium,2023-08-17,2026-08-01,2026-08-14 00:26:12.005687
CUST005793,Female,1982-10-20,Melaka,Melaka City,RM10k-15k,Medium,2024-03-04,2026-08-01,2026-08-14 00:26:12.005687
CUST005794,Female,1966-09-15,Sarawak,Miri,RM10k-15k,Low,2023-05-28,2026-08-01,2026-08-14 00:26:12.005687
CUST005795,Male,1982-07-18,Selangor,Klang,<RM3k,Low,2023-01-08,2026-08-01,2026-08-14 00:26:12.005687
CUST005796,Male,1969-11-01,Penang,Bayan Lepas,RM3k-6k,High,2019-06-18,2026-08-01,2026-08-14 00:26:12.005687
CUST005797,Male,2001-10-10,Johor,Batu Pahat,RM6k-10k,Low,2023-11-12,2026-08-01,2026-08-14 00:26:12.005687
CUST005798,Male,1970-08-26,Kuala Lumpur,Kuala Lumpur,<RM3k,Low,2021-11-23,2026-08-01,2026-08-14 00:26:12.005687
CUST005799,Male,1997-09-09,Sarawak,Kuching,RM6k-10k,Low,2019-03-31,2026-08-01,2026-08-14 00:26:12.005687
CUST005800,Female,1963-07-30,Penang,Bayan Lepas,RM3k-6k,High,2021-11-05,2026-08-01,2026-08-14 00:26:12.005687
CUST005801,Female,1959-02-28,Kuala Lumpur,Kuala Lumpur,<RM3k,High,2020-08-03,2026-08-01,2026-08-14 00:26:12.005687
CUST005802,Male,1964-03-31,Perak,Taiping,>RM15k,Low,2019-08-05,2026-08-01,2026-08-14 00:26:12.005687
CUST005803,Male,1975-07-20,Selangor,Subang Jaya,>RM15k,Low,2022-06-28,2026-08-01,2026-08-14 00:26:12.005687
CUST005804,Male,1999-03-03,Kuala Lumpur,Kuala Lumpur,RM10k-15k,Medium,2025-02-26,2026-08-01,2026-08-14 00:26:12.005687
CUST005805,Male,1963-08-21,Penang,Butterworth,RM3k-6k,Low,2018-02-18,2026-08-01,2026-08-14 00:26:12.005687
CUST005806,Male,1993-05-29,Sabah,Sandakan,>RM15k,Low,2019-01-30,2026-08-01,2026-08-14 00:26:12.005687
CUST005807,Male,1989-02-22,Johor,Johor Bahru,RM6k-10k,Low,2025-04-18,2026-08-01,2026-08-14 00:26:12.005687
CUST005808,Male,1971-11-17,Kuala Lumpur,Kuala Lumpur,>RM15k,Low,2023-07-12,2026-08-01,2026-08-14 00:26:12.005687
CUST005809,Female,1971-06-26,Penang,Bayan Lepas,<RM3k,Low,2019-12-01,2026-08-01,2026-08-14 00:26:12.005687
CUST005810,Male,2001-06-07,Kuala Lumpur,Kuala Lumpur,<RM3k,Medium,2020-12-14,2026-08-01,2026-08-14 00:26:12.005687
CUST005811,Male,1990-01-06,Melaka,Melaka City,RM6k-10k,Medium,2018-09-16,2026-08-01,2026-08-14 00:26:12.005687
CUST005812,Female,1966-09-15,Selangor,Shah Alam,>RM15k,Medium,2024-09-30,2026-08-01,2026-08-14 00:26:12.005687
CUST005813,Male,1999-09-05,Melaka,Melaka City,<RM3k,Low,2023-04-25,2026-08-01,2026-08-14 00:26:12.005687
CUST005814,Male,1974-12-07,Kuala Lumpur,Kuala Lumpur,RM3k-6k,Low,2019-11-10,2026-08-01,2026-08-14 00:26:12.005687
CUST005815,Male,1958-11-27,Kuala Lumpur,Kuala Lumpur,RM6k-10k,High,2019-07-20,2026-08-01,2026-08-14 00:26:12.005687
CUST005816,Male,1994-11-10,Johor,Muar,>RM15k,Low,2023-07-12,2026-08-01,2026-08-14 00:26:12.005687
CUST005817,Female,1997-07-25,Sabah,Sandakan,RM10k-15k,Low,2022-06-30,2026-08-01,2026-08-14 00:26:12.005687
CUST005818,Female,1976-09-12,Negeri Sembilan,Seremban,>RM15k,Low,2023-12-28,2026-08-01,2026-08-14 00:26:12.005687
CUST005819,Female,1989-06-28,Johor,Batu Pahat,RM6k-10k,Low,2019-12-29,2026-08-01,2026-08-14 00:26:12.005687
CUST005820,Female,1966-06-30,Selangor,Subang Jaya,RM10k-15k,Low,2025-12-14,2026-08-01,2026-08-14 00:26:12.005687
CUST005821,Male,1996-08-31,Kuala Lumpur,Kuala Lumpur,RM6k-10k,Low,2019-04-30,2026-08-01,2026-08-14 00:26:12.005687
CUST005822,Male,1973-01-21,Penang,Bayan Lepas,<RM3k,Medium,2019-06-05,2026-08-01,2026-08-14 00:26:12.005687
CUST005823,Male,1968-02-05,Selangor,Klang,RM6k-10k,Low,2023-11-17,2026-08-01,2026-08-14 00:26:12.005687
CUST005824,Female,1979-07-14,Melaka,Melaka City,RM6k-10k,Medium,2022-07-08,2026-08-01,2026-08-14 00:26:12.005687
CUST005825,Female,1968-02-04,Johor,Muar,RM6k-10k,Medium,2021-02-08,2026-08-01,2026-08-14 00:26:12.005687
CUST005826,Female,1985-05-30,Sabah,Kota Kinabalu,RM3k-6k,Low,2023-11-21,2026-08-01,2026-08-14 00:26:12.005687
CUST005827,Male,1991-08-20,Sarawak,Kuching,RM10k-15k,Medium,2022-08-05,2026-08-01,2026-08-14 00:26:12.005687
CUST005828,Female,1974-11-15,Kuala Lumpur,Kuala Lumpur,RM10k-15k,High,2021-03-22,2026-08-01,2026-08-14 00:26:12.005687
CUST005829,Male,1993-05-21,Johor,Muar,RM3k-6k,Low,2019-09-24,2026-08-01,2026-08-14 00:26:12.005687
CUST005830,Male,1976-02-18,Melaka,Melaka City,>RM15k,Medium,2023-09-27,2026-08-01,2026-08-14 00:26:12.005687
CUST005831,Male,2002-07-15,Johor,Batu Pahat,RM3k-6k,Medium,2022-06-02,2026-08-01,2026-08-14 00:26:12.005687
CUST005832,Female,1967-12-07,Penang,Butterworth,<RM3k,Medium,2025-02-25,2026-08-01,2026-08-14 00:26:12.005687
CUST005833,Female,1989-07-12,Melaka,Melaka City,<RM3k,Low,2021-05-15,2026-08-01,2026-08-14 00:26:12.005687
CUST005834,Male,1981-03-25,Selangor,Shah Alam,RM6k-10k,Low,2020-02-15,2026-08-01,2026-08-14 00:26:12.005687
CUST005835,Male,2001-03-25,Melaka,Melaka City,<RM3k,Low,2018-05-30,2026-08-01,2026-08-14 00:26:12.005687
CUST005836,Female,1965-10-02,Selangor,Shah Alam,RM6k-10k,Low,2020-03-02,2026-08-01,2026-08-14 00:26:12.005687
CUST005837,Male,1964-08-22,Penang,Bayan Lepas,RM10k-15k,Low,2023-10-24,2026-08-01,2026-08-14 00:26:12.005687
CUST005838,Male,1997-07-04,Selangor,Shah Alam,RM6k-10k,Medium,2020-04-18,2026-08-01,2026-08-14 00:26:12.005687
CUST005839,Female,1999-02-25,Johor,Muar,>RM15k,Low,2022-06-02,2026-08-01,2026-08-14 00:26:12.005687
CUST005840,Female,1991-08-14,Kuala Lumpur,Kuala Lumpur,>RM15k,Low,2019-09-20,2026-08-01,2026-08-14 00:26:12.005687
CUST005841,Female,1978-04-08,Kuala Lumpur,Kuala Lumpur,RM3k-6k,Low,2025-06-01,2026-08-01,2026-08-14 00:26:12.005687
CUST005842,Female,1975-02-07,Selangor,Subang Jaya,<RM3k,Low,2025-03-19,2026-08-01,2026-08-14 00:26:12.005687
CUST005843,Female,1987-08-29,Selangor,Petaling Jaya,RM3k-6k,Medium,2024-06-18,2026-08-01,2026-08-14 00:26:12.005687
CUST005844,Male,1991-08-12,Penang,Butterworth,RM6k-10k,Medium,2023-11-12,2026-08-01,2026-08-14 00:26:12.005687
CUST005845,Female,1968-07-09,Kuala Lumpur,Kuala Lumpur,RM3k-6k,Low,2022-07-27,2026-08-01,2026-08-14 00:26:12.005687
CUST005846,Male,1955-05-06,Kuala Lumpur,Kuala Lumpur,RM6k-10k,Low,2018-01-25,2026-08-01,2026-08-14 00:26:12.005687
CUST005847,Male,1958-08-09,Selangor,Petaling Jaya,RM6k-10k,Low,2018-05-06,2026-08-01,2026-08-14 00:26:12.005687
CUST005848,Female,1971-11-17,Johor,Johor Bahru,RM6k-10k,High,2021-07-19,2026-08-01,2026-08-14 00:26:12.005687
CUST005849,Female,1988-05-26,Selangor,Shah Alam,<RM3k,Low,2024-01-06,2026-08-01,2026-08-14 00:26:12.005687
CUST005850,Male,1976-07-28,Kuala Lumpur,Kuala Lumpur,RM3k-6k,Low,2019-01-16,2026-08-01,2026-08-14 00:26:12.005687
CUST005851,Male,1985-04-19,Penang,George Town,RM3k-6k,Low,2022-05-23,2026-08-01,2026-08-14 00:26:12.005687
CUST005852,Male,1978-01-07,Sabah,Kota Kinabalu,RM10k-15k,Low,2025-08-20,2026-08-01,2026-08-14 00:26:12.005687
CUST005853,Female,1967-05-01,Perak,Ipoh,RM6k-10k,Low,2024-09-05,2026-08-01,2026-08-14 00:26:12.005687
CUST005854,Female,1991-09-08,Selangor,Shah Alam,RM6k-10k,High,2022-05-31,2026-08-01,2026-08-14 00:26:12.005687
CUST005855,Female,1990-06-12,Sarawak,Kuching,RM6k-10k,Low,2022-08-15,2026-08-01,2026-08-14 00:26:12.005687
CUST005856,Male,2002-03-05,Penang,Butterworth,RM6k-10k,Low,2018-07-02,2026-08-01,2026-08-14 00:26:12.005687
CUST005857,Male,1995-06-16,Penang,George Town,<RM3k,Low,2018-01-06,2026-08-01,2026-08-14 00:26:12.005687
CUST005858,Male,1973-08-14,Selangor,Klang,RM3k-6k,Low,2020-07-11,2026-08-01,2026-08-14 00:26:12.005687
CUST005859,Male,1989-07-13,Selangor,Petaling Jaya,<RM3k,High,2024-07-08,2026-08-01,2026-08-14 00:26:12.005687
CUST005860,Female,1972-03-06,Johor,Johor Bahru,<RM3k,Medium,2018-01-18,2026-08-01,2026-08-14 00:26:12.005687
CUST005861,Male,1997-10-07,Selangor,Petaling Jaya,RM3k-6k,High,2024-05-23,2026-08-01,2026-08-14 00:26:12.005687
CUST005862,Female,1984-11-29,Perak,Taiping,RM10k-15k,Medium,2020-01-23,2026-08-01,2026-08-14 00:26:12.005687
CUST005863,Male,1995-11-23,Selangor,Subang Jaya,<RM3k,Medium,2018-10-18,2026-08-01,2026-08-14 00:26:12.005687
CUST005864,Male,1968-10-12,Kuala Lumpur,Kuala Lumpur,<RM3k,Medium,2018-10-07,2026-08-01,2026-08-14 00:26:12.005687
CUST005865,Male,1955-09-25,Kuala Lumpur,Kuala Lumpur,<RM3k,Low,2023-06-21,2026-08-01,2026-08-14 00:26:12.005687
CUST005866,Female,1961-12-04,Kuala Lumpur,Kuala Lumpur,RM3k-6k,Medium,2018-05-11,2026-08-01,2026-08-14 00:26:12.005687
CUST005867,Male,1981-01-13,Johor,Batu Pahat,RM3k-6k,Medium,2022-03-17,2026-08-01,2026-08-14 00:26:12.005687
CUST005868,Male,2002-02-10,Kuala Lumpur,Kuala Lumpur,<RM3k,Medium,2025-06-23,2026-08-01,2026-08-14 00:26:12.005687
CUST005869,Female,1985-09-21,Johor,Muar,RM3k-6k,Low,2022-09-20,2026-08-01,2026-08-14 00:26:12.005687
CUST005870,Female,1994-08-31,Selangor,Subang Jaya,>RM15k,Medium,2020-09-03,2026-08-01,2026-08-14 00:26:12.005687
CUST005871,Male,1977-12-28,Penang,Bayan Lepas,RM3k-6k,Low,2025-02-10,2026-08-01,2026-08-14 00:26:12.005687
CUST005872,Female,2001-12-18,Negeri Sembilan,Seremban,RM3k-6k,Medium,2018-08-02,2026-08-01,2026-08-14 00:26:12.005687
CUST005873,Female,2001-02-07,Sarawak,Kuching,RM6k-10k,Low,2019-12-30,2026-08-01,2026-08-14 00:26:12.005687
CUST005874,Female,1965-09-03,Penang,Bayan Lepas,RM3k-6k,Low,2019-05-16,2026-08-01,2026-08-14 00:26:12.005687
CUST005875,Female,1997-03-30,Selangor,Shah Alam,RM6k-10k,Low,2018-02-08,2026-08-01,2026-08-14 00:26:12.005687
CUST005876,Female,1955-11-15,Perak,Taiping,RM3k-6k,Medium,2025-08-20,2026-08-01,2026-08-14 00:26:12.005687
CUST005877,Male,1984-01-14,Melaka,Melaka City,>RM15k,Medium,2019-09-02,2026-08-01,2026-08-14 00:26:12.005687
CUST005878,Female,1976-06-04,Johor,Batu Pahat,>RM15k,Low,2018-08-03,2026-08-01,2026-08-14 00:26:12.005687
CUST005879,Male,1969-10-06,Kuala Lumpur,Kuala Lumpur,RM6k-10k,Low,2025-04-27,2026-08-01,2026-08-14 00:26:12.005687
CUST005880,Female,2000-09-28,Sabah,Sandakan,RM3k-6k,Low,2025-09-11,2026-08-01,2026-08-14 00:26:12.005687
CUST005881,Female,1987-06-14,Kuala Lumpur,Kuala Lumpur,RM3k-6k,Low,2019-09-10,2026-08-01,2026-08-14 00:26:12.005687
CUST005882,Female,1961-10-11,Sabah,Kota Kinabalu,RM3k-6k,Low,2021-03-19,2026-08-01,2026-08-14 00:26:12.005687
CUST005883,Male,1961-10-28,Kuala Lumpur,Kuala Lumpur,RM10k-15k,Medium,2023-05-25,2026-08-01,2026-08-14 00:26:12.005687
CUST005884,Male,1960-09-28,Kuala Lumpur,Kuala Lumpur,<RM3k,Medium,2021-06-02,2026-08-01,2026-08-14 00:26:12.005687
CUST005885,Male,1969-11-24,Sabah,Sandakan,RM6k-10k,Low,2024-04-25,2026-08-01,2026-08-14 00:26:12.005687
CUST005886,Female,1958-05-18,Perak,Ipoh,RM3k-6k,Medium,2019-12-28,2026-08-01,2026-08-14 00:26:12.005687
CUST005887,Female,1967-12-12,Penang,Butterworth,RM6k-10k,Low,2024-07-03,2026-08-01,2026-08-14 00:26:12.005687
CUST005888,Female,1992-06-25,Sarawak,Miri,RM3k-6k,Medium,2022-06-20,2026-08-01,2026-08-14 00:26:12.005687
CUST005889,Male,1997-10-22,Sarawak,Kuching,RM3k-6k,Low,2018-01-31,2026-08-01,2026-08-14 00:26:12.005687
CUST005890,Female,1993-07-04,Johor,Muar,RM6k-10k,Medium,2022-12-18,2026-08-01,2026-08-14 00:26:12.005687
CUST005891,Male,1979-04-22,Negeri Sembilan,Seremban,RM6k-10k,Low,2018-01-28,2026-08-01,2026-08-14 00:26:12.005687
CUST005892,Male,1989-01-26,Selangor,Shah Alam,RM3k-6k,Low,2024-10-07,2026-08-01,2026-08-14 00:26:12.005687
CUST005893,Male,2001-04-01,Kuala Lumpur,Kuala Lumpur,<RM3k,Low,2025-11-28,2026-08-01,2026-08-14 00:26:12.005687
CUST005894,Male,1957-08-11,Sarawak,Miri,RM10k-15k,Medium,2019-03-27,2026-08-01,2026-08-14 00:26:12.005687
CUST005895,Female,1999-04-28,Selangor,Petaling Jaya,RM6k-10k,High,2022-03-21,2026-08-01,2026-08-14 00:26:12.005687
CUST005896,Male,1990-06-09,Melaka,Melaka City,RM6k-10k,Medium,2020-09-10,2026-08-01,2026-08-14 00:26:12.005687
CUST005897,Female,1973-12-06,Kuala Lumpur,Kuala Lumpur,RM6k-10k,Medium,2018-07-06,2026-08-01,2026-08-14 00:26:12.005687
CUST005898,Male,1976-12-24,Kuala Lumpur,Kuala Lumpur,RM6k-10k,Low,2023-06-03,2026-08-01,2026-08-14 00:26:12.005687
CUST005899,Male,1976-06-27,Kuala Lumpur,Kuala Lumpur,RM6k-10k,Medium,2018-03-20,2026-08-01,2026-08-14 00:26:12.005687
CUST005900,Female,1962-09-26,Penang,George Town,<RM3k,Medium,2018-03-12,2026-08-01,2026-08-14 00:26:12.005687
CUST005901,Male,1966-04-14,Sarawak,Kuching,RM6k-10k,Low,2024-06-26,2026-08-01,2026-08-14 00:26:12.005687
CUST005902,Female,1969-06-17,Selangor,Shah Alam,RM6k-10k,Low,2020-04-04,2026-08-01,2026-08-14 00:26:12.005687
CUST005903,Female,1955-04-15,Kuala Lumpur,Kuala Lumpur,<RM3k,Low,2025-03-28,2026-08-01,2026-08-14 00:26:12.005687
CUST005904,Male,1979-07-22,Selangor,Klang,RM10k-15k,Low,2022-10-02,2026-08-01,2026-08-14 00:26:12.005687
CUST005905,Female,1978-05-08,Selangor,Shah Alam,RM3k-6k,Low,2022-03-13,2026-08-01,2026-08-14 00:26:12.005687
CUST005906,Male,1971-02-25,Penang,Bayan Lepas,<RM3k,Medium,2021-04-10,2026-08-01,2026-08-14 00:26:12.005687
CUST005907,Male,1963-08-24,Perak,Ipoh,RM10k-15k,Medium,2020-12-21,2026-08-01,2026-08-14 00:26:12.005687
CUST005908,Male,2002-07-07,Kuala Lumpur,Kuala Lumpur,RM10k-15k,Low,2019-10-20,2026-08-01,2026-08-14 00:26:12.005687
CUST005909,Female,1988-03-30,Johor,Johor Bahru,RM3k-6k,High,2023-08-14,2026-08-01,2026-08-14 00:26:12.005687
CUST005910,Female,1978-04-05,Penang,Butterworth,RM6k-10k,Medium,2022-11-06,2026-08-01,2026-08-14 00:26:12.005687
CUST005911,Male,1990-05-29,Selangor,Klang,<RM3k,Medium,2018-03-07,2026-08-01,2026-08-14 00:26:12.005687
CUST005912,Female,1973-03-27,Selangor,Subang Jaya,RM6k-10k,High,2020-08-02,2026-08-01,2026-08-14 00:26:12.005687
CUST005913,Male,1965-07-24,Penang,George Town,RM3k-6k,High,2025-03-10,2026-08-01,2026-08-14 00:26:12.005687
CUST005914,Female,1987-12-25,Selangor,Subang Jaya,RM10k-15k,Low,2021-12-09,2026-08-01,2026-08-14 00:26:12.005687
CUST005915,Female,1992-10-03,Kuala Lumpur,Kuala Lumpur,RM3k-6k,High,2020-01-19,2026-08-01,2026-08-14 00:26:12.005687
CUST005916,Male,1986-11-16,Selangor,Shah Alam,RM3k-6k,Low,2019-11-02,2026-08-01,2026-08-14 00:26:12.005687
CUST005917,Male,1982-10-02,Sabah,Sandakan,RM10k-15k,Low,2019-07-12,2026-08-01,2026-08-14 00:26:12.005687
CUST005918,Male,1955-02-13,Selangor,Klang,<RM3k,Low,2024-11-20,2026-08-01,2026-08-14 00:26:12.005687
CUST005919,Male,1986-04-03,Sarawak,Miri,RM3k-6k,Medium,2020-06-26,2026-08-01,2026-08-14 00:26:12.005687
CUST005920,Female,1985-04-21,Johor,Batu Pahat,RM3k-6k,High,2020-05-19,2026-08-01,2026-08-14 00:26:12.005687
CUST005921,Female,1975-03-18,Johor,Muar,RM6k-10k,Low,2018-07-06,2026-08-01,2026-08-14 00:26:12.005687
CUST005922,Female,1966-12-11,Sabah,Kota Kinabalu,<RM3k,Medium,2025-02-11,2026-08-01,2026-08-14 00:26:12.005687
CUST005923,Male,2002-12-22,Selangor,Petaling Jaya,RM6k-10k,Low,2021-02-11,2026-08-01,2026-08-14 00:26:12.005687
CUST005924,Female,1973-05-21,Selangor,Shah Alam,RM3k-6k,Medium,2023-08-22,2026-08-01,2026-08-14 00:26:12.005687
CUST005925,Male,1968-04-30,Kuala Lumpur,Kuala Lumpur,RM6k-10k,Low,2023-09-19,2026-08-01,2026-08-14 00:26:12.005687
CUST005926,Female,1989-08-10,Perak,Taiping,>RM15k,Medium,2020-10-19,2026-08-01,2026-08-14 00:26:12.005687
CUST005927,Male,1978-08-13,Johor,Johor Bahru,RM3k-6k,Medium,2021-12-26,2026-08-01,2026-08-14 00:26:12.005687
CUST005928,Male,1982-04-23,Sarawak,Miri,RM6k-10k,Low,2018-10-24,2026-08-01,2026-08-14 00:26:12.005687
CUST005929,Male,1986-10-07,Johor,Batu Pahat,RM3k-6k,High,2023-05-06,2026-08-01,2026-08-14 00:26:12.005687
CUST005930,Female,1973-01-23,Selangor,Subang Jaya,<RM3k,High,2023-05-23,2026-08-01,2026-08-14 00:26:12.005687
CUST005931,Male,1962-06-18,Selangor,Klang,RM10k-15k,Low,2019-09-17,2026-08-01,2026-08-14 00:26:12.005687
CUST005932,Female,1963-03-15,Selangor,Shah Alam,RM10k-15k,Medium,2019-07-25,2026-08-01,2026-08-14 00:26:12.005687
CUST005933,Female,2001-01-14,Sarawak,Kuching,RM10k-15k,Medium,2021-03-08,2026-08-01,2026-08-14 00:26:12.005687
CUST005934,Female,1979-10-08,Kuala Lumpur,Kuala Lumpur,>RM15k,Low,2023-07-16,2026-08-01,2026-08-14 00:26:12.005687
CUST005935,Female,1975-06-07,Melaka,Melaka City,RM3k-6k,Low,2022-02-26,2026-08-01,2026-08-14 00:26:12.005687
CUST005936,Male,1970-08-25,Kuala Lumpur,Kuala Lumpur,RM6k-10k,Medium,2018-06-30,2026-08-01,2026-08-14 00:26:12.005687
CUST005937,Female,1990-05-11,Johor,Batu Pahat,<RM3k,Medium,2022-07-31,2026-08-01,2026-08-14 00:26:12.005687
CUST005938,Female,1999-09-24,Kuala Lumpur,Kuala Lumpur,>RM15k,Medium,2023-08-28,2026-08-01,2026-08-14 00:26:12.005687
CUST005939,Male,1992-09-04,Sabah,Kota Kinabalu,RM6k-10k,Medium,2019-06-29,2026-08-01,2026-08-14 00:26:12.005687
CUST005940,Male,1981-03-07,Selangor,Petaling Jaya,RM3k-6k,Medium,2021-07-22,2026-08-01,2026-08-14 00:26:12.005687
CUST005941,Male,1978-04-18,Penang,Butterworth,RM10k-15k,Low,2024-06-17,2026-08-01,2026-08-14 00:26:12.005687
CUST005942,Male,1997-06-06,Melaka,Melaka City,RM6k-10k,Low,2020-08-06,2026-08-01,2026-08-14 00:26:12.005687
CUST005943,Female,1996-12-15,Penang,Bayan Lepas,>RM15k,Low,2018-09-21,2026-08-01,2026-08-14 00:26:12.005687
CUST005944,Male,1974-02-12,Kuala Lumpur,Kuala Lumpur,RM10k-15k,Low,2025-05-26,2026-08-01,2026-08-14 00:26:12.005687
CUST005945,Female,2002-03-31,Sabah,Sandakan,RM10k-15k,Medium,2018-10-15,2026-08-01,2026-08-14 00:26:12.005687
CUST005946,Female,1995-07-17,Johor,Muar,RM6k-10k,Medium,2018-06-29,2026-08-01,2026-08-14 00:26:12.005687
CUST005947,Female,1996-06-18,Kuala Lumpur,Kuala Lumpur,RM6k-10k,Low,2019-12-31,2026-08-01,2026-08-14 00:26:12.005687
CUST005948,Male,1957-10-08,Johor,Johor Bahru,RM10k-15k,Medium,2024-01-05,2026-08-01,2026-08-14 00:26:12.005687
CUST005949,Female,1961-05-15,Sarawak,Miri,<RM3k,Low,2023-03-27,2026-08-01,2026-08-14 00:26:12.005687
CUST005950,Male,1969-08-10,Johor,Batu Pahat,<RM3k,Low,2019-11-19,2026-08-01,2026-08-14 00:26:12.005687
CUST005951,Female,1992-04-19,Sabah,Kota Kinabalu,>RM15k,High,2018-08-14,2026-08-01,2026-08-14 00:26:12.005687
CUST005952,Female,1958-10-31,Perak,Taiping,>RM15k,Low,2025-08-19,2026-08-01,2026-08-14 00:26:12.005687
CUST005953,Female,1959-01-23,Johor,Muar,>RM15k,Medium,2018-01-23,2026-08-01,2026-08-14 00:26:12.005687
CUST005954,Female,1956-07-20,Selangor,Petaling Jaya,<RM3k,Low,2025-05-24,2026-08-01,2026-08-14 00:26:12.005687
CUST005955,Female,1964-05-27,Perak,Ipoh,RM3k-6k,Low,2021-10-11,2026-08-01,2026-08-14 00:26:12.005687
CUST005956,Male,2000-01-08,Selangor,Shah Alam,>RM15k,Medium,2019-07-22,2026-08-01,2026-08-14 00:26:12.005687
CUST005957,Male,1990-05-03,Kuala Lumpur,Kuala Lumpur,<RM3k,Medium,2020-10-09,2026-08-01,2026-08-14 00:26:12.005687
CUST005958,Female,1990-02-15,Selangor,Shah Alam,RM3k-6k,Medium,2020-06-25,2026-08-01,2026-08-14 00:26:12.005687
CUST005959,Male,1969-05-02,Melaka,Melaka City,RM3k-6k,Medium,2019-04-03,2026-08-01,2026-08-14 00:26:12.005687
CUST005960,Female,1985-08-17,Selangor,Klang,RM10k-15k,Medium,2021-06-15,2026-08-01,2026-08-14 00:26:12.005687
CUST005998,Male,2002-09-03,Kuala Lumpur,Kuala Lumpur,RM10k-15k,Medium,2019-05-08,2026-08-01,2026-08-14 00:26:12.005687
CUST005999,Male,1993-09-20,Selangor,Shah Alam,RM10k-15k,Low,2025-11-16,2026-08-01,2026-08-14 00:26:12.005687
CUST006000,Male,1986-06-21,Sarawak,Kuching,RM3k-6k,High,2019-08-02,2026-08-01,2026-08-14 00:26:12.005687
CUST000001,Male,1979-11-18,Melaka,Melaka City,RM3k-6k,Low,2022-05-10,2026-08-01,2026-08-14 00:26:12.005687
CUST000002,Female,1977-04-26,Selangor,Shah Alam,<RM3k,Medium,2022-03-23,2026-08-01,2026-08-14 00:26:12.005687
CUST000003,Male,1958-07-20,Johor,Muar,RM3k-6k,Medium,2021-03-22,2026-08-01,2026-08-14 00:26:12.005687
CUST000004,Male,1960-10-28,Kuala Lumpur,Kuala Lumpur,RM10k-15k,Medium,2020-11-23,2026-08-01,2026-08-14 00:26:12.005687
CUST000005,Female,1984-03-02,Kuala Lumpur,Kuala Lumpur,RM6k-10k,Medium,2019-12-17,2026-08-01,2026-08-14 00:26:12.005687
CUST000006,Male,1982-11-20,Perak,Ipoh,<RM3k,Low,2021-03-11,2026-08-01,2026-08-14 00:26:12.005687
CUST000007,Male,1982-03-10,Kuala Lumpur,Kuala Lumpur,RM3k-6k,Low,2018-08-03,2026-08-01,2026-08-14 00:26:12.005687
CUST000008,Male,1962-08-31,Johor,Muar,>RM15k,High,2020-05-05,2026-08-01,2026-08-14 00:26:12.005687
CUST000009,Female,1979-12-26,Perak,Ipoh,RM3k-6k,Medium,2025-12-12,2026-08-01,2026-08-14 00:26:12.005687
CUST000010,Female,1957-12-26,Kuala Lumpur,Kuala Lumpur,RM3k-6k,Medium,2019-04-22,2026-08-01,2026-08-14 00:26:12.005687
CUST000011,Female,1962-01-23,Johor,Muar,<RM3k,Medium,2023-11-09,2026-08-01,2026-08-14 00:26:12.005687
CUST000012,Male,1979-06-08,Perak,Taiping,RM3k-6k,High,2018-04-12,2026-08-01,2026-08-14 00:26:12.005687
CUST000013,Male,1985-03-25,Melaka,Melaka City,RM10k-15k,Medium,2023-11-14,2026-08-01,2026-08-14 00:26:12.005687
CUST000014,Male,1987-02-10,Selangor,Shah Alam,RM10k-15k,Low,2020-02-12,2026-08-01,2026-08-14 00:26:12.005687
CUST000015,Female,2003-02-10,Negeri Sembilan,Seremban,RM3k-6k,High,2023-08-14,2026-08-01,2026-08-14 00:26:12.005687
CUST000016,Female,1996-11-06,Sarawak,Kuching,>RM15k,Low,2021-12-21,2026-08-01,2026-08-14 00:26:12.005687
CUST000017,Male,1973-08-10,Perak,Ipoh,RM3k-6k,Low,2024-03-15,2026-08-01,2026-08-14 00:26:12.005687
CUST000018,Female,1993-05-10,Selangor,Shah Alam,RM10k-15k,Medium,2023-05-02,2026-08-01,2026-08-14 00:26:12.005687
CUST000019,Male,1959-09-08,Perak,Ipoh,<RM3k,Low,2022-06-19,2026-08-01,2026-08-14 00:26:12.005687
CUST000020,Male,1997-01-01,Sarawak,Miri,RM3k-6k,Low,2023-11-13,2026-08-01,2026-08-14 00:26:12.005687
CUST000021,Male,1973-12-11,Selangor,Petaling Jaya,RM10k-15k,Medium,2025-09-22,2026-08-01,2026-08-14 00:26:12.005687
CUST000403,Male,1975-09-05,Johor,Muar,<RM3k,Low,2024-03-10,2026-08-01,2026-08-14 00:26:12.005687
CUST000534,Male,1958-08-28,Johor,Muar,>RM15k,Low,2023-10-25,2026-08-01,2026-08-14 00:26:12.005687
CUST001411,Male,1998-08-18,Johor,Muar,<RM3k,Low,2022-02-28,2026-08-01,2026-08-14 00:26:12.005687
CUST001919,Male,1966-11-21,Sarawak,Miri,<RM3k,Low,2019-11-27,2026-08-01,2026-08-14 00:26:12.005687
CUST002740,Male,2000-05-05,Perak,Ipoh,RM6k-10k,Low,2023-09-15,2026-08-01,2026-08-14 00:26:12.005687
CUST003486,Male,1994-12-29,Perak,Ipoh,RM3k-6k,Low,2023-10-04,2026-08-01,2026-08-14 00:26:12.005687
CUST003773,Male,1993-10-23,Perak,Ipoh,RM3k-6k,Low,2021-06-24,2026-08-01,2026-08-14 00:26:12.005687
CUST004385,Male,1957-03-29,Perak,Ipoh,<RM3k,Medium,2024-11-25,2026-08-01,2026-08-14 00:26:12.005687
CUST004583,Male,2001-05-10,Perak,Ipoh,RM3k-6k,Low,2018-09-25,2026-08-01,2026-08-14 00:26:12.005687
CUST005075,Male,1967-03-09,Johor,Muar,<RM3k,Medium,2019-07-31,2026-08-01,2026-08-14 00:26:12.005687
CUST005576,Female,1987-04-21,Selangor,Klang,<RM3k,Medium,2021-04-15,2026-08-01,2026-08-14 00:26:12.005687
CUST005744,Male,1997-11-10,Johor,Muar,<RM3k,Medium,2022-10-30,2026-08-01,2026-08-14 00:26:12.005687
CUST005961,Female,1993-03-02,Selangor,Klang,RM6k-10k,Medium,2023-03-31,2026-08-01,2026-08-14 00:26:12.005687
CUST005962,Female,1981-02-02,Kuala Lumpur,Kuala Lumpur,RM3k-6k,Low,2021-10-12,2026-08-01,2026-08-14 00:26:12.005687
CUST005963,Male,1996-12-12,Kuala Lumpur,Kuala Lumpur,RM6k-10k,Low,2023-02-17,2026-08-01,2026-08-14 00:26:12.005687
CUST005964,Female,1982-11-27,Negeri Sembilan,Seremban,<RM3k,Medium,2025-10-04,2026-08-01,2026-08-14 00:26:12.005687
CUST005965,Male,1970-11-26,Johor,Muar,RM10k-15k,Medium,2018-12-23,2026-08-01,2026-08-14 00:26:12.005687
CUST005966,Female,1986-04-18,Perak,Taiping,RM6k-10k,Low,2023-11-29,2026-08-01,2026-08-14 00:26:12.005687
CUST005967,Male,2001-03-18,Sabah,Kota Kinabalu,RM6k-10k,Low,2019-11-03,2026-08-01,2026-08-14 00:26:12.005687
CUST005968,Female,1995-07-02,Selangor,Shah Alam,RM3k-6k,Low,2018-02-25,2026-08-01,2026-08-14 00:26:12.005687
CUST005969,Male,1979-06-04,Sabah,Sandakan,RM3k-6k,Low,2020-12-02,2026-08-01,2026-08-14 00:26:12.005687
CUST005970,Male,1984-03-30,Negeri Sembilan,Seremban,<RM3k,Low,2021-02-23,2026-08-01,2026-08-14 00:26:12.005687
CUST005971,Female,2002-10-26,Sabah,Sandakan,>RM15k,Medium,2025-12-01,2026-08-01,2026-08-14 00:26:12.005687
CUST005972,Female,1991-09-05,Perak,Ipoh,RM3k-6k,Medium,2020-10-02,2026-08-01,2026-08-14 00:26:12.005687
CUST005973,Male,1979-08-15,Johor,Batu Pahat,RM6k-10k,High,2024-02-24,2026-08-01,2026-08-14 00:26:12.005687
CUST005974,Male,1968-10-07,Sarawak,Kuching,RM3k-6k,Medium,2025-06-24,2026-08-01,2026-08-14 00:26:12.005687
CUST005975,Male,1999-05-21,Kuala Lumpur,Kuala Lumpur,>RM15k,Low,2020-09-11,2026-08-01,2026-08-14 00:26:12.005687
CUST005976,Female,2002-11-10,Sabah,Sandakan,RM10k-15k,Medium,2019-06-07,2026-08-01,2026-08-14 00:26:12.005687
CUST005977,Male,1958-06-19,Selangor,Petaling Jaya,<RM3k,Medium,2025-09-21,2026-08-01,2026-08-14 00:26:12.005687
CUST005978,Female,1956-07-24,Penang,Butterworth,RM6k-10k,Medium,2021-08-31,2026-08-01,2026-08-14 00:26:12.005687
CUST005979,Female,1960-08-21,Melaka,Melaka City,RM6k-10k,Low,2021-08-21,2026-08-01,2026-08-14 00:26:12.005687
CUST005980,Male,1973-12-10,Penang,George Town,RM10k-15k,Medium,2023-10-30,2026-08-01,2026-08-14 00:26:12.005687
CUST005981,Male,1962-11-01,Kuala Lumpur,Kuala Lumpur,>RM15k,Low,2021-01-15,2026-08-01,2026-08-14 00:26:12.005687
CUST005982,Male,1998-03-21,Perak,Ipoh,RM10k-15k,Low,2022-05-01,2026-08-01,2026-08-14 00:26:12.005687
CUST005983,Male,1999-10-17,Melaka,Melaka City,RM10k-15k,Low,2025-07-21,2026-08-01,2026-08-14 00:26:12.005687
CUST005984,Female,1963-11-05,Penang,Butterworth,RM6k-10k,Low,2018-05-22,2026-08-01,2026-08-14 00:26:12.005687
CUST005985,Male,1995-08-16,Sarawak,Kuching,RM3k-6k,High,2023-11-21,2026-08-01,2026-08-14 00:26:12.005687
CUST005986,Female,1961-12-04,Sarawak,Miri,RM6k-10k,Low,2021-03-05,2026-08-01,2026-08-14 00:26:12.005687
CUST005987,Female,1993-07-30,Sarawak,Kuching,RM10k-15k,Low,2022-05-20,2026-08-01,2026-08-14 00:26:12.005687
CUST005988,Female,1972-11-26,Selangor,Petaling Jaya,RM3k-6k,Medium,2025-04-12,2026-08-01,2026-08-14 00:26:12.005687
CUST005989,Male,1956-12-22,Johor,Muar,RM6k-10k,Medium,2022-10-21,2026-08-01,2026-08-14 00:26:12.005687
CUST005990,Female,1975-12-24,Sarawak,Kuching,<RM3k,Low,2021-05-08,2026-08-01,2026-08-14 00:26:12.005687
CUST005991,Female,1995-04-25,Melaka,Melaka City,RM3k-6k,Low,2025-10-12,2026-08-01,2026-08-14 00:26:12.005687
CUST005992,Male,2000-09-25,Kuala Lumpur,Kuala Lumpur,RM10k-15k,Low,2022-11-04,2026-08-01,2026-08-14 00:26:12.005687
CUST005993,Male,1960-12-07,Selangor,Shah Alam,<RM3k,Medium,2019-03-23,2026-08-01,2026-08-14 00:26:12.005687
CUST005994,Male,1995-12-20,Selangor,Subang Jaya,RM10k-15k,Medium,2018-09-17,2026-08-01,2026-08-14 00:26:12.005687
CUST005995,Male,1969-05-14,Sabah,Kota Kinabalu,RM3k-6k,Low,2020-10-10,2026-08-01,2026-08-14 00:26:12.005687
CUST005996,Female,1977-09-27,Melaka,Melaka City,RM6k-10k,High,2023-09-29,2026-08-01,2026-08-14 00:26:12.005687
CUST005997,Male,1960-04-30,Penang,Butterworth,>RM15k,Medium,2021-05-14,2026-08-01,2026-08-14 00:26:12.005687
