policy_id,customer_id,agent_id,product_type,policy_start_date,policy_end_date,annual_premium,sum_insured,payment_frequency,policy_status,renewal_flag,source_updated_at
POL0000001,CUST000921,AGT0065,Medical,2023-11-10,2024-11-02,1842.27,269489.7,Quarterly,Renewed,1,2026-08-01
POL0000002,CUST004465,AGT0005,Life,2023-03-05,2024-03-31,4516.29,1453523.14,Annual,Renewed,1,2026-08-01
POL0000003,CUST002226,AGT0014,Life,2026-05-28,2027-06-05,2589.71,931718.85,Annual,Active,0,2026-08-01
POL0000004,CUST002324,AGT0065,Medical,2025-09-13,2026-08-28,5033.08,352660.25,Monthly,Active,0,2026-08-01
POL0000005,CUST001430,AGT0031,Life,2023-01-31,2024-02-07,6560.91,1012293.84,Semi-Annual,Expired,0,2026-08-01
POL0000006,CUST004048,AGT0013,Life,2023-09-11,2024-08-27,3090.61,1106173.6,Annual,Expired,0,2026-08-01
POL0000007,CUST001184,AGT0012,Life,2024-12-28,2026-01-08,2098.65,721629.69,Monthly,Expired,0,2026-08-01
POL0000008,CUST002237,AGT0065,Medical,2026-03-02,2027-02-18,1619.53,57737.28,Semi-Annual,Active,0,2026-08-01
POL0000009,CUST002902,AGT0038,Life,2023-10-19,2024-10-13,2223.01,1345745.79,Monthly,Expired,0,2026-08-01
POL0000010,CUST000059,AGT0036,Medical,2024-11-18,2025-11-21,3652.55,302638.66,Monthly,Renewed,1,2026-08-01
POL0000011,CUST004861,AGT0030,Travel,2025-07-13,2025-08-04,201.62,138730.2,Monthly,Renewed,1,2026-08-01
POL0000012,CUST001989,AGT0008,Life,2026-02-20,2027-02-20,2266.94,1131051.95,Monthly,Active,0,2026-08-01
POL0000013,CUST005314,AGT0080,Medical,2025-01-04,2026-01-06,2691.41,388932.52,Annual,Cancelled,0,2026-08-01
POL0000014,CUST003892,AGT0018,Motor,2024-06-29,2025-07-24,2228.84,124406.9,Monthly,Expired,0,2026-08-01
POL0000015,CUST001562,AGT0032,Motor,2023-09-13,2024-09-29,1040.39,173859.03,Monthly,Renewed,1,2026-08-01
POL0000016,CUST003973,AGT0067,Medical,2024-12-19,2025-11-16,1658.89,407439.61,Annual,Renewed,1,2026-08-01
POL0000017,CUST002691,AGT0005,Life,2024-10-23,2025-10-18,1637.67,709664.87,Monthly,Renewed,1,2026-08-01
POL0000018,CUST002920,AGT0047,Travel,2026-03-06,2026-05-21,110.34,55543.97,Annual,Renewed,1,2026-08-01
POL0000019,CUST005058,AGT0042,Home,2025-10-04,2026-09-21,546.26,404099.3,Annual,Active,0,2026-08-01
POL0000020,CUST003847,AGT0058,Life,2024-07-03,2025-06-13,5815.35,354494.84,Annual,Renewed,1,2026-08-01
POL0000021,CUST005933,AGT0073,Life,2024-10-15,2025-10-14,6914.32,433461.72,Annual,Renewed,1,2026-08-01
POL0000022,CUST005569,AGT0008,Life,2023-02-25,2024-02-01,2388.73,327408.69,Annual,Renewed,1,2026-08-01
POL0000023,CUST005100,AGT0030,Medical,2024-10-09,2025-10-12,1764.59,75670.24,Monthly,Renewed,1,2026-08-01
POL0000024,CUST002795,AGT0030,Life,2023-09-28,2024-10-06,2159.16,650312.63,Annual,Expired,0,2026-08-01
POL0000025,CUST002965,AGT0066,Medical,2024-02-28,2025-02-12,1183.93,391691.44,Quarterly,Renewed,1,2026-08-01
POL0000026,CUST005294,AGT0037,Medical,2026-06-20,2027-06-27,4531.24,81162.01,Monthly,Active,0,2026-08-01
POL0000027,CUST005221,AGT0034,Home,2025-06-05,2026-06-19,1065.11,606275.82,Annual,Renewed,1,2026-08-01
POL0000028,CUST002224,AGT0022,Life,2023-09-04,2024-08-17,3115.14,1471716.94,Monthly,Expired,0,2026-08-01
POL0000029,CUST004240,AGT0046,Motor,2024-12-28,2025-12-21,1176.88,92689.77,Monthly,Expired,0,2026-08-01
POL0000030,CUST003597,AGT0050,Medical,2024-08-22,2025-08-25,1733.31,174495.03,Monthly,Renewed,1,2026-08-01
POL0000031,CUST000682,AGT0041,Home,2025-09-11,2026-09-19,465.06,590204.46,Monthly,Active,0,2026-08-01
POL0000032,CUST000741,AGT0050,Motor,2024-01-20,2025-01-24,1999.18,129405.03,Quarterly,Expired,0,2026-08-01
POL0000033,CUST000505,AGT0070,Home,2025-04-19,2026-04-03,1289.28,320491.25,Monthly,Renewed,1,2026-08-01
POL0000034,CUST001538,AGT0069,Home,2025-09-16,2026-08-20,491.19,407228.4,Annual,Active,0,2026-08-01
POL0000035,CUST005618,AGT0046,Life,2025-07-30,2026-07-26,2426.17,1415215.38,Annual,Renewed,1,2026-08-01
POL0000036,CUST001903,AGT0076,Medical,2025-01-25,2026-01-09,4436.82,286996.06,Monthly,Expired,0,2026-08-01
POL0000037,CUST005547,AGT0031,Motor,2023-01-26,2024-01-14,1762.14,177897.48,Quarterly,Expired,0,2026-08-01
POL0000038,CUST002643,AGT0002,Motor,2025-07-24,2026-08-10,1119.97,101418.24,Annual,Active,0,2026-08-01
POL0000039,CUST002751,AGT0062,Medical,2026-06-10,2027-06-02,3736.94,123742.32,Monthly,Active,0,2026-08-01
POL0000040,CUST001536,AGT0062,Travel,2025-04-12,2025-07-10,725.17,123851.47,Monthly,Expired,0,2026-08-01
POL0000041,CUST003971,AGT0005,Home,2025-02-09,2026-02-18,793.07,784205.7,Monthly,Expired,0,2026-08-01
POL0000042,CUST003536,AGT0027,Motor,2024-10-20,2025-09-26,2171.05,24873.11,Monthly,Expired,0,2026-08-01
POL0000043,CUST001829,AGT0022,Medical,2023-04-25,2024-03-30,4530.61,155108.12,Monthly,Renewed,1,2026-08-01
POL0000044,CUST004710,AGT0043,Medical,2026-06-09,2027-06-17,2459.95,252649.88,Annual,Active,0,2026-08-01
POL0000045,CUST004209,AGT0023,Medical,2024-05-03,2025-04-14,4881.7,464139.6,Monthly,Renewed,1,2026-08-01
POL0000046,CUST004267,AGT0060,Medical,2025-07-08,2026-08-03,2691.64,447970.94,Monthly,Active,0,2026-08-01
POL0000047,CUST002678,AGT0046,Home,2024-12-15,2025-12-03,460.12,616018.95,Monthly,Renewed,1,2026-08-01
POL0000048,CUST003884,AGT0070,Medical,2025-06-19,2026-05-17,4180.53,393617.65,Monthly,Renewed,1,2026-08-01
POL0000049,CUST002091,AGT0067,Motor,2023-04-16,2024-03-29,1112.96,43138.13,Monthly,Renewed,1,2026-08-01
POL0000050,CUST005997,AGT0024,Life,2025-06-21,2026-07-11,2396.07,894527.82,Monthly,Renewed,1,2026-08-01
POL0000051,CUST002644,AGT0045,Motor,2024-12-24,2025-11-30,1979.96,145186.6,Semi-Annual,Renewed,1,2026-08-01
POL0000052,CUST001645,AGT0050,Home,2024-09-02,2025-08-28,1060.29,273095.36,Quarterly,Renewed,1,2026-08-01
POL0000053,CUST002734,AGT0037,Home,2025-09-03,2026-09-21,419.13,182806.39,Monthly,Active,0,2026-08-01
POL0000054,CUST005649,AGT0078,Motor,2025-04-19,2026-05-11,2240.68,115980.33,Annual,Expired,0,2026-08-01
POL0000055,CUST005657,AGT0006,Medical,2025-09-15,2026-08-21,1085.36,463890.91,Annual,Active,0,2026-08-01
POL0000056,CUST002134,AGT0074,Travel,2025-03-01,2025-03-08,210.89,146577.98,Semi-Annual,Expired,0,2026-08-01
POL0000057,CUST005310,AGT0078,Medical,2025-10-21,2026-10-28,3628.9,241731.64,Monthly,Active,0,2026-08-01
POL0000058,CUST001835,AGT0030,Medical,2026-03-06,2027-02-12,4231.51,260300.73,Annual,Active,0,2026-08-01
POL0000059,CUST001167,AGT0024,Home,2025-11-29,2026-11-23,983.45,593545.98,Monthly,Cancelled,0,2026-08-01
POL0000060,CUST001330,AGT0004,Motor,2026-07-03,2027-06-06,1613.95,26018.12,Quarterly,Active,0,2026-08-01
POL0000061,CUST001671,AGT0011,Medical,2024-12-04,2025-11-09,4947.41,294128.64,Annual,Expired,0,2026-08-01
POL0000062,CUST001757,AGT0019,Motor,2024-09-23,2025-10-16,1344.73,120431.94,Annual,Cancelled,0,2026-08-01
POL0000063,CUST001797,AGT0067,Motor,2023-04-02,2024-03-16,1786.94,40000.57,Quarterly,Renewed,1,2026-08-01
POL0000064,CUST002300,AGT0062,Travel,2025-02-24,2025-03-26,569.34,127786.76,Quarterly,Expired,0,2026-08-01
POL0000065,CUST000070,AGT0072,Life,2025-06-10,2026-05-13,6580.04,849588.16,Annual,Renewed,1,2026-08-01
POL0000066,CUST002265,AGT0026,Life,2024-01-15,2025-01-02,5634.07,1315884.68,Quarterly,Renewed,1,2026-08-01
POL0000067,CUST003183,AGT0024,Motor,2023-02-23,2024-01-25,1013.09,108715.58,Annual,Renewed,1,2026-08-01
POL0000068,CUST002405,AGT0066,Travel,2026-01-09,2026-02-05,664.64,60067.34,Monthly,Renewed,1,2026-08-01
POL0000069,CUST002897,AGT0044,Motor,2023-06-14,2024-06-01,1919.16,79941.36,Semi-Annual,Renewed,1,2026-08-01
POL0000070,CUST001351,AGT0005,Medical,2025-07-17,2026-08-15,4252.86,479794.73,Monthly,Active,0,2026-08-01
POL0000071,CUST000748,AGT0063,Motor,2026-06-27,2027-07-11,976.31,92177.27,Monthly,Active,0,2026-08-01
POL0000072,CUST005402,AGT0008,Medical,2026-04-22,2027-05-11,4866.63,278785.16,Quarterly,Active,0,2026-08-01
POL0000073,CUST005942,AGT0002,Life,2023-10-12,2024-10-02,5802.9,1161910.37,Semi-Annual,Cancelled,0,2026-08-01
POL0000074,CUST002447,AGT0075,Medical,2025-03-01,2026-03-28,4560.24,416813.2,Monthly,Cancelled,0,2026-08-01
POL0000075,CUST004568,AGT0079,Medical,2026-05-14,2027-05-16,4699.82,464115.75,Monthly,Active,0,2026-08-01
POL0000076,CUST000844,AGT0057,Medical,2025-07-15,2026-06-18,1402.69,361754.37,Monthly,Renewed,1,2026-08-01
POL0000077,CUST001099,AGT0026,Life,2024-01-11,2024-12-14,5828.98,517174.72,Monthly,Renewed,1,2026-08-01
POL0000078,CUST003119,AGT0014,Medical,2023-05-05,2024-05-30,3940.51,117254.99,Monthly,Expired,0,2026-08-01
POL0000079,CUST004232,AGT0039,Travel,2024-11-07,2025-01-08,597.61,79689.19,Annual,Renewed,1,2026-08-01
POL0000080,CUST004209,AGT0042,Motor,2025-03-03,2026-03-08,1488.41,35098.78,Annual,Expired,0,2026-08-01
POL0000081,CUST002044,AGT0005,Motor,2023-09-04,2024-08-20,1274.76,166243.71,Monthly,Expired,0,2026-08-01
POL0000082,CUST005260,AGT0053,Motor,2024-05-07,2025-05-16,1896.05,176778.63,Semi-Annual,Expired,0,2026-08-01
POL0000083,CUST003798,AGT0004,Motor,2024-07-02,2025-06-09,1314.44,103383.35,Quarterly,Renewed,1,2026-08-01
POL0000084,CUST001901,AGT0040,Medical,2024-10-26,2025-11-16,4852.09,67434.45,Monthly,Expired,0,2026-08-01
POL0000085,CUST002823,AGT0009,Motor,2023-03-12,2024-02-28,1895.0,67353.85,Semi-Annual,Expired,0,2026-08-01
POL0000086,CUST001789,AGT0004,Motor,2024-03-02,2025-02-21,1445.97,82143.84,Annual,Expired,0,2026-08-01
POL0000087,CUST000834,AGT0026,Motor,2026-01-05,2027-02-02,838.23,82508.26,Annual,Active,0,2026-08-01
POL0000088,CUST000035,AGT0048,Medical,2024-01-11,2025-01-31,1672.95,366389.66,Monthly,Cancelled,0,2026-08-01
POL0000089,CUST002761,AGT0074,Life,2025-11-13,2026-11-19,2886.79,1474020.45,Monthly,Active,0,2026-08-01
POL0000090,CUST000038,AGT0005,Medical,2025-12-08,2026-11-09,1680.65,61044.59,Annual,Active,0,2026-08-01
POL0000091,CUST005771,AGT0042,Home,2026-02-05,2027-01-08,1118.1,871740.09,Annual,Active,0,2026-08-01
POL0000092,CUST005266,AGT0062,Motor,2024-12-29,2025-12-28,2098.19,166717.56,Monthly,Renewed,1,2026-08-01
POL0000093,CUST004489,AGT0027,Medical,2024-04-17,2025-03-23,4712.83,435258.85,Monthly,Expired,0,2026-08-01
POL0000094,CUST004502,AGT0065,Motor,2023-11-27,2024-11-08,1960.73,89801.35,Annual,Renewed,1,2026-08-01
POL0000095,CUST003760,AGT0037,Travel,2024-11-30,2025-01-12,516.85,70905.06,Monthly,Renewed,1,2026-08-01
POL0000096,CUST004395,AGT0001,Motor,2025-09-29,2026-09-14,1231.5,96716.74,Annual,Active,0,2026-08-01
POL0000097,CUST005062,AGT0022,Home,2025-12-17,2027-01-06,1610.64,615933.91,Monthly,Active,0,2026-08-01
POL0000098,CUST003076,AGT0034,Life,2023-04-08,2024-04-18,3032.5,468196.03,Quarterly,Renewed,1,2026-08-01
POL0000099,CUST004973,AGT0050,Medical,2026-04-28,2027-03-29,3952.97,230085.27,Monthly,Active,0,2026-08-01
POL0000100,CUST001425,AGT0013,Medical,2024-01-19,2024-12-16,4139.7,481815.6,Semi-Annual,Renewed,1,2026-08-01
POL0000101,CUST005330,AGT0041,Medical,2023-11-28,2024-11-11,1187.98,83085.29,Annual,Renewed,1,2026-08-01
POL0000102,CUST004240,AGT0063,Motor,2024-03-15,2025-02-12,1971.39,52386.26,Annual,Expired,0,2026-08-01
POL0000103,CUST000654,AGT0031,Home,2024-04-22,2025-03-21,1696.79,113981.01,Monthly,Expired,0,2026-08-01
POL0000104,CUST001092,AGT0016,Travel,2023-08-21,2023-08-28,607.99,97114.83,Monthly,Renewed,1,2026-08-01
POL0000105,CUST000777,AGT0055,Motor,2024-02-29,2025-02-01,1658.1,103146.72,Annual,Expired,0,2026-08-01
POL0000106,CUST001455,AGT0051,Motor,2026-01-06,2027-02-05,1524.57,30464.78,Quarterly,Active,0,2026-08-01
POL0000107,CUST004794,AGT0032,Motor,2023-02-03,2024-01-08,1069.8,93907.97,Annual,Cancelled,0,2026-08-01
POL0000108,CUST004960,AGT0067,Travel,2025-05-30,2025-07-09,237.65,45397.88,Annual,Expired,0,2026-08-01
POL0000109,CUST005973,AGT0065,Medical,2026-02-20,2027-02-13,4733.92,340733.17,Quarterly,Active,0,2026-08-01
POL0000110,CUST000774,AGT0009,Life,2025-05-26,2026-05-28,3463.49,1231652.53,Monthly,Renewed,1,2026-08-01
POL0000111,CUST003376,AGT0048,Motor,2024-09-12,2025-08-08,1092.27,37133.55,Monthly,Renewed,1,2026-08-01
POL0000112,CUST004930,AGT0051,Home,2025-02-13,2026-03-02,897.66,699076.44,Semi-Annual,Expired,0,2026-08-01
POL0000113,CUST005786,AGT0017,Motor,2024-12-05,2025-12-17,1588.56,90547.17,Annual,Cancelled,0,2026-08-01
POL0000114,CUST000590,AGT0015,Medical,2024-05-09,2025-05-07,2425.34,280861.39,Monthly,Renewed,1,2026-08-01
POL0000115,CUST003977,AGT0014,Home,2026-01-11,2027-01-02,325.39,448516.5,Semi-Annual,Active,0,2026-08-01
POL0000116,CUST000480,AGT0027,Life,2025-05-11,2026-05-10,3330.2,1103370.69,Monthly,Renewed,1,2026-08-01
POL0000117,CUST000512,AGT0021,Medical,2023-03-15,2024-03-05,4766.53,370471.6,Monthly,Expired,0,2026-08-01
POL0000118,CUST005009,AGT0057,Travel,2025-08-20,2025-10-13,277.1,96318.05,Monthly,Expired,0,2026-08-01
POL0000119,CUST005558,AGT0074,Motor,2023-11-14,2024-12-11,1452.2,56197.88,Monthly,Expired,0,2026-08-01
POL0000120,CUST001113,AGT0037,Motor,2024-12-04,2025-11-28,2088.14,80814.59,Monthly,Renewed,1,2026-08-01
POL0000121,CUST005036,AGT0066,Motor,2023-08-11,2024-07-27,1080.46,150262.68,Annual,Cancelled,0,2026-08-01
POL0000122,CUST005470,AGT0041,Motor,2024-09-07,2025-09-22,2314.2,70079.55,Annual,Renewed,1,2026-08-01
POL0000123,CUST003216,AGT0078,Life,2023-07-09,2024-06-05,4362.89,1385288.3,Annual,Renewed,1,2026-08-01
POL0000124,CUST001029,AGT0031,Medical,2023-10-20,2024-10-20,3240.9,179570.41,Monthly,Renewed,1,2026-08-01
POL0000125,CUST004464,AGT0060,Medical,2026-02-08,2027-01-30,1536.3,297666.36,Annual,Active,0,2026-08-01
POL0000126,CUST003291,AGT0068,Travel,2023-04-20,2023-05-05,113.36,99481.54,Monthly,Expired,0,2026-08-01
POL0000127,CUST002110,AGT0074,Medical,2024-02-04,2025-01-29,4562.2,125908.09,Quarterly,Cancelled,0,2026-08-01
POL0000128,CUST005192,AGT0032,Motor,2023-02-23,2024-03-08,1198.16,98802.56,Semi-Annual,Expired,0,2026-08-01
POL0000129,CUST003695,AGT0029,Medical,2023-09-04,2024-08-30,2830.59,167520.43,Quarterly,Renewed,1,2026-08-01
POL0000130,CUST001586,AGT0002,Travel,2025-07-22,2025-08-17,460.98,51078.05,Monthly,Renewed,1,2026-08-01
POL0000131,CUST002480,AGT0050,Medical,2024-12-21,2025-12-16,1100.07,269450.73,Monthly,Expired,0,2026-08-01
POL0000132,CUST001856,AGT0045,Home,2024-03-31,2025-04-17,1355.67,324355.32,Monthly,Renewed,1,2026-08-01
POL0000133,CUST003163,AGT0032,Travel,2023-04-28,2023-06-18,488.68,97107.52,Annual,Renewed,1,2026-08-01
POL0000134,CUST001627,AGT0018,Travel,2025-07-14,2025-10-05,778.09,112160.69,Annual,Renewed,1,2026-08-01
POL0000135,CUST003820,AGT0070,Travel,2023-12-01,2024-02-10,163.39,114663.59,Monthly,Renewed,1,2026-08-01
POL0000136,CUST002689,AGT0080,Life,2024-10-25,2025-10-25,2175.76,392570.66,Annual,Expired,0,2026-08-01
POL0000137,CUST000324,AGT0080,Home,2023-06-16,2024-07-07,687.8,355995.55,Annual,Expired,0,2026-08-01
POL0000138,CUST000034,AGT0037,Life,2024-08-07,2025-09-05,2968.58,1457842.93,Monthly,Expired,0,2026-08-01
POL0000139,CUST000577,AGT0060,Medical,2026-02-15,2027-02-03,4959.41,462095.3,Semi-Annual,Active,0,2026-08-01
POL0000140,CUST000964,AGT0067,Motor,2025-04-02,2026-04-10,1821.94,167255.61,Monthly,Expired,0,2026-08-01
POL0000141,CUST000495,AGT0063,Travel,2024-09-13,2024-11-20,273.62,99094.03,Monthly,Cancelled,0,2026-08-01
POL0000142,CUST003970,AGT0029,Medical,2023-08-28,2024-09-06,1902.6,301650.65,Quarterly,Renewed,1,2026-08-01
POL0000143,CUST003570,AGT0071,Travel,2023-12-13,2023-12-21,472.45,89197.93,Monthly,Cancelled,0,2026-08-01
POL0000144,CUST000126,AGT0053,Home,2026-07-04,2027-07-24,601.72,678758.34,Annual,Active,0,2026-08-01
POL0000145,CUST002478,AGT0008,Medical,2026-05-09,2027-04-30,1337.47,70867.72,Annual,Active,0,2026-08-01
POL0000146,CUST001763,AGT0014,Medical,2024-03-07,2025-04-04,3620.57,122253.55,Monthly,Cancelled,0,2026-08-01
POL0000147,CUST003001,AGT0039,Motor,2025-04-19,2026-03-23,2003.01,63321.94,Monthly,Renewed,1,2026-08-01
POL0000148,CUST003511,AGT0076,Medical,2025-10-02,2026-10-13,1311.5,339746.88,Monthly,Active,0,2026-08-01
POL0000149,CUST003002,AGT0059,Life,2024-06-21,2025-06-14,4131.95,470195.85,Quarterly,Expired,0,2026-08-01
POL0000150,CUST002393,AGT0052,Medical,2023-11-20,2024-11-13,3401.46,113192.89,Monthly,Cancelled,0,2026-08-01
POL0000151,CUST000243,AGT0049,Medical,2024-03-13,2025-03-11,3668.24,93745.48,Semi-Annual,Renewed,1,2026-08-01
POL0000152,CUST004756,AGT0074,Medical,2024-09-03,2025-09-12,1034.38,453267.73,Quarterly,Cancelled,0,2026-08-01
POL0000153,CUST004777,AGT0044,Motor,2024-04-15,2025-05-07,2229.25,128099.65,Monthly,Expired,0,2026-08-01
POL0000154,CUST005158,AGT0033,Motor,2024-10-14,2025-09-27,1751.35,87388.88,Annual,Renewed,1,2026-08-01
POL0000155,CUST004205,AGT0031,Motor,2023-07-21,2024-08-10,1542.57,35732.48,Monthly,Expired,0,2026-08-01
POL0000156,CUST001965,AGT0042,Travel,2024-02-05,2024-05-04,407.11,102683.36,Semi-Annual,Expired,0,2026-08-01
POL0000157,CUST004128,AGT0018,Motor,2023-08-22,2024-09-05,1615.48,119297.71,Annual,Cancelled,0,2026-08-01
POL0000158,CUST005409,AGT0077,Motor,2024-03-31,2025-04-11,2331.89,21165.34,Monthly,Expired,0,2026-08-01
POL0000159,CUST000206,AGT0074,Medical,2024-01-02,2024-12-22,3888.5,194573.84,Semi-Annual,Renewed,1,2026-08-01
POL0000160,CUST003044,AGT0031,Life,2024-07-22,2025-07-03,2858.89,1172696.26,Annual,Expired,0,2026-08-01
POL0000161,CUST003911,AGT0059,Life,2026-07-29,2027-07-12,1272.71,1310289.99,Monthly,Active,0,2026-08-01
POL0000162,CUST005911,AGT0062,Medical,2025-12-28,2026-12-19,2581.96,164180.62,Semi-Annual,Active,0,2026-08-01
POL0000163,CUST003003,AGT0050,Life,2025-03-19,2026-03-13,2299.9,724925.45,Monthly,Renewed,1,2026-08-01
POL0000164,CUST005278,AGT0009,Life,2024-10-15,2025-09-24,4719.95,1182188.57,Quarterly,Renewed,1,2026-08-01
POL0000165,CUST004564,AGT0007,Travel,2024-03-11,2024-05-18,566.26,97540.91,Annual,Expired,0,2026-08-01
POL0000166,CUST004740,AGT0058,Life,2023-04-26,2024-04-05,3071.25,594470.09,Annual,Cancelled,0,2026-08-01
POL0000167,CUST000582,AGT0009,Life,2025-03-20,2026-04-18,6205.51,1460237.58,Annual,Expired,0,2026-08-01
POL0000168,CUST003026,AGT0066,Motor,2023-10-11,2024-10-08,2567.91,101651.28,Annual,Expired,0,2026-08-01
POL0000169,CUST004481,AGT0035,Medical,2023-02-20,2024-01-21,2973.69,331733.39,Annual,Renewed,1,2026-08-01
POL0000170,CUST000749,AGT0065,Travel,2026-07-12,2026-09-01,433.25,85472.59,Monthly,Active,0,2026-08-01
POL0000171,CUST005771,AGT0011,Motor,2023-10-01,2024-09-28,941.1,40570.6,Annual,Expired,0,2026-08-01
POL0000172,CUST004106,AGT0032,Motor,2023-04-28,2024-04-21,2381.1,107337.88,Semi-Annual,Renewed,1,2026-08-01
POL0000173,CUST005106,AGT0012,Life,2025-02-14,2026-02-04,2031.08,492032.59,Monthly,Renewed,1,2026-08-01
POL0000174,CUST003797,AGT0040,Home,2025-04-26,2026-04-26,1242.72,99658.77,Monthly,Renewed,1,2026-08-01
POL0000175,CUST005366,AGT0007,Motor,2023-12-24,2025-01-07,1961.51,45910.18,Monthly,Expired,0,2026-08-01
POL0000176,CUST005402,AGT0023,Travel,2023-10-03,2023-12-13,332.88,140391.2,Semi-Annual,Renewed,1,2026-08-01
POL0000177,CUST000455,AGT0024,Motor,2023-07-02,2024-07-05,978.67,148090.26,Quarterly,Renewed,1,2026-08-01
POL0000178,CUST005624,AGT0041,Travel,2024-07-18,2024-08-01,576.99,22875.45,Annual,Renewed,1,2026-08-01
POL0000179,CUST003178,AGT0001,Travel,2024-06-14,2024-08-27,330.14,99240.13,Monthly,Renewed,1,2026-08-01
POL0000180,CUST002933,AGT0026,Travel,2024-04-11,2024-04-22,180.8,96505.61,Semi-Annual,Renewed,1,2026-08-01
POL0000181,CUST001480,AGT0059,Home,2026-04-22,2027-05-01,1670.92,466096.22,Monthly,Active,0,2026-08-01
POL0000182,CUST002426,AGT0033,Home,2026-07-01,2027-06-22,1029.87,198113.88,Annual,Active,0,2026-08-01
POL0000183,CUST003270,AGT0048,Home,2026-02-16,2027-02-13,1350.65,847255.95,Monthly,Active,0,2026-08-01
POL0000184,CUST003197,AGT0069,Medical,2024-12-21,2026-01-08,2262.49,284037.0,Monthly,Expired,0,2026-08-01
POL0000185,CUST004240,AGT0041,Medical,2026-06-11,2027-06-16,1622.21,379786.28,Monthly,Active,0,2026-08-01
POL0000186,CUST004076,AGT0071,Motor,2023-11-23,2024-11-24,862.05,155920.19,Monthly,Expired,0,2026-08-01
POL0000187,CUST004481,AGT0079,Motor,2025-08-27,2026-07-29,1420.26,174058.34,Monthly,Renewed,1,2026-08-01
POL0000188,CUST003471,AGT0043,Life,2025-02-27,2026-03-27,1491.07,253051.49,Monthly,Expired,0,2026-08-01
POL0000189,CUST005950,AGT0039,Motor,2025-03-15,2026-03-13,2582.18,81478.27,Monthly,Expired,0,2026-08-01
POL0000190,CUST005272,AGT0026,Home,2023-04-04,2024-03-23,649.97,510868.54,Quarterly,Expired,0,2026-08-01
POL0000191,CUST005746,AGT0070,Motor,2023-07-08,2024-07-06,1026.61,112508.64,Monthly,Renewed,1,2026-08-01
POL0000192,CUST004345,AGT0063,Motor,2026-04-26,2027-05-24,2278.21,165644.35,Quarterly,Active,0,2026-08-01
POL0000193,CUST001483,AGT0016,Motor,2023-12-17,2024-11-20,2238.49,97016.37,Monthly,Expired,0,2026-08-01
POL0000194,CUST005788,AGT0053,Motor,2024-03-25,2025-02-25,2594.07,142612.72,Monthly,Expired,0,2026-08-01
POL0000195,CUST005494,AGT0022,Motor,2025-06-15,2026-06-20,1239.12,91963.74,Annual,Renewed,1,2026-08-01
POL0000196,CUST001781,AGT0080,Life,2026-02-28,2027-03-19,1479.31,637788.89,Annual,Active,0,2026-08-01
POL0000197,CUST005305,AGT0027,Motor,2024-06-02,2025-06-26,2101.83,61599.1,Monthly,Renewed,1,2026-08-01
POL0000198,CUST003133,AGT0007,Travel,2025-11-23,2026-02-09,698.3,59470.51,Quarterly,Cancelled,0,2026-08-01
POL0000199,CUST004341,AGT0080,Medical,2025-03-13,2026-02-07,2470.01,336335.59,Quarterly,Renewed,1,2026-08-01
POL0000200,CUST002053,AGT0049,Life,2023-09-02,2024-09-03,6628.17,177607.36,Monthly,Renewed,1,2026-08-01
POL0000201,CUST001546,AGT0073,Life,2025-01-01,2025-12-13,5676.47,537224.59,Monthly,Cancelled,0,2026-08-01
POL0000202,CUST002413,AGT0072,Motor,2026-06-11,2027-05-16,1537.76,127961.51,Semi-Annual,Active,0,2026-08-01
POL0000203,CUST001130,AGT0036,Motor,2026-07-10,2027-06-26,2095.6,34330.36,Monthly,Active,0,2026-08-01
POL0000204,CUST000848,AGT0036,Travel,2026-07-20,2026-09-28,60.76,90261.76,Quarterly,Active,0,2026-08-01
POL0000205,CUST002614,AGT0068,Life,2023-04-06,2024-04-05,3169.31,742874.26,Monthly,Expired,0,2026-08-01
POL0000206,CUST005687,AGT0031,Motor,2025-11-18,2026-10-27,1105.98,30420.24,Annual,Active,0,2026-08-01
POL0000207,CUST000235,AGT0019,Life,2024-09-12,2025-09-25,2970.57,207018.51,Annual,Expired,0,2026-08-01
POL0000208,CUST001964,AGT0046,Medical,2024-08-13,2025-09-12,1877.86,320368.8,Monthly,Renewed,1,2026-08-01
POL0000209,CUST001704,AGT0048,Motor,2024-07-06,2025-07-14,2087.05,104482.54,Quarterly,Cancelled,0,2026-08-01
POL0000210,CUST001247,AGT0066,Motor,2025-05-29,2026-05-22,2292.27,135316.26,Monthly,Cancelled,0,2026-08-01
POL0000211,CUST000441,AGT0013,Life,2024-10-19,2025-10-14,2245.35,974012.38,Monthly,Renewed,1,2026-08-01
POL0000212,CUST001055,AGT0039,Medical,2023-04-16,2024-04-01,2752.63,271459.19,Monthly,Renewed,1,2026-08-01
POL0000213,CUST003148,AGT0047,Medical,2024-05-28,2025-06-25,3514.29,244326.3,Monthly,Expired,0,2026-08-01
POL0000214,CUST002562,AGT0077,Motor,2026-04-18,2027-04-01,1060.01,70939.01,Annual,Active,0,2026-08-01
POL0000215,CUST003700,AGT0018,Motor,2023-06-26,2024-06-12,1449.35,26417.12,Semi-Annual,Renewed,1,2026-08-01
POL0000216,CUST005138,AGT0050,Motor,2023-10-17,2024-09-17,1151.85,32511.43,Semi-Annual,Cancelled,0,2026-08-01
POL0000217,CUST000668,AGT0047,Medical,2023-05-25,2024-06-09,3360.78,310134.11,Monthly,Expired,0,2026-08-01
POL0000218,CUST001982,AGT0077,Travel,2025-07-25,2025-08-19,772.62,95357.0,Annual,Renewed,1,2026-08-01
POL0000219,CUST005244,AGT0035,Travel,2025-11-24,2026-01-01,425.65,25873.87,Monthly,Renewed,1,2026-08-01
POL0000220,CUST001415,AGT0015,Motor,2025-11-13,2026-10-18,2007.9,89575.07,Monthly,Active,0,2026-08-01
POL0000221,CUST000581,AGT0045,Motor,2023-04-03,2024-03-04,2096.58,171918.24,Annual,Cancelled,0,2026-08-01
POL0000222,CUST001438,AGT0069,Motor,2026-06-21,2027-06-14,2583.18,50087.58,Semi-Annual,Active,0,2026-08-01
POL0000223,CUST002378,AGT0013,Travel,2026-03-11,2026-06-05,556.05,119858.19,Semi-Annual,Expired,0,2026-08-01
POL0000224,CUST001536,AGT0058,Medical,2025-12-12,2026-12-21,1777.18,278662.36,Annual,Active,0,2026-08-01
POL0000225,CUST003006,AGT0041,Travel,2026-02-02,2026-04-17,68.22,121122.72,Monthly,Renewed,1,2026-08-01
POL0000226,CUST001225,AGT0064,Medical,2025-12-05,2027-01-02,1583.57,172306.07,Monthly,Active,0,2026-08-01
POL0000227,CUST003493,AGT0026,Life,2023-02-17,2024-02-05,1923.12,1478225.76,Monthly,Renewed,1,2026-08-01
POL0000228,CUST005194,AGT0069,Life,2025-07-10,2026-06-21,4233.43,603990.69,Monthly,Renewed,1,2026-08-01
POL0000229,CUST001915,AGT0012,Life,2026-04-06,2027-04-15,3747.72,977519.55,Annual,Active,0,2026-08-01
POL0000230,CUST003255,AGT0043,Medical,2025-01-23,2025-12-28,3581.29,357604.57,Monthly,Cancelled,0,2026-08-01
POL0000231,CUST004279,AGT0041,Motor,2026-04-04,2027-03-01,939.87,125692.24,Monthly,Active,0,2026-08-01
POL0000232,CUST000399,AGT0023,Medical,2023-02-24,2024-02-20,4445.44,288357.54,Annual,Expired,0,2026-08-01
POL0000233,CUST002049,AGT0012,Home,2025-02-21,2026-03-08,463.39,634758.48,Annual,Renewed,1,2026-08-01
POL0000234,CUST003806,AGT0076,Motor,2026-06-25,2027-07-15,2030.28,128690.28,Annual,Active,0,2026-08-01
POL0000235,CUST001517,AGT0035,Life,2025-01-04,2025-12-23,5218.77,1132772.14,Monthly,Renewed,1,2026-08-01
POL0000236,CUST002472,AGT0075,Home,2024-08-09,2025-07-09,1151.89,675495.2,Monthly,Renewed,1,2026-08-01
POL0000237,CUST002720,AGT0026,Life,2024-01-10,2025-01-12,2214.12,1042464.13,Annual,Renewed,1,2026-08-01
POL0000238,CUST005620,AGT0052,Medical,2025-11-07,2026-11-24,3574.3,459801.32,Semi-Annual,Active,0,2026-08-01
POL0000239,CUST000681,AGT0044,Motor,2026-05-20,2027-04-18,2464.67,163722.63,Monthly,Active,0,2026-08-01
POL0000240,CUST003806,AGT0033,Life,2024-05-08,2025-04-30,5870.04,159669.49,Annual,Renewed,1,2026-08-01
POL0000241,CUST005797,AGT0039,Home,2024-10-10,2025-09-12,494.9,884459.52,Semi-Annual,Renewed,1,2026-08-01
POL0000242,CUST005433,AGT0021,Home,2024-08-19,2025-08-16,796.62,731171.35,Semi-Annual,Renewed,1,2026-08-01
POL0000243,CUST003301,AGT0011,Motor,2025-04-07,2026-04-26,2221.75,114958.0,Monthly,Expired,0,2026-08-01
POL0000244,CUST002330,AGT0054,Home,2024-08-27,2025-08-28,595.2,578850.32,Monthly,Renewed,1,2026-08-01
POL0000245,CUST000865,AGT0023,Medical,2025-08-09,2026-08-10,4002.64,224933.96,Semi-Annual,Active,0,2026-08-01
POL0000246,CUST001571,AGT0043,Life,2026-07-17,2027-06-23,6526.41,702574.4,Quarterly,Active,0,2026-08-01
POL0000247,CUST004777,AGT0045,Motor,2024-02-06,2025-02-21,1311.76,80646.37,Monthly,Expired,0,2026-08-01
POL0000248,CUST000162,AGT0080,Motor,2023-10-04,2024-10-21,969.54,171864.49,Monthly,Renewed,1,2026-08-01
POL0000249,CUST004323,AGT0067,Life,2024-12-26,2025-12-01,3869.24,937273.59,Annual,Renewed,1,2026-08-01
POL0000250,CUST005578,AGT0015,Medical,2024-10-17,2025-10-29,2316.14,121502.71,Annual,Renewed,1,2026-08-01
POL0000251,CUST002584,AGT0005,Home,2024-07-10,2025-06-26,1063.48,711716.92,Monthly,Expired,0,2026-08-01
POL0000252,CUST004855,AGT0078,Motor,2023-07-22,2024-08-19,1344.95,131092.96,Monthly,Expired,0,2026-08-01
POL0000253,CUST005903,AGT0008,Travel,2023-05-29,2023-08-19,458.02,102329.32,Annual,Expired,0,2026-08-01
POL0000254,CUST004571,AGT0058,Medical,2024-10-07,2025-10-24,1662.86,168840.97,Semi-Annual,Expired,0,2026-08-01
POL0000255,CUST003004,AGT0064,Motor,2025-08-02,2026-08-05,1110.92,118983.38,Monthly,Active,0,2026-08-01
POL0000256,CUST003386,AGT0070,Motor,2024-12-14,2025-12-04,1492.56,150615.02,Monthly,Renewed,1,2026-08-01
POL0000257,CUST001277,AGT0028,Life,2025-10-14,2026-10-23,1720.12,334079.3,Annual,Cancelled,0,2026-08-01
POL0000258,CUST000792,AGT0028,Travel,2023-06-28,2023-09-17,837.35,91157.54,Monthly,Renewed,1,2026-08-01
POL0000259,CUST004748,AGT0021,Motor,2026-05-21,2027-04-29,1380.73,53435.59,Annual,Active,0,2026-08-01
POL0000260,CUST003117,AGT0014,Medical,2025-07-01,2026-07-01,1839.8,298566.75,Monthly,Expired,0,2026-08-01
POL0000261,CUST005573,AGT0019,Medical,2025-05-19,2026-05-20,3953.81,338940.82,Monthly,Cancelled,0,2026-08-01
POL0000262,CUST004458,AGT0017,Life,2025-12-18,2027-01-13,3642.06,1235120.07,Annual,Active,0,2026-08-01
POL0000263,CUST001575,AGT0078,Life,2026-05-18,2027-05-31,6755.78,797796.04,Annual,Active,0,2026-08-01
POL0000264,CUST005776,AGT0039,Travel,2025-12-02,2026-01-26,101.84,140953.28,Annual,Cancelled,0,2026-08-01
POL0000265,CUST000041,AGT0041,Motor,2024-09-20,2025-08-27,1662.41,165816.98,Semi-Annual,Expired,0,2026-08-01
POL0000266,CUST000574,AGT0051,Motor,2025-08-11,2026-08-17,1222.2,150701.31,Annual,Active,0,2026-08-01
POL0000267,CUST003656,AGT0013,Motor,2024-07-04,2025-06-18,2065.71,108827.0,Monthly,Renewed,1,2026-08-01
POL0000268,CUST003626,AGT0080,Home,2023-07-04,2024-06-13,1118.35,235318.21,Monthly,Expired,0,2026-08-01
POL0000269,CUST004397,AGT0033,Medical,2026-07-11,2027-06-06,1999.99,342880.29,Annual,Active,0,2026-08-01
POL0000270,CUST003883,AGT0041,Motor,2025-03-23,2026-03-25,1745.15,132955.54,Semi-Annual,Expired,0,2026-08-01
POL0000271,CUST001566,AGT0021,Travel,2025-10-26,2026-01-10,675.09,84302.04,Quarterly,Renewed,1,2026-08-01
POL0000272,CUST000891,AGT0024,Life,2025-07-01,2026-07-07,6853.67,1453725.95,Semi-Annual,Cancelled,0,2026-08-01
POL0000273,CUST005782,AGT0014,Medical,2024-03-19,2025-04-12,1952.34,93669.44,Monthly,Cancelled,0,2026-08-01
POL0000274,CUST002030,AGT0041,Motor,2025-09-19,2026-09-28,897.76,156672.34,Annual,Active,0,2026-08-01
POL0000275,CUST001006,AGT0079,Travel,2024-03-03,2024-04-15,506.99,137492.85,Monthly,Renewed,1,2026-08-01
POL0000276,CUST000416,AGT0002,Life,2025-07-16,2026-07-28,2988.6,979413.7,Monthly,Expired,0,2026-08-01
POL0000277,CUST004807,AGT0036,Motor,2025-12-06,2026-12-25,2140.79,162042.29,Monthly,Active,0,2026-08-01
POL0000278,CUST005069,AGT0032,Motor,2025-04-01,2026-04-18,2182.75,53936.03,Annual,Renewed,1,2026-08-01
POL0000279,CUST005258,AGT0056,Motor,2024-09-12,2025-09-13,1140.59,75240.25,Monthly,Renewed,1,2026-08-01
POL0000280,CUST005117,AGT0060,Life,2025-08-09,2026-08-08,3793.96,353943.65,Annual,Active,0,2026-08-01
POL0000281,CUST001026,AGT0072,Motor,2023-04-04,2024-05-01,842.65,70168.72,Monthly,Renewed,1,2026-08-01
POL0000282,CUST000087,AGT0021,Medical,2026-01-18,2027-02-17,4047.27,124405.2,Monthly,Active,0,2026-08-01
POL0000283,CUST003009,AGT0017,Medical,2024-10-16,2025-10-14,3297.23,123729.97,Annual,Renewed,1,2026-08-01
POL0000284,CUST003047,AGT0039,Home,2025-01-14,2026-01-28,1768.59,105256.81,Quarterly,Expired,0,2026-08-01
POL0000285,CUST000169,AGT0011,Medical,2023-09-22,2024-08-30,2420.08,385112.39,Annual,Expired,0,2026-08-01
POL0000286,CUST005259,AGT0039,Medical,2023-07-09,2024-07-16,3759.08,185963.8,Semi-Annual,Expired,0,2026-08-01
POL0000287,CUST003852,AGT0021,Medical,2024-04-20,2025-05-11,3405.47,324981.85,Semi-Annual,Expired,0,2026-08-01
POL0000288,CUST004091,AGT0026,Life,2025-12-02,2026-12-26,4418.28,1072294.42,Quarterly,Active,0,2026-08-01
POL0000289,CUST003279,AGT0058,Travel,2023-01-19,2023-02-19,395.18,107246.11,Annual,Renewed,1,2026-08-01
POL0000290,CUST005961,AGT0012,Home,2025-05-13,2026-04-18,859.43,843198.25,Quarterly,Expired,0,2026-08-01
POL0000291,CUST004670,AGT0031,Medical,2026-07-18,2027-07-18,1966.08,373897.8,Quarterly,Active,0,2026-08-01
POL0000292,CUST003470,AGT0055,Medical,2025-06-16,2026-06-18,3903.23,327160.65,Semi-Annual,Renewed,1,2026-08-01
POL0000293,CUST003008,AGT0040,Medical,2024-01-20,2025-01-10,3955.59,109552.53,Monthly,Renewed,1,2026-08-01
POL0000294,CUST005009,AGT0069,Travel,2024-01-20,2024-03-30,586.87,22762.38,Monthly,Renewed,1,2026-08-01
POL0000295,CUST002124,AGT0002,Life,2024-03-12,2025-03-28,6871.82,1115240.42,Monthly,Expired,0,2026-08-01
POL0000296,CUST005167,AGT0033,Medical,2023-07-15,2024-07-29,2368.31,440351.8,Annual,Renewed,1,2026-08-01
POL0000297,CUST000821,AGT0001,Medical,2025-02-20,2026-01-21,1676.72,319459.39,Semi-Annual,Renewed,1,2026-08-01
POL0000298,CUST000217,AGT0005,Motor,2025-10-17,2026-10-06,906.47,178510.53,Monthly,Active,0,2026-08-01
POL0000299,CUST000307,AGT0033,Life,2024-11-06,2025-11-26,1971.3,1343196.98,Annual,Cancelled,0,2026-08-01
POL0000300,CUST002200,AGT0021,Motor,2023-03-06,2024-02-17,1277.01,170214.28,Monthly,Expired,0,2026-08-01
POL0000301,CUST003173,AGT0013,Medical,2026-02-04,2027-02-25,1251.56,378870.66,Monthly,Active,0,2026-08-01
POL0000302,CUST005378,AGT0077,Motor,2024-06-09,2025-05-07,2498.77,174171.28,Monthly,Expired,0,2026-08-01
POL0000303,CUST005514,AGT0064,Motor,2024-10-29,2025-10-13,1385.3,116072.62,Quarterly,Expired,0,2026-08-01
POL0000304,CUST000188,AGT0035,Motor,2024-10-27,2025-11-18,2475.32,95011.6,Monthly,Expired,0,2026-08-01
POL0000305,CUST004597,AGT0077,Life,2025-04-08,2026-03-04,3381.54,164103.08,Semi-Annual,Renewed,1,2026-08-01
POL0000306,CUST001208,AGT0007,Life,2023-01-23,2024-01-23,4332.26,1390544.95,Annual,Renewed,1,2026-08-01
POL0000307,CUST002359,AGT0075,Medical,2023-11-15,2024-10-10,3497.72,227664.44,Quarterly,Renewed,1,2026-08-01
POL0000308,CUST005150,AGT0071,Medical,2025-02-19,2026-01-26,2674.56,93648.95,Annual,Expired,0,2026-08-01
POL0000309,CUST005903,AGT0038,Travel,2024-05-22,2024-08-01,342.47,112606.63,Monthly,Renewed,1,2026-08-01
POL0000310,CUST004763,AGT0057,Travel,2023-06-06,2023-09-01,583.82,63292.08,Semi-Annual,Renewed,1,2026-08-01
POL0000311,CUST001105,AGT0023,Life,2026-04-15,2027-05-01,6425.94,861339.1,Annual,Active,0,2026-08-01
POL0000312,CUST000228,AGT0078,Life,2023-11-12,2024-12-03,5537.5,1495041.83,Quarterly,Expired,0,2026-08-01
POL0000313,CUST005986,AGT0039,Travel,2023-10-18,2023-10-25,408.23,105135.25,Annual,Renewed,1,2026-08-01
POL0000314,CUST001413,AGT0018,Life,2026-07-22,2027-07-31,5754.94,135021.22,Semi-Annual,Active,0,2026-08-01
POL0000315,CUST001381,AGT0009,Motor,2023-10-28,2024-11-19,1939.01,28907.28,Monthly,Cancelled,0,2026-08-01
POL0000316,CUST003131,AGT0056,Medical,2025-01-02,2025-12-26,3147.36,310857.5,Annual,Renewed,1,2026-08-01
POL0000317,CUST001010,AGT0076,Motor,2024-11-06,2025-11-29,2392.74,28127.07,Monthly,Renewed,1,2026-08-01
POL0000318,CUST003996,AGT0056,Travel,2026-06-19,2026-09-15,458.69,20816.04,Annual,Active,0,2026-08-01
POL0000319,CUST005150,AGT0054,Life,2026-06-01,2027-06-25,3747.52,549734.09,Monthly,Active,0,2026-08-01
POL0000320,CUST002077,AGT0064,Home,2024-10-05,2025-09-26,1300.67,126515.66,Quarterly,Cancelled,0,2026-08-01
POL0000321,CUST002814,AGT0023,Motor,2023-02-28,2024-02-26,1580.37,157119.38,Semi-Annual,Renewed,1,2026-08-01
POL0000322,CUST005399,AGT0028,Medical,2025-11-16,2026-10-25,2204.82,217870.2,Semi-Annual,Active,0,2026-08-01
POL0000323,CUST005352,AGT0061,Life,2025-04-17,2026-05-06,4187.24,771889.72,Annual,Cancelled,0,2026-08-01
POL0000324,CUST000561,AGT0052,Travel,2023-02-19,2023-04-19,800.99,118648.21,Monthly,Expired,0,2026-08-01
POL0000325,CUST004489,AGT0020,Travel,2023-07-04,2023-09-12,456.41,63035.64,Monthly,Renewed,1,2026-08-01
POL0000326,CUST000120,AGT0005,Motor,2024-01-16,2024-12-17,2581.71,71621.51,Semi-Annual,Expired,0,2026-08-01
POL0000327,CUST000941,AGT0061,Home,2026-01-12,2026-12-18,1530.18,300260.84,Monthly,Active,0,2026-08-01
POL0000328,CUST003764,AGT0069,Home,2024-01-06,2025-01-10,1027.92,880608.68,Quarterly,Expired,0,2026-08-01
POL0000329,CUST000732,AGT0033,Home,2026-03-05,2027-03-11,806.25,251847.42,Monthly,Active,0,2026-08-01
POL0000330,CUST001105,AGT0067,Life,2023-04-02,2024-03-09,4944.4,1057831.42,Semi-Annual,Renewed,1,2026-08-01
POL0000331,CUST002681,AGT0070,Travel,2024-10-30,2024-12-06,814.23,103826.77,Monthly,Expired,0,2026-08-01
POL0000332,CUST002495,AGT0057,Motor,2026-05-29,2027-05-09,1545.23,93827.42,Monthly,Active,0,2026-08-01
POL0000333,CUST003370,AGT0080,Motor,2025-04-29,2026-03-27,1184.45,141955.39,Quarterly,Renewed,1,2026-08-01
POL0000334,CUST005523,AGT0078,Motor,2024-10-21,2025-10-07,1035.67,48856.24,Quarterly,Expired,0,2026-08-01
POL0000335,CUST002540,AGT0026,Medical,2024-05-22,2025-04-24,3171.0,85650.83,Semi-Annual,Renewed,1,2026-08-01
POL0000336,CUST001838,AGT0072,Home,2025-02-14,2026-01-23,966.2,603940.74,Monthly,Renewed,1,2026-08-01
POL0000337,CUST001272,AGT0045,Life,2023-11-29,2024-11-22,4182.36,465295.89,Monthly,Renewed,1,2026-08-01
POL0000338,CUST005262,AGT0031,Medical,2024-11-11,2025-10-26,3041.71,443486.62,Monthly,Renewed,1,2026-08-01
POL0000339,CUST001306,AGT0020,Travel,2023-03-15,2023-04-18,513.62,94200.45,Annual,Renewed,1,2026-08-01
POL0000340,CUST000025,AGT0056,Medical,2023-11-21,2024-10-30,2318.46,132973.38,Monthly,Expired,0,2026-08-01
POL0000341,CUST003060,AGT0065,Medical,2025-08-13,2026-09-08,2997.36,178171.76,Monthly,Active,0,2026-08-01
POL0000342,CUST004391,AGT0017,Life,2026-04-23,2027-03-23,3678.91,935926.43,Annual,Active,0,2026-08-01
POL0000343,CUST000086,AGT0040,Medical,2024-07-10,2025-07-02,3212.67,469309.36,Annual,Expired,0,2026-08-01
POL0000344,CUST003820,AGT0072,Life,2025-05-24,2026-04-30,3808.33,634556.77,Monthly,Expired,0,2026-08-01
POL0000345,CUST002634,AGT0079,Travel,2024-08-16,2024-08-26,573.59,27760.6,Annual,Renewed,1,2026-08-01
POL0000346,CUST004660,AGT0036,Medical,2023-06-11,2024-06-06,3983.94,360371.89,Annual,Renewed,1,2026-08-01
POL0000347,CUST000200,AGT0071,Medical,2026-06-09,2027-06-27,2681.72,300371.63,Monthly,Active,0,2026-08-01
POL0000348,CUST005383,AGT0069,Medical,2024-08-26,2025-09-07,4073.56,389364.14,Semi-Annual,Renewed,1,2026-08-01
POL0000349,CUST005239,AGT0022,Home,2023-05-28,2024-06-14,1668.54,491253.04,Monthly,Expired,0,2026-08-01
POL0000350,CUST004120,AGT0037,Medical,2023-01-02,2023-12-26,4227.68,229401.39,Quarterly,Renewed,1,2026-08-01
POL0000351,CUST003721,AGT0010,Travel,2023-09-24,2023-11-23,672.26,75924.45,Quarterly,Cancelled,0,2026-08-01
POL0000352,CUST004225,AGT0001,Life,2025-05-31,2026-06-07,5451.36,1236643.7,Quarterly,Cancelled,0,2026-08-01
POL0000353,CUST000962,AGT0050,Motor,2024-03-05,2025-03-17,1508.41,82373.49,Annual,Renewed,1,2026-08-01
POL0000354,CUST005382,AGT0001,Medical,2024-11-15,2025-10-22,5010.49,258821.83,Annual,Renewed,1,2026-08-01
POL0000355,CUST004612,AGT0026,Motor,2023-08-04,2024-08-26,1145.63,60061.49,Semi-Annual,Expired,0,2026-08-01
POL0000356,CUST004532,AGT0015,Motor,2026-03-27,2027-03-23,1327.7,22270.78,Monthly,Active,0,2026-08-01
POL0000357,CUST002956,AGT0021,Motor,2026-06-24,2027-07-13,1173.59,53864.35,Monthly,Active,0,2026-08-01
POL0000358,CUST000846,AGT0020,Life,2026-05-23,2027-04-22,4009.26,1229984.53,Semi-Annual,Active,0,2026-08-01
POL0000359,CUST003065,AGT0044,Life,2025-03-24,2026-03-10,5536.87,1381512.28,Annual,Renewed,1,2026-08-01
POL0000360,CUST003270,AGT0062,Medical,2023-05-09,2024-04-27,2085.24,383741.0,Monthly,Expired,0,2026-08-01
POL0000361,CUST001537,AGT0044,Medical,2023-06-06,2024-06-18,5034.73,246754.46,Annual,Renewed,1,2026-08-01
POL0000362,CUST005546,AGT0061,Medical,2023-04-27,2024-04-07,3775.5,356004.71,Quarterly,Renewed,1,2026-08-01
POL0000363,CUST002363,AGT0044,Travel,2024-10-10,2024-12-16,799.49,36096.96,Monthly,Renewed,1,2026-08-01
POL0000364,CUST005725,AGT0056,Home,2026-03-21,2027-04-09,1208.89,155463.29,Semi-Annual,Active,0,2026-08-01
POL0000365,CUST005269,AGT0024,Travel,2025-11-07,2026-01-05,523.91,44396.65,Annual,Renewed,1,2026-08-01
POL0000366,CUST000449,AGT0027,Motor,2024-10-31,2025-11-29,2536.53,116642.63,Monthly,Expired,0,2026-08-01
POL0000367,CUST000884,AGT0013,Home,2025-09-06,2026-09-15,1718.46,424685.25,Annual,Active,0,2026-08-01
POL0000368,CUST002356,AGT0042,Travel,2024-09-05,2024-09-24,608.08,43785.56,Monthly,Renewed,1,2026-08-01
POL0000369,CUST003743,AGT0015,Motor,2025-03-25,2026-02-23,1006.29,107305.36,Annual,Expired,0,2026-08-01
POL0000370,CUST000682,AGT0051,Medical,2025-01-16,2026-01-14,1496.13,460214.09,Annual,Renewed,1,2026-08-01
POL0000371,CUST001302,AGT0058,Medical,2025-02-28,2026-02-11,1141.67,298080.72,Quarterly,Expired,0,2026-08-01
POL0000372,CUST005138,AGT0071,Life,2024-09-01,2025-08-24,2055.14,824592.31,Quarterly,Expired,0,2026-08-01
POL0000373,CUST002669,AGT0038,Medical,2025-08-28,2026-07-25,3298.64,209747.57,Annual,Cancelled,0,2026-08-01
POL0000374,CUST003336,AGT0080,Motor,2025-03-13,2026-03-30,1601.91,21977.86,Annual,Cancelled,0,2026-08-01
POL0000375,CUST003199,AGT0038,Motor,2023-12-22,2024-11-24,2049.0,59344.15,Annual,Renewed,1,2026-08-01
POL0000376,CUST005815,AGT0058,Medical,2026-05-25,2027-05-23,4747.03,198573.33,Monthly,Active,0,2026-08-01
POL0000377,CUST000731,AGT0079,Life,2024-10-05,2025-09-07,3383.88,736106.8,Monthly,Expired,0,2026-08-01
POL0000378,CUST003128,AGT0043,Medical,2025-03-03,2026-02-17,4651.08,464992.48,Monthly,Renewed,1,2026-08-01
POL0000379,CUST000472,AGT0074,Motor,2024-11-23,2025-12-20,2413.12,68091.89,Monthly,Expired,0,2026-08-01
POL0000380,CUST000279,AGT0047,Life,2024-02-24,2025-01-30,5132.51,538256.38,Annual,Renewed,1,2026-08-01
POL0000381,CUST002905,AGT0006,Home,2023-04-16,2024-03-21,1553.18,343215.96,Quarterly,Expired,0,2026-08-01
POL0000382,CUST005422,AGT0040,Motor,2023-10-06,2024-10-31,2466.56,54268.58,Annual,Cancelled,0,2026-08-01
POL0000383,CUST002457,AGT0064,Medical,2026-06-05,2027-05-05,2918.6,244716.97,Monthly,Active,0,2026-08-01
POL0000384,CUST004303,AGT0052,Medical,2026-06-16,2027-07-14,3112.87,386436.43,Quarterly,Active,0,2026-08-01
POL0000385,CUST005526,AGT0020,Motor,2023-08-01,2024-08-14,1729.19,137594.14,Annual,Expired,0,2026-08-01
POL0000386,CUST000037,AGT0023,Travel,2025-01-27,2025-04-19,423.58,20515.44,Monthly,Expired,0,2026-08-01
POL0000387,CUST004188,AGT0058,Home,2023-12-03,2024-12-09,1722.15,710149.61,Quarterly,Expired,0,2026-08-01
POL0000388,CUST005392,AGT0064,Medical,2025-01-10,2026-01-14,1384.28,226886.79,Monthly,Renewed,1,2026-08-01
POL0000389,CUST005381,AGT0014,Medical,2025-05-06,2026-05-12,2525.65,58779.89,Annual,Renewed,1,2026-08-01
POL0000390,CUST004416,AGT0037,Motor,2023-02-13,2024-01-21,2431.57,178553.45,Monthly,Renewed,1,2026-08-01
POL0000391,CUST005570,AGT0012,Life,2026-05-27,2027-06-19,5691.28,1323320.08,Quarterly,Active,0,2026-08-01
POL0000392,CUST003612,AGT0024,Motor,2026-04-15,2027-04-10,1319.0,77216.02,Monthly,Cancelled,0,2026-08-01
POL0000393,CUST000115,AGT0076,Medical,2026-05-29,2027-06-06,3786.92,356923.51,Quarterly,Active,0,2026-08-01
POL0000394,CUST005893,AGT0003,Motor,2024-09-05,2025-09-17,803.47,122041.62,Quarterly,Renewed,1,2026-08-01
POL0000395,CUST005280,AGT0045,Life,2025-07-27,2026-08-05,4289.53,1479608.92,Quarterly,Active,0,2026-08-01
POL0000396,CUST001141,AGT0037,Home,2026-07-30,2027-07-27,1677.66,228889.26,Monthly,Active,0,2026-08-01
POL0000397,CUST005751,AGT0028,Motor,2023-09-07,2024-09-01,1912.94,54100.04,Quarterly,Renewed,1,2026-08-01
POL0000398,CUST003910,AGT0072,Travel,2023-08-08,2023-08-26,778.19,107105.32,Monthly,Renewed,1,2026-08-01
POL0000399,CUST002716,AGT0072,Travel,2025-11-14,2026-01-15,119.68,29768.03,Quarterly,Expired,0,2026-08-01
POL0000400,CUST004912,AGT0002,Motor,2024-03-02,2025-03-20,1760.67,151344.28,Monthly,Expired,0,2026-08-01
POL0000401,CUST003816,AGT0024,Home,2023-08-26,2024-09-09,1326.38,255542.57,Monthly,Renewed,1,2026-08-01
POL0000402,CUST004734,AGT0019,Life,2023-10-02,2024-10-09,1392.89,1173849.48,Semi-Annual,Cancelled,0,2026-08-01
POL0000403,CUST002076,AGT0006,Medical,2025-06-18,2026-06-06,4638.84,119113.59,Annual,Renewed,1,2026-08-01
POL0000404,CUST002339,AGT0041,Life,2024-05-10,2025-05-07,2687.62,1136425.16,Annual,Expired,0,2026-08-01
POL0000405,CUST000592,AGT0032,Motor,2024-02-06,2025-01-03,2356.64,32847.37,Monthly,Expired,0,2026-08-01
POL0000406,CUST005336,AGT0032,Motor,2026-06-30,2027-06-13,1303.48,36656.26,Quarterly,Active,0,2026-08-01
POL0000407,CUST001576,AGT0057,Medical,2026-07-01,2027-06-24,5122.29,71830.8,Annual,Active,0,2026-08-01
POL0000408,CUST000825,AGT0078,Life,2024-06-26,2025-06-30,6347.18,1023395.35,Monthly,Expired,0,2026-08-01
POL0000409,CUST000484,AGT0053,Home,2023-10-29,2024-10-17,1584.48,215735.28,Annual,Expired,0,2026-08-01
POL0000410,CUST002317,AGT0050,Medical,2025-12-17,2026-11-15,3887.29,213562.27,Monthly,Active,0,2026-08-01
POL0000411,CUST002921,AGT0038,Motor,2025-09-08,2026-08-15,1522.65,162203.86,Annual,Active,0,2026-08-01
POL0000412,CUST005007,AGT0033,Motor,2025-09-14,2026-08-21,1624.51,70762.11,Semi-Annual,Active,0,2026-08-01
POL0000413,CUST003922,AGT0041,Home,2023-10-09,2024-10-19,1180.7,214869.94,Semi-Annual,Renewed,1,2026-08-01
POL0000414,CUST004837,AGT0022,Motor,2024-01-25,2025-02-17,1281.22,127145.2,Semi-Annual,Renewed,1,2026-08-01
POL0000415,CUST000032,AGT0043,Home,2023-04-15,2024-05-02,684.51,210281.72,Annual,Expired,0,2026-08-01
POL0000416,CUST000176,AGT0031,Motor,2025-01-27,2026-01-24,1673.65,136635.17,Monthly,Renewed,1,2026-08-01
POL0000417,CUST001374,AGT0030,Motor,2023-03-01,2024-02-04,1751.97,91238.43,Monthly,Expired,0,2026-08-01
POL0000418,CUST002315,AGT0070,Motor,2026-01-18,2027-02-12,2235.36,169484.87,Quarterly,Active,0,2026-08-01
POL0000419,CUST000443,AGT0007,Medical,2024-02-17,2025-02-12,4128.56,154496.55,Annual,Renewed,1,2026-08-01
POL0000420,CUST005207,AGT0066,Medical,2025-03-10,2026-03-24,3625.72,268932.99,Annual,Expired,0,2026-08-01
POL0000421,CUST005795,AGT0013,Home,2023-08-01,2024-07-17,1281.36,778041.63,Monthly,Renewed,1,2026-08-01
POL0000422,CUST002910,AGT0031,Medical,2023-12-13,2024-11-28,4660.99,342026.73,Monthly,Expired,0,2026-08-01
POL0000423,CUST004819,AGT0058,Motor,2023-12-20,2024-12-21,904.58,52777.49,Annual,Renewed,1,2026-08-01
POL0000424,CUST001145,AGT0074,Life,2026-02-02,2027-02-13,4509.58,199023.54,Semi-Annual,Active,0,2026-08-01
POL0000425,CUST000186,AGT0065,Medical,2026-07-04,2027-06-05,1254.09,302473.31,Semi-Annual,Active,0,2026-08-01
POL0000426,CUST005392,AGT0059,Life,2024-12-27,2025-12-18,1838.09,896433.16,Semi-Annual,Renewed,1,2026-08-01
POL0000427,CUST004884,AGT0032,Travel,2023-05-17,2023-05-25,435.77,47907.44,Monthly,Cancelled,0,2026-08-01
POL0000428,CUST004546,AGT0029,Home,2026-07-04,2027-07-08,887.58,728463.57,Quarterly,Active,0,2026-08-01
POL0000429,CUST004964,AGT0027,Life,2024-01-14,2024-12-13,5456.81,430819.18,Quarterly,Renewed,1,2026-08-01
POL0000430,CUST004262,AGT0067,Medical,2025-05-06,2026-05-13,4438.31,487426.62,Semi-Annual,Expired,0,2026-08-01
POL0000431,CUST004832,AGT0049,Medical,2023-10-25,2024-11-12,4318.15,370204.05,Semi-Annual,Renewed,1,2026-08-01
POL0000432,CUST005804,AGT0006,Medical,2024-08-09,2025-08-30,3434.78,322566.31,Annual,Cancelled,0,2026-08-01
POL0000433,CUST005271,AGT0002,Medical,2023-02-18,2024-01-26,1025.25,344784.41,Quarterly,Renewed,1,2026-08-01
POL0000434,CUST005341,AGT0010,Motor,2024-07-23,2025-06-29,842.05,21045.35,Semi-Annual,Cancelled,0,2026-08-01
POL0000435,CUST002811,AGT0046,Motor,2025-05-31,2026-06-15,1142.33,77734.56,Monthly,Cancelled,0,2026-08-01
POL0000436,CUST004912,AGT0079,Home,2026-02-24,2027-03-19,702.41,790773.82,Semi-Annual,Active,0,2026-08-01
POL0000437,CUST001437,AGT0038,Home,2026-05-27,2027-05-10,991.34,835726.41,Quarterly,Active,0,2026-08-01
POL0000438,CUST001885,AGT0020,Motor,2026-07-05,2027-06-10,1484.1,50614.06,Quarterly,Active,0,2026-08-01
POL0000439,CUST005223,AGT0036,Home,2026-06-19,2027-07-06,526.74,816691.24,Semi-Annual,Active,0,2026-08-01
POL0000440,CUST002181,AGT0057,Travel,2024-06-20,2024-09-02,136.18,68512.47,Monthly,Expired,0,2026-08-01
POL0000441,CUST005008,AGT0001,Motor,2023-12-08,2025-01-01,838.93,131346.89,Annual,Renewed,1,2026-08-01
POL0000442,CUST002973,AGT0053,Home,2023-08-02,2024-08-12,403.69,797745.82,Annual,Renewed,1,2026-08-01
POL0000443,CUST001649,AGT0076,Home,2023-08-03,2024-08-28,300.9,262294.44,Monthly,Renewed,1,2026-08-01
POL0000444,CUST002470,AGT0075,Life,2023-02-21,2024-03-11,1387.23,290382.9,Monthly,Expired,0,2026-08-01
POL0000445,CUST003485,AGT0014,Travel,2025-07-16,2025-10-08,413.37,81453.97,Annual,Expired,0,2026-08-01
POL0000446,CUST000381,AGT0079,Medical,2024-02-26,2025-03-12,3837.35,330300.36,Monthly,Expired,0,2026-08-01
POL0000447,CUST003342,AGT0010,Life,2024-10-26,2025-10-19,3628.2,894996.02,Monthly,Renewed,1,2026-08-01
POL0000448,CUST000631,AGT0038,Life,2024-03-22,2025-02-22,2723.07,1051772.27,Annual,Renewed,1,2026-08-01
POL0000449,CUST002926,AGT0031,Life,2024-12-05,2025-11-28,4769.92,1386202.55,Monthly,Expired,0,2026-08-01
POL0000450,CUST001940,AGT0054,Motor,2024-07-10,2025-06-22,1938.21,38339.35,Monthly,Expired,0,2026-08-01
POL0000451,CUST003652,AGT0063,Life,2025-02-04,2026-03-03,5323.92,1448972.26,Monthly,Expired,0,2026-08-01
POL0000452,CUST005035,AGT0049,Travel,2023-07-09,2023-08-31,284.6,40901.5,Annual,Renewed,1,2026-08-01
POL0000453,CUST000504,AGT0062,Travel,2026-03-27,2026-06-04,815.56,141242.53,Monthly,Expired,0,2026-08-01
POL0000454,CUST000511,AGT0079,Motor,2024-10-05,2025-09-23,1109.65,141370.45,Monthly,Renewed,1,2026-08-01
POL0000455,CUST002728,AGT0041,Medical,2025-06-29,2026-06-26,5046.64,415106.3,Monthly,Renewed,1,2026-08-01
POL0000456,CUST004524,AGT0047,Motor,2026-05-17,2027-05-27,1939.6,159928.18,Annual,Active,0,2026-08-01
POL0000457,CUST001680,AGT0044,Life,2023-04-27,2024-04-17,2779.27,257862.25,Monthly,Renewed,1,2026-08-01
POL0000458,CUST004696,AGT0022,Motor,2023-10-31,2024-11-09,1158.47,126219.67,Annual,Renewed,1,2026-08-01
POL0000459,CUST000015,AGT0037,Home,2024-12-09,2025-11-10,647.53,363732.93,Quarterly,Expired,0,2026-08-01
POL0000460,CUST001770,AGT0045,Life,2025-06-13,2026-06-17,4947.33,632392.06,Quarterly,Renewed,1,2026-08-01
POL0000461,CUST003116,AGT0003,Medical,2024-09-11,2025-08-30,5023.57,286754.84,Semi-Annual,Renewed,1,2026-08-01
POL0000462,CUST003757,AGT0032,Life,2023-02-19,2024-01-26,6233.07,938428.67,Quarterly,Expired,0,2026-08-01
POL0000463,CUST002189,AGT0023,Motor,2025-06-23,2026-06-19,2566.48,132424.39,Monthly,Expired,0,2026-08-01
POL0000464,CUST005293,AGT0054,Motor,2025-04-21,2026-03-24,1379.72,117694.42,Annual,Renewed,1,2026-08-01
POL0000465,CUST002588,AGT0032,Motor,2023-01-21,2024-02-09,1498.01,56308.94,Monthly,Cancelled,0,2026-08-01
POL0000466,CUST003815,AGT0011,Life,2026-05-10,2027-06-03,5532.56,606965.07,Annual,Active,0,2026-08-01
POL0000467,CUST000669,AGT0045,Travel,2026-03-08,2026-05-27,257.73,131968.6,Annual,Expired,0,2026-08-01
POL0000468,CUST005576,AGT0037,Motor,2024-01-05,2024-12-22,1406.81,134238.56,Quarterly,Expired,0,2026-08-01
POL0000469,CUST003034,AGT0053,Travel,2025-03-09,2025-05-05,286.33,79789.95,Monthly,Expired,0,2026-08-01
POL0000470,CUST002821,AGT0060,Motor,2025-12-02,2026-12-22,1534.32,58030.12,Monthly,Active,0,2026-08-01
POL0000471,CUST001621,AGT0080,Medical,2024-08-09,2025-07-06,4242.15,424469.26,Annual,Expired,0,2026-08-01
POL0000472,CUST003647,AGT0050,Life,2023-04-18,2024-03-21,1251.51,449324.22,Monthly,Expired,0,2026-08-01
POL0000473,CUST000004,AGT0041,Travel,2024-06-12,2024-06-24,80.56,137536.49,Quarterly,Renewed,1,2026-08-01
POL0000474,CUST002712,AGT0023,Home,2024-04-13,2025-04-18,305.53,440667.85,Annual,Expired,0,2026-08-01
POL0000475,CUST004681,AGT0054,Life,2025-11-29,2026-12-17,4908.55,1027485.26,Monthly,Active,0,2026-08-01
POL0000476,CUST004667,AGT0033,Medical,2023-01-09,2024-01-18,2539.61,150142.49,Quarterly,Expired,0,2026-08-01
POL0000477,CUST003768,AGT0077,Motor,2026-05-25,2027-04-30,1647.91,44526.47,Semi-Annual,Active,0,2026-08-01
POL0000478,CUST002247,AGT0055,Motor,2024-04-09,2025-03-31,1639.34,57925.23,Quarterly,Cancelled,0,2026-08-01
POL0000479,CUST003168,AGT0023,Home,2024-05-18,2025-06-15,604.71,536964.9,Quarterly,Renewed,1,2026-08-01
POL0000480,CUST001014,AGT0076,Life,2024-02-09,2025-02-27,5785.06,1063033.51,Monthly,Renewed,1,2026-08-01
POL0000481,CUST003733,AGT0037,Medical,2023-01-30,2023-12-29,1784.01,266717.99,Monthly,Renewed,1,2026-08-01
POL0000482,CUST001298,AGT0050,Motor,2025-06-24,2026-05-30,2031.69,145966.13,Semi-Annual,Renewed,1,2026-08-01
POL0000483,CUST001942,AGT0058,Motor,2025-08-27,2026-09-14,2130.92,44263.68,Monthly,Cancelled,0,2026-08-01
POL0000484,CUST004405,AGT0053,Life,2024-01-20,2025-01-27,2681.84,1411991.19,Quarterly,Cancelled,0,2026-08-01
POL0000485,CUST000739,AGT0046,Medical,2023-06-12,2024-05-14,3978.6,319964.3,Monthly,Renewed,1,2026-08-01
POL0000486,CUST001981,AGT0059,Home,2025-12-11,2026-11-22,625.48,352385.04,Monthly,Active,0,2026-08-01
POL0000487,CUST002142,AGT0072,Medical,2025-06-23,2026-06-29,3208.73,296289.66,Quarterly,Renewed,1,2026-08-01
POL0000488,CUST005678,AGT0014,Travel,2024-01-16,2024-03-21,626.41,77466.57,Monthly,Renewed,1,2026-08-01
POL0000489,CUST004734,AGT0046,Motor,2025-05-25,2026-06-08,1062.19,149298.64,Quarterly,Renewed,1,2026-08-01
POL0000490,CUST002235,AGT0049,Motor,2023-10-19,2024-09-18,2018.87,65832.91,Monthly,Expired,0,2026-08-01
POL0000491,CUST003650,AGT0074,Motor,2025-04-09,2026-03-19,1039.89,119852.34,Annual,Renewed,1,2026-08-01
POL0000492,CUST001440,AGT0047,Motor,2024-10-08,2025-10-09,928.12,136851.54,Monthly,Renewed,1,2026-08-01
POL0000493,CUST004748,AGT0012,Home,2023-09-06,2024-09-07,823.76,877287.58,Monthly,Cancelled,0,2026-08-01
POL0000494,CUST002069,AGT0062,Travel,2025-05-07,2025-05-27,232.46,31786.94,Annual,Expired,0,2026-08-01
POL0000495,CUST005414,AGT0065,Medical,2023-08-26,2024-09-10,1626.47,329715.74,Annual,Renewed,1,2026-08-01
POL0000496,CUST005346,AGT0068,Medical,2026-03-07,2027-02-18,2085.52,213336.74,Monthly,Active,0,2026-08-01
POL0000497,CUST001498,AGT0018,Medical,2023-05-14,2024-04-19,4200.57,226761.16,Monthly,Renewed,1,2026-08-01
POL0000498,CUST002456,AGT0013,Life,2025-11-29,2026-10-27,6191.32,695850.96,Quarterly,Active,0,2026-08-01
POL0000499,CUST005487,AGT0004,Motor,2024-01-11,2025-01-09,2486.64,73842.64,Quarterly,Renewed,1,2026-08-01
POL0000500,CUST000577,AGT0035,Medical,2024-11-16,2025-10-21,4994.95,288061.58,Monthly,Renewed,1,2026-08-01
POL0000501,CUST003976,AGT0009,Motor,2026-01-20,2027-01-20,1931.61,59024.82,Monthly,Active,0,2026-08-01
POL0000502,CUST003098,AGT0062,Home,2026-07-02,2027-07-08,1340.26,776906.95,Annual,Active,0,2026-08-01
POL0000503,CUST003365,AGT0047,Medical,2024-10-15,2025-10-30,2281.82,426049.61,Monthly,Expired,0,2026-08-01
POL0000504,CUST003435,AGT0026,Life,2024-01-23,2025-01-22,6391.08,230555.34,Semi-Annual,Cancelled,0,2026-08-01
POL0000505,CUST003020,AGT0024,Home,2025-08-31,2026-08-19,822.84,141717.44,Annual,Active,0,2026-08-01
POL0000506,CUST002057,AGT0036,Motor,2026-07-30,2027-08-20,2122.68,86815.16,Monthly,Active,0,2026-08-01
POL0000507,CUST002813,AGT0012,Motor,2024-01-26,2025-02-01,2212.68,126972.67,Annual,Renewed,1,2026-08-01
POL0000508,CUST005870,AGT0034,Medical,2024-05-18,2025-05-26,5107.14,320658.41,Semi-Annual,Renewed,1,2026-08-01
POL0000509,CUST000444,AGT0051,Life,2025-12-20,2027-01-16,1385.74,390114.38,Quarterly,Active,0,2026-08-01
POL0000510,CUST000964,AGT0037,Medical,2023-12-09,2025-01-05,2054.73,297863.11,Monthly,Expired,0,2026-08-01
POL0000511,CUST000328,AGT0040,Motor,2025-01-07,2026-01-18,1648.73,23261.46,Annual,Expired,0,2026-08-01
POL0000512,CUST003754,AGT0067,Motor,2024-05-15,2025-04-20,2235.41,46455.28,Annual,Renewed,1,2026-08-01
POL0000513,CUST001986,AGT0031,Life,2024-10-27,2025-09-23,5408.11,491266.54,Monthly,Expired,0,2026-08-01
POL0000514,CUST000270,AGT0010,Life,2025-02-04,2026-02-07,1637.8,1123155.52,Monthly,Renewed,1,2026-08-01
POL0000515,CUST001222,AGT0043,Motor,2024-11-05,2025-10-10,2342.75,140382.12,Quarterly,Renewed,1,2026-08-01
POL0000516,CUST001561,AGT0014,Travel,2024-09-11,2024-11-18,385.83,35971.14,Annual,Expired,0,2026-08-01
POL0000517,CUST000520,AGT0069,Medical,2024-05-14,2025-05-05,4592.05,125798.04,Annual,Renewed,1,2026-08-01
POL0000518,CUST004602,AGT0013,Motor,2023-03-07,2024-02-16,2390.84,51377.19,Monthly,Renewed,1,2026-08-01
POL0000519,CUST000147,AGT0058,Medical,2025-10-18,2026-10-09,4855.56,306824.49,Quarterly,Active,0,2026-08-01
POL0000520,CUST005297,AGT0037,Life,2024-04-10,2025-04-21,5757.32,219429.28,Monthly,Expired,0,2026-08-01
POL0000521,CUST005871,AGT0040,Life,2023-04-06,2024-03-22,5569.63,1202619.33,Monthly,Renewed,1,2026-08-01
POL0000522,CUST005503,AGT0071,Medical,2024-10-04,2025-09-07,3144.04,354550.64,Monthly,Renewed,1,2026-08-01
POL0000523,CUST001273,AGT0066,Motor,2025-12-09,2026-12-03,1801.32,133818.7,Monthly,Active,0,2026-08-01
POL0000524,CUST001371,AGT0014,Medical,2025-05-16,2026-05-12,3169.43,182571.99,Monthly,Expired,0,2026-08-01
POL0000525,CUST005909,AGT0070,Medical,2025-02-16,2026-03-15,3165.87,297891.95,Semi-Annual,Expired,0,2026-08-01
POL0000526,CUST003738,AGT0026,Medical,2026-05-30,2027-04-29,1884.87,187403.16,Semi-Annual,Active,0,2026-08-01
POL0000527,CUST003268,AGT0031,Medical,2025-05-28,2026-06-15,2377.55,244078.16,Annual,Expired,0,2026-08-01
POL0000528,CUST005189,AGT0067,Medical,2026-06-03,2027-05-18,1744.66,90089.2,Semi-Annual,Cancelled,0,2026-08-01
POL0000529,CUST001151,AGT0012,Motor,2026-03-15,2027-02-17,2091.86,51354.98,Monthly,Active,0,2026-08-01
POL0000530,CUST002437,AGT0033,Motor,2024-11-02,2025-10-06,1556.76,33181.06,Semi-Annual,Expired,0,2026-08-01
POL0000531,CUST000872,AGT0010,Motor,2023-04-03,2024-03-27,1237.81,119082.34,Monthly,Expired,0,2026-08-01
POL0000532,CUST004794,AGT0046,Life,2025-01-13,2026-01-19,5835.78,1225669.13,Monthly,Expired,0,2026-08-01
POL0000533,CUST001205,AGT0052,Medical,2026-05-22,2027-05-31,4760.81,490745.83,Annual,Active,0,2026-08-01
POL0000534,CUST000791,AGT0047,Life,2025-07-01,2026-07-16,1226.91,1059681.26,Monthly,Renewed,1,2026-08-01
POL0000535,CUST002183,AGT0075,Motor,2023-10-17,2024-09-21,2380.67,157415.67,Quarterly,Renewed,1,2026-08-01
POL0000536,CUST003387,AGT0057,Medical,2025-12-27,2027-01-01,1112.27,205440.17,Annual,Active,0,2026-08-01
POL0000537,CUST001230,AGT0004,Motor,2026-01-01,2026-11-30,2077.65,148362.25,Semi-Annual,Active,0,2026-08-01
POL0000538,CUST005401,AGT0017,Motor,2025-09-01,2026-08-25,2378.49,56200.2,Quarterly,Active,0,2026-08-01
POL0000539,CUST004969,AGT0040,Travel,2023-07-25,2023-10-09,246.26,92057.38,Monthly,Renewed,1,2026-08-01
POL0000540,CUST005520,AGT0037,Motor,2025-07-30,2026-08-04,2498.33,80379.38,Monthly,Active,0,2026-08-01
POL0000541,CUST002203,AGT0016,Motor,2026-02-04,2027-02-20,2096.3,130000.64,Annual,Active,0,2026-08-01
POL0000542,CUST002332,AGT0043,Medical,2024-08-07,2025-07-06,5131.9,313818.7,Annual,Expired,0,2026-08-01
POL0000543,CUST003162,AGT0043,Motor,2025-06-14,2026-07-07,1159.19,144459.25,Annual,Expired,0,2026-08-01
POL0000544,CUST005458,AGT0037,Home,2026-02-09,2027-01-29,492.43,269576.45,Annual,Active,0,2026-08-01
POL0000545,CUST003008,AGT0069,Home,2025-08-17,2026-09-02,1292.46,812477.9,Quarterly,Active,0,2026-08-01
POL0000546,CUST002331,AGT0031,Medical,2025-05-15,2026-05-03,3162.71,191366.77,Monthly,Renewed,1,2026-08-01
POL0000547,CUST003958,AGT0063,Motor,2024-06-28,2025-07-07,2266.61,30915.01,Annual,Renewed,1,2026-08-01
POL0000548,CUST000796,AGT0056,Medical,2023-07-28,2024-07-27,2802.06,227777.07,Monthly,Cancelled,0,2026-08-01
POL0000549,CUST005985,AGT0078,Medical,2023-12-20,2025-01-03,1008.37,64944.57,Quarterly,Expired,0,2026-08-01
POL0000550,CUST004133,AGT0051,Medical,2025-02-21,2026-03-19,3037.15,345543.32,Semi-Annual,Expired,0,2026-08-01
POL0000551,CUST002662,AGT0039,Motor,2025-08-20,2026-08-19,1998.62,50151.11,Annual,Active,0,2026-08-01
POL0000552,CUST000542,AGT0001,Motor,2024-02-10,2025-01-07,1362.0,138377.27,Annual,Expired,0,2026-08-01
POL0000553,CUST001936,AGT0054,Motor,2024-05-13,2025-04-24,1703.82,165411.49,Monthly,Expired,0,2026-08-01
POL0000554,CUST003439,AGT0043,Medical,2023-09-23,2024-09-09,3534.31,315368.51,Monthly,Expired,0,2026-08-01
POL0000555,CUST005845,AGT0072,Life,2024-04-03,2025-03-05,5364.91,1030066.74,Quarterly,Expired,0,2026-08-01
POL0000556,CUST002923,AGT0048,Travel,2025-04-28,2025-05-14,246.16,75592.2,Annual,Expired,0,2026-08-01
POL0000557,CUST005986,AGT0056,Motor,2023-01-01,2024-01-05,1283.93,34157.47,Monthly,Expired,0,2026-08-01
POL0000558,CUST003108,AGT0073,Travel,2025-04-19,2025-05-05,602.55,75963.81,Quarterly,Renewed,1,2026-08-01
POL0000559,CUST004686,AGT0078,Motor,2023-03-23,2024-03-01,1437.82,85621.46,Monthly,Renewed,1,2026-08-01
POL0000560,CUST000589,AGT0018,Motor,2026-06-01,2027-05-21,2150.73,81767.26,Annual,Active,0,2026-08-01
POL0000561,CUST004787,AGT0020,Life,2025-08-24,2026-09-12,2751.99,974609.43,Semi-Annual,Active,0,2026-08-01
POL0000562,CUST001453,AGT0063,Motor,2026-06-29,2027-06-02,2158.82,101989.9,Annual,Active,0,2026-08-01
POL0000563,CUST002444,AGT0011,Home,2024-04-27,2025-04-27,536.32,825713.81,Monthly,Renewed,1,2026-08-01
POL0000564,CUST001941,AGT0066,Home,2024-06-18,2025-07-05,978.5,700904.94,Semi-Annual,Renewed,1,2026-08-01
POL0000565,CUST003234,AGT0012,Motor,2024-09-19,2025-10-19,1144.72,134045.53,Monthly,Expired,0,2026-08-01
POL0000566,CUST003687,AGT0030,Motor,2023-08-22,2024-08-19,1728.54,164773.29,Quarterly,Renewed,1,2026-08-01
POL0000567,CUST002111,AGT0069,Motor,2025-07-28,2026-07-18,2060.3,96724.6,Annual,Renewed,1,2026-08-01
POL0000568,CUST000345,AGT0012,Home,2023-07-03,2024-07-08,1091.14,833602.42,Quarterly,Expired,0,2026-08-01
POL0000569,CUST003714,AGT0005,Motor,2026-01-09,2027-01-01,1088.06,86323.21,Annual,Cancelled,0,2026-08-01
POL0000570,CUST002521,AGT0061,Life,2026-06-27,2027-07-14,6543.79,503564.64,Annual,Cancelled,0,2026-08-01
POL0000571,CUST004955,AGT0065,Motor,2023-12-04,2024-11-15,808.58,146564.15,Quarterly,Expired,0,2026-08-01
POL0000572,CUST004172,AGT0061,Life,2024-06-01,2025-05-17,5437.17,1221187.47,Monthly,Renewed,1,2026-08-01
POL0000573,CUST002245,AGT0038,Motor,2023-02-14,2024-01-28,2100.67,85754.37,Annual,Expired,0,2026-08-01
POL0000574,CUST000312,AGT0062,Travel,2024-03-24,2024-06-11,767.89,102434.26,Annual,Renewed,1,2026-08-01
POL0000575,CUST003212,AGT0056,Life,2023-10-02,2024-09-27,6194.91,1313411.0,Quarterly,Expired,0,2026-08-01
POL0000576,CUST004771,AGT0031,Motor,2025-03-22,2026-04-04,1070.48,24590.66,Monthly,Expired,0,2026-08-01
POL0000577,CUST004650,AGT0060,Motor,2025-10-26,2026-09-25,2503.02,142290.84,Monthly,Active,0,2026-08-01
POL0000578,CUST002009,AGT0016,Medical,2023-03-16,2024-03-30,1634.14,206899.99,Quarterly,Expired,0,2026-08-01
POL0000579,CUST001254,AGT0034,Medical,2023-08-14,2024-09-02,3368.03,468702.61,Annual,Cancelled,0,2026-08-01
POL0000580,CUST000442,AGT0067,Travel,2025-04-25,2025-06-24,183.6,38064.69,Annual,Renewed,1,2026-08-01
POL0000581,CUST003663,AGT0012,Medical,2024-08-21,2025-07-23,2592.32,339745.26,Annual,Renewed,1,2026-08-01
POL0000582,CUST001576,AGT0034,Home,2026-02-18,2027-02-19,1488.95,702412.21,Monthly,Active,0,2026-08-01
POL0000583,CUST004655,AGT0050,Motor,2025-10-26,2026-11-19,2484.93,43194.5,Monthly,Active,0,2026-08-01
POL0000584,CUST003583,AGT0048,Travel,2025-08-04,2025-09-14,313.5,133778.02,Annual,Renewed,1,2026-08-01
POL0000585,CUST000313,AGT0077,Home,2026-06-23,2027-06-14,953.98,412076.41,Monthly,Active,0,2026-08-01
POL0000586,CUST004147,AGT0053,Life,2024-06-29,2025-07-25,5853.7,143018.71,Semi-Annual,Renewed,1,2026-08-01
POL0000587,CUST001523,AGT0003,Home,2025-05-07,2026-05-02,1194.27,618570.66,Annual,Renewed,1,2026-08-01
POL0000588,CUST005233,AGT0080,Medical,2023-06-01,2024-06-08,4769.62,52058.61,Quarterly,Renewed,1,2026-08-01
POL0000589,CUST000152,AGT0019,Life,2023-05-07,2024-06-03,3106.67,1412679.77,Monthly,Renewed,1,2026-08-01
POL0000590,CUST002200,AGT0048,Motor,2023-11-12,2024-10-18,1137.61,102038.95,Monthly,Renewed,1,2026-08-01
POL0000591,CUST000039,AGT0070,Motor,2024-01-23,2025-02-04,1786.87,160404.67,Annual,Renewed,1,2026-08-01
POL0000592,CUST003799,AGT0049,Life,2023-12-13,2024-12-04,3907.0,1034867.4,Quarterly,Renewed,1,2026-08-01
POL0000593,CUST002866,AGT0006,Travel,2025-05-27,2025-07-14,755.99,141971.01,Annual,Renewed,1,2026-08-01
POL0000594,CUST003199,AGT0029,Home,2024-05-18,2025-05-10,433.43,524275.79,Monthly,Renewed,1,2026-08-01
POL0000595,CUST004205,AGT0001,Life,2025-07-05,2026-06-20,1463.68,555657.22,Monthly,Cancelled,0,2026-08-01
POL0000596,CUST005376,AGT0034,Travel,2023-06-24,2023-09-17,197.44,30447.29,Semi-Annual,Renewed,1,2026-08-01
POL0000597,CUST002299,AGT0071,Travel,2024-04-07,2024-07-06,590.74,52975.12,Monthly,Renewed,1,2026-08-01
POL0000598,CUST003422,AGT0021,Travel,2025-01-22,2025-02-02,317.11,137720.26,Quarterly,Renewed,1,2026-08-01
POL0000599,CUST003727,AGT0062,Motor,2026-07-22,2027-07-29,975.39,177338.66,Monthly,Active,0,2026-08-01
POL0000600,CUST005289,AGT0004,Medical,2024-04-23,2025-05-10,4723.1,66602.36,Monthly,Cancelled,0,2026-08-01
POL0000601,CUST001149,AGT0021,Medical,2025-01-13,2026-01-21,4201.67,165533.61,Monthly,Expired,0,2026-08-01
POL0000602,CUST003142,AGT0046,Travel,2024-10-10,2024-10-19,758.67,46399.0,Quarterly,Expired,0,2026-08-01
POL0000603,CUST005019,AGT0078,Life,2023-01-17,2024-02-09,1848.91,821570.24,Monthly,Expired,0,2026-08-01
POL0000604,CUST001689,AGT0050,Travel,2024-01-08,2024-02-16,308.99,79634.73,Annual,Renewed,1,2026-08-01
POL0000605,CUST002176,AGT0057,Home,2024-01-11,2024-12-24,1237.69,884820.98,Monthly,Renewed,1,2026-08-01
POL0000606,CUST002695,AGT0062,Medical,2024-08-16,2025-08-31,1331.45,209271.61,Monthly,Renewed,1,2026-08-01
POL0000607,CUST004244,AGT0010,Travel,2023-08-31,2023-10-30,843.32,97066.51,Annual,Renewed,1,2026-08-01
POL0000608,CUST004024,AGT0077,Life,2025-07-20,2026-07-10,6958.28,1213844.97,Annual,Renewed,1,2026-08-01
POL0000609,CUST000780,AGT0037,Life,2024-09-12,2025-08-22,4207.88,121115.67,Monthly,Expired,0,2026-08-01
POL0000610,CUST001236,AGT0025,Medical,2023-04-26,2024-05-14,5173.55,405698.2,Annual,Renewed,1,2026-08-01
POL0000611,CUST004909,AGT0070,Home,2024-04-10,2025-05-08,1705.38,648117.61,Quarterly,Renewed,1,2026-08-01
POL0000612,CUST004043,AGT0040,Travel,2024-10-28,2024-12-31,541.14,138165.19,Monthly,Renewed,1,2026-08-01
POL0000613,CUST003109,AGT0054,Life,2023-10-13,2024-11-11,1690.79,1449522.58,Monthly,Expired,0,2026-08-01
POL0000614,CUST002523,AGT0030,Medical,2025-03-19,2026-04-16,1531.14,304953.6,Quarterly,Expired,0,2026-08-01
POL0000615,CUST005822,AGT0047,Medical,2025-09-22,2026-09-10,2249.14,380317.97,Monthly,Active,0,2026-08-01
POL0000616,CUST005295,AGT0013,Travel,2025-05-22,2025-05-30,710.72,148274.04,Annual,Expired,0,2026-08-01
POL0000617,CUST002433,AGT0034,Home,2025-05-26,2026-05-23,1109.48,771572.24,Monthly,Renewed,1,2026-08-01
POL0000618,CUST002110,AGT0037,Home,2026-04-21,2027-05-13,1546.27,557030.05,Annual,Active,0,2026-08-01
POL0000619,CUST005238,AGT0020,Life,2024-11-16,2025-12-06,5329.52,305368.42,Quarterly,Renewed,1,2026-08-01
POL0000620,CUST002076,AGT0073,Life,2025-10-17,2026-10-30,5926.91,619802.16,Annual,Active,0,2026-08-01
POL0000621,CUST002473,AGT0050,Motor,2024-03-24,2025-03-20,1278.21,160275.83,Quarterly,Renewed,1,2026-08-01
POL0000622,CUST005502,AGT0070,Life,2025-08-23,2026-08-16,5263.03,216640.23,Monthly,Active,0,2026-08-01
POL0000623,CUST000648,AGT0013,Medical,2025-01-29,2026-02-26,1325.33,449097.89,Monthly,Expired,0,2026-08-01
POL0000624,CUST004221,AGT0034,Travel,2026-02-08,2026-04-11,604.82,102012.42,Monthly,Cancelled,0,2026-08-01
POL0000625,CUST004126,AGT0065,Motor,2023-04-11,2024-04-30,1676.98,149552.8,Monthly,Renewed,1,2026-08-01
POL0000626,CUST002276,AGT0014,Home,2026-04-10,2027-04-29,803.14,409769.59,Annual,Cancelled,0,2026-08-01
POL0000627,CUST001098,AGT0017,Medical,2023-10-30,2024-11-11,3924.15,188020.86,Semi-Annual,Expired,0,2026-08-01
POL0000628,CUST005167,AGT0074,Motor,2026-01-02,2027-01-25,812.14,175130.41,Annual,Active,0,2026-08-01
POL0000629,CUST004800,AGT0010,Life,2024-05-11,2025-05-17,5675.9,925458.16,Semi-Annual,Renewed,1,2026-08-01
POL0000630,CUST005150,AGT0037,Life,2025-03-13,2026-03-07,4307.46,1059525.66,Semi-Annual,Renewed,1,2026-08-01
POL0000631,CUST002010,AGT0006,Travel,2024-03-12,2024-03-28,400.17,140536.31,Monthly,Expired,0,2026-08-01
POL0000632,CUST005778,AGT0028,Life,2026-01-06,2026-12-05,4272.26,764645.09,Semi-Annual,Cancelled,0,2026-08-01
POL0000633,CUST004539,AGT0066,Medical,2025-08-06,2026-07-14,2140.75,86970.15,Annual,Expired,0,2026-08-01
POL0000634,CUST001440,AGT0030,Motor,2024-03-02,2025-03-31,1910.62,59737.84,Monthly,Expired,0,2026-08-01
POL0000635,CUST002889,AGT0038,Travel,2023-06-23,2023-07-18,240.59,101035.21,Monthly,Expired,0,2026-08-01
POL0000636,CUST001899,AGT0074,Home,2026-05-29,2027-05-25,1691.13,705636.92,Monthly,Active,0,2026-08-01
POL0000637,CUST003223,AGT0032,Travel,2026-06-26,2026-08-05,676.07,85782.99,Semi-Annual,Active,0,2026-08-01
POL0000638,CUST001130,AGT0049,Motor,2023-08-15,2024-07-16,2390.89,122632.71,Semi-Annual,Renewed,1,2026-08-01
POL0000639,CUST004408,AGT0042,Life,2024-02-19,2025-01-30,5348.11,1054168.62,Monthly,Renewed,1,2026-08-01
POL0000640,CUST002758,AGT0058,Motor,2023-10-27,2024-10-06,945.66,26682.55,Monthly,Renewed,1,2026-08-01
POL0000641,CUST003991,AGT0047,Home,2023-10-25,2024-11-13,1081.71,469910.13,Monthly,Renewed,1,2026-08-01
POL0000642,CUST003851,AGT0067,Motor,2023-07-27,2024-08-07,2066.96,160333.92,Monthly,Expired,0,2026-08-01
POL0000643,CUST003986,AGT0071,Motor,2025-08-11,2026-07-10,1910.85,29548.98,Quarterly,Renewed,1,2026-08-01
POL0000644,CUST004560,AGT0079,Motor,2025-10-12,2026-09-07,2032.29,127954.38,Semi-Annual,Active,0,2026-08-01
POL0000645,CUST003954,AGT0028,Life,2025-03-03,2026-03-15,4306.94,872103.74,Annual,Renewed,1,2026-08-01
POL0000646,CUST003094,AGT0015,Life,2024-07-21,2025-06-24,4871.57,1106960.83,Semi-Annual,Renewed,1,2026-08-01
POL0000647,CUST003512,AGT0015,Life,2026-07-04,2027-07-09,4452.72,1347819.71,Quarterly,Active,0,2026-08-01
POL0000648,CUST003787,AGT0064,Medical,2025-08-22,2026-08-16,1328.75,449748.21,Monthly,Active,0,2026-08-01
POL0000649,CUST004844,AGT0070,Travel,2023-03-19,2023-05-15,522.34,126949.85,Quarterly,Expired,0,2026-08-01
POL0000650,CUST002855,AGT0020,Medical,2024-10-28,2025-11-05,2957.09,244706.43,Semi-Annual,Renewed,1,2026-08-01
POL0000651,CUST001801,AGT0039,Motor,2023-08-11,2024-07-17,1708.44,48492.96,Semi-Annual,Renewed,1,2026-08-01
POL0000652,CUST001515,AGT0002,Travel,2024-06-11,2024-09-06,118.98,113418.82,Monthly,Expired,0,2026-08-01
POL0000653,CUST001090,AGT0047,Medical,2024-05-30,2025-05-14,4796.6,389127.19,Annual,Renewed,1,2026-08-01
POL0000654,CUST003617,AGT0057,Life,2026-03-17,2027-04-12,6065.65,308217.18,Annual,Active,0,2026-08-01
POL0000655,CUST004411,AGT0013,Medical,2025-12-08,2026-11-17,1210.11,383370.22,Annual,Active,0,2026-08-01
POL0000656,CUST001903,AGT0075,Life,2024-07-18,2025-06-30,6417.03,1137487.71,Annual,Renewed,1,2026-08-01
POL0000657,CUST003239,AGT0069,Motor,2025-10-04,2026-09-10,2318.57,106754.97,Monthly,Active,0,2026-08-01
POL0000658,CUST002233,AGT0077,Medical,2025-03-19,2026-04-11,4262.94,435295.15,Quarterly,Renewed,1,2026-08-01
POL0000659,CUST005404,AGT0076,Medical,2024-12-25,2026-01-15,4907.06,456005.18,Monthly,Expired,0,2026-08-01
POL0000660,CUST005437,AGT0007,Life,2026-01-27,2027-02-23,5026.23,349738.88,Annual,Active,0,2026-08-01
POL0000661,CUST005791,AGT0036,Motor,2025-03-25,2026-04-20,1020.59,48132.18,Annual,Renewed,1,2026-08-01
POL0000662,CUST005167,AGT0035,Motor,2023-10-05,2024-10-02,1087.78,34817.14,Quarterly,Renewed,1,2026-08-01
POL0000663,CUST005203,AGT0002,Medical,2024-05-31,2025-05-07,1302.12,464052.41,Monthly,Expired,0,2026-08-01
POL0000664,CUST003344,AGT0075,Medical,2024-06-10,2025-06-02,2760.93,124039.46,Quarterly,Renewed,1,2026-08-01
POL0000665,CUST003286,AGT0003,Motor,2026-01-07,2027-01-10,1094.74,105595.1,Monthly,Active,0,2026-08-01
POL0000666,CUST001810,AGT0056,Life,2023-07-09,2024-07-25,1400.52,229949.27,Monthly,Cancelled,0,2026-08-01
POL0000667,CUST004525,AGT0025,Medical,2024-09-15,2025-09-08,3170.64,316200.22,Monthly,Renewed,1,2026-08-01
POL0000668,CUST001921,AGT0048,Medical,2024-12-10,2025-11-07,2289.45,240404.75,Monthly,Expired,0,2026-08-01
POL0000669,CUST002006,AGT0040,Medical,2026-05-31,2027-05-20,1834.23,154865.66,Annual,Active,0,2026-08-01
POL0000670,CUST005674,AGT0018,Medical,2025-10-28,2026-10-29,3944.66,356252.43,Monthly,Active,0,2026-08-01
POL0000671,CUST000089,AGT0035,Life,2023-12-08,2025-01-03,4524.54,757420.77,Monthly,Cancelled,0,2026-08-01
POL0000672,CUST000709,AGT0057,Life,2023-03-13,2024-03-16,4398.78,784755.86,Monthly,Expired,0,2026-08-01
POL0000673,CUST004683,AGT0046,Life,2023-06-15,2024-05-13,3247.41,1454566.91,Quarterly,Expired,0,2026-08-01
POL0000674,CUST004111,AGT0018,Medical,2023-03-20,2024-03-18,4173.1,191653.08,Monthly,Renewed,1,2026-08-01
POL0000675,CUST004689,AGT0021,Medical,2024-06-14,2025-07-13,1639.94,496710.12,Monthly,Renewed,1,2026-08-01
POL0000676,CUST002802,AGT0056,Motor,2025-08-26,2026-08-17,1600.0,154187.95,Annual,Active,0,2026-08-01
POL0000677,CUST000049,AGT0017,Medical,2025-05-08,2026-04-23,2625.81,122345.35,Semi-Annual,Renewed,1,2026-08-01
POL0000678,CUST001786,AGT0048,Travel,2025-07-16,2025-07-26,689.15,65754.51,Monthly,Expired,0,2026-08-01
POL0000679,CUST005182,AGT0078,Motor,2024-11-24,2025-11-26,1135.42,70304.32,Monthly,Expired,0,2026-08-01
POL0000680,CUST003997,AGT0047,Motor,2024-06-09,2025-05-23,2576.66,136939.18,Monthly,Expired,0,2026-08-01
POL0000681,CUST005289,AGT0023,Life,2025-12-13,2027-01-08,2122.03,472163.62,Monthly,Active,0,2026-08-01
POL0000682,CUST000057,AGT0054,Life,2024-04-16,2025-03-28,3752.2,491381.98,Monthly,Cancelled,0,2026-08-01
POL0000683,CUST001924,AGT0076,Home,2025-02-02,2026-02-09,1209.85,683658.37,Monthly,Cancelled,0,2026-08-01
POL0000684,CUST004123,AGT0052,Motor,2024-01-04,2025-01-10,1560.57,144090.09,Annual,Renewed,1,2026-08-01
POL0000685,CUST000104,AGT0046,Travel,2024-04-22,2024-06-02,751.98,115523.87,Annual,Expired,0,2026-08-01
POL0000686,CUST002698,AGT0050,Life,2023-03-22,2024-03-11,4936.64,794533.2,Monthly,Renewed,1,2026-08-01
POL0000687,CUST005257,AGT0006,Travel,2025-03-05,2025-03-14,598.23,116689.83,Annual,Cancelled,0,2026-08-01
POL0000688,CUST000970,AGT0002,Medical,2024-11-02,2025-10-09,4702.09,315974.63,Quarterly,Renewed,1,2026-08-01
POL0000689,CUST000424,AGT0048,Motor,2024-02-17,2025-02-18,1032.32,157188.29,Annual,Expired,0,2026-08-01
POL0000690,CUST003822,AGT0039,Motor,2025-03-16,2026-02-28,1604.7,133150.17,Monthly,Renewed,1,2026-08-01
POL0000691,CUST001394,AGT0079,Travel,2023-06-20,2023-07-12,377.45,99700.13,Annual,Expired,0,2026-08-01
POL0000692,CUST001104,AGT0039,Motor,2026-02-05,2027-01-08,2151.65,119027.22,Semi-Annual,Active,0,2026-08-01
POL0000693,CUST003256,AGT0068,Motor,2023-02-12,2024-02-04,2316.11,66871.84,Semi-Annual,Expired,0,2026-08-01
POL0000694,CUST003638,AGT0053,Motor,2024-12-09,2025-12-11,1609.84,114666.09,Annual,Renewed,1,2026-08-01
POL0000695,CUST004900,AGT0025,Travel,2023-12-16,2024-01-25,152.51,146762.25,Annual,Renewed,1,2026-08-01
POL0000696,CUST000624,AGT0070,Motor,2023-07-18,2024-07-31,2170.31,171405.78,Quarterly,Expired,0,2026-08-01
POL0000697,CUST004691,AGT0008,Medical,2023-08-12,2024-08-16,4289.48,104338.15,Semi-Annual,Renewed,1,2026-08-01
POL0000698,CUST004022,AGT0056,Life,2024-02-07,2025-01-26,2797.59,651271.9,Monthly,Renewed,1,2026-08-01
POL0000699,CUST004088,AGT0037,Travel,2025-04-07,2025-06-27,195.48,49546.12,Semi-Annual,Cancelled,0,2026-08-01
POL0000700,CUST001432,AGT0058,Travel,2025-10-23,2025-12-05,171.7,120395.35,Monthly,Renewed,1,2026-08-01
POL0000701,CUST004973,AGT0008,Medical,2026-05-03,2027-04-06,1424.66,302061.83,Quarterly,Active,0,2026-08-01
POL0000702,CUST000740,AGT0017,Motor,2025-03-18,2026-03-03,1322.84,161942.63,Annual,Renewed,1,2026-08-01
POL0000703,CUST004113,AGT0024,Motor,2024-10-10,2025-10-23,2089.04,40546.46,Quarterly,Renewed,1,2026-08-01
POL0000704,CUST000808,AGT0046,Motor,2025-10-04,2026-10-16,1314.51,119371.69,Semi-Annual,Active,0,2026-08-01
POL0000705,CUST003827,AGT0074,Medical,2025-11-27,2026-11-10,4518.13,268075.82,Monthly,Active,0,2026-08-01
POL0000706,CUST002710,AGT0073,Medical,2024-06-24,2025-06-29,2403.81,313676.41,Annual,Expired,0,2026-08-01
POL0000707,CUST001007,AGT0053,Medical,2024-06-30,2025-07-03,3961.74,417353.61,Quarterly,Expired,0,2026-08-01
POL0000708,CUST001167,AGT0010,Medical,2023-03-30,2024-04-01,1888.88,430213.31,Monthly,Renewed,1,2026-08-01
POL0000709,CUST002640,AGT0063,Life,2023-01-21,2024-02-12,1863.17,100219.6,Monthly,Expired,0,2026-08-01
POL0000710,CUST002197,AGT0068,Motor,2026-03-12,2027-02-20,1234.63,156732.81,Monthly,Cancelled,0,2026-08-01
POL0000711,CUST002709,AGT0044,Home,2026-02-06,2027-01-28,1239.42,883937.38,Monthly,Active,0,2026-08-01
POL0000712,CUST002600,AGT0006,Travel,2024-04-01,2024-04-09,584.71,119614.36,Quarterly,Renewed,1,2026-08-01
POL0000713,CUST000111,AGT0014,Medical,2026-05-18,2027-05-25,3605.18,138370.87,Monthly,Active,0,2026-08-01
POL0000714,CUST002577,AGT0065,Medical,2023-04-19,2024-04-29,2773.08,183552.84,Semi-Annual,Renewed,1,2026-08-01
POL0000715,CUST002434,AGT0013,Home,2026-06-05,2027-06-26,1139.37,160882.36,Monthly,Active,0,2026-08-01
POL0000716,CUST002348,AGT0028,Home,2025-02-06,2026-01-11,1712.2,891036.85,Semi-Annual,Renewed,1,2026-08-01
POL0000717,CUST001363,AGT0062,Medical,2024-11-13,2025-11-19,1314.08,236484.63,Quarterly,Cancelled,0,2026-08-01
POL0000718,CUST001155,AGT0013,Motor,2025-08-30,2026-08-06,948.67,164407.41,Monthly,Active,0,2026-08-01
POL0000719,CUST000539,AGT0035,Home,2023-10-25,2024-11-22,1040.17,711257.58,Quarterly,Expired,0,2026-08-01
POL0000720,CUST003750,AGT0055,Life,2024-09-16,2025-08-12,5851.18,596329.9,Quarterly,Expired,0,2026-08-01
POL0000721,CUST003278,AGT0040,Life,2023-10-28,2024-09-27,6295.57,462862.1,Monthly,Renewed,1,2026-08-01
POL0000722,CUST004872,AGT0071,Motor,2025-03-13,2026-04-06,2114.85,92862.71,Quarterly,Renewed,1,2026-08-01
POL0000723,CUST001423,AGT0015,Travel,2024-06-28,2024-08-29,234.5,63497.05,Semi-Annual,Renewed,1,2026-08-01
POL0000724,CUST002448,AGT0046,Medical,2024-06-29,2025-06-17,4187.29,300514.87,Semi-Annual,Renewed,1,2026-08-01
POL0000725,CUST001143,AGT0029,Medical,2025-09-02,2026-09-13,1913.71,63321.97,Annual,Cancelled,0,2026-08-01
POL0000726,CUST005642,AGT0045,Life,2025-11-29,2026-11-02,1286.8,972412.98,Annual,Active,0,2026-08-01
POL0000727,CUST004721,AGT0011,Medical,2026-01-27,2027-01-24,1640.25,449366.74,Quarterly,Active,0,2026-08-01
POL0000728,CUST000893,AGT0055,Medical,2025-10-21,2026-10-07,5066.4,151212.26,Monthly,Active,0,2026-08-01
POL0000729,CUST004861,AGT0017,Life,2023-08-21,2024-08-02,5343.21,581418.15,Quarterly,Renewed,1,2026-08-01
POL0000730,CUST005542,AGT0065,Life,2025-07-30,2026-07-08,2051.87,1376991.8,Annual,Renewed,1,2026-08-01
POL0000731,CUST003966,AGT0072,Home,2025-07-15,2026-07-02,765.78,651294.48,Annual,Renewed,1,2026-08-01
POL0000732,CUST005945,AGT0028,Life,2023-01-26,2024-01-23,6321.7,119007.58,Annual,Expired,0,2026-08-01
POL0000733,CUST001139,AGT0058,Medical,2023-09-10,2024-09-21,3997.14,234771.98,Monthly,Renewed,1,2026-08-01
POL0000734,CUST001733,AGT0044,Motor,2024-11-05,2025-10-13,1238.74,39412.45,Monthly,Expired,0,2026-08-01
POL0000735,CUST003797,AGT0069,Medical,2024-02-03,2025-02-18,5103.47,156040.43,Annual,Expired,0,2026-08-01
POL0000736,CUST003231,AGT0075,Motor,2025-10-23,2026-09-30,1847.74,142815.86,Annual,Active,0,2026-08-01
POL0000737,CUST004280,AGT0070,Life,2025-09-30,2026-10-06,4386.44,222453.17,Quarterly,Active,0,2026-08-01
POL0000738,CUST005793,AGT0021,Medical,2023-11-17,2024-11-06,3463.52,199432.22,Quarterly,Renewed,1,2026-08-01
POL0000739,CUST001400,AGT0048,Medical,2023-01-24,2024-02-16,4078.0,121507.43,Monthly,Renewed,1,2026-08-01
POL0000740,CUST005235,AGT0008,Motor,2023-12-05,2024-12-14,1274.04,142992.07,Quarterly,Expired,0,2026-08-01
POL0000741,CUST000798,AGT0025,Medical,2026-03-26,2027-03-25,1100.59,224747.68,Semi-Annual,Active,0,2026-08-01
POL0000742,CUST002757,AGT0030,Motor,2026-03-27,2027-02-24,1971.01,97138.36,Monthly,Active,0,2026-08-01
POL0000743,CUST002602,AGT0040,Life,2024-10-21,2025-11-09,3948.61,290037.79,Quarterly,Expired,0,2026-08-01
POL0000744,CUST004838,AGT0067,Motor,2026-01-05,2027-02-04,2260.5,165225.96,Monthly,Active,0,2026-08-01
POL0000745,CUST002546,AGT0002,Home,2025-01-10,2025-12-13,1691.05,792010.22,Annual,Cancelled,0,2026-08-01
POL0000746,CUST004983,AGT0040,Medical,2026-07-15,2027-07-15,3565.06,405036.06,Annual,Active,0,2026-08-01
POL0000747,CUST000920,AGT0066,Travel,2023-07-20,2023-08-17,530.16,128105.96,Annual,Renewed,1,2026-08-01
POL0000748,CUST005961,AGT0019,Travel,2024-10-12,2024-10-25,562.51,149429.5,Monthly,Renewed,1,2026-08-01
POL0000749,CUST001151,AGT0065,Travel,2023-08-25,2023-09-24,121.89,90081.63,Monthly,Expired,0,2026-08-01
POL0000750,CUST003551,AGT0007,Travel,2023-06-12,2023-07-02,346.79,132836.25,Annual,Expired,0,2026-08-01
POL0000751,CUST002998,AGT0041,Motor,2023-07-22,2024-08-13,1983.44,160266.34,Quarterly,Expired,0,2026-08-01
POL0000752,CUST000544,AGT0079,Motor,2023-01-11,2023-12-26,1748.57,96791.1,Quarterly,Expired,0,2026-08-01
POL0000753,CUST003165,AGT0031,Life,2026-05-18,2027-06-10,5751.13,347290.57,Annual,Active,0,2026-08-01
POL0000754,CUST005241,AGT0052,Medical,2025-07-11,2026-06-16,1497.3,305523.87,Semi-Annual,Cancelled,0,2026-08-01
POL0000755,CUST003228,AGT0014,Life,2024-10-13,2025-11-02,4893.33,1198915.33,Annual,Cancelled,0,2026-08-01
POL0000756,CUST004217,AGT0034,Life,2025-12-03,2026-12-05,6067.89,1039709.52,Monthly,Active,0,2026-08-01
POL0000757,CUST005893,AGT0007,Motor,2025-01-11,2025-12-12,1994.0,134734.49,Monthly,Expired,0,2026-08-01
POL0000758,CUST001818,AGT0010,Motor,2024-07-13,2025-07-23,938.79,50102.9,Monthly,Renewed,1,2026-08-01
POL0000759,CUST000238,AGT0026,Life,2024-09-25,2025-10-20,5045.64,246218.12,Quarterly,Expired,0,2026-08-01
POL0000760,CUST004135,AGT0079,Life,2024-07-10,2025-08-01,6132.8,530252.62,Annual,Expired,0,2026-08-01
POL0000761,CUST004718,AGT0075,Travel,2024-06-13,2024-08-29,177.32,90466.39,Annual,Renewed,1,2026-08-01
POL0000762,CUST000856,AGT0005,Life,2026-01-03,2027-01-23,4788.52,400484.29,Quarterly,Active,0,2026-08-01
POL0000763,CUST002111,AGT0006,Motor,2026-06-23,2027-07-15,1675.3,50795.55,Annual,Active,0,2026-08-01
POL0000764,CUST002151,AGT0056,Motor,2023-09-01,2024-09-28,1204.08,177656.84,Quarterly,Renewed,1,2026-08-01
POL0000765,CUST004518,AGT0076,Medical,2025-08-20,2026-08-21,2855.89,389984.4,Monthly,Active,0,2026-08-01
POL0000766,CUST005256,AGT0041,Medical,2023-03-24,2024-04-17,2776.09,211953.12,Annual,Renewed,1,2026-08-01
POL0000767,CUST004413,AGT0043,Travel,2025-11-05,2025-11-17,511.48,35968.89,Semi-Annual,Expired,0,2026-08-01
POL0000768,CUST001780,AGT0049,Life,2026-06-16,2027-06-15,5539.87,310776.84,Quarterly,Active,0,2026-08-01
POL0000769,CUST003720,AGT0036,Travel,2025-08-03,2025-10-22,136.51,71583.37,Annual,Expired,0,2026-08-01
POL0000770,CUST001615,AGT0060,Medical,2024-12-09,2025-11-27,1845.26,144916.24,Monthly,Expired,0,2026-08-01
POL0000771,CUST003787,AGT0010,Motor,2026-05-25,2027-05-07,1955.74,23818.44,Monthly,Active,0,2026-08-01
POL0000772,CUST005791,AGT0005,Medical,2025-10-06,2026-10-14,1516.65,413346.9,Semi-Annual,Active,0,2026-08-01
POL0000773,CUST003982,AGT0006,Motor,2025-10-24,2026-11-05,1983.09,61667.75,Monthly,Active,0,2026-08-01
POL0000774,CUST004711,AGT0018,Motor,2026-06-01,2027-06-19,1982.57,157706.31,Monthly,Active,0,2026-08-01
POL0000775,CUST004486,AGT0044,Medical,2024-12-09,2025-12-22,2413.85,473447.08,Annual,Expired,0,2026-08-01
POL0000776,CUST002860,AGT0022,Medical,2025-11-25,2026-10-29,5152.45,267738.31,Annual,Active,0,2026-08-01
POL0000777,CUST000790,AGT0048,Motor,2026-03-21,2027-03-14,1653.0,60397.61,Quarterly,Active,0,2026-08-01
POL0000778,CUST005854,AGT0002,Life,2024-09-03,2025-09-09,6778.74,997979.66,Monthly,Expired,0,2026-08-01
POL0000779,CUST002166,AGT0035,Life,2025-08-10,2026-08-03,2236.7,1428442.83,Annual,Active,0,2026-08-01
POL0000780,CUST005320,AGT0012,Motor,2025-04-27,2026-04-03,2483.67,140418.29,Annual,Cancelled,0,2026-08-01
POL0000781,CUST005053,AGT0023,Life,2026-07-17,2027-06-26,4543.07,315234.95,Monthly,Active,0,2026-08-01
POL0000782,CUST004103,AGT0052,Motor,2025-04-06,2026-04-06,2581.61,151767.75,Annual,Expired,0,2026-08-01
POL0000783,CUST003288,AGT0002,Medical,2025-08-03,2026-07-25,3511.0,303420.87,Monthly,Renewed,1,2026-08-01
POL0000784,CUST001644,AGT0062,Life,2026-04-24,2027-05-05,6601.49,740561.76,Quarterly,Active,0,2026-08-01
POL0000785,CUST000822,AGT0022,Medical,2023-01-14,2024-01-22,2467.83,131955.38,Monthly,Expired,0,2026-08-01
POL0000786,CUST005237,AGT0069,Life,2023-07-04,2024-06-14,4870.62,855609.88,Annual,Renewed,1,2026-08-01
POL0000787,CUST005770,AGT0058,Medical,2024-03-05,2025-03-11,1134.64,382448.68,Monthly,Expired,0,2026-08-01
POL0000788,CUST004038,AGT0073,Motor,2025-06-28,2026-07-01,1849.59,80514.35,Monthly,Renewed,1,2026-08-01
POL0000789,CUST005928,AGT0049,Medical,2024-07-27,2025-06-30,2574.96,478837.61,Monthly,Expired,0,2026-08-01
POL0000790,CUST001299,AGT0033,Medical,2026-02-01,2027-02-20,4460.88,126273.28,Monthly,Active,0,2026-08-01
POL0000791,CUST003077,AGT0013,Motor,2023-04-13,2024-04-25,1694.25,23454.33,Monthly,Renewed,1,2026-08-01
POL0000792,CUST001048,AGT0006,Medical,2024-04-14,2025-05-07,3197.09,278225.83,Quarterly,Renewed,1,2026-08-01
POL0000793,CUST003200,AGT0064,Motor,2023-07-11,2024-08-09,2569.8,47342.66,Monthly,Renewed,1,2026-08-01
POL0000794,CUST005348,AGT0052,Medical,2025-07-14,2026-06-27,4740.16,338907.37,Annual,Renewed,1,2026-08-01
POL0000795,CUST001753,AGT0012,Life,2023-12-19,2025-01-05,6602.82,706798.6,Quarterly,Renewed,1,2026-08-01
POL0000796,CUST002526,AGT0008,Travel,2023-11-23,2023-12-23,194.04,73437.09,Annual,Renewed,1,2026-08-01
POL0000797,CUST003097,AGT0064,Travel,2025-03-07,2025-05-31,755.37,79129.15,Annual,Cancelled,0,2026-08-01
POL0000798,CUST002783,AGT0005,Life,2023-04-26,2024-05-02,3681.25,269546.13,Annual,Renewed,1,2026-08-01
POL0000799,CUST005813,AGT0042,Travel,2026-04-28,2026-05-26,733.29,55711.71,Monthly,Renewed,1,2026-08-01
POL0000800,CUST002559,AGT0026,Medical,2023-02-03,2024-01-07,3136.25,251464.77,Quarterly,Cancelled,0,2026-08-01
POL0000801,CUST001528,AGT0058,Life,2024-03-24,2025-02-18,5067.06,1169923.96,Annual,Renewed,1,2026-08-01
POL0000802,CUST001966,AGT0005,Travel,2024-11-23,2025-02-13,258.15,135004.72,Annual,Expired,0,2026-08-01
POL0000803,CUST001828,AGT0007,Travel,2023-01-12,2023-04-10,213.74,55272.26,Quarterly,Renewed,1,2026-08-01
POL0000804,CUST001891,AGT0012,Life,2023-03-09,2024-02-14,4432.94,320105.0,Quarterly,Expired,0,2026-08-01
POL0000805,CUST005386,AGT0060,Home,2026-07-05,2027-06-16,514.94,379712.56,Monthly,Active,0,2026-08-01
POL0000806,CUST003077,AGT0057,Medical,2025-02-13,2026-01-25,3623.97,215800.84,Annual,Renewed,1,2026-08-01
POL0000807,CUST002307,AGT0058,Home,2023-02-10,2024-02-07,349.09,451773.21,Annual,Expired,0,2026-08-01
POL0000808,CUST000849,AGT0047,Medical,2024-05-05,2025-05-31,1839.83,325446.12,Semi-Annual,Expired,0,2026-08-01
POL0000809,CUST005836,AGT0015,Motor,2024-03-10,2025-03-30,1295.33,87667.63,Annual,Renewed,1,2026-08-01
POL0000810,CUST000920,AGT0019,Motor,2023-01-09,2023-12-12,1103.7,60638.67,Annual,Expired,0,2026-08-01
POL0000811,CUST002098,AGT0012,Medical,2025-01-16,2026-02-03,1496.91,86489.99,Annual,Renewed,1,2026-08-01
POL0000812,CUST004197,AGT0011,Motor,2023-10-24,2024-11-06,2174.66,148572.64,Quarterly,Expired,0,2026-08-01
POL0000813,CUST000028,AGT0060,Motor,2025-04-26,2026-04-15,1553.57,138227.68,Quarterly,Expired,0,2026-08-01
POL0000814,CUST001898,AGT0037,Medical,2025-08-23,2026-08-15,2069.99,434956.56,Monthly,Active,0,2026-08-01
POL0000815,CUST005723,AGT0034,Life,2024-06-29,2025-06-25,2967.02,364887.75,Quarterly,Renewed,1,2026-08-01
POL0000816,CUST000145,AGT0012,Motor,2024-05-10,2025-06-03,2228.77,156009.34,Semi-Annual,Renewed,1,2026-08-01
POL0000817,CUST001422,AGT0052,Life,2025-04-11,2026-03-18,2510.37,1364854.81,Quarterly,Renewed,1,2026-08-01
POL0000818,CUST000517,AGT0067,Life,2025-08-06,2026-08-04,5618.37,1283526.57,Monthly,Active,0,2026-08-01
POL0000819,CUST004165,AGT0001,Travel,2024-06-01,2024-08-13,636.65,24982.06,Quarterly,Expired,0,2026-08-01
POL0000820,CUST000070,AGT0075,Life,2025-12-01,2026-12-10,1591.67,584732.86,Quarterly,Active,0,2026-08-01
POL0000821,CUST000285,AGT0015,Motor,2024-01-10,2024-12-23,2430.92,174808.31,Quarterly,Cancelled,0,2026-08-01
POL0000822,CUST002836,AGT0073,Home,2025-11-07,2026-11-26,1146.1,521710.67,Monthly,Active,0,2026-08-01
POL0000823,CUST004490,AGT0060,Travel,2024-04-29,2024-05-21,722.5,120040.71,Annual,Expired,0,2026-08-01
POL0000824,CUST005428,AGT0072,Medical,2025-05-26,2026-05-06,2336.38,189045.38,Annual,Expired,0,2026-08-01
POL0000825,CUST001321,AGT0016,Motor,2026-07-27,2027-08-26,2041.88,91550.65,Monthly,Active,0,2026-08-01
POL0000826,CUST003431,AGT0046,Medical,2025-09-02,2026-09-17,3530.31,222486.95,Annual,Active,0,2026-08-01
POL0000827,CUST004802,AGT0007,Travel,2024-02-21,2024-04-22,273.33,123525.12,Monthly,Expired,0,2026-08-01
POL0000828,CUST004378,AGT0036,Travel,2025-01-14,2025-03-24,732.78,39414.85,Monthly,Expired,0,2026-08-01
POL0000829,CUST005800,AGT0015,Travel,2023-09-20,2023-11-12,702.96,79806.01,Annual,Expired,0,2026-08-01
POL0000830,CUST000455,AGT0006,Home,2024-08-30,2025-08-14,1305.07,807434.81,Annual,Renewed,1,2026-08-01
POL0000831,CUST000272,AGT0067,Life,2025-03-19,2026-04-17,6235.33,1309992.32,Annual,Expired,0,2026-08-01
POL0000832,CUST004117,AGT0061,Motor,2023-03-22,2024-03-10,1194.23,150342.48,Monthly,Renewed,1,2026-08-01
POL0000833,CUST002208,AGT0028,Motor,2024-06-06,2025-05-07,2078.38,36920.2,Monthly,Renewed,1,2026-08-01
POL0000834,CUST004431,AGT0034,Motor,2026-06-28,2027-07-28,1318.71,112849.95,Annual,Active,0,2026-08-01
POL0000835,CUST004295,AGT0043,Motor,2026-07-25,2027-06-22,2491.05,71592.19,Monthly,Active,0,2026-08-01
POL0000836,CUST002656,AGT0049,Motor,2026-01-03,2027-02-01,1816.45,175394.93,Monthly,Active,0,2026-08-01
POL0000837,CUST005979,AGT0047,Medical,2025-07-23,2026-07-18,4566.27,309925.0,Annual,Expired,0,2026-08-01
POL0000838,CUST005291,AGT0025,Travel,2025-05-28,2025-08-13,201.92,137153.64,Monthly,Cancelled,0,2026-08-01
POL0000839,CUST002179,AGT0030,Motor,2024-11-25,2025-11-09,1372.58,48812.57,Quarterly,Expired,0,2026-08-01
POL0000840,CUST000032,AGT0080,Travel,2025-04-21,2025-07-20,662.81,127499.24,Annual,Expired,0,2026-08-01
POL0000841,CUST005970,AGT0008,Home,2023-11-10,2024-12-01,838.15,420040.52,Semi-Annual,Expired,0,2026-08-01
POL0000842,CUST005810,AGT0033,Motor,2025-01-23,2026-02-20,961.87,97667.2,Quarterly,Expired,0,2026-08-01
POL0000843,CUST005396,AGT0021,Motor,2024-12-28,2026-01-10,1982.87,151624.23,Quarterly,Expired,0,2026-08-01
POL0000844,CUST000336,AGT0020,Medical,2023-05-04,2024-04-12,1462.19,139633.73,Monthly,Expired,0,2026-08-01
POL0000845,CUST004316,AGT0013,Travel,2024-01-04,2024-02-24,498.95,41181.45,Annual,Expired,0,2026-08-01
POL0000846,CUST005764,AGT0008,Life,2024-02-22,2025-03-04,6052.52,172395.31,Quarterly,Renewed,1,2026-08-01
POL0000847,CUST002292,AGT0073,Motor,2025-06-14,2026-05-10,1850.6,106374.05,Annual,Expired,0,2026-08-01
POL0000848,CUST004527,AGT0070,Life,2024-03-19,2025-03-25,4103.35,1077873.81,Annual,Expired,0,2026-08-01
POL0000849,CUST003222,AGT0060,Travel,2023-10-06,2023-12-14,240.47,140689.89,Quarterly,Renewed,1,2026-08-01
POL0000850,CUST002780,AGT0075,Motor,2025-11-03,2026-11-16,1093.23,142952.1,Monthly,Active,0,2026-08-01
POL0000851,CUST004323,AGT0066,Life,2024-10-23,2025-11-15,1308.11,965876.47,Annual,Renewed,1,2026-08-01
POL0000852,CUST003483,AGT0011,Medical,2025-03-01,2026-02-17,4363.04,278768.57,Monthly,Renewed,1,2026-08-01
POL0000853,CUST004115,AGT0065,Motor,2024-03-20,2025-03-01,854.71,93069.62,Monthly,Cancelled,0,2026-08-01
POL0000854,CUST001343,AGT0065,Home,2024-06-04,2025-05-26,1588.05,438475.24,Monthly,Renewed,1,2026-08-01
POL0000855,CUST001731,AGT0001,Motor,2025-01-26,2025-12-23,1514.34,148933.15,Annual,Expired,0,2026-08-01
POL0000856,CUST003840,AGT0071,Travel,2024-03-04,2024-05-22,779.08,66339.5,Semi-Annual,Expired,0,2026-08-01
POL0000857,CUST003344,AGT0060,Life,2026-05-31,2027-05-11,2105.42,540113.07,Annual,Active,0,2026-08-01
POL0000858,CUST002300,AGT0080,Motor,2026-01-21,2026-12-18,2258.03,162828.84,Monthly,Active,0,2026-08-01
POL0000859,CUST005011,AGT0039,Life,2026-06-16,2027-06-30,6220.37,1320139.33,Monthly,Active,0,2026-08-01
POL0000860,CUST002049,AGT0060,Motor,2025-10-23,2026-10-18,1552.09,137853.64,Monthly,Active,0,2026-08-01
POL0000861,CUST002851,AGT0062,Motor,2023-04-23,2024-05-13,2568.59,124739.08,Monthly,Renewed,1,2026-08-01
POL0000862,CUST001897,AGT0054,Motor,2025-11-28,2026-11-12,1180.49,78220.25,Semi-Annual,Active,0,2026-08-01
POL0000863,CUST003398,AGT0077,Travel,2023-11-18,2023-12-14,148.1,119619.38,Monthly,Expired,0,2026-08-01
POL0000864,CUST003375,AGT0012,Home,2024-05-31,2025-05-24,1756.99,724092.58,Annual,Cancelled,0,2026-08-01
POL0000865,CUST001966,AGT0029,Motor,2024-07-01,2025-06-11,1261.5,100826.68,Semi-Annual,Cancelled,0,2026-08-01
POL0000866,CUST004642,AGT0008,Medical,2024-09-18,2025-10-03,1119.37,224564.63,Quarterly,Renewed,1,2026-08-01
POL0000867,CUST000961,AGT0049,Home,2025-11-13,2026-12-03,889.7,177177.77,Quarterly,Active,0,2026-08-01
POL0000868,CUST004621,AGT0002,Life,2025-01-19,2026-01-28,6949.46,910468.36,Quarterly,Expired,0,2026-08-01
POL0000869,CUST000396,AGT0025,Motor,2024-11-28,2025-11-05,2313.13,103336.21,Monthly,Expired,0,2026-08-01
POL0000870,CUST001504,AGT0060,Medical,2023-09-08,2024-09-23,1404.59,336741.44,Semi-Annual,Expired,0,2026-08-01
POL0000871,CUST002437,AGT0072,Medical,2025-11-10,2026-10-29,2511.37,56045.97,Semi-Annual,Active,0,2026-08-01
POL0000872,CUST002542,AGT0018,Motor,2024-04-18,2025-05-17,1765.57,119928.08,Monthly,Expired,0,2026-08-01
POL0000873,CUST003791,AGT0021,Medical,2025-05-21,2026-05-11,4344.81,420096.23,Annual,Expired,0,2026-08-01
POL0000874,CUST005632,AGT0003,Life,2024-10-03,2025-10-07,2315.33,924467.79,Monthly,Renewed,1,2026-08-01
POL0000875,CUST004561,AGT0029,Life,2025-05-02,2026-04-23,1727.27,732675.74,Annual,Expired,0,2026-08-01
POL0000876,CUST003267,AGT0057,Medical,2025-05-26,2026-06-17,4081.38,498075.91,Quarterly,Expired,0,2026-08-01
POL0000877,CUST000505,AGT0072,Life,2024-12-26,2025-11-25,1323.99,959479.88,Monthly,Expired,0,2026-08-01
POL0000878,CUST005954,AGT0034,Medical,2024-08-10,2025-09-08,3165.23,409090.55,Annual,Renewed,1,2026-08-01
POL0000879,CUST001911,AGT0009,Travel,2025-07-21,2025-08-31,618.0,48870.38,Annual,Renewed,1,2026-08-01
POL0000880,CUST003721,AGT0026,Motor,2023-07-22,2024-06-18,2000.55,51037.86,Monthly,Renewed,1,2026-08-01
POL0000881,CUST004848,AGT0040,Medical,2026-06-23,2027-06-02,3142.36,465606.45,Quarterly,Active,0,2026-08-01
POL0000882,CUST004198,AGT0049,Medical,2024-07-09,2025-06-25,4281.48,467312.4,Annual,Expired,0,2026-08-01
POL0000883,CUST000674,AGT0047,Medical,2026-07-07,2027-06-26,3478.4,107734.59,Annual,Active,0,2026-08-01
POL0000884,CUST001559,AGT0065,Life,2024-11-25,2025-11-28,5975.97,1449064.57,Semi-Annual,Expired,0,2026-08-01
POL0000885,CUST005960,AGT0047,Medical,2023-06-19,2024-06-25,3439.34,378088.91,Annual,Renewed,1,2026-08-01
POL0000886,CUST004608,AGT0033,Medical,2025-04-30,2026-04-06,2816.22,184585.76,Monthly,Cancelled,0,2026-08-01
POL0000887,CUST003797,AGT0010,Medical,2024-11-08,2025-11-26,3510.48,148070.3,Annual,Expired,0,2026-08-01
POL0000888,CUST002677,AGT0075,Life,2026-01-20,2026-12-16,3665.37,1012052.41,Annual,Active,0,2026-08-01
POL0000889,CUST005641,AGT0004,Life,2025-12-28,2026-12-31,2415.44,236412.13,Monthly,Cancelled,0,2026-08-01
POL0000890,CUST004362,AGT0027,Travel,2023-10-31,2024-01-11,432.41,112380.3,Annual,Cancelled,0,2026-08-01
POL0000891,CUST004382,AGT0034,Travel,2025-09-30,2025-11-07,808.98,126881.52,Annual,Renewed,1,2026-08-01
POL0000892,CUST005498,AGT0072,Life,2025-01-01,2025-12-24,4609.93,812588.43,Monthly,Expired,0,2026-08-01
POL0000893,CUST005784,AGT0037,Motor,2024-08-21,2025-07-17,2111.07,152093.9,Annual,Renewed,1,2026-08-01
POL0000894,CUST005158,AGT0034,Travel,2024-06-29,2024-09-06,579.26,107695.84,Monthly,Renewed,1,2026-08-01
POL0000895,CUST003992,AGT0076,Medical,2025-06-04,2026-06-01,2937.85,310357.25,Semi-Annual,Expired,0,2026-08-01
POL0000896,CUST001373,AGT0030,Life,2025-06-16,2026-05-20,3561.8,697381.21,Quarterly,Renewed,1,2026-08-01
POL0000897,CUST001609,AGT0061,Home,2026-02-19,2027-02-21,597.57,614956.64,Quarterly,Active,0,2026-08-01
POL0000898,CUST000925,AGT0003,Motor,2026-02-16,2027-03-12,827.84,175894.22,Annual,Active,0,2026-08-01
POL0000899,CUST004802,AGT0048,Motor,2023-11-15,2024-11-02,2353.7,38851.16,Semi-Annual,Renewed,1,2026-08-01
POL0000900,CUST002008,AGT0059,Motor,2024-09-15,2025-09-26,1299.68,46995.25,Annual,Expired,0,2026-08-01
POL0000901,CUST001357,AGT0017,Home,2026-07-17,2027-07-23,1187.75,623673.41,Monthly,Active,0,2026-08-01
POL0000902,CUST004356,AGT0061,Medical,2026-01-08,2027-01-21,2941.43,493055.63,Annual,Active,0,2026-08-01
POL0000903,CUST003391,AGT0073,Travel,2024-08-09,2024-08-21,146.21,84946.38,Monthly,Renewed,1,2026-08-01
POL0000904,CUST001476,AGT0005,Motor,2023-01-03,2024-01-14,863.83,83364.82,Monthly,Renewed,1,2026-08-01
POL0000905,CUST002239,AGT0016,Motor,2023-10-28,2024-09-24,2494.85,173661.55,Annual,Renewed,1,2026-08-01
POL0000906,CUST002887,AGT0012,Motor,2026-04-07,2027-04-25,1451.48,64614.05,Semi-Annual,Active,0,2026-08-01
POL0000907,CUST004795,AGT0076,Travel,2025-07-11,2025-09-19,308.17,62751.17,Monthly,Expired,0,2026-08-01
POL0000908,CUST000041,AGT0024,Motor,2025-10-27,2026-10-18,952.96,87513.49,Quarterly,Active,0,2026-08-01
POL0000909,CUST004557,AGT0076,Home,2025-10-09,2026-10-12,304.3,505848.23,Semi-Annual,Active,0,2026-08-01
POL0000910,CUST000473,AGT0031,Life,2023-06-24,2024-07-12,5398.28,175648.57,Annual,Expired,0,2026-08-01
POL0000911,CUST005184,AGT0079,Home,2025-02-04,2026-01-21,1629.97,410118.67,Monthly,Cancelled,0,2026-08-01
POL0000912,CUST000708,AGT0045,Medical,2025-06-01,2026-05-08,2069.65,312207.32,Monthly,Renewed,1,2026-08-01
POL0000913,CUST001482,AGT0023,Medical,2023-05-05,2024-05-14,2878.6,105652.23,Annual,Expired,0,2026-08-01
POL0000914,CUST002216,AGT0041,Motor,2024-11-03,2025-10-20,1917.24,93780.69,Quarterly,Expired,0,2026-08-01
POL0000915,CUST005986,AGT0011,Medical,2023-12-17,2024-12-27,1701.33,188279.69,Annual,Expired,0,2026-08-01
POL0000916,CUST002389,AGT0016,Life,2026-06-22,2027-06-13,3347.64,256131.28,Monthly,Active,0,2026-08-01
POL0000917,CUST004833,AGT0051,Motor,2023-11-26,2024-12-10,1681.11,166562.34,Semi-Annual,Renewed,1,2026-08-01
POL0000918,CUST001539,AGT0061,Home,2024-02-02,2025-01-08,1266.84,373535.55,Monthly,Renewed,1,2026-08-01
POL0000919,CUST002321,AGT0034,Motor,2026-03-05,2027-02-25,2567.57,98863.91,Quarterly,Active,0,2026-08-01
POL0000920,CUST003103,AGT0069,Motor,2025-03-06,2026-03-06,1694.41,103960.54,Annual,Renewed,1,2026-08-01
POL0000921,CUST000766,AGT0032,Life,2026-05-20,2027-05-23,2691.81,332297.56,Monthly,Active,0,2026-08-01
POL0000922,CUST000181,AGT0030,Medical,2024-11-14,2025-12-04,3744.21,304920.34,Monthly,Renewed,1,2026-08-01
POL0000923,CUST002097,AGT0045,Motor,2023-09-03,2024-08-29,1006.55,59335.55,Annual,Renewed,1,2026-08-01
POL0000924,CUST004718,AGT0032,Home,2023-10-17,2024-11-15,308.41,576150.74,Monthly,Expired,0,2026-08-01
POL0000925,CUST000638,AGT0056,Motor,2023-08-08,2024-07-27,1477.07,38771.5,Quarterly,Renewed,1,2026-08-01
POL0000926,CUST004911,AGT0073,Life,2025-11-29,2026-12-18,1603.69,1208804.06,Quarterly,Active,0,2026-08-01
POL0000927,CUST003693,AGT0027,Motor,2023-02-01,2024-01-05,1659.15,158153.97,Annual,Renewed,1,2026-08-01
POL0000928,CUST001645,AGT0040,Motor,2025-08-29,2026-08-25,1388.27,176865.86,Monthly,Active,0,2026-08-01
POL0000929,CUST000678,AGT0027,Medical,2024-07-29,2025-08-23,4755.67,452972.93,Annual,Renewed,1,2026-08-01
POL0000930,CUST003304,AGT0048,Travel,2024-12-12,2024-12-23,200.88,106342.79,Semi-Annual,Expired,0,2026-08-01
POL0000931,CUST002584,AGT0049,Medical,2025-12-18,2026-11-21,3913.75,115076.69,Annual,Active,0,2026-08-01
POL0000932,CUST000653,AGT0037,Motor,2026-05-18,2027-05-04,1936.78,33971.41,Quarterly,Active,0,2026-08-01
POL0000933,CUST004006,AGT0006,Motor,2024-01-08,2025-01-14,2591.26,32650.43,Monthly,Cancelled,0,2026-08-01
POL0000934,CUST005023,AGT0075,Home,2026-04-26,2027-03-25,1153.41,768766.53,Annual,Active,0,2026-08-01
POL0000935,CUST002719,AGT0056,Motor,2026-04-05,2027-03-27,2253.1,142377.68,Quarterly,Active,0,2026-08-01
POL0000936,CUST002709,AGT0058,Life,2025-12-05,2026-12-30,3237.17,411557.3,Quarterly,Active,0,2026-08-01
POL0000937,CUST005290,AGT0064,Motor,2023-06-12,2024-06-30,929.97,57840.44,Monthly,Expired,0,2026-08-01
POL0000938,CUST002325,AGT0003,Motor,2023-07-19,2024-07-15,1528.1,35457.02,Monthly,Expired,0,2026-08-01
POL0000939,CUST001446,AGT0071,Motor,2023-02-14,2024-02-10,2010.53,175496.63,Monthly,Expired,0,2026-08-01
POL0000940,CUST005083,AGT0007,Motor,2026-03-14,2027-03-02,1257.82,60184.18,Annual,Active,0,2026-08-01
POL0000941,CUST003144,AGT0061,Medical,2026-05-31,2027-05-08,1582.69,431470.7,Semi-Annual,Active,0,2026-08-01
POL0000942,CUST005627,AGT0077,Medical,2024-02-04,2025-02-13,1440.35,394326.93,Quarterly,Renewed,1,2026-08-01
POL0000943,CUST005480,AGT0041,Travel,2024-11-18,2024-12-13,477.86,124277.91,Monthly,Renewed,1,2026-08-01
POL0000944,CUST004866,AGT0058,Motor,2025-01-15,2026-01-29,1402.97,120578.1,Annual,Expired,0,2026-08-01
POL0000945,CUST002120,AGT0070,Medical,2024-05-26,2025-05-16,4208.35,145923.23,Annual,Renewed,1,2026-08-01
POL0000946,CUST004307,AGT0046,Medical,2026-06-27,2027-07-14,3683.14,149128.15,Monthly,Cancelled,0,2026-08-01
POL0000947,CUST002837,AGT0040,Motor,2026-05-17,2027-05-17,2488.02,169376.71,Annual,Active,0,2026-08-01
POL0000948,CUST004586,AGT0065,Motor,2023-10-29,2024-11-25,2564.31,108550.76,Annual,Expired,0,2026-08-01
POL0000949,CUST005598,AGT0063,Motor,2024-12-19,2025-12-25,801.09,127310.33,Annual,Expired,0,2026-08-01
POL0000950,CUST004396,AGT0007,Motor,2023-09-19,2024-10-13,1223.34,104870.37,Semi-Annual,Cancelled,0,2026-08-01
POL0000951,CUST002996,AGT0006,Medical,2023-04-24,2024-05-14,2015.09,204111.99,Quarterly,Cancelled,0,2026-08-01
POL0000952,CUST005956,AGT0058,Motor,2026-01-18,2027-01-31,2382.46,132721.94,Monthly,Active,0,2026-08-01
POL0000953,CUST005186,AGT0057,Medical,2026-02-06,2027-01-26,1556.93,436775.33,Quarterly,Active,0,2026-08-01
POL0000954,CUST001469,AGT0066,Medical,2023-01-18,2023-12-17,2753.64,155197.56,Annual,Renewed,1,2026-08-01
POL0000955,CUST005643,AGT0007,Medical,2024-12-11,2025-12-27,1223.66,123150.05,Monthly,Renewed,1,2026-08-01
POL0000956,CUST002879,AGT0013,Motor,2023-08-16,2024-08-20,1660.64,30546.2,Monthly,Expired,0,2026-08-01
POL0000957,CUST001537,AGT0003,Medical,2025-01-06,2025-12-16,1161.34,456424.19,Annual,Renewed,1,2026-08-01
POL0000958,CUST001770,AGT0023,Medical,2024-03-03,2025-01-31,4043.36,359281.65,Annual,Expired,0,2026-08-01
POL0000959,CUST004716,AGT0041,Home,2024-11-29,2025-12-21,1077.14,662728.16,Monthly,Renewed,1,2026-08-01
POL0000960,CUST002312,AGT0029,Motor,2025-08-22,2026-08-23,2596.4,28695.54,Monthly,Active,0,2026-08-01
POL0000961,CUST003923,AGT0010,Motor,2023-04-21,2024-03-22,2575.31,83778.65,Monthly,Renewed,1,2026-08-01
POL0000962,CUST002669,AGT0045,Travel,2024-09-19,2024-11-04,679.77,27449.61,Annual,Expired,0,2026-08-01
POL0000963,CUST005921,AGT0027,Motor,2024-03-23,2025-04-10,1326.87,130231.8,Monthly,Expired,0,2026-08-01
POL0000964,CUST000819,AGT0023,Motor,2024-05-29,2025-05-23,1002.05,74785.49,Monthly,Renewed,1,2026-08-01
POL0000965,CUST003514,AGT0062,Travel,2026-05-01,2026-06-08,183.76,147492.0,Annual,Expired,0,2026-08-01
POL0000966,CUST002135,AGT0026,Medical,2026-04-15,2027-03-24,3898.01,374388.92,Quarterly,Active,0,2026-08-01
POL0000967,CUST004757,AGT0045,Life,2025-05-02,2026-05-10,1979.45,299771.91,Quarterly,Renewed,1,2026-08-01
POL0000968,CUST005658,AGT0006,Motor,2025-09-14,2026-08-26,1310.81,49140.66,Monthly,Active,0,2026-08-01
POL0000969,CUST002075,AGT0059,Motor,2024-05-19,2025-05-19,966.37,39502.05,Semi-Annual,Renewed,1,2026-08-01
POL0000970,CUST005447,AGT0044,Motor,2025-04-07,2026-03-04,892.88,59920.15,Quarterly,Expired,0,2026-08-01
POL0000971,CUST003639,AGT0063,Travel,2024-09-07,2024-11-08,367.46,146253.03,Monthly,Renewed,1,2026-08-01
POL0000972,CUST000331,AGT0025,Medical,2024-03-20,2025-03-09,2742.81,493415.38,Monthly,Renewed,1,2026-08-01
POL0000973,CUST004672,AGT0039,Life,2025-10-31,2026-11-29,2313.77,501666.28,Monthly,Active,0,2026-08-01
POL0000974,CUST003309,AGT0035,Home,2026-01-27,2027-02-05,1680.33,280248.27,Monthly,Active,0,2026-08-01
POL0000975,CUST005802,AGT0079,Home,2024-04-05,2025-04-09,1211.44,290401.58,Monthly,Expired,0,2026-08-01
POL0000976,CUST002754,AGT0009,Motor,2023-11-27,2024-11-20,1325.55,100936.56,Annual,Cancelled,0,2026-08-01
POL0000977,CUST001512,AGT0017,Medical,2024-06-09,2025-05-19,4505.95,266767.84,Monthly,Renewed,1,2026-08-01
POL0000978,CUST001037,AGT0078,Life,2026-05-21,2027-06-03,4406.62,727812.63,Annual,Active,0,2026-08-01
POL0000979,CUST000474,AGT0007,Travel,2025-10-05,2025-11-13,411.78,30348.04,Annual,Cancelled,0,2026-08-01
POL0000980,CUST004234,AGT0023,Home,2023-12-07,2024-11-11,1427.14,291859.76,Quarterly,Renewed,1,2026-08-01
POL0000981,CUST005858,AGT0026,Life,2025-03-21,2026-02-20,3328.45,735869.36,Monthly,Expired,0,2026-08-01
POL0000982,CUST003882,AGT0063,Life,2025-12-07,2026-12-09,5857.16,401897.64,Annual,Active,0,2026-08-01
POL0000983,CUST003616,AGT0062,Motor,2024-04-11,2025-03-29,807.74,119927.8,Annual,Cancelled,0,2026-08-01
POL0000984,CUST000170,AGT0070,Medical,2026-04-09,2027-03-08,2033.64,119293.23,Monthly,Cancelled,0,2026-08-01
POL0000985,CUST000104,AGT0008,Life,2026-05-06,2027-04-20,4276.33,602843.05,Monthly,Active,0,2026-08-01
POL0000986,CUST002995,AGT0018,Life,2023-10-24,2024-11-22,6050.6,1162548.18,Annual,Renewed,1,2026-08-01
POL0000987,CUST003120,AGT0038,Life,2025-02-26,2026-03-05,5514.28,928282.55,Annual,Expired,0,2026-08-01
POL0000988,CUST002554,AGT0059,Medical,2023-10-27,2024-09-28,4923.21,460572.58,Monthly,Renewed,1,2026-08-01
POL0000989,CUST005617,AGT0046,Medical,2025-05-27,2026-06-21,2095.22,179767.91,Monthly,Expired,0,2026-08-01
POL0000990,CUST001981,AGT0042,Home,2023-04-13,2024-05-12,1683.83,88453.4,Annual,Expired,0,2026-08-01
POL0000991,CUST005907,AGT0065,Medical,2025-04-17,2026-03-31,1481.82,277820.14,Annual,Expired,0,2026-08-01
POL0000992,CUST001582,AGT0016,Travel,2024-03-22,2024-05-22,217.23,48762.8,Quarterly,Expired,0,2026-08-01
POL0000993,CUST001955,AGT0068,Life,2024-10-30,2025-11-19,3908.38,272534.25,Monthly,Renewed,1,2026-08-01
POL0000994,CUST001796,AGT0053,Medical,2024-10-15,2025-10-12,1885.58,58013.73,Monthly,Expired,0,2026-08-01
POL0000995,CUST004692,AGT0020,Medical,2026-07-23,2027-08-14,1132.63,313959.11,Semi-Annual,Active,0,2026-08-01
POL0000996,CUST001987,AGT0036,Medical,2023-04-23,2024-04-23,3685.78,223812.43,Monthly,Expired,0,2026-08-01
POL0000997,CUST002753,AGT0022,Travel,2025-01-30,2025-04-30,382.05,62029.97,Monthly,Renewed,1,2026-08-01
POL0000998,CUST000669,AGT0025,Motor,2023-07-11,2024-07-28,2461.01,81028.91,Monthly,Cancelled,0,2026-08-01
POL0000999,CUST002389,AGT0055,Home,2025-04-27,2026-05-08,1775.66,705792.16,Semi-Annual,Renewed,1,2026-08-01
POL0001000,CUST001200,AGT0025,Travel,2024-07-05,2024-07-29,791.18,50177.52,Quarterly,Expired,0,2026-08-01
POL0001001,CUST004550,AGT0069,Medical,2023-08-06,2024-08-22,3168.14,279355.18,Annual,Expired,0,2026-08-01
POL0001002,CUST004877,AGT0008,Motor,2023-08-24,2024-07-24,1354.62,179039.13,Monthly,Renewed,1,2026-08-01
POL0001003,CUST001620,AGT0014,Motor,2023-06-11,2024-05-30,2519.3,27987.93,Annual,Expired,0,2026-08-01
POL0001004,CUST005929,AGT0074,Motor,2025-10-07,2026-09-03,1472.23,125223.66,Quarterly,Active,0,2026-08-01
POL0001005,CUST002559,AGT0058,Motor,2026-04-08,2027-05-08,1481.99,129248.45,Annual,Active,0,2026-08-01
POL0001006,CUST005009,AGT0036,Motor,2024-02-26,2025-03-02,1943.13,87638.66,Monthly,Expired,0,2026-08-01
POL0001007,CUST001480,AGT0020,Home,2024-05-14,2025-05-04,1251.23,741907.22,Monthly,Expired,0,2026-08-01
POL0001008,CUST005154,AGT0021,Life,2023-03-02,2024-03-21,1806.56,1039971.03,Monthly,Renewed,1,2026-08-01
POL0001009,CUST000856,AGT0015,Travel,2023-08-07,2023-09-22,211.35,112596.05,Monthly,Expired,0,2026-08-01
POL0001010,CUST002171,AGT0072,Life,2023-07-21,2024-06-30,1200.08,281175.11,Monthly,Renewed,1,2026-08-01
POL0001011,CUST002276,AGT0028,Life,2026-05-23,2027-06-05,1774.0,866304.95,Quarterly,Active,0,2026-08-01
POL0001012,CUST001118,AGT0075,Travel,2024-02-06,2024-02-29,330.78,41752.99,Quarterly,Renewed,1,2026-08-01
POL0001013,CUST005756,AGT0064,Motor,2025-10-21,2026-10-08,2507.56,32748.74,Quarterly,Active,0,2026-08-01
POL0001014,CUST001763,AGT0029,Life,2023-07-10,2024-07-19,5836.25,694319.92,Monthly,Renewed,1,2026-08-01
POL0001015,CUST002514,AGT0060,Travel,2023-08-22,2023-10-20,239.96,32831.0,Annual,Expired,0,2026-08-01
POL0001016,CUST000101,AGT0039,Home,2023-10-09,2024-09-18,474.3,80320.46,Monthly,Expired,0,2026-08-01
POL0001017,CUST004100,AGT0039,Medical,2023-09-08,2024-08-14,5194.54,487003.79,Annual,Renewed,1,2026-08-01
POL0001018,CUST001078,AGT0062,Travel,2023-09-28,2023-11-12,628.96,133996.82,Monthly,Renewed,1,2026-08-01
POL0001019,CUST001711,AGT0058,Medical,2024-01-13,2025-01-01,3197.94,133649.49,Monthly,Renewed,1,2026-08-01
POL0001020,CUST005503,AGT0018,Motor,2024-07-01,2025-06-02,2561.14,43981.79,Semi-Annual,Renewed,1,2026-08-01
POL0001021,CUST005193,AGT0033,Motor,2023-08-29,2024-08-07,2517.39,74889.87,Monthly,Renewed,1,2026-08-01
POL0001022,CUST000689,AGT0075,Medical,2024-11-15,2025-10-16,1486.6,100683.13,Monthly,Expired,0,2026-08-01
POL0001023,CUST003750,AGT0017,Motor,2024-04-21,2025-03-26,1944.81,74229.29,Annual,Expired,0,2026-08-01
POL0001024,CUST004485,AGT0058,Motor,2025-03-24,2026-04-01,2041.87,132856.96,Quarterly,Renewed,1,2026-08-01
POL0001025,CUST005703,AGT0068,Motor,2025-01-30,2026-01-05,2354.52,58308.11,Annual,Renewed,1,2026-08-01
POL0001026,CUST001446,AGT0049,Travel,2026-04-03,2026-05-20,453.92,121219.31,Annual,Expired,0,2026-08-01
POL0001027,CUST001956,AGT0005,Travel,2025-03-21,2025-04-10,597.07,139975.43,Monthly,Expired,0,2026-08-01
POL0001028,CUST001422,AGT0069,Travel,2025-06-18,2025-07-05,340.12,24943.82,Quarterly,Renewed,1,2026-08-01
POL0001029,CUST003229,AGT0073,Medical,2025-12-30,2026-12-03,2685.08,293264.76,Semi-Annual,Active,0,2026-08-01
POL0001030,CUST003620,AGT0052,Home,2023-09-17,2024-09-05,1144.84,142708.91,Annual,Expired,0,2026-08-01
POL0001031,CUST001147,AGT0064,Medical,2026-02-14,2027-03-02,1899.21,298012.01,Annual,Active,0,2026-08-01
POL0001032,CUST000137,AGT0004,Medical,2024-08-10,2025-07-16,4327.48,66746.83,Monthly,Renewed,1,2026-08-01
POL0001033,CUST000816,AGT0058,Medical,2025-05-15,2026-06-04,3089.49,273773.26,Annual,Expired,0,2026-08-01
POL0001034,CUST001253,AGT0065,Motor,2025-08-11,2026-08-16,2332.34,88319.61,Quarterly,Active,0,2026-08-01
POL0001035,CUST003513,AGT0046,Life,2023-10-08,2024-10-19,5763.91,1440701.69,Monthly,Expired,0,2026-08-01
POL0001036,CUST001203,AGT0042,Medical,2024-12-26,2026-01-15,3360.79,131771.36,Monthly,Renewed,1,2026-08-01
POL0001037,CUST004821,AGT0065,Home,2024-01-08,2024-12-19,1331.54,168910.99,Annual,Renewed,1,2026-08-01
POL0001038,CUST003854,AGT0053,Motor,2023-08-10,2024-07-20,2326.72,31686.74,Semi-Annual,Expired,0,2026-08-01
POL0001039,CUST001199,AGT0003,Motor,2026-02-25,2027-02-28,1409.71,42343.68,Semi-Annual,Active,0,2026-08-01
POL0001040,CUST005944,AGT0015,Medical,2025-10-26,2026-11-11,4061.75,313822.75,Annual,Active,0,2026-08-01
POL0001041,CUST004218,AGT0048,Motor,2023-08-31,2024-07-30,2462.96,175735.22,Monthly,Renewed,1,2026-08-01
POL0001042,CUST005221,AGT0049,Home,2023-09-15,2024-09-19,346.78,568516.31,Annual,Renewed,1,2026-08-01
POL0001043,CUST004030,AGT0021,Medical,2023-04-23,2024-05-19,3097.18,343378.5,Quarterly,Renewed,1,2026-08-01
POL0001044,CUST003962,AGT0012,Medical,2024-03-26,2025-03-31,1608.22,326927.59,Quarterly,Expired,0,2026-08-01
POL0001045,CUST002896,AGT0052,Life,2023-11-12,2024-10-07,3435.71,345501.53,Annual,Renewed,1,2026-08-01
POL0001046,CUST003937,AGT0025,Medical,2025-08-16,2026-07-22,4480.77,475062.17,Monthly,Renewed,1,2026-08-01
POL0001047,CUST004602,AGT0054,Motor,2024-06-12,2025-05-22,1158.23,178692.62,Annual,Renewed,1,2026-08-01
POL0001048,CUST005918,AGT0053,Medical,2026-06-20,2027-06-10,1150.86,120268.08,Quarterly,Cancelled,0,2026-08-01
POL0001049,CUST003564,AGT0018,Motor,2025-01-02,2025-12-03,1312.2,59814.57,Quarterly,Renewed,1,2026-08-01
POL0001050,CUST004523,AGT0062,Life,2026-03-09,2027-03-26,5721.13,898386.45,Monthly,Active,0,2026-08-01
POL0001051,CUST005679,AGT0013,Travel,2023-05-06,2023-07-13,144.98,139479.14,Monthly,Expired,0,2026-08-01
POL0001052,CUST003663,AGT0032,Motor,2026-06-21,2027-06-11,1855.17,112957.83,Quarterly,Active,0,2026-08-01
POL0001053,CUST004583,AGT0047,Life,2024-02-29,2025-01-26,5506.8,628122.59,Semi-Annual,Renewed,1,2026-08-01
POL0001054,CUST001134,AGT0071,Life,2024-06-02,2025-06-10,4508.29,631918.58,Monthly,Cancelled,0,2026-08-01
POL0001055,CUST005320,AGT0076,Medical,2025-02-19,2026-01-15,4926.42,230055.21,Monthly,Cancelled,0,2026-08-01
POL0001056,CUST005874,AGT0056,Medical,2024-07-23,2025-07-11,4180.56,468815.78,Annual,Renewed,1,2026-08-01
POL0001057,CUST002169,AGT0054,Medical,2024-02-16,2025-01-17,1369.76,396978.57,Quarterly,Expired,0,2026-08-01
POL0001058,CUST005325,AGT0041,Medical,2023-08-01,2024-08-06,4593.92,410268.2,Semi-Annual,Cancelled,0,2026-08-01
POL0001059,CUST004866,AGT0039,Medical,2024-07-02,2025-07-25,3301.13,69418.88,Monthly,Cancelled,0,2026-08-01
POL0001060,CUST001398,AGT0045,Motor,2024-09-09,2025-08-30,2541.85,69521.39,Monthly,Renewed,1,2026-08-01
POL0001061,CUST005953,AGT0075,Medical,2023-06-18,2024-06-08,5138.0,402603.11,Quarterly,Expired,0,2026-08-01
POL0001062,CUST003508,AGT0053,Life,2025-10-17,2026-10-16,2149.78,265985.23,Monthly,Active,0,2026-08-01
POL0001063,CUST000981,AGT0066,Medical,2023-08-22,2024-09-17,2043.46,167678.58,Annual,Renewed,1,2026-08-01
POL0001064,CUST000649,AGT0045,Home,2023-04-01,2024-04-09,1280.26,754742.89,Monthly,Expired,0,2026-08-01
POL0001065,CUST003068,AGT0059,Motor,2024-02-25,2025-03-24,900.29,109363.91,Quarterly,Renewed,1,2026-08-01
POL0001066,CUST003124,AGT0069,Medical,2024-02-21,2025-02-05,2684.15,294839.16,Quarterly,Renewed,1,2026-08-01
POL0001067,CUST005175,AGT0035,Life,2024-01-26,2025-02-06,6932.81,513227.55,Annual,Cancelled,0,2026-08-01
POL0001068,CUST003063,AGT0052,Medical,2026-04-24,2027-05-21,3208.91,91706.68,Annual,Active,0,2026-08-01
POL0001069,CUST002380,AGT0040,Home,2025-02-19,2026-01-26,796.99,789336.45,Monthly,Expired,0,2026-08-01
POL0001070,CUST001901,AGT0041,Medical,2023-08-27,2024-08-19,1779.9,131715.61,Monthly,Expired,0,2026-08-01
POL0001071,CUST003050,AGT0022,Medical,2024-11-08,2025-12-07,4150.58,286995.09,Monthly,Expired,0,2026-08-01
POL0001072,CUST001597,AGT0067,Life,2024-01-24,2025-01-22,6595.76,929421.05,Semi-Annual,Expired,0,2026-08-01
POL0001073,CUST004486,AGT0066,Life,2026-05-26,2027-05-19,6561.71,767812.23,Monthly,Active,0,2026-08-01
POL0001074,CUST000815,AGT0074,Travel,2026-05-07,2026-07-02,111.44,125755.26,Annual,Renewed,1,2026-08-01
POL0001075,CUST004949,AGT0023,Travel,2025-02-05,2025-04-01,119.83,20650.91,Monthly,Renewed,1,2026-08-01
POL0001076,CUST001297,AGT0080,Motor,2024-03-26,2025-03-23,2583.13,78008.55,Quarterly,Expired,0,2026-08-01
POL0001077,CUST001198,AGT0057,Travel,2023-06-24,2023-08-24,813.08,111027.62,Quarterly,Renewed,1,2026-08-01
POL0001078,CUST005845,AGT0028,Life,2025-12-22,2026-11-29,2472.78,167519.38,Semi-Annual,Active,0,2026-08-01
POL0001079,CUST002347,AGT0070,Life,2023-02-01,2024-02-13,2346.49,1389311.89,Monthly,Expired,0,2026-08-01
POL0001080,CUST004081,AGT0045,Medical,2024-01-11,2025-01-28,3476.3,220501.93,Quarterly,Renewed,1,2026-08-01
POL0001081,CUST002368,AGT0045,Home,2024-12-16,2026-01-13,775.78,568024.67,Annual,Expired,0,2026-08-01
POL0001082,CUST005891,AGT0061,Life,2023-12-02,2024-12-16,5365.53,113245.49,Semi-Annual,Expired,0,2026-08-01
POL0001083,CUST000917,AGT0013,Motor,2025-08-06,2026-09-04,1170.33,106294.93,Monthly,Active,0,2026-08-01
POL0001084,CUST002795,AGT0038,Motor,2023-09-02,2024-08-31,2251.19,53042.33,Annual,Renewed,1,2026-08-01
POL0001085,CUST000547,AGT0002,Life,2026-01-19,2027-01-11,2837.78,570106.69,Annual,Active,0,2026-08-01
POL0001086,CUST003428,AGT0035,Home,2023-03-23,2024-04-01,508.75,849066.28,Quarterly,Renewed,1,2026-08-01
POL0001087,CUST004469,AGT0054,Medical,2024-03-11,2025-02-13,2437.12,373050.09,Monthly,Expired,0,2026-08-01
POL0001088,CUST002811,AGT0080,Travel,2024-06-26,2024-08-31,75.63,103985.81,Annual,Expired,0,2026-08-01
POL0001089,CUST005112,AGT0018,Medical,2026-07-11,2027-08-05,3708.73,494934.59,Monthly,Active,0,2026-08-01
POL0001090,CUST004611,AGT0071,Medical,2025-07-21,2026-06-17,1284.77,130449.11,Annual,Expired,0,2026-08-01
POL0001091,CUST005712,AGT0004,Life,2026-07-17,2027-06-19,2055.95,185257.84,Semi-Annual,Active,0,2026-08-01
POL0001092,CUST005975,AGT0002,Motor,2024-10-22,2025-10-30,2228.15,142970.11,Semi-Annual,Expired,0,2026-08-01
POL0001093,CUST005738,AGT0028,Motor,2026-05-10,2027-05-11,1710.07,23691.16,Monthly,Active,0,2026-08-01
POL0001094,CUST002599,AGT0024,Life,2024-06-16,2025-07-01,4638.98,1190876.6,Monthly,Renewed,1,2026-08-01
POL0001095,CUST005969,AGT0047,Motor,2023-02-06,2024-01-12,1306.3,100977.77,Monthly,Renewed,1,2026-08-01
POL0001096,CUST003967,AGT0016,Motor,2023-09-25,2024-09-17,2550.04,56307.15,Quarterly,Renewed,1,2026-08-01
POL0001097,CUST000498,AGT0045,Motor,2024-05-05,2025-04-23,2576.67,122453.24,Monthly,Expired,0,2026-08-01
POL0001098,CUST000495,AGT0080,Motor,2025-06-12,2026-07-09,1458.11,99059.03,Annual,Expired,0,2026-08-01
POL0001099,CUST002381,AGT0014,Motor,2023-10-02,2024-09-30,2218.25,50296.45,Monthly,Renewed,1,2026-08-01
POL0001100,CUST003339,AGT0035,Medical,2023-11-27,2024-10-30,4369.32,412657.11,Semi-Annual,Cancelled,0,2026-08-01
POL0001101,CUST000493,AGT0049,Home,2025-05-04,2026-05-15,1670.57,317170.49,Monthly,Expired,0,2026-08-01
POL0001102,CUST003460,AGT0035,Life,2023-02-11,2024-02-16,6197.85,443020.72,Quarterly,Expired,0,2026-08-01
POL0001103,CUST004068,AGT0033,Life,2026-02-28,2027-03-29,3748.68,1073927.09,Quarterly,Active,0,2026-08-01
POL0001104,CUST004161,AGT0004,Motor,2026-06-14,2027-06-05,1449.74,87132.69,Quarterly,Active,0,2026-08-01
POL0001105,CUST005835,AGT0039,Motor,2025-11-22,2026-12-17,2483.04,74984.06,Annual,Active,0,2026-08-01
POL0001106,CUST002185,AGT0075,Travel,2026-05-16,2026-06-28,382.36,92807.18,Monthly,Cancelled,0,2026-08-01
POL0001107,CUST000221,AGT0070,Life,2023-08-03,2024-08-01,4216.87,1023305.05,Semi-Annual,Expired,0,2026-08-01
POL0001108,CUST005747,AGT0064,Travel,2023-10-08,2023-11-12,135.93,36171.65,Annual,Renewed,1,2026-08-01
POL0001109,CUST003158,AGT0007,Medical,2026-02-06,2027-01-22,2235.04,452889.48,Monthly,Active,0,2026-08-01
POL0001110,CUST003783,AGT0011,Life,2023-11-08,2024-11-10,2145.02,621313.97,Quarterly,Renewed,1,2026-08-01
POL0001111,CUST003200,AGT0043,Medical,2025-07-08,2026-07-08,1345.91,137914.65,Monthly,Renewed,1,2026-08-01
POL0001112,CUST002922,AGT0024,Motor,2025-01-28,2026-02-21,1467.38,40707.98,Annual,Expired,0,2026-08-01
POL0001113,CUST000980,AGT0014,Travel,2024-01-23,2024-03-01,467.21,136887.55,Monthly,Renewed,1,2026-08-01
POL0001114,CUST003385,AGT0015,Medical,2024-07-12,2025-07-16,4273.08,78609.46,Annual,Expired,0,2026-08-01
POL0001115,CUST005001,AGT0015,Medical,2024-08-07,2025-08-02,3552.47,368900.26,Monthly,Renewed,1,2026-08-01
POL0001116,CUST000680,AGT0008,Motor,2026-03-06,2027-03-28,2284.03,23265.61,Annual,Cancelled,0,2026-08-01
POL0001117,CUST002369,AGT0049,Life,2024-12-02,2025-12-27,2550.24,1330283.66,Annual,Expired,0,2026-08-01
POL0001118,CUST005611,AGT0034,Travel,2024-07-11,2024-10-07,688.1,138352.7,Monthly,Renewed,1,2026-08-01
POL0001119,CUST002523,AGT0054,Medical,2025-05-26,2026-05-24,1216.81,170279.58,Semi-Annual,Renewed,1,2026-08-01
POL0001120,CUST000970,AGT0018,Home,2023-06-27,2024-06-14,715.78,130954.09,Monthly,Expired,0,2026-08-01
POL0001121,CUST005772,AGT0049,Motor,2024-02-24,2025-01-21,1598.72,26273.5,Monthly,Expired,0,2026-08-01
POL0001122,CUST000822,AGT0015,Travel,2024-12-15,2024-12-27,816.17,144547.26,Quarterly,Renewed,1,2026-08-01
POL0001123,CUST001485,AGT0074,Life,2025-03-18,2026-03-28,1726.19,997879.12,Semi-Annual,Renewed,1,2026-08-01
POL0001124,CUST002791,AGT0014,Home,2023-05-29,2024-06-24,693.88,861086.94,Monthly,Expired,0,2026-08-01
POL0001125,CUST002313,AGT0064,Life,2024-02-08,2025-01-21,2084.06,772523.67,Annual,Renewed,1,2026-08-01
POL0001126,CUST002499,AGT0055,Medical,2024-08-07,2025-07-25,2786.23,410958.01,Semi-Annual,Renewed,1,2026-08-01
POL0001127,CUST004621,AGT0016,Medical,2023-01-04,2023-12-14,2381.29,476866.04,Semi-Annual,Expired,0,2026-08-01
POL0001128,CUST003341,AGT0008,Travel,2025-01-24,2025-02-14,132.76,52645.91,Semi-Annual,Expired,0,2026-08-01
POL0001129,CUST002880,AGT0051,Travel,2026-01-12,2026-02-09,440.18,31659.1,Quarterly,Renewed,1,2026-08-01
POL0001130,CUST004221,AGT0004,Life,2026-05-20,2027-06-09,4016.16,493069.21,Monthly,Active,0,2026-08-01
POL0001131,CUST003621,AGT0050,Life,2025-04-23,2026-03-29,4855.27,867204.92,Quarterly,Cancelled,0,2026-08-01
POL0001132,CUST003773,AGT0055,Medical,2024-01-19,2024-12-16,4532.14,362952.5,Annual,Renewed,1,2026-08-01
POL0001133,CUST002867,AGT0052,Motor,2025-07-15,2026-07-20,2552.01,176107.84,Annual,Renewed,1,2026-08-01
POL0001134,CUST003327,AGT0079,Motor,2025-04-28,2026-04-02,986.97,145556.97,Monthly,Expired,0,2026-08-01
POL0001135,CUST001700,AGT0035,Life,2023-02-14,2024-03-03,3162.81,222481.57,Annual,Expired,0,2026-08-01
POL0001136,CUST002483,AGT0041,Life,2023-01-01,2023-12-03,6839.5,1388798.07,Monthly,Expired,0,2026-08-01
POL0001137,CUST000977,AGT0076,Life,2026-07-26,2027-07-10,4491.99,1282933.72,Monthly,Active,0,2026-08-01
POL0001138,CUST000494,AGT0069,Life,2026-02-12,2027-01-29,3502.05,401248.96,Monthly,Cancelled,0,2026-08-01
POL0001139,CUST005101,AGT0038,Medical,2024-06-11,2025-06-07,2826.52,451544.44,Annual,Renewed,1,2026-08-01
POL0001140,CUST004843,AGT0034,Motor,2024-02-19,2025-03-11,2316.8,56347.84,Annual,Expired,0,2026-08-01
POL0001141,CUST001652,AGT0064,Motor,2023-05-02,2024-05-04,2354.75,103918.09,Monthly,Expired,0,2026-08-01
POL0001142,CUST002766,AGT0046,Motor,2023-11-11,2024-10-24,1331.19,143044.38,Annual,Expired,0,2026-08-01
POL0001143,CUST005985,AGT0039,Life,2023-05-01,2024-05-07,2991.26,234089.97,Monthly,Expired,0,2026-08-01
POL0001144,CUST003187,AGT0066,Travel,2023-05-14,2023-08-12,612.85,111958.01,Monthly,Expired,0,2026-08-01
POL0001145,CUST000061,AGT0063,Home,2026-01-24,2027-02-22,401.3,504563.3,Monthly,Active,0,2026-08-01
POL0001146,CUST003465,AGT0034,Motor,2025-10-23,2026-11-20,2322.74,101539.18,Quarterly,Active,0,2026-08-01
POL0001147,CUST005292,AGT0032,Travel,2025-10-31,2026-01-11,65.47,100438.15,Monthly,Expired,0,2026-08-01
POL0001148,CUST001385,AGT0054,Life,2023-03-15,2024-02-19,3874.0,205981.11,Annual,Expired,0,2026-08-01
POL0001149,CUST005685,AGT0001,Motor,2024-04-27,2025-04-05,2226.55,40364.59,Monthly,Expired,0,2026-08-01
POL0001150,CUST004579,AGT0063,Life,2025-03-18,2026-02-23,6502.77,347236.82,Monthly,Renewed,1,2026-08-01
POL0001151,CUST000353,AGT0040,Home,2024-12-24,2025-12-25,1240.47,204336.97,Monthly,Expired,0,2026-08-01
POL0001152,CUST005927,AGT0070,Medical,2024-02-17,2025-03-06,3229.23,252144.51,Quarterly,Expired,0,2026-08-01
POL0001153,CUST003766,AGT0044,Life,2024-06-16,2025-05-22,5244.09,940247.94,Monthly,Renewed,1,2026-08-01
POL0001154,CUST001295,AGT0032,Motor,2025-07-18,2026-08-16,2315.8,41411.8,Annual,Active,0,2026-08-01
POL0001155,CUST004697,AGT0010,Motor,2026-01-10,2026-12-09,823.34,139185.01,Quarterly,Active,0,2026-08-01
POL0001156,CUST004929,AGT0001,Motor,2026-06-16,2027-06-15,1891.29,155780.67,Annual,Active,0,2026-08-01
POL0001157,CUST003693,AGT0054,Motor,2025-07-15,2026-07-04,2180.4,35462.44,Monthly,Expired,0,2026-08-01
POL0001158,CUST005785,AGT0016,Life,2023-12-26,2025-01-19,6567.53,335601.56,Quarterly,Renewed,1,2026-08-01
POL0001159,CUST005281,AGT0069,Motor,2026-04-01,2027-03-18,1519.25,79090.79,Annual,Active,0,2026-08-01
POL0001160,CUST001870,AGT0040,Life,2025-03-20,2026-02-25,6430.06,1019860.95,Quarterly,Expired,0,2026-08-01
POL0001161,CUST000795,AGT0070,Travel,2025-09-26,2025-10-09,557.73,31106.13,Monthly,Expired,0,2026-08-01
POL0001162,CUST004845,AGT0038,Travel,2024-04-29,2024-07-20,323.38,65149.09,Monthly,Renewed,1,2026-08-01
POL0001163,CUST005693,AGT0031,Motor,2024-12-28,2026-01-04,2570.15,178534.32,Semi-Annual,Expired,0,2026-08-01
POL0001164,CUST001766,AGT0012,Motor,2024-10-27,2025-10-01,905.53,103233.63,Monthly,Renewed,1,2026-08-01
POL0001165,CUST003304,AGT0033,Medical,2025-08-13,2026-08-03,4652.99,127974.92,Quarterly,Active,0,2026-08-01
POL0001166,CUST003063,AGT0066,Motor,2023-04-19,2024-04-21,1751.05,117857.39,Annual,Renewed,1,2026-08-01
POL0001167,CUST002067,AGT0069,Medical,2024-12-08,2025-12-30,3455.77,210404.43,Quarterly,Expired,0,2026-08-01
POL0001168,CUST003230,AGT0039,Life,2023-09-25,2024-10-04,6027.55,1345575.14,Monthly,Expired,0,2026-08-01
POL0001169,CUST003152,AGT0080,Life,2023-07-30,2024-08-18,6577.16,1430810.92,Quarterly,Expired,0,2026-08-01
POL0001170,CUST005912,AGT0003,Motor,2025-11-04,2026-11-22,2411.83,57643.68,Annual,Active,0,2026-08-01
POL0001171,CUST002036,AGT0005,Motor,2024-12-07,2025-12-19,1639.7,167019.13,Semi-Annual,Cancelled,0,2026-08-01
POL0001172,CUST000894,AGT0005,Travel,2024-03-26,2024-04-18,622.54,120854.01,Monthly,Expired,0,2026-08-01
POL0001173,CUST002733,AGT0005,Home,2025-05-24,2026-05-12,1428.51,207609.4,Quarterly,Expired,0,2026-08-01
POL0001174,CUST000850,AGT0001,Life,2023-01-02,2024-01-24,3208.68,1256672.62,Quarterly,Renewed,1,2026-08-01
POL0001175,CUST000939,AGT0005,Medical,2026-04-07,2027-03-18,2274.41,130000.23,Monthly,Active,0,2026-08-01
POL0001176,CUST003811,AGT0064,Life,2024-02-24,2025-03-16,5964.79,113581.77,Annual,Expired,0,2026-08-01
POL0001177,CUST005068,AGT0037,Motor,2023-06-03,2024-05-05,1764.47,144467.43,Annual,Renewed,1,2026-08-01
POL0001178,CUST000695,AGT0063,Travel,2025-05-25,2025-07-03,236.23,64997.88,Annual,Renewed,1,2026-08-01
POL0001179,CUST002338,AGT0063,Motor,2026-01-13,2026-12-25,2384.88,167463.75,Annual,Active,0,2026-08-01
POL0001180,CUST001100,AGT0056,Life,2026-06-23,2027-07-05,4069.25,720043.12,Annual,Active,0,2026-08-01
POL0001181,CUST002803,AGT0008,Motor,2025-09-11,2026-10-09,2369.88,117670.78,Monthly,Active,0,2026-08-01
POL0001182,CUST003545,AGT0010,Life,2026-01-21,2027-02-15,2155.19,1144156.37,Monthly,Active,0,2026-08-01
POL0001183,CUST005458,AGT0056,Life,2024-02-14,2025-02-05,6367.69,1282163.11,Monthly,Cancelled,0,2026-08-01
POL0001184,CUST005366,AGT0077,Life,2025-09-16,2026-08-21,3547.04,348401.73,Monthly,Active,0,2026-08-01
POL0001185,CUST005443,AGT0014,Medical,2023-01-14,2024-01-06,2228.73,141852.21,Monthly,Expired,0,2026-08-01
POL0001186,CUST002535,AGT0051,Life,2026-04-29,2027-05-03,3340.16,1342971.79,Monthly,Active,0,2026-08-01
POL0001187,CUST004729,AGT0003,Life,2025-11-13,2026-11-09,4696.08,508753.22,Monthly,Active,0,2026-08-01
POL0001188,CUST001744,AGT0016,Life,2025-05-11,2026-05-26,2942.4,992151.51,Monthly,Renewed,1,2026-08-01
POL0001189,CUST000181,AGT0048,Medical,2026-05-04,2027-05-11,3703.3,81901.46,Semi-Annual,Active,0,2026-08-01
POL0001190,CUST005580,AGT0053,Medical,2024-11-09,2025-10-07,3117.05,350493.87,Annual,Expired,0,2026-08-01
POL0001191,CUST005439,AGT0048,Life,2024-02-25,2025-03-21,5001.92,360696.86,Monthly,Renewed,1,2026-08-01
POL0001192,CUST001087,AGT0037,Motor,2024-12-06,2025-11-18,1407.12,147650.31,Semi-Annual,Renewed,1,2026-08-01
POL0001193,CUST001133,AGT0023,Life,2023-03-14,2024-02-14,2704.04,1138763.67,Quarterly,Expired,0,2026-08-01
POL0001194,CUST005443,AGT0064,Motor,2026-05-19,2027-04-30,2012.97,114082.79,Semi-Annual,Active,0,2026-08-01
POL0001195,CUST002630,AGT0026,Life,2024-10-25,2025-11-13,4269.89,310703.69,Monthly,Cancelled,0,2026-08-01
POL0001196,CUST004739,AGT0057,Medical,2023-01-03,2024-01-20,1598.07,169345.96,Annual,Expired,0,2026-08-01
POL0001197,CUST005418,AGT0029,Travel,2025-02-27,2025-05-22,575.73,25484.05,Monthly,Cancelled,0,2026-08-01
POL0001198,CUST003274,AGT0042,Motor,2024-11-04,2025-11-02,1298.39,70404.51,Annual,Renewed,1,2026-08-01
POL0001199,CUST000571,AGT0075,Medical,2026-07-16,2027-06-29,2530.53,221300.83,Monthly,Active,0,2026-08-01
POL0001200,CUST003601,AGT0032,Motor,2025-10-02,2026-10-31,2339.31,94437.69,Annual,Active,0,2026-08-01
POL0001201,CUST000799,AGT0070,Travel,2023-12-24,2024-01-22,219.82,149579.05,Semi-Annual,Expired,0,2026-08-01
POL0001202,CUST004128,AGT0005,Motor,2023-02-19,2024-01-22,1575.42,136047.57,Annual,Expired,0,2026-08-01
POL0001203,CUST003457,AGT0043,Medical,2024-07-27,2025-07-27,1360.63,226816.82,Quarterly,Expired,0,2026-08-01
POL0001204,CUST002624,AGT0041,Motor,2025-12-11,2026-11-10,1610.55,155308.3,Monthly,Active,0,2026-08-01
POL0001205,CUST002807,AGT0078,Travel,2025-08-07,2025-10-31,787.59,67642.41,Quarterly,Renewed,1,2026-08-01
POL0001206,CUST005774,AGT0022,Motor,2026-01-08,2026-12-18,1805.51,77989.99,Monthly,Active,0,2026-08-01
POL0001207,CUST002339,AGT0047,Life,2025-12-21,2026-11-22,6236.28,189177.03,Monthly,Active,0,2026-08-01
POL0001208,CUST005094,AGT0047,Motor,2024-11-15,2025-12-06,1775.72,137632.38,Monthly,Expired,0,2026-08-01
POL0001209,CUST004858,AGT0009,Medical,2025-11-18,2026-11-24,1246.07,141047.6,Monthly,Active,0,2026-08-01
POL0001210,CUST005977,AGT0080,Motor,2025-12-19,2026-12-17,1708.03,57622.01,Monthly,Active,0,2026-08-01
POL0001211,CUST005369,AGT0039,Medical,2023-05-16,2024-05-28,1977.1,205827.5,Monthly,Renewed,1,2026-08-01
POL0001212,CUST003728,AGT0035,Motor,2023-07-06,2024-07-10,1578.71,151509.61,Semi-Annual,Expired,0,2026-08-01
POL0001213,CUST005949,AGT0072,Home,2023-11-04,2024-11-08,655.82,785724.42,Annual,Renewed,1,2026-08-01
POL0001214,CUST004203,AGT0006,Medical,2026-05-17,2027-05-19,1474.85,297912.28,Monthly,Active,0,2026-08-01
POL0001215,CUST000738,AGT0054,Life,2026-01-25,2027-01-13,2428.0,1395824.37,Monthly,Cancelled,0,2026-08-01
POL0001216,CUST000579,AGT0002,Motor,2023-03-05,2024-01-29,1522.4,88353.68,Annual,Renewed,1,2026-08-01
POL0001217,CUST004058,AGT0077,Motor,2026-04-26,2027-04-27,2281.36,116778.9,Semi-Annual,Active,0,2026-08-01
POL0001218,CUST003179,AGT0065,Travel,2023-02-18,2023-03-19,667.85,140801.59,Annual,Expired,0,2026-08-01
POL0001219,CUST005229,AGT0043,Life,2025-09-30,2026-10-24,1412.9,829825.03,Monthly,Active,0,2026-08-01
POL0001220,CUST003229,AGT0032,Life,2024-11-15,2025-10-26,5705.89,745354.54,Annual,Renewed,1,2026-08-01
POL0001221,CUST001444,AGT0073,Life,2025-04-21,2026-05-16,1378.24,140558.62,Monthly,Expired,0,2026-08-01
POL0001222,CUST005143,AGT0020,Motor,2025-08-18,2026-07-17,936.6,160885.38,Monthly,Expired,0,2026-08-01
POL0001223,CUST002881,AGT0062,Home,2026-02-11,2027-01-22,1442.6,234973.35,Quarterly,Active,0,2026-08-01
POL0001224,CUST005725,AGT0034,Medical,2025-07-03,2026-07-23,2651.53,255662.73,Annual,Expired,0,2026-08-01
POL0001225,CUST000044,AGT0066,Travel,2024-12-09,2025-01-19,313.96,123226.51,Monthly,Expired,0,2026-08-01
POL0001226,CUST000110,AGT0060,Life,2024-12-20,2025-12-16,3377.56,817719.0,Semi-Annual,Expired,0,2026-08-01
POL0001227,CUST000808,AGT0080,Motor,2026-06-16,2027-06-24,1743.48,144957.47,Annual,Active,0,2026-08-01
POL0001228,CUST005743,AGT0049,Life,2025-10-21,2026-09-18,4717.99,1271419.05,Annual,Active,0,2026-08-01
POL0001229,CUST000754,AGT0025,Home,2025-03-27,2026-03-03,1305.52,781342.01,Annual,Expired,0,2026-08-01
POL0001230,CUST004277,AGT0071,Motor,2025-03-05,2026-02-23,973.12,32731.84,Monthly,Expired,0,2026-08-01
POL0001231,CUST004246,AGT0051,Medical,2024-01-24,2025-02-09,1690.62,142951.13,Annual,Renewed,1,2026-08-01
POL0001232,CUST005280,AGT0057,Life,2026-01-16,2027-01-31,3718.04,1373264.69,Annual,Active,0,2026-08-01
POL0001233,CUST003734,AGT0021,Medical,2025-07-27,2026-07-10,4629.31,168243.37,Annual,Renewed,1,2026-08-01
POL0001234,CUST000126,AGT0043,Medical,2023-06-01,2024-05-22,4203.29,367995.77,Monthly,Renewed,1,2026-08-01
POL0001235,CUST000233,AGT0069,Life,2025-11-09,2026-10-14,2282.77,840672.13,Quarterly,Active,0,2026-08-01
POL0001236,CUST000085,AGT0030,Home,2026-07-06,2027-06-30,731.15,848325.1,Monthly,Active,0,2026-08-01
POL0001237,CUST003575,AGT0047,Medical,2025-08-07,2026-08-25,2590.31,164935.02,Semi-Annual,Active,0,2026-08-01
POL0001238,CUST002582,AGT0017,Home,2026-02-25,2027-01-26,1589.86,741123.81,Monthly,Active,0,2026-08-01
POL0001239,CUST000409,AGT0015,Motor,2025-10-16,2026-09-24,2560.98,85544.2,Monthly,Active,0,2026-08-01
POL0001240,CUST000126,AGT0062,Motor,2026-03-16,2027-02-28,937.41,58466.67,Monthly,Active,0,2026-08-01
POL0001241,CUST001214,AGT0034,Motor,2025-01-30,2025-12-26,1676.33,98537.89,Annual,Renewed,1,2026-08-01
POL0001242,CUST002879,AGT0017,Medical,2024-04-20,2025-05-14,2522.42,293416.4,Semi-Annual,Renewed,1,2026-08-01
POL0001243,CUST005409,AGT0015,Life,2024-09-02,2025-09-21,3066.11,254310.95,Monthly,Renewed,1,2026-08-01
POL0001244,CUST004964,AGT0010,Motor,2026-05-22,2027-05-08,1698.33,50752.04,Semi-Annual,Active,0,2026-08-01
POL0001245,CUST002684,AGT0037,Medical,2025-06-28,2026-05-30,4018.5,459158.01,Quarterly,Renewed,1,2026-08-01
POL0001246,CUST001721,AGT0025,Life,2023-07-04,2024-07-01,4624.8,1031987.82,Monthly,Expired,0,2026-08-01
POL0001247,CUST004689,AGT0007,Life,2024-05-21,2025-05-13,3661.26,1085786.7,Monthly,Cancelled,0,2026-08-01
POL0001248,CUST005624,AGT0039,Life,2023-04-12,2024-03-16,5389.04,595550.17,Quarterly,Expired,0,2026-08-01
POL0001249,CUST001886,AGT0078,Life,2026-03-21,2027-03-12,3586.63,855676.41,Monthly,Active,0,2026-08-01
POL0001250,CUST002987,AGT0079,Home,2024-06-05,2025-06-30,1277.53,111597.72,Annual,Renewed,1,2026-08-01
POL0001251,CUST000665,AGT0048,Life,2023-04-05,2024-03-09,2173.98,300554.94,Monthly,Expired,0,2026-08-01
POL0001252,CUST000779,AGT0047,Home,2026-05-04,2027-05-26,809.34,879928.7,Monthly,Active,0,2026-08-01
POL0001253,CUST005330,AGT0080,Home,2026-01-15,2026-12-13,1152.99,251847.96,Monthly,Active,0,2026-08-01
POL0001254,CUST001357,AGT0061,Travel,2026-06-19,2026-08-26,785.14,83815.51,Quarterly,Active,0,2026-08-01
POL0001255,CUST000983,AGT0014,Motor,2024-04-05,2025-03-06,834.67,168863.86,Monthly,Expired,0,2026-08-01
POL0001256,CUST001914,AGT0043,Medical,2024-10-07,2025-10-17,4052.78,344000.95,Quarterly,Renewed,1,2026-08-01
POL0001257,CUST002098,AGT0031,Medical,2024-10-24,2025-10-17,3032.47,124771.6,Semi-Annual,Renewed,1,2026-08-01
POL0001258,CUST001223,AGT0012,Motor,2025-09-09,2026-09-14,2140.52,91885.36,Annual,Active,0,2026-08-01
POL0001259,CUST004208,AGT0075,Life,2025-12-16,2027-01-13,1866.07,747767.56,Quarterly,Active,0,2026-08-01
POL0001260,CUST003444,AGT0048,Motor,2024-12-04,2025-12-26,1865.12,96090.42,Monthly,Cancelled,0,2026-08-01
POL0001261,CUST003551,AGT0056,Life,2024-12-09,2025-12-21,3646.24,1277979.02,Semi-Annual,Cancelled,0,2026-08-01
POL0001262,CUST005913,AGT0064,Travel,2023-05-29,2023-07-01,306.11,92240.0,Monthly,Expired,0,2026-08-01
POL0001263,CUST005568,AGT0006,Medical,2023-09-02,2024-09-13,1136.44,394606.48,Monthly,Renewed,1,2026-08-01
POL0001264,CUST001694,AGT0026,Home,2025-05-03,2026-05-03,1088.14,379474.86,Semi-Annual,Renewed,1,2026-08-01
POL0001265,CUST005927,AGT0071,Travel,2024-08-16,2024-10-22,330.09,110464.86,Monthly,Cancelled,0,2026-08-01
POL0001266,CUST004071,AGT0017,Travel,2023-07-11,2023-08-26,788.39,75669.72,Monthly,Expired,0,2026-08-01
POL0001267,CUST000880,AGT0016,Motor,2023-05-18,2024-06-01,2151.95,142785.85,Monthly,Renewed,1,2026-08-01
POL0001268,CUST001915,AGT0050,Home,2025-05-07,2026-05-20,430.54,683063.65,Monthly,Renewed,1,2026-08-01
POL0001269,CUST001360,AGT0021,Motor,2026-03-13,2027-03-12,1357.97,74458.13,Semi-Annual,Active,0,2026-08-01
POL0001270,CUST004796,AGT0067,Travel,2023-11-11,2024-01-18,265.19,66337.08,Annual,Expired,0,2026-08-01
POL0001271,CUST003835,AGT0059,Motor,2024-12-11,2026-01-10,2031.28,151672.4,Monthly,Renewed,1,2026-08-01
POL0001272,CUST004675,AGT0062,Motor,2023-12-11,2024-11-09,1835.29,115609.29,Monthly,Renewed,1,2026-08-01
POL0001273,CUST000881,AGT0057,Medical,2025-12-04,2026-12-09,2507.75,327136.22,Monthly,Cancelled,0,2026-08-01
POL0001274,CUST003095,AGT0012,Life,2025-06-01,2026-05-11,2486.39,1441972.96,Semi-Annual,Renewed,1,2026-08-01
POL0001275,CUST003254,AGT0053,Travel,2024-03-26,2024-05-02,407.98,49033.72,Annual,Cancelled,0,2026-08-01
POL0001276,CUST004086,AGT0014,Life,2024-08-30,2025-08-24,2655.33,830752.34,Monthly,Renewed,1,2026-08-01
POL0001277,CUST002237,AGT0001,Life,2024-11-28,2025-10-25,2299.01,374009.8,Monthly,Expired,0,2026-08-01
POL0001278,CUST000378,AGT0079,Motor,2025-12-21,2027-01-16,2268.25,58334.9,Annual,Active,0,2026-08-01
POL0001279,CUST005329,AGT0020,Home,2024-09-28,2025-10-12,1752.54,579400.22,Monthly,Renewed,1,2026-08-01
POL0001280,CUST002559,AGT0056,Medical,2025-06-08,2026-05-26,4170.99,101823.23,Quarterly,Expired,0,2026-08-01
POL0001281,CUST005509,AGT0028,Home,2024-09-08,2025-08-27,393.65,202240.79,Semi-Annual,Renewed,1,2026-08-01
POL0001282,CUST002486,AGT0057,Travel,2024-01-21,2024-02-02,801.42,51650.19,Annual,Expired,0,2026-08-01
POL0001283,CUST001553,AGT0033,Medical,2025-03-11,2026-03-27,2905.16,278633.45,Annual,Expired,0,2026-08-01
POL0001284,CUST002786,AGT0036,Medical,2025-10-12,2026-11-11,2115.02,481592.94,Monthly,Active,0,2026-08-01
POL0001285,CUST000575,AGT0006,Life,2026-07-02,2027-07-22,5676.31,1053289.82,Monthly,Active,0,2026-08-01
POL0001286,CUST003353,AGT0038,Home,2023-03-26,2024-02-23,305.64,615693.04,Quarterly,Renewed,1,2026-08-01
POL0001287,CUST005947,AGT0055,Life,2026-06-30,2027-05-27,1376.31,617779.01,Quarterly,Active,0,2026-08-01
POL0001288,CUST001538,AGT0058,Travel,2025-08-18,2025-11-04,659.3,31612.73,Monthly,Renewed,1,2026-08-01
POL0001289,CUST000900,AGT0072,Home,2023-12-25,2024-12-14,540.7,732363.71,Quarterly,Expired,0,2026-08-01
POL0001290,CUST000822,AGT0048,Medical,2024-05-18,2025-04-15,2983.66,67502.88,Annual,Cancelled,0,2026-08-01
POL0001291,CUST001041,AGT0080,Medical,2025-06-04,2026-06-28,3204.1,382546.32,Quarterly,Expired,0,2026-08-01
POL0001292,CUST002357,AGT0051,Life,2024-01-30,2025-02-06,6963.61,608366.23,Annual,Renewed,1,2026-08-01
POL0001293,CUST001514,AGT0064,Motor,2024-03-18,2025-02-19,1393.02,96208.08,Monthly,Renewed,1,2026-08-01
POL0001294,CUST004285,AGT0012,Travel,2024-11-14,2025-01-29,300.04,87609.27,Quarterly,Expired,0,2026-08-01
POL0001295,CUST002046,AGT0017,Motor,2025-07-02,2026-07-16,1652.68,59300.99,Monthly,Renewed,1,2026-08-01
POL0001296,CUST002179,AGT0048,Life,2026-03-31,2027-03-16,4006.8,1035365.0,Annual,Active,0,2026-08-01
POL0001297,CUST000887,AGT0041,Medical,2026-01-16,2027-01-02,3303.12,175593.38,Monthly,Active,0,2026-08-01
POL0001298,CUST003440,AGT0040,Travel,2023-12-02,2024-01-21,753.84,38968.57,Annual,Renewed,1,2026-08-01
POL0001299,CUST001934,AGT0074,Medical,2023-09-08,2024-09-05,3977.91,211998.66,Monthly,Renewed,1,2026-08-01
POL0001300,CUST004234,AGT0039,Life,2026-07-30,2027-08-27,6199.09,1268845.59,Quarterly,Active,0,2026-08-01
POL0001301,CUST000133,AGT0006,Motor,2026-05-10,2027-06-03,1495.79,86602.67,Annual,Active,0,2026-08-01
POL0001302,CUST003857,AGT0042,Travel,2025-02-08,2025-04-26,669.11,145251.74,Quarterly,Cancelled,0,2026-08-01
POL0001303,CUST004806,AGT0019,Medical,2025-06-30,2026-07-06,5036.65,66734.41,Annual,Expired,0,2026-08-01
POL0001304,CUST004271,AGT0003,Life,2023-11-26,2024-12-10,1656.88,125674.84,Monthly,Cancelled,0,2026-08-01
POL0001305,CUST001582,AGT0022,Travel,2025-03-17,2025-04-07,403.74,136516.77,Monthly,Expired,0,2026-08-01
POL0001306,CUST004181,AGT0001,Medical,2025-06-22,2026-07-06,3504.77,136438.4,Semi-Annual,Expired,0,2026-08-01
POL0001307,CUST004907,AGT0049,Motor,2024-01-25,2025-02-04,1854.29,54634.47,Quarterly,Renewed,1,2026-08-01
POL0001308,CUST003161,AGT0038,Motor,2025-08-19,2026-08-17,1723.55,145098.27,Semi-Annual,Active,0,2026-08-01
POL0001309,CUST003882,AGT0077,Life,2024-05-07,2025-04-16,5969.98,353064.45,Quarterly,Renewed,1,2026-08-01
POL0001310,CUST004896,AGT0006,Motor,2024-11-25,2025-12-23,1178.79,118287.99,Annual,Expired,0,2026-08-01
POL0001311,CUST002884,AGT0039,Medical,2023-03-01,2024-01-25,5055.56,70127.61,Quarterly,Renewed,1,2026-08-01
POL0001312,CUST000894,AGT0074,Motor,2023-06-20,2024-05-22,2255.67,160143.96,Monthly,Renewed,1,2026-08-01
POL0001313,CUST005834,AGT0046,Medical,2025-04-03,2026-04-08,2230.68,306855.37,Monthly,Expired,0,2026-08-01
POL0001314,CUST001960,AGT0029,Medical,2025-12-01,2026-11-21,1136.95,252059.34,Monthly,Active,0,2026-08-01
POL0001315,CUST002321,AGT0052,Medical,2025-01-11,2026-02-01,4028.04,213366.67,Annual,Renewed,1,2026-08-01
POL0001316,CUST003678,AGT0022,Life,2025-11-24,2026-10-23,1353.32,537625.74,Annual,Active,0,2026-08-01
POL0001317,CUST001071,AGT0069,Life,2025-11-14,2026-11-25,4022.48,469774.93,Monthly,Active,0,2026-08-01
POL0001318,CUST002079,AGT0054,Medical,2025-09-27,2026-09-07,3444.61,488823.98,Semi-Annual,Active,0,2026-08-01
POL0001319,CUST003465,AGT0023,Home,2025-12-15,2026-12-14,1768.05,330206.99,Monthly,Active,0,2026-08-01
POL0001320,CUST004401,AGT0007,Medical,2025-09-14,2026-09-07,2318.66,156948.97,Annual,Active,0,2026-08-01
POL0001321,CUST000841,AGT0051,Travel,2025-12-20,2026-01-28,627.49,79522.63,Quarterly,Renewed,1,2026-08-01
POL0001322,CUST004969,AGT0072,Medical,2024-05-13,2025-05-05,5008.32,165839.63,Quarterly,Renewed,1,2026-08-01
POL0001323,CUST001661,AGT0075,Medical,2024-05-29,2025-04-29,2944.2,172189.14,Monthly,Expired,0,2026-08-01
POL0001324,CUST005482,AGT0054,Life,2024-10-05,2025-10-26,1900.3,471529.96,Monthly,Renewed,1,2026-08-01
POL0001325,CUST005447,AGT0076,Motor,2024-12-04,2025-11-17,1021.61,42054.85,Monthly,Expired,0,2026-08-01
POL0001326,CUST004268,AGT0066,Home,2025-05-14,2026-04-15,884.29,807241.48,Monthly,Renewed,1,2026-08-01
POL0001327,CUST005353,AGT0031,Life,2024-12-14,2026-01-11,3082.29,357854.28,Quarterly,Renewed,1,2026-08-01
POL0001328,CUST000960,AGT0068,Motor,2023-08-05,2024-08-09,1369.7,23503.52,Monthly,Expired,0,2026-08-01
POL0001329,CUST002795,AGT0009,Medical,2024-05-30,2025-05-25,3035.15,399921.94,Monthly,Expired,0,2026-08-01
POL0001330,CUST000846,AGT0072,Life,2025-02-28,2026-02-24,4316.57,732170.6,Monthly,Expired,0,2026-08-01
POL0001331,CUST002870,AGT0074,Motor,2023-02-08,2024-02-26,1277.79,76665.18,Quarterly,Expired,0,2026-08-01
POL0001332,CUST003494,AGT0046,Motor,2023-05-25,2024-05-15,1592.36,105285.89,Monthly,Expired,0,2026-08-01
POL0001333,CUST003401,AGT0074,Home,2026-05-07,2027-04-02,1277.49,536534.44,Annual,Cancelled,0,2026-08-01
POL0001334,CUST000456,AGT0011,Medical,2026-01-13,2027-01-22,3339.26,223198.55,Annual,Cancelled,0,2026-08-01
POL0001335,CUST000506,AGT0008,Motor,2025-01-29,2026-01-25,2159.16,156240.75,Monthly,Expired,0,2026-08-01
POL0001336,CUST005989,AGT0028,Motor,2023-06-06,2024-05-08,1293.38,154847.14,Quarterly,Expired,0,2026-08-01
POL0001337,CUST001519,AGT0007,Life,2023-11-29,2024-11-09,3385.24,611496.5,Semi-Annual,Renewed,1,2026-08-01
POL0001338,CUST002968,AGT0020,Medical,2025-10-06,2026-09-25,3324.48,149946.1,Monthly,Active,0,2026-08-01
POL0001339,CUST003480,AGT0015,Life,2025-08-12,2026-09-08,6466.2,781063.8,Semi-Annual,Active,0,2026-08-01
POL0001340,CUST000956,AGT0037,Home,2023-10-18,2024-11-04,1217.96,208078.02,Quarterly,Expired,0,2026-08-01
POL0001341,CUST001927,AGT0052,Motor,2023-03-27,2024-03-04,1318.14,65171.39,Monthly,Renewed,1,2026-08-01
POL0001342,CUST003610,AGT0016,Motor,2026-04-28,2027-04-07,866.38,81305.4,Monthly,Active,0,2026-08-01
POL0001343,CUST001281,AGT0025,Motor,2025-08-02,2026-07-01,1726.4,81253.27,Monthly,Renewed,1,2026-08-01
POL0001344,CUST004755,AGT0060,Medical,2025-05-09,2026-04-17,4992.31,130737.93,Annual,Renewed,1,2026-08-01
POL0001345,CUST003885,AGT0020,Motor,2026-02-15,2027-01-21,2000.72,101517.61,Quarterly,Cancelled,0,2026-08-01
POL0001346,CUST005934,AGT0027,Medical,2024-07-17,2025-07-16,2782.78,326214.86,Monthly,Renewed,1,2026-08-01
POL0001347,CUST003399,AGT0064,Travel,2023-05-22,2023-07-12,120.69,99517.74,Quarterly,Expired,0,2026-08-01
POL0001348,CUST004802,AGT0032,Motor,2023-02-27,2024-02-28,1009.53,148362.57,Quarterly,Renewed,1,2026-08-01
POL0001349,CUST001963,AGT0020,Home,2026-07-02,2027-06-17,1415.45,143274.81,Quarterly,Active,0,2026-08-01
POL0001350,CUST004166,AGT0065,Home,2025-03-04,2026-03-13,773.8,208650.73,Monthly,Renewed,1,2026-08-01
POL0001351,CUST005625,AGT0077,Medical,2025-08-26,2026-09-25,2229.77,246635.68,Semi-Annual,Active,0,2026-08-01
POL0001352,CUST004934,AGT0073,Travel,2024-05-09,2024-06-19,242.37,82766.34,Annual,Renewed,1,2026-08-01
POL0001353,CUST004667,AGT0036,Life,2023-05-24,2024-06-18,6403.98,387651.54,Quarterly,Renewed,1,2026-08-01
POL0001354,CUST002704,AGT0002,Medical,2025-11-09,2026-11-11,2282.77,184707.81,Monthly,Active,0,2026-08-01
POL0001355,CUST003577,AGT0034,Life,2025-11-05,2026-11-07,2226.08,323152.96,Monthly,Active,0,2026-08-01
POL0001356,CUST003557,AGT0062,Motor,2025-11-02,2026-11-05,1461.01,106837.53,Monthly,Active,0,2026-08-01
POL0001357,CUST001257,AGT0076,Medical,2024-11-07,2025-11-26,3983.97,264723.39,Annual,Renewed,1,2026-08-01
POL0001358,CUST001578,AGT0006,Travel,2025-06-16,2025-07-19,387.27,109431.96,Semi-Annual,Cancelled,0,2026-08-01
POL0001359,CUST003889,AGT0010,Life,2024-02-15,2025-02-05,5637.63,982702.52,Annual,Renewed,1,2026-08-01
POL0001360,CUST003821,AGT0023,Medical,2023-12-17,2024-12-03,3864.41,171900.13,Monthly,Renewed,1,2026-08-01
POL0001361,CUST004127,AGT0010,Life,2023-02-13,2024-03-07,3262.62,1164316.53,Annual,Expired,0,2026-08-01
POL0001362,CUST003623,AGT0015,Home,2023-08-15,2024-07-23,1612.73,204498.42,Annual,Renewed,1,2026-08-01
POL0001363,CUST003488,AGT0035,Motor,2024-07-22,2025-06-30,933.0,120862.83,Annual,Expired,0,2026-08-01
POL0001364,CUST003120,AGT0021,Medical,2024-10-11,2025-09-30,4087.7,329025.46,Monthly,Expired,0,2026-08-01
POL0001365,CUST003828,AGT0047,Motor,2024-08-08,2025-07-30,1714.08,57664.89,Annual,Renewed,1,2026-08-01
POL0001366,CUST002175,AGT0076,Home,2024-08-14,2025-08-25,780.82,240210.03,Semi-Annual,Expired,0,2026-08-01
POL0001367,CUST000974,AGT0041,Medical,2023-10-12,2024-09-13,2716.46,98037.86,Annual,Expired,0,2026-08-01
POL0001368,CUST004062,AGT0041,Motor,2025-05-29,2026-05-08,1858.01,119259.59,Monthly,Expired,0,2026-08-01
POL0001369,CUST002010,AGT0077,Life,2024-08-04,2025-08-30,2786.0,609564.36,Monthly,Renewed,1,2026-08-01
POL0001370,CUST004547,AGT0049,Medical,2024-11-27,2025-12-04,3549.09,499422.16,Annual,Renewed,1,2026-08-01
POL0001371,CUST005345,AGT0080,Motor,2025-02-08,2026-01-26,1754.08,121590.85,Annual,Renewed,1,2026-08-01
POL0001372,CUST002348,AGT0074,Travel,2024-10-08,2024-10-16,667.34,21287.05,Annual,Expired,0,2026-08-01
POL0001373,CUST000823,AGT0004,Life,2024-12-20,2025-12-01,2240.42,623344.4,Monthly,Renewed,1,2026-08-01
POL0001374,CUST000006,AGT0076,Motor,2024-09-20,2025-09-27,1441.83,22272.86,Quarterly,Expired,0,2026-08-01
POL0001375,CUST003539,AGT0014,Home,2024-05-09,2025-04-18,1066.12,593767.3,Quarterly,Renewed,1,2026-08-01
POL0001376,CUST005294,AGT0022,Motor,2024-10-21,2025-10-31,2109.52,166819.23,Monthly,Renewed,1,2026-08-01
POL0001377,CUST005386,AGT0045,Motor,2025-06-09,2026-06-05,1404.83,139189.09,Monthly,Cancelled,0,2026-08-01
POL0001378,CUST005393,AGT0062,Medical,2026-02-13,2027-01-18,2283.7,169402.37,Monthly,Active,0,2026-08-01
POL0001379,CUST000085,AGT0077,Motor,2023-05-07,2024-05-04,2407.45,48594.96,Monthly,Renewed,1,2026-08-01
POL0001380,CUST000327,AGT0037,Life,2023-08-12,2024-08-05,1831.89,1328338.43,Quarterly,Renewed,1,2026-08-01
POL0001381,CUST005803,AGT0023,Medical,2023-06-10,2024-06-18,4054.43,103702.94,Monthly,Expired,0,2026-08-01
POL0001382,CUST004046,AGT0031,Motor,2023-01-25,2024-02-18,2247.79,133574.72,Quarterly,Renewed,1,2026-08-01
POL0001383,CUST005301,AGT0030,Home,2025-12-16,2027-01-03,692.07,280364.6,Quarterly,Active,0,2026-08-01
POL0001384,CUST005881,AGT0024,Medical,2023-10-17,2024-10-02,2835.88,185709.9,Quarterly,Renewed,1,2026-08-01
POL0001385,CUST004291,AGT0019,Medical,2024-01-15,2025-01-25,3183.28,71031.98,Semi-Annual,Cancelled,0,2026-08-01
POL0001386,CUST002408,AGT0057,Motor,2024-02-10,2025-02-10,2187.06,47184.1,Monthly,Expired,0,2026-08-01
POL0001387,CUST004255,AGT0078,Travel,2026-02-01,2026-03-28,750.48,25110.3,Annual,Expired,0,2026-08-01
POL0001388,CUST003760,AGT0048,Motor,2025-03-11,2026-02-18,1506.81,103278.55,Monthly,Expired,0,2026-08-01
POL0001389,CUST005207,AGT0013,Motor,2023-05-18,2024-05-17,1427.07,91983.39,Quarterly,Renewed,1,2026-08-01
POL0001390,CUST005168,AGT0054,Travel,2026-01-06,2026-03-21,337.49,89215.13,Annual,Renewed,1,2026-08-01
POL0001391,CUST001026,AGT0046,Motor,2026-07-12,2027-08-10,1151.93,30454.53,Annual,Active,0,2026-08-01
POL0001392,CUST005284,AGT0033,Travel,2025-07-20,2025-10-09,103.94,124793.23,Annual,Expired,0,2026-08-01
POL0001393,CUST004200,AGT0002,Life,2024-09-23,2025-09-17,6356.59,273814.73,Annual,Renewed,1,2026-08-01
POL0001394,CUST004410,AGT0063,Travel,2026-07-28,2026-08-10,306.44,128146.96,Annual,Active,0,2026-08-01
POL0001395,CUST002061,AGT0049,Motor,2023-02-25,2024-02-11,820.01,71537.42,Monthly,Cancelled,0,2026-08-01
POL0001396,CUST002917,AGT0019,Home,2023-01-01,2024-01-31,517.73,444034.83,Annual,Expired,0,2026-08-01
POL0001397,CUST005254,AGT0032,Motor,2025-10-15,2026-10-22,2496.38,124422.15,Annual,Active,0,2026-08-01
POL0001398,CUST000832,AGT0043,Motor,2023-09-06,2024-09-18,909.95,116864.37,Monthly,Renewed,1,2026-08-01
POL0001399,CUST003200,AGT0046,Travel,2023-03-17,2023-04-18,606.7,93555.16,Monthly,Renewed,1,2026-08-01
POL0001400,CUST005803,AGT0053,Motor,2023-04-24,2024-04-19,2205.59,84024.12,Semi-Annual,Renewed,1,2026-08-01
POL0001401,CUST004595,AGT0007,Medical,2024-08-10,2025-09-05,4142.49,265930.7,Annual,Renewed,1,2026-08-01
POL0001402,CUST000894,AGT0043,Life,2025-05-17,2026-05-02,3133.84,191741.09,Quarterly,Expired,0,2026-08-01
POL0001403,CUST001003,AGT0008,Motor,2024-08-03,2025-07-22,1951.27,45932.72,Quarterly,Renewed,1,2026-08-01
POL0001404,CUST003024,AGT0014,Motor,2024-07-12,2025-07-24,1307.16,137242.58,Monthly,Renewed,1,2026-08-01
POL0001405,CUST001453,AGT0008,Medical,2023-07-11,2024-07-08,2749.48,352516.39,Annual,Expired,0,2026-08-01
POL0001406,CUST005290,AGT0050,Medical,2024-02-11,2025-01-31,4490.25,201564.22,Quarterly,Expired,0,2026-08-01
POL0001407,CUST005030,AGT0067,Medical,2026-05-19,2027-05-25,3547.73,406573.72,Monthly,Active,0,2026-08-01
POL0001408,CUST005724,AGT0078,Life,2024-02-13,2025-03-03,3917.6,1228623.77,Annual,Renewed,1,2026-08-01
POL0001409,CUST002372,AGT0058,Medical,2024-03-24,2025-04-04,3885.31,287376.72,Monthly,Expired,0,2026-08-01
POL0001410,CUST001714,AGT0063,Medical,2026-03-13,2027-03-06,4109.03,490931.68,Quarterly,Active,0,2026-08-01
POL0001411,CUST003167,AGT0011,Motor,2023-03-25,2024-02-20,2474.14,62646.56,Annual,Renewed,1,2026-08-01
POL0001412,CUST000691,AGT0001,Medical,2023-04-09,2024-04-26,4227.3,182632.23,Semi-Annual,Expired,0,2026-08-01
POL0001413,CUST004354,AGT0026,Motor,2026-03-16,2027-04-09,1661.69,21492.22,Monthly,Active,0,2026-08-01
POL0001414,CUST005218,AGT0029,Life,2024-02-14,2025-02-26,2464.61,309801.92,Annual,Renewed,1,2026-08-01
POL0001415,CUST001019,AGT0035,Motor,2023-11-08,2024-10-14,1646.77,150873.92,Monthly,Renewed,1,2026-08-01
POL0001416,CUST001187,AGT0054,Life,2024-10-15,2025-11-06,3751.38,980954.34,Annual,Expired,0,2026-08-01
POL0001417,CUST001816,AGT0008,Motor,2023-02-19,2024-01-29,1878.37,50422.3,Quarterly,Expired,0,2026-08-01
POL0001418,CUST004806,AGT0009,Motor,2024-06-21,2025-07-13,1925.8,128366.92,Monthly,Expired,0,2026-08-01
POL0001419,CUST001954,AGT0068,Motor,2023-01-16,2024-01-26,1190.38,46169.14,Monthly,Renewed,1,2026-08-01
POL0001420,CUST004376,AGT0047,Medical,2025-06-17,2026-06-15,4385.73,233012.61,Monthly,Renewed,1,2026-08-01
POL0001421,CUST005501,AGT0030,Life,2026-01-18,2026-12-27,3597.12,1497297.31,Monthly,Active,0,2026-08-01
POL0001422,CUST002630,AGT0067,Life,2025-03-04,2026-02-25,5766.07,542820.15,Annual,Renewed,1,2026-08-01
POL0001423,CUST000826,AGT0054,Home,2023-08-26,2024-07-29,323.46,636982.75,Monthly,Expired,0,2026-08-01
POL0001424,CUST005496,AGT0068,Medical,2025-11-12,2026-11-23,4233.18,52728.85,Semi-Annual,Cancelled,0,2026-08-01
POL0001425,CUST002228,AGT0052,Motor,2025-05-15,2026-06-11,1788.74,67921.85,Monthly,Renewed,1,2026-08-01
POL0001426,CUST003595,AGT0041,Travel,2026-01-08,2026-04-08,394.34,59729.88,Monthly,Cancelled,0,2026-08-01
POL0001427,CUST005756,AGT0074,Life,2026-04-07,2027-04-14,2027.21,1273152.11,Monthly,Active,0,2026-08-01
POL0001428,CUST005385,AGT0080,Motor,2024-06-06,2025-07-05,2396.02,47272.91,Annual,Expired,0,2026-08-01
POL0001429,CUST005010,AGT0060,Motor,2026-06-26,2027-07-23,895.58,71538.09,Monthly,Active,0,2026-08-01
POL0001430,CUST002121,AGT0051,Medical,2026-02-05,2027-03-07,1477.47,123364.01,Semi-Annual,Cancelled,0,2026-08-01
POL0001431,CUST004023,AGT0003,Medical,2025-02-05,2026-01-05,4553.26,264389.03,Monthly,Expired,0,2026-08-01
POL0001432,CUST002005,AGT0070,Life,2025-04-06,2026-05-05,5194.03,480753.16,Monthly,Renewed,1,2026-08-01
POL0001433,CUST003294,AGT0013,Motor,2024-08-11,2025-07-09,2319.1,48504.94,Quarterly,Expired,0,2026-08-01
POL0001434,CUST002025,AGT0003,Home,2026-01-29,2027-01-19,1757.79,433853.32,Monthly,Active,0,2026-08-01
POL0001435,CUST005033,AGT0036,Medical,2023-03-11,2024-02-22,2428.55,262800.37,Annual,Renewed,1,2026-08-01
POL0001436,CUST004508,AGT0007,Life,2024-08-31,2025-09-21,5892.52,532665.59,Annual,Expired,0,2026-08-01
POL0001437,CUST005679,AGT0008,Motor,2023-05-12,2024-04-08,869.1,174695.08,Quarterly,Expired,0,2026-08-01
POL0001438,CUST001599,AGT0038,Life,2023-02-03,2024-03-02,6487.85,303837.72,Monthly,Renewed,1,2026-08-01
POL0001439,CUST005545,AGT0032,Travel,2026-05-14,2026-06-05,563.17,112803.97,Quarterly,Renewed,1,2026-08-01
POL0001440,CUST001486,AGT0011,Motor,2025-05-09,2026-04-09,2425.94,104374.83,Annual,Expired,0,2026-08-01
POL0001441,CUST003835,AGT0079,Medical,2024-08-23,2025-09-20,3368.82,223115.87,Semi-Annual,Expired,0,2026-08-01
POL0001442,CUST001043,AGT0017,Motor,2026-06-16,2027-05-15,1935.9,127860.4,Monthly,Active,0,2026-08-01
POL0001443,CUST004368,AGT0017,Medical,2023-04-30,2024-04-17,4905.78,119172.75,Monthly,Cancelled,0,2026-08-01
POL0001444,CUST004650,AGT0065,Travel,2026-04-30,2026-07-27,298.84,140911.08,Monthly,Expired,0,2026-08-01
POL0001445,CUST004652,AGT0057,Life,2024-09-25,2025-10-08,3197.69,1266408.62,Quarterly,Expired,0,2026-08-01
POL0001446,CUST001664,AGT0029,Life,2023-07-18,2024-06-27,6139.88,1141563.65,Monthly,Expired,0,2026-08-01
POL0001447,CUST004857,AGT0021,Motor,2024-01-21,2025-01-27,2537.03,173324.11,Monthly,Expired,0,2026-08-01
POL0001448,CUST000955,AGT0074,Travel,2024-10-01,2024-10-26,587.52,142295.6,Quarterly,Renewed,1,2026-08-01
POL0001449,CUST004399,AGT0003,Life,2025-11-20,2026-10-18,3694.43,382715.91,Quarterly,Active,0,2026-08-01
POL0001450,CUST002821,AGT0052,Motor,2026-02-14,2027-01-14,1000.0,161852.0,Annual,Active,0,2026-08-01
POL0001451,CUST001080,AGT0008,Travel,2023-06-17,2023-09-07,539.8,122861.67,Quarterly,Expired,0,2026-08-01
POL0001452,CUST005846,AGT0001,Motor,2024-06-28,2025-06-25,2283.57,89403.89,Annual,Expired,0,2026-08-01
POL0001453,CUST004558,AGT0009,Motor,2024-06-18,2025-06-24,997.78,105006.25,Monthly,Renewed,1,2026-08-01
POL0001454,CUST000878,AGT0045,Travel,2024-11-08,2025-01-06,289.57,93070.07,Quarterly,Renewed,1,2026-08-01
POL0001455,CUST002343,AGT0024,Motor,2024-12-28,2025-11-29,983.14,102882.54,Quarterly,Cancelled,0,2026-08-01
POL0001456,CUST004429,AGT0056,Motor,2026-07-27,2027-07-16,1410.01,87917.57,Annual,Active,0,2026-08-01
POL0001457,CUST001199,AGT0077,Motor,2023-12-16,2024-12-10,1838.97,119591.39,Annual,Cancelled,0,2026-08-01
POL0001458,CUST002839,AGT0004,Travel,2024-09-22,2024-10-20,162.71,127060.06,Semi-Annual,Expired,0,2026-08-01
POL0001459,CUST000616,AGT0050,Motor,2023-12-26,2025-01-03,1652.35,172524.72,Annual,Renewed,1,2026-08-01
POL0001460,CUST000136,AGT0073,Medical,2023-09-06,2024-09-02,1057.02,349703.45,Monthly,Renewed,1,2026-08-01
POL0001461,CUST001442,AGT0010,Motor,2024-06-04,2025-05-22,2283.42,171458.16,Annual,Renewed,1,2026-08-01
POL0001462,CUST004269,AGT0034,Medical,2023-02-20,2024-01-30,3838.09,483136.57,Annual,Expired,0,2026-08-01
POL0001463,CUST003047,AGT0006,Motor,2025-10-17,2026-10-02,1968.26,124056.47,Annual,Active,0,2026-08-01
POL0001464,CUST001853,AGT0009,Travel,2024-08-26,2024-10-01,729.73,56810.83,Quarterly,Renewed,1,2026-08-01
POL0001465,CUST001482,AGT0078,Travel,2024-08-02,2024-08-26,169.69,87416.93,Semi-Annual,Renewed,1,2026-08-01
POL0001466,CUST004823,AGT0021,Travel,2024-11-03,2024-11-14,824.48,137537.52,Monthly,Renewed,1,2026-08-01
POL0001467,CUST003996,AGT0014,Life,2024-11-10,2025-11-02,1472.04,277838.78,Quarterly,Renewed,1,2026-08-01
POL0001468,CUST005181,AGT0072,Medical,2026-04-17,2027-04-01,2871.66,384110.8,Quarterly,Active,0,2026-08-01
POL0001469,CUST005787,AGT0022,Motor,2025-02-04,2026-02-04,803.4,171384.17,Monthly,Expired,0,2026-08-01
POL0001470,CUST003797,AGT0023,Medical,2025-11-01,2026-11-23,4867.43,372984.24,Annual,Active,0,2026-08-01
POL0001471,CUST000265,AGT0068,Medical,2025-12-09,2026-11-17,3005.01,476677.28,Annual,Active,0,2026-08-01
POL0001472,CUST005628,AGT0061,Life,2023-03-24,2024-03-26,2786.07,1111200.26,Annual,Expired,0,2026-08-01
POL0001473,CUST000784,AGT0045,Motor,2025-11-16,2026-12-03,1599.08,177819.37,Monthly,Active,0,2026-08-01
POL0001474,CUST004255,AGT0068,Life,2025-12-03,2026-11-02,6716.84,1445327.79,Monthly,Active,0,2026-08-01
POL0001475,CUST001484,AGT0019,Motor,2025-04-11,2026-04-15,1214.48,120403.52,Annual,Expired,0,2026-08-01
POL0001476,CUST004601,AGT0064,Medical,2023-04-01,2024-04-03,2449.93,320037.17,Monthly,Expired,0,2026-08-01
POL0001477,CUST004827,AGT0054,Home,2023-01-11,2024-02-09,315.6,815430.09,Semi-Annual,Renewed,1,2026-08-01
POL0001478,CUST004759,AGT0046,Motor,2023-01-19,2024-01-09,1194.96,143256.54,Quarterly,Renewed,1,2026-08-01
POL0001479,CUST001628,AGT0030,Motor,2025-07-04,2026-07-18,2391.72,115659.94,Quarterly,Expired,0,2026-08-01
POL0001480,CUST003851,AGT0010,Motor,2024-12-15,2025-11-15,1662.82,134232.65,Quarterly,Renewed,1,2026-08-01
POL0001481,CUST001150,AGT0047,Medical,2024-04-24,2025-04-28,1414.85,81751.57,Monthly,Expired,0,2026-08-01
POL0001482,CUST005323,AGT0065,Medical,2024-11-23,2025-11-04,4492.43,479846.53,Monthly,Expired,0,2026-08-01
POL0001483,CUST000918,AGT0008,Home,2024-08-12,2025-08-17,1569.82,428530.86,Annual,Expired,0,2026-08-01
POL0001484,CUST005049,AGT0013,Travel,2024-02-18,2024-05-06,832.75,31656.86,Quarterly,Expired,0,2026-08-01
POL0001485,CUST000900,AGT0071,Life,2025-09-23,2026-09-09,1554.73,630399.97,Monthly,Active,0,2026-08-01
POL0001486,CUST001732,AGT0070,Life,2024-08-24,2025-09-13,3751.89,819523.09,Monthly,Renewed,1,2026-08-01
POL0001487,CUST004319,AGT0048,Motor,2024-12-14,2025-12-08,2393.3,179470.91,Monthly,Renewed,1,2026-08-01
POL0001488,CUST005751,AGT0037,Home,2026-04-17,2027-03-29,478.33,572025.09,Monthly,Active,0,2026-08-01
POL0001489,CUST004249,AGT0001,Medical,2026-04-04,2027-04-13,2522.44,70389.91,Quarterly,Active,0,2026-08-01
POL0001490,CUST002058,AGT0073,Motor,2025-06-03,2026-06-02,2429.94,31558.38,Semi-Annual,Renewed,1,2026-08-01
POL0001491,CUST001867,AGT0045,Home,2026-03-27,2027-03-25,438.2,414468.02,Monthly,Active,0,2026-08-01
POL0001492,CUST003784,AGT0007,Medical,2024-03-23,2025-02-24,4047.34,438937.32,Annual,Expired,0,2026-08-01
POL0001493,CUST002697,AGT0029,Motor,2024-04-29,2025-05-26,2509.27,77632.31,Monthly,Expired,0,2026-08-01
POL0001494,CUST001243,AGT0067,Life,2026-05-05,2027-04-23,4691.68,1478186.99,Semi-Annual,Active,0,2026-08-01
POL0001495,CUST003770,AGT0073,Motor,2026-03-07,2027-03-08,2382.45,22286.3,Monthly,Active,0,2026-08-01
POL0001496,CUST002607,AGT0051,Motor,2023-08-02,2024-07-06,2239.04,107570.59,Monthly,Renewed,1,2026-08-01
POL0001497,CUST005851,AGT0012,Motor,2023-01-09,2023-12-05,2251.61,176271.6,Monthly,Expired,0,2026-08-01
POL0001498,CUST000177,AGT0013,Life,2023-08-17,2024-08-28,4851.63,776743.64,Quarterly,Expired,0,2026-08-01
POL0001499,CUST004459,AGT0027,Motor,2025-09-17,2026-08-21,926.35,101249.3,Annual,Active,0,2026-08-01
POL0001500,CUST004789,AGT0062,Motor,2023-11-01,2024-11-10,1519.21,71107.28,Quarterly,Renewed,1,2026-08-01
POL0001501,CUST004819,AGT0062,Medical,2026-07-14,2027-06-12,4500.32,410118.17,Annual,Active,0,2026-08-01
POL0001502,CUST004201,AGT0060,Motor,2023-10-31,2024-10-16,1166.3,168842.52,Monthly,Expired,0,2026-08-01
POL0001503,CUST005867,AGT0019,Medical,2023-08-11,2024-09-03,2262.11,242198.44,Monthly,Renewed,1,2026-08-01
POL0001504,CUST001856,AGT0025,Medical,2023-04-03,2024-04-03,3154.13,460769.25,Monthly,Expired,0,2026-08-01
POL0001505,CUST002287,AGT0026,Motor,2026-05-26,2027-05-11,1560.59,42338.21,Monthly,Active,0,2026-08-01
POL0001506,CUST005606,AGT0059,Motor,2024-02-09,2025-01-11,2271.4,127985.08,Quarterly,Renewed,1,2026-08-01
POL0001507,CUST000415,AGT0062,Motor,2025-12-11,2026-12-31,2552.18,69199.03,Quarterly,Active,0,2026-08-01
POL0001508,CUST004960,AGT0003,Medical,2024-12-18,2025-12-20,1448.27,97678.15,Monthly,Renewed,1,2026-08-01
POL0001509,CUST004482,AGT0057,Travel,2023-07-28,2023-09-01,74.36,100216.6,Monthly,Expired,0,2026-08-01
POL0001510,CUST003534,AGT0032,Motor,2023-10-19,2024-11-03,2193.85,106944.72,Monthly,Renewed,1,2026-08-01
POL0001511,CUST000727,AGT0029,Motor,2023-04-20,2024-05-14,934.27,110765.95,Monthly,Expired,0,2026-08-01
POL0001512,CUST003668,AGT0041,Motor,2023-05-20,2024-05-28,1231.77,138010.32,Semi-Annual,Renewed,1,2026-08-01
POL0001513,CUST002632,AGT0038,Life,2025-11-18,2026-11-14,3226.27,765963.08,Quarterly,Active,0,2026-08-01
POL0001514,CUST000526,AGT0079,Medical,2025-04-30,2026-05-06,2253.94,221420.5,Monthly,Renewed,1,2026-08-01
POL0001515,CUST004431,AGT0045,Life,2023-07-28,2024-08-17,4962.61,1137703.28,Annual,Expired,0,2026-08-01
POL0001516,CUST004875,AGT0067,Life,2024-07-02,2025-06-15,2806.39,1112853.34,Semi-Annual,Cancelled,0,2026-08-01
POL0001517,CUST003351,AGT0072,Motor,2023-10-26,2024-11-03,1893.12,104312.83,Monthly,Renewed,1,2026-08-01
POL0001518,CUST000978,AGT0079,Medical,2025-05-03,2026-05-02,3922.42,328958.1,Monthly,Expired,0,2026-08-01
POL0001519,CUST002203,AGT0053,Home,2023-06-20,2024-06-01,332.59,497048.76,Monthly,Expired,0,2026-08-01
POL0001520,CUST003245,AGT0076,Motor,2023-11-21,2024-10-31,1461.24,120164.45,Quarterly,Renewed,1,2026-08-01
POL0001521,CUST003087,AGT0048,Medical,2025-05-27,2026-05-30,1215.47,229800.15,Monthly,Expired,0,2026-08-01
POL0001522,CUST003550,AGT0030,Medical,2025-09-15,2026-08-22,4215.61,416238.33,Monthly,Active,0,2026-08-01
POL0001523,CUST001472,AGT0065,Motor,2026-06-18,2027-05-31,905.33,133100.6,Annual,Active,0,2026-08-01
POL0001524,CUST004778,AGT0071,Travel,2026-06-25,2026-07-03,740.53,112686.25,Annual,Renewed,1,2026-08-01
POL0001525,CUST000445,AGT0025,Motor,2025-07-19,2026-06-27,2325.57,176962.94,Quarterly,Renewed,1,2026-08-01
POL0001526,CUST005919,AGT0078,Motor,2023-12-08,2024-11-22,1730.13,100712.32,Annual,Renewed,1,2026-08-01
POL0001527,CUST002475,AGT0036,Life,2025-12-16,2026-12-02,6668.34,1430685.29,Monthly,Active,0,2026-08-01
POL0001528,CUST004975,AGT0019,Home,2025-04-15,2026-03-14,849.79,405041.96,Annual,Expired,0,2026-08-01
POL0001529,CUST000350,AGT0055,Motor,2026-06-11,2027-05-26,1344.62,165581.77,Annual,Active,0,2026-08-01
POL0001530,CUST004016,AGT0020,Life,2025-09-26,2026-10-04,1861.71,892363.5,Annual,Active,0,2026-08-01
POL0001531,CUST005878,AGT0033,Motor,2025-11-18,2026-11-15,2109.6,111216.26,Semi-Annual,Active,0,2026-08-01
POL0001532,CUST005764,AGT0043,Life,2024-12-11,2025-11-30,3666.76,1324319.78,Annual,Expired,0,2026-08-01
POL0001533,CUST002686,AGT0039,Medical,2025-11-21,2026-11-28,5110.22,479507.77,Monthly,Active,0,2026-08-01
POL0001534,CUST002245,AGT0010,Medical,2024-01-16,2024-12-23,4655.09,139804.35,Monthly,Cancelled,0,2026-08-01
POL0001535,CUST005295,AGT0013,Home,2023-04-23,2024-05-20,1068.99,186485.73,Annual,Renewed,1,2026-08-01
POL0001536,CUST003827,AGT0007,Life,2023-10-08,2024-09-06,3819.11,1187942.55,Quarterly,Expired,0,2026-08-01
POL0001537,CUST005711,AGT0049,Motor,2025-01-11,2026-01-06,1223.78,77313.08,Monthly,Renewed,1,2026-08-01
POL0001538,CUST001406,AGT0080,Home,2025-04-25,2026-05-12,528.84,193302.02,Annual,Expired,0,2026-08-01
POL0001539,CUST002697,AGT0052,Motor,2024-10-10,2025-10-25,1235.26,56939.37,Semi-Annual,Renewed,1,2026-08-01
POL0001540,CUST001877,AGT0045,Life,2024-09-19,2025-09-14,4393.9,587924.78,Quarterly,Renewed,1,2026-08-01
POL0001541,CUST002523,AGT0069,Life,2023-09-17,2024-09-13,2023.07,1182174.82,Monthly,Expired,0,2026-08-01
POL0001542,CUST005237,AGT0002,Travel,2025-12-30,2026-03-24,758.45,29583.72,Monthly,Renewed,1,2026-08-01
POL0001543,CUST005361,AGT0007,Medical,2023-10-31,2024-10-23,5064.4,277986.06,Annual,Renewed,1,2026-08-01
POL0001544,CUST003572,AGT0080,Life,2023-04-27,2024-03-24,2745.33,124540.51,Monthly,Cancelled,0,2026-08-01
POL0001545,CUST000209,AGT0072,Life,2023-07-18,2024-07-09,4937.82,1078117.0,Semi-Annual,Expired,0,2026-08-01
POL0001546,CUST002651,AGT0045,Medical,2023-02-12,2024-01-10,2722.97,483498.81,Monthly,Renewed,1,2026-08-01
POL0001547,CUST002924,AGT0007,Home,2026-07-26,2027-08-17,1085.01,372614.35,Monthly,Active,0,2026-08-01
POL0001548,CUST004283,AGT0016,Motor,2024-04-29,2025-04-08,2186.71,167679.48,Quarterly,Expired,0,2026-08-01
POL0001549,CUST001612,AGT0060,Motor,2025-11-03,2026-10-08,1896.47,161556.59,Annual,Active,0,2026-08-01
POL0001550,CUST003472,AGT0019,Life,2024-09-11,2025-09-17,5058.88,587564.84,Monthly,Expired,0,2026-08-01
POL0001551,CUST004517,AGT0048,Motor,2026-04-14,2027-03-29,1061.32,53323.57,Monthly,Active,0,2026-08-01
POL0001552,CUST003418,AGT0061,Travel,2025-04-15,2025-04-30,249.1,62917.14,Quarterly,Expired,0,2026-08-01
POL0001553,CUST005021,AGT0033,Medical,2023-11-14,2024-11-25,4631.84,461985.7,Quarterly,Expired,0,2026-08-01
POL0001554,CUST001516,AGT0038,Medical,2023-05-30,2024-05-28,5071.82,241514.35,Semi-Annual,Expired,0,2026-08-01
POL0001555,CUST003721,AGT0074,Life,2023-08-12,2024-07-26,4419.2,797680.61,Quarterly,Expired,0,2026-08-01
POL0001556,CUST002734,AGT0079,Travel,2025-02-06,2025-04-12,223.95,39031.58,Monthly,Renewed,1,2026-08-01
POL0001557,CUST002442,AGT0037,Life,2023-02-07,2024-01-03,4165.41,419483.97,Monthly,Renewed,1,2026-08-01
POL0001558,CUST002546,AGT0017,Motor,2025-11-28,2026-12-21,1654.99,168197.87,Monthly,Active,0,2026-08-01
POL0001559,CUST003330,AGT0002,Medical,2024-01-10,2024-12-19,3785.42,461450.92,Monthly,Expired,0,2026-08-01
POL0001560,CUST003079,AGT0015,Life,2026-04-03,2027-03-29,3100.73,514904.79,Monthly,Active,0,2026-08-01
POL0001561,CUST003445,AGT0042,Home,2023-06-06,2024-05-02,1620.81,654160.05,Annual,Renewed,1,2026-08-01
POL0001562,CUST005761,AGT0079,Life,2026-03-21,2027-03-19,6874.32,1061384.54,Monthly,Active,0,2026-08-01
POL0001563,CUST003811,AGT0043,Life,2026-02-17,2027-02-01,6484.54,690470.95,Quarterly,Active,0,2026-08-01
POL0001564,CUST003281,AGT0079,Medical,2024-11-08,2025-11-06,5152.53,371209.27,Quarterly,Expired,0,2026-08-01
POL0001565,CUST005534,AGT0060,Medical,2024-09-16,2025-09-02,1578.7,452852.77,Quarterly,Renewed,1,2026-08-01
POL0001566,CUST001428,AGT0007,Medical,2026-03-21,2027-04-05,2057.29,398525.96,Semi-Annual,Active,0,2026-08-01
POL0001567,CUST001495,AGT0029,Motor,2025-12-01,2026-12-28,2177.09,108096.75,Quarterly,Active,0,2026-08-01
POL0001568,CUST000699,AGT0047,Motor,2024-12-03,2025-12-10,1639.51,121641.38,Monthly,Cancelled,0,2026-08-01
POL0001569,CUST001210,AGT0006,Life,2024-03-10,2025-03-28,6772.37,1272881.56,Monthly,Expired,0,2026-08-01
POL0001570,CUST000469,AGT0002,Medical,2023-04-06,2024-03-31,1625.26,387382.01,Monthly,Expired,0,2026-08-01
POL0001571,CUST001142,AGT0028,Motor,2026-04-29,2027-04-02,1353.54,170243.32,Quarterly,Cancelled,0,2026-08-01
POL0001572,CUST003935,AGT0072,Travel,2026-06-26,2026-08-09,570.3,129151.75,Monthly,Active,0,2026-08-01
POL0001573,CUST004184,AGT0049,Motor,2026-02-13,2027-01-17,1537.59,29164.27,Annual,Active,0,2026-08-01
POL0001574,CUST003887,AGT0042,Life,2023-01-04,2023-12-02,3299.78,1103180.61,Monthly,Expired,0,2026-08-01
POL0001575,CUST005430,AGT0044,Travel,2024-01-09,2024-04-04,495.72,37406.7,Quarterly,Renewed,1,2026-08-01
POL0001576,CUST005146,AGT0044,Travel,2024-07-20,2024-09-22,695.81,128386.18,Annual,Renewed,1,2026-08-01
POL0001577,CUST001961,AGT0068,Travel,2023-03-02,2023-05-24,402.07,33009.07,Annual,Cancelled,0,2026-08-01
POL0001578,CUST001139,AGT0026,Travel,2024-12-08,2025-01-08,87.16,57389.19,Semi-Annual,Renewed,1,2026-08-01
POL0001579,CUST002525,AGT0022,Medical,2024-12-11,2025-12-17,4284.18,191611.99,Monthly,Renewed,1,2026-08-01
POL0001580,CUST005565,AGT0023,Life,2023-11-20,2024-11-03,5385.94,1405966.38,Annual,Renewed,1,2026-08-01
POL0001581,CUST005810,AGT0046,Travel,2025-01-11,2025-02-12,459.47,148460.67,Annual,Cancelled,0,2026-08-01
POL0001582,CUST001229,AGT0022,Medical,2024-12-13,2025-12-12,3533.27,292437.96,Quarterly,Renewed,1,2026-08-01
POL0001583,CUST000872,AGT0079,Life,2025-04-13,2026-03-18,3336.37,830875.63,Monthly,Expired,0,2026-08-01
POL0001584,CUST004426,AGT0056,Motor,2023-11-03,2024-11-02,990.45,106449.13,Monthly,Renewed,1,2026-08-01
POL0001585,CUST005278,AGT0026,Life,2023-07-03,2024-06-14,5824.15,996167.64,Quarterly,Renewed,1,2026-08-01
POL0001586,CUST005702,AGT0021,Motor,2024-02-29,2025-03-01,1507.66,31015.33,Monthly,Renewed,1,2026-08-01
POL0001587,CUST005756,AGT0035,Life,2023-01-23,2024-01-16,6915.16,515052.26,Monthly,Renewed,1,2026-08-01
POL0001588,CUST001697,AGT0069,Medical,2025-06-28,2026-06-14,5104.51,325329.21,Semi-Annual,Expired,0,2026-08-01
POL0001589,CUST004798,AGT0080,Motor,2023-12-14,2024-12-07,1374.98,57556.02,Monthly,Renewed,1,2026-08-01
POL0001590,CUST004044,AGT0043,Medical,2024-02-21,2025-01-20,1818.92,324188.87,Monthly,Cancelled,0,2026-08-01
POL0001591,CUST002019,AGT0012,Life,2023-03-09,2024-04-06,5604.13,1360990.97,Semi-Annual,Expired,0,2026-08-01
POL0001592,CUST000096,AGT0004,Home,2024-11-16,2025-11-19,1446.81,710128.24,Monthly,Expired,0,2026-08-01
POL0001593,CUST003922,AGT0046,Motor,2023-02-16,2024-01-14,856.98,105384.11,Annual,Expired,0,2026-08-01
POL0001594,CUST002169,AGT0050,Motor,2024-09-12,2025-08-17,1766.97,64621.34,Annual,Expired,0,2026-08-01
POL0001595,CUST001749,AGT0030,Life,2023-12-11,2024-11-05,2845.94,676255.86,Annual,Renewed,1,2026-08-01
POL0001596,CUST000058,AGT0072,Life,2025-04-02,2026-03-14,1489.98,220317.51,Monthly,Expired,0,2026-08-01
POL0001597,CUST000726,AGT0004,Medical,2026-07-29,2027-08-23,2807.29,115280.74,Monthly,Cancelled,0,2026-08-01
POL0001598,CUST001141,AGT0025,Life,2025-01-06,2026-01-18,1972.15,1498010.28,Monthly,Expired,0,2026-08-01
POL0001599,CUST000645,AGT0061,Travel,2025-11-16,2026-02-04,283.72,139184.88,Annual,Expired,0,2026-08-01
POL0001600,CUST005700,AGT0020,Motor,2023-09-16,2024-09-11,1819.52,118806.95,Annual,Expired,0,2026-08-01
POL0001601,CUST000057,AGT0016,Medical,2024-04-17,2025-04-01,2041.52,333119.67,Monthly,Renewed,1,2026-08-01
POL0001602,CUST002333,AGT0059,Motor,2025-12-02,2026-11-22,1453.52,64899.43,Monthly,Active,0,2026-08-01
POL0001603,CUST005871,AGT0072,Home,2024-05-06,2025-04-22,1363.52,401016.22,Monthly,Renewed,1,2026-08-01
POL0001604,CUST000706,AGT0015,Travel,2026-04-22,2026-07-02,697.46,46660.14,Monthly,Cancelled,0,2026-08-01
POL0001605,CUST003931,AGT0034,Medical,2026-04-30,2027-05-04,2930.8,477654.65,Monthly,Active,0,2026-08-01
POL0001606,CUST001502,AGT0078,Home,2025-09-02,2026-09-21,1184.59,748425.65,Monthly,Active,0,2026-08-01
POL0001607,CUST001928,AGT0012,Motor,2025-05-15,2026-04-23,1394.58,66992.02,Semi-Annual,Cancelled,0,2026-08-01
POL0001608,CUST002666,AGT0012,Life,2024-03-24,2025-04-17,6333.43,607585.22,Semi-Annual,Renewed,1,2026-08-01
POL0001609,CUST003475,AGT0020,Travel,2025-12-29,2026-03-11,124.22,21438.66,Monthly,Renewed,1,2026-08-01
POL0001610,CUST004566,AGT0039,Travel,2026-07-15,2026-08-21,136.97,54824.04,Monthly,Active,0,2026-08-01
POL0001611,CUST003715,AGT0067,Life,2026-02-03,2027-01-16,1419.15,471440.39,Quarterly,Active,0,2026-08-01
POL0001612,CUST000124,AGT0035,Motor,2024-03-28,2025-04-01,983.57,44588.57,Semi-Annual,Expired,0,2026-08-01
POL0001613,CUST001098,AGT0030,Motor,2023-08-10,2024-07-08,1931.73,166462.6,Monthly,Expired,0,2026-08-01
POL0001614,CUST003766,AGT0068,Motor,2026-04-10,2027-03-18,2596.96,23705.71,Monthly,Active,0,2026-08-01
POL0001615,CUST001734,AGT0021,Travel,2023-01-22,2023-03-18,535.22,92884.21,Annual,Expired,0,2026-08-01
POL0001616,CUST000359,AGT0030,Medical,2025-11-07,2026-12-05,2070.39,237784.68,Monthly,Active,0,2026-08-01
POL0001617,CUST003284,AGT0020,Medical,2023-12-17,2024-12-29,4436.11,230144.69,Annual,Renewed,1,2026-08-01
POL0001618,CUST001903,AGT0009,Motor,2025-10-02,2026-09-12,1438.21,44086.44,Quarterly,Cancelled,0,2026-08-01
POL0001619,CUST005039,AGT0047,Medical,2025-02-15,2026-03-15,3494.7,406917.0,Quarterly,Expired,0,2026-08-01
POL0001620,CUST005338,AGT0078,Medical,2023-06-01,2024-05-27,2849.3,195848.68,Monthly,Renewed,1,2026-08-01
POL0001621,CUST000778,AGT0021,Medical,2026-04-02,2027-04-08,3146.2,357967.02,Semi-Annual,Active,0,2026-08-01
POL0001622,CUST004664,AGT0006,Medical,2026-05-07,2027-05-25,1443.54,192127.32,Quarterly,Active,0,2026-08-01
POL0001623,CUST005151,AGT0075,Motor,2024-02-08,2025-01-09,2474.73,165356.24,Monthly,Expired,0,2026-08-01
POL0001624,CUST003844,AGT0009,Motor,2023-07-27,2024-07-04,1349.67,56386.18,Annual,Expired,0,2026-08-01
POL0001625,CUST003654,AGT0004,Home,2026-01-16,2027-01-24,1201.47,762444.41,Semi-Annual,Active,0,2026-08-01
POL0001626,CUST002784,AGT0059,Life,2024-07-25,2025-07-18,1242.71,1140932.89,Annual,Renewed,1,2026-08-01
POL0001627,CUST002938,AGT0013,Life,2025-05-15,2026-04-16,3867.99,1318149.57,Monthly,Expired,0,2026-08-01
POL0001628,CUST000474,AGT0080,Home,2025-12-13,2026-11-17,1450.21,889131.17,Monthly,Active,0,2026-08-01
POL0001629,CUST000864,AGT0035,Medical,2025-05-05,2026-04-12,3572.06,309992.18,Monthly,Renewed,1,2026-08-01
POL0001630,CUST004105,AGT0054,Life,2024-09-12,2025-09-09,3047.22,1121901.17,Monthly,Expired,0,2026-08-01
POL0001631,CUST003300,AGT0017,Medical,2025-07-25,2026-07-09,3732.45,306739.14,Annual,Expired,0,2026-08-01
POL0001632,CUST001044,AGT0017,Motor,2023-04-18,2024-05-12,2231.91,163089.84,Monthly,Expired,0,2026-08-01
POL0001633,CUST002122,AGT0063,Medical,2024-10-30,2025-09-28,1664.14,327622.3,Monthly,Renewed,1,2026-08-01
POL0001634,CUST003878,AGT0041,Travel,2025-03-01,2025-04-22,112.02,130000.64,Quarterly,Expired,0,2026-08-01
POL0001635,CUST001134,AGT0074,Medical,2025-05-30,2026-05-19,2938.83,169063.57,Annual,Renewed,1,2026-08-01
POL0001636,CUST001265,AGT0074,Motor,2023-10-16,2024-09-18,1587.35,27197.61,Monthly,Cancelled,0,2026-08-01
POL0001637,CUST005280,AGT0049,Travel,2025-11-02,2025-12-25,96.95,32847.81,Annual,Cancelled,0,2026-08-01
POL0001638,CUST002749,AGT0063,Motor,2024-03-06,2025-03-21,2023.77,124414.36,Annual,Renewed,1,2026-08-01
POL0001639,CUST002764,AGT0069,Life,2025-02-09,2026-01-08,4572.32,1269512.39,Monthly,Renewed,1,2026-08-01
POL0001640,CUST000441,AGT0047,Life,2025-07-11,2026-07-11,3013.69,439097.69,Semi-Annual,Expired,0,2026-08-01
POL0001641,CUST000479,AGT0065,Motor,2023-02-21,2024-02-18,1298.92,114443.37,Semi-Annual,Renewed,1,2026-08-01
POL0001642,CUST003897,AGT0003,Motor,2026-06-01,2027-04-30,1319.73,104047.72,Monthly,Active,0,2026-08-01
POL0001643,CUST001813,AGT0013,Medical,2024-10-29,2025-10-08,1476.81,346514.17,Annual,Expired,0,2026-08-01
POL0001644,CUST001678,AGT0038,Life,2023-01-11,2023-12-31,6584.74,422673.91,Semi-Annual,Renewed,1,2026-08-01
POL0001645,CUST001090,AGT0007,Travel,2025-02-19,2025-03-20,107.51,48872.53,Annual,Renewed,1,2026-08-01
POL0001646,CUST004521,AGT0037,Travel,2023-12-05,2024-02-22,94.29,121341.85,Semi-Annual,Renewed,1,2026-08-01
POL0001647,CUST005636,AGT0051,Motor,2026-02-18,2027-02-15,2208.34,27760.15,Monthly,Active,0,2026-08-01
POL0001648,CUST001564,AGT0030,Motor,2023-08-04,2024-08-16,1626.91,131038.24,Semi-Annual,Expired,0,2026-08-01
POL0001649,CUST001459,AGT0079,Life,2023-01-07,2023-12-13,5905.21,200144.98,Annual,Cancelled,0,2026-08-01
POL0001650,CUST004679,AGT0070,Life,2025-08-06,2026-07-06,4156.06,244439.09,Annual,Renewed,1,2026-08-01
POL0001651,CUST003039,AGT0067,Motor,2023-03-05,2024-03-25,2417.8,58857.82,Quarterly,Renewed,1,2026-08-01
POL0001652,CUST004766,AGT0057,Motor,2023-09-18,2024-08-28,1428.31,74633.91,Quarterly,Renewed,1,2026-08-01
POL0001653,CUST004474,AGT0050,Motor,2024-04-25,2025-04-23,1853.78,177884.85,Semi-Annual,Renewed,1,2026-08-01
POL0001654,CUST004774,AGT0053,Medical,2026-02-13,2027-01-13,1923.78,255378.75,Monthly,Active,0,2026-08-01
POL0001655,CUST000952,AGT0009,Life,2025-11-15,2026-12-15,3800.54,700565.54,Monthly,Active,0,2026-08-01
POL0001656,CUST003211,AGT0076,Home,2025-02-25,2026-03-09,499.13,712089.33,Quarterly,Expired,0,2026-08-01
POL0001657,CUST002625,AGT0063,Motor,2024-09-25,2025-10-24,1697.07,63153.94,Annual,Renewed,1,2026-08-01
POL0001658,CUST005202,AGT0024,Medical,2025-05-27,2026-06-23,2931.17,318644.89,Semi-Annual,Expired,0,2026-08-01
POL0001659,CUST003920,AGT0055,Medical,2024-02-03,2025-01-14,1111.15,364924.01,Monthly,Renewed,1,2026-08-01
POL0001660,CUST004471,AGT0034,Medical,2026-03-03,2027-02-23,1380.71,435273.62,Monthly,Active,0,2026-08-01
POL0001661,CUST005292,AGT0075,Motor,2025-06-25,2026-07-18,1814.16,39583.43,Monthly,Cancelled,0,2026-08-01
POL0001662,CUST004144,AGT0043,Motor,2025-02-03,2026-02-02,2090.02,124772.66,Annual,Renewed,1,2026-08-01
POL0001663,CUST003925,AGT0057,Motor,2024-10-21,2025-11-02,1990.72,20763.36,Monthly,Expired,0,2026-08-01
POL0001664,CUST003179,AGT0016,Life,2025-04-04,2026-03-30,5376.41,795515.22,Quarterly,Expired,0,2026-08-01
POL0001665,CUST000481,AGT0009,Life,2025-01-19,2026-01-12,3975.07,604894.54,Semi-Annual,Expired,0,2026-08-01
POL0001666,CUST004325,AGT0073,Life,2025-06-12,2026-06-03,3174.49,1240616.7,Annual,Expired,0,2026-08-01
POL0001667,CUST001930,AGT0049,Medical,2024-07-13,2025-07-31,3885.78,377238.69,Monthly,Expired,0,2026-08-01
POL0001668,CUST000740,AGT0054,Medical,2024-01-25,2025-01-21,2136.83,361178.52,Monthly,Expired,0,2026-08-01
POL0001669,CUST002106,AGT0033,Motor,2025-08-05,2026-07-28,1932.46,47125.86,Monthly,Renewed,1,2026-08-01
POL0001670,CUST002083,AGT0051,Motor,2024-02-04,2025-02-01,964.22,69618.94,Monthly,Renewed,1,2026-08-01
POL0001671,CUST002330,AGT0034,Motor,2023-01-21,2024-01-18,1767.95,66023.21,Monthly,Renewed,1,2026-08-01
POL0001672,CUST001681,AGT0051,Motor,2023-04-06,2024-03-15,2094.31,51042.03,Semi-Annual,Renewed,1,2026-08-01
POL0001673,CUST005650,AGT0051,Home,2023-01-03,2023-12-23,774.7,425448.42,Monthly,Expired,0,2026-08-01
POL0001674,CUST005302,AGT0018,Home,2024-11-14,2025-11-20,1677.61,428657.99,Semi-Annual,Cancelled,0,2026-08-01
POL0001675,CUST000215,AGT0072,Travel,2025-06-11,2025-08-07,117.64,65486.76,Annual,Renewed,1,2026-08-01
POL0001676,CUST002981,AGT0076,Life,2024-01-11,2025-01-01,2740.67,1211720.45,Quarterly,Renewed,1,2026-08-01
POL0001677,CUST001814,AGT0061,Life,2023-02-04,2024-02-28,5122.8,1066808.37,Annual,Expired,0,2026-08-01
POL0001678,CUST005094,AGT0002,Life,2025-04-19,2026-05-19,5991.24,1212921.8,Quarterly,Renewed,1,2026-08-01
POL0001679,CUST002955,AGT0002,Life,2024-03-16,2025-02-18,1857.72,1231556.88,Quarterly,Expired,0,2026-08-01
POL0001680,CUST003806,AGT0065,Motor,2025-11-07,2026-10-16,978.21,55312.81,Monthly,Active,0,2026-08-01
POL0001681,CUST000519,AGT0012,Home,2024-04-23,2025-04-26,997.95,855912.95,Semi-Annual,Expired,0,2026-08-01
POL0001682,CUST004279,AGT0079,Life,2025-04-29,2026-04-12,3203.15,1010682.58,Annual,Expired,0,2026-08-01
POL0001683,CUST002902,AGT0030,Motor,2025-03-13,2026-02-13,1789.6,147724.34,Monthly,Expired,0,2026-08-01
POL0001684,CUST005252,AGT0015,Medical,2024-01-06,2025-01-22,4539.2,467756.16,Semi-Annual,Renewed,1,2026-08-01
POL0001685,CUST000643,AGT0055,Travel,2025-10-06,2025-10-31,288.13,125982.93,Quarterly,Expired,0,2026-08-01
POL0001686,CUST001818,AGT0055,Home,2025-12-02,2026-11-12,315.32,538883.09,Annual,Active,0,2026-08-01
POL0001687,CUST005027,AGT0051,Medical,2025-12-10,2026-11-19,3817.71,265950.37,Monthly,Active,0,2026-08-01
POL0001688,CUST001405,AGT0062,Medical,2024-02-21,2025-03-11,3363.46,296574.36,Monthly,Cancelled,0,2026-08-01
POL0001689,CUST001621,AGT0041,Motor,2024-01-02,2024-11-29,1728.12,159916.01,Quarterly,Expired,0,2026-08-01
POL0001690,CUST001814,AGT0026,Medical,2024-01-14,2024-12-10,4293.72,79770.88,Quarterly,Cancelled,0,2026-08-01
POL0001691,CUST003139,AGT0035,Motor,2023-08-01,2024-08-14,2329.99,81911.55,Monthly,Expired,0,2026-08-01
POL0001692,CUST000328,AGT0051,Motor,2026-02-23,2027-01-31,1059.91,65489.99,Monthly,Active,0,2026-08-01
POL0001693,CUST003710,AGT0064,Medical,2026-07-05,2027-07-13,4494.72,250931.78,Monthly,Active,0,2026-08-01
POL0001694,CUST004859,AGT0035,Medical,2025-12-15,2026-12-06,3271.7,320969.76,Monthly,Active,0,2026-08-01
POL0001695,CUST001835,AGT0008,Travel,2023-02-27,2023-05-27,748.14,120420.78,Monthly,Renewed,1,2026-08-01
POL0001696,CUST001028,AGT0033,Medical,2026-05-19,2027-06-15,3384.51,53821.63,Annual,Active,0,2026-08-01
POL0001697,CUST002108,AGT0048,Medical,2025-11-29,2026-12-04,4756.01,244212.63,Quarterly,Active,0,2026-08-01
POL0001698,CUST003873,AGT0062,Medical,2023-03-30,2024-03-10,4496.09,180645.0,Annual,Renewed,1,2026-08-01
POL0001699,CUST003064,AGT0065,Travel,2023-01-27,2023-04-22,317.43,115708.52,Monthly,Renewed,1,2026-08-01
POL0001700,CUST003623,AGT0064,Medical,2023-11-24,2024-10-28,3701.78,173495.27,Annual,Expired,0,2026-08-01
POL0001701,CUST004833,AGT0022,Medical,2024-09-26,2025-09-02,3385.84,155369.44,Annual,Expired,0,2026-08-01
POL0001702,CUST005688,AGT0002,Motor,2024-04-05,2025-03-27,1763.16,47658.97,Annual,Cancelled,0,2026-08-01
POL0001703,CUST002717,AGT0017,Motor,2025-04-18,2026-04-03,997.62,100510.74,Annual,Expired,0,2026-08-01
POL0001704,CUST004564,AGT0010,Home,2025-06-25,2026-07-24,335.51,122718.81,Annual,Expired,0,2026-08-01
POL0001705,CUST002946,AGT0054,Motor,2024-09-16,2025-09-13,1416.35,131636.09,Semi-Annual,Cancelled,0,2026-08-01
POL0001706,CUST000830,AGT0022,Medical,2024-05-10,2025-05-01,3090.91,447920.29,Annual,Renewed,1,2026-08-01
POL0001707,CUST003576,AGT0015,Motor,2025-01-08,2026-01-14,1794.48,51346.46,Monthly,Expired,0,2026-08-01
POL0001708,CUST005718,AGT0044,Medical,2023-05-16,2024-05-09,3175.0,272767.9,Monthly,Renewed,1,2026-08-01
POL0001709,CUST002552,AGT0040,Life,2023-02-03,2024-02-08,2045.14,1332336.09,Monthly,Renewed,1,2026-08-01
POL0001710,CUST003242,AGT0057,Life,2025-11-03,2026-10-26,5941.01,1293489.99,Annual,Active,0,2026-08-01
POL0001711,CUST004357,AGT0074,Travel,2023-07-21,2023-08-11,628.77,121653.98,Monthly,Renewed,1,2026-08-01
POL0001712,CUST004980,AGT0007,Motor,2026-07-08,2027-08-02,2354.04,49854.76,Annual,Active,0,2026-08-01
POL0001713,CUST000030,AGT0005,Medical,2024-12-24,2026-01-01,4709.36,246659.07,Quarterly,Renewed,1,2026-08-01
POL0001714,CUST000343,AGT0066,Home,2024-11-20,2025-10-21,1548.39,886277.7,Annual,Renewed,1,2026-08-01
POL0001715,CUST002899,AGT0073,Medical,2025-12-17,2026-11-13,3790.0,158923.88,Quarterly,Active,0,2026-08-01
POL0001716,CUST000672,AGT0027,Travel,2023-09-28,2023-10-31,407.67,37334.9,Annual,Expired,0,2026-08-01
POL0001717,CUST005539,AGT0016,Life,2024-12-17,2025-12-03,4883.92,678477.12,Annual,Renewed,1,2026-08-01
POL0001718,CUST004228,AGT0024,Motor,2024-09-01,2025-09-01,1245.58,44186.56,Annual,Renewed,1,2026-08-01
POL0001719,CUST003696,AGT0039,Home,2024-10-14,2025-10-16,1683.03,466038.57,Annual,Cancelled,0,2026-08-01
POL0001720,CUST003503,AGT0001,Medical,2026-04-22,2027-05-13,3657.13,328617.85,Annual,Active,0,2026-08-01
POL0001721,CUST002919,AGT0011,Life,2026-07-15,2027-06-30,4672.77,653114.65,Quarterly,Active,0,2026-08-01
POL0001722,CUST000299,AGT0003,Motor,2024-06-14,2025-06-23,1844.9,60446.45,Monthly,Expired,0,2026-08-01
POL0001723,CUST004633,AGT0057,Life,2024-05-24,2025-06-20,5165.09,744563.04,Quarterly,Cancelled,0,2026-08-01
POL0001724,CUST002870,AGT0036,Medical,2023-12-17,2024-11-24,3879.27,405845.39,Monthly,Renewed,1,2026-08-01
POL0001725,CUST002359,AGT0080,Motor,2024-05-18,2025-06-15,879.78,150821.16,Quarterly,Renewed,1,2026-08-01
POL0001726,CUST002620,AGT0036,Home,2024-07-18,2025-08-14,936.25,85066.57,Monthly,Expired,0,2026-08-01
POL0001727,CUST002804,AGT0025,Motor,2023-04-07,2024-03-26,2555.69,27195.86,Monthly,Renewed,1,2026-08-01
POL0001728,CUST005650,AGT0025,Medical,2023-10-30,2024-11-14,4185.0,462772.09,Annual,Renewed,1,2026-08-01
POL0001729,CUST001171,AGT0074,Motor,2025-10-20,2026-09-30,1144.64,56446.53,Monthly,Active,0,2026-08-01
POL0001730,CUST001063,AGT0016,Life,2025-07-25,2026-06-22,3681.15,668847.56,Annual,Renewed,1,2026-08-01
POL0001731,CUST000746,AGT0059,Medical,2023-03-30,2024-03-08,2939.42,100590.81,Monthly,Expired,0,2026-08-01
POL0001732,CUST003725,AGT0071,Life,2026-03-12,2027-02-12,6874.12,568338.46,Monthly,Active,0,2026-08-01
POL0001733,CUST000154,AGT0078,Life,2023-06-27,2024-06-20,6720.12,1165688.59,Annual,Cancelled,0,2026-08-01
POL0001734,CUST004752,AGT0007,Travel,2023-07-31,2023-10-23,120.88,26888.53,Annual,Expired,0,2026-08-01
POL0001735,CUST004390,AGT0054,Home,2023-03-16,2024-04-12,697.76,447666.65,Monthly,Renewed,1,2026-08-01
POL0001736,CUST004254,AGT0065,Travel,2023-07-23,2023-08-03,117.7,100052.27,Annual,Renewed,1,2026-08-01
POL0001737,CUST002810,AGT0055,Medical,2023-09-09,2024-08-19,1816.14,178938.37,Annual,Renewed,1,2026-08-01
POL0001738,CUST002463,AGT0068,Life,2026-03-11,2027-02-23,3805.42,1249691.72,Quarterly,Active,0,2026-08-01
POL0001739,CUST005637,AGT0076,Motor,2024-07-27,2025-07-13,1880.8,20586.76,Annual,Renewed,1,2026-08-01
POL0001740,CUST004984,AGT0071,Motor,2023-09-12,2024-08-13,2261.78,88342.92,Quarterly,Expired,0,2026-08-01
POL0001741,CUST001061,AGT0059,Medical,2023-02-24,2024-02-25,1365.58,433393.36,Monthly,Renewed,1,2026-08-01
POL0001742,CUST001553,AGT0016,Medical,2023-11-19,2024-10-15,2180.78,102493.17,Monthly,Cancelled,0,2026-08-01
POL0001743,CUST001464,AGT0068,Medical,2024-06-21,2025-06-23,3561.65,136399.99,Monthly,Cancelled,0,2026-08-01
POL0001744,CUST002838,AGT0055,Medical,2024-07-29,2025-08-10,2929.95,344836.39,Monthly,Expired,0,2026-08-01
POL0001745,CUST003833,AGT0023,Life,2024-09-20,2025-09-28,2987.63,540288.75,Annual,Renewed,1,2026-08-01
POL0001746,CUST001327,AGT0052,Home,2023-09-19,2024-08-14,566.7,282515.52,Monthly,Renewed,1,2026-08-01
POL0001747,CUST000328,AGT0014,Motor,2023-05-25,2024-06-06,2075.29,103533.0,Annual,Renewed,1,2026-08-01
POL0001748,CUST002312,AGT0067,Medical,2024-09-25,2025-09-22,1986.28,334439.6,Quarterly,Renewed,1,2026-08-01
POL0001749,CUST003021,AGT0052,Motor,2023-03-14,2024-03-30,2032.11,134412.72,Semi-Annual,Renewed,1,2026-08-01
POL0001750,CUST004035,AGT0052,Motor,2026-03-10,2027-03-02,2450.08,81140.47,Annual,Active,0,2026-08-01
POL0001751,CUST000742,AGT0021,Home,2024-02-15,2025-02-11,623.7,563099.94,Annual,Expired,0,2026-08-01
POL0001752,CUST004136,AGT0013,Motor,2025-05-03,2026-04-27,2099.33,166867.54,Monthly,Expired,0,2026-08-01
POL0001753,CUST000969,AGT0035,Motor,2025-04-30,2026-03-30,2241.53,172074.74,Semi-Annual,Renewed,1,2026-08-01
POL0001754,CUST001760,AGT0028,Medical,2023-02-20,2024-02-14,3658.7,334631.48,Monthly,Renewed,1,2026-08-01
POL0001755,CUST003073,AGT0069,Motor,2025-03-04,2026-03-13,1385.93,106066.78,Annual,Expired,0,2026-08-01
POL0001756,CUST000631,AGT0079,Medical,2025-04-04,2026-04-23,2007.59,384089.01,Annual,Renewed,1,2026-08-01
POL0001757,CUST003415,AGT0051,Home,2023-06-15,2024-06-18,1480.71,824998.71,Annual,Expired,0,2026-08-01
POL0001758,CUST000232,AGT0064,Life,2025-01-29,2026-01-18,3090.29,415045.35,Monthly,Renewed,1,2026-08-01
POL0001759,CUST001273,AGT0076,Medical,2023-05-01,2024-04-09,4385.26,217685.03,Monthly,Renewed,1,2026-08-01
POL0001760,CUST003396,AGT0059,Life,2024-08-28,2025-09-14,6076.03,131085.77,Annual,Renewed,1,2026-08-01
POL0001761,CUST001628,AGT0029,Travel,2023-09-02,2023-11-24,747.4,145746.97,Monthly,Renewed,1,2026-08-01
POL0001762,CUST002596,AGT0019,Motor,2024-03-03,2025-02-14,2270.14,150815.76,Semi-Annual,Expired,0,2026-08-01
POL0001763,CUST001705,AGT0023,Life,2026-02-16,2027-03-01,6421.96,207170.39,Annual,Active,0,2026-08-01
POL0001764,CUST003003,AGT0026,Life,2026-03-20,2027-04-09,6593.26,1316626.23,Semi-Annual,Active,0,2026-08-01
POL0001765,CUST000851,AGT0018,Life,2026-05-02,2027-04-24,4063.21,1090342.74,Monthly,Active,0,2026-08-01
POL0001766,CUST000934,AGT0055,Motor,2026-06-08,2027-06-10,1324.33,158036.4,Monthly,Active,0,2026-08-01
POL0001767,CUST005795,AGT0079,Life,2024-11-12,2025-12-10,2296.81,1291575.15,Monthly,Expired,0,2026-08-01
POL0001768,CUST001993,AGT0021,Travel,2026-01-31,2026-03-01,368.96,52175.69,Semi-Annual,Renewed,1,2026-08-01
POL0001769,CUST004154,AGT0035,Life,2026-03-25,2027-04-03,2668.66,508366.89,Annual,Active,0,2026-08-01
POL0001770,CUST000052,AGT0076,Motor,2023-12-28,2025-01-20,2315.8,74103.67,Monthly,Renewed,1,2026-08-01
POL0001771,CUST000666,AGT0074,Motor,2023-06-21,2024-07-16,2314.4,131271.63,Quarterly,Expired,0,2026-08-01
POL0001772,CUST004726,AGT0003,Life,2024-06-01,2025-06-17,3767.91,1023886.3,Annual,Expired,0,2026-08-01
POL0001773,CUST002143,AGT0028,Life,2025-05-09,2026-05-22,5890.47,783259.94,Annual,Renewed,1,2026-08-01
POL0001774,CUST001802,AGT0028,Home,2023-06-04,2024-05-13,1261.44,526302.54,Annual,Renewed,1,2026-08-01
POL0001775,CUST001036,AGT0024,Medical,2025-04-27,2026-05-08,3412.85,252902.61,Annual,Renewed,1,2026-08-01
POL0001776,CUST001599,AGT0076,Motor,2024-03-01,2025-02-17,2259.77,71987.11,Monthly,Renewed,1,2026-08-01
POL0001777,CUST001407,AGT0062,Travel,2024-08-10,2024-11-03,696.08,125829.95,Monthly,Cancelled,0,2026-08-01
POL0001778,CUST004785,AGT0006,Life,2024-05-13,2025-06-12,5837.7,899858.24,Semi-Annual,Renewed,1,2026-08-01
POL0001779,CUST005637,AGT0050,Medical,2025-08-22,2026-08-14,3291.22,394534.66,Monthly,Active,0,2026-08-01
POL0001780,CUST000210,AGT0047,Life,2024-03-07,2025-03-14,3060.11,322807.24,Monthly,Cancelled,0,2026-08-01
POL0001781,CUST000821,AGT0042,Medical,2024-09-12,2025-09-18,2693.3,160982.43,Monthly,Renewed,1,2026-08-01
POL0001782,CUST003765,AGT0058,Motor,2025-04-05,2026-04-10,2025.81,84872.82,Monthly,Renewed,1,2026-08-01
POL0001783,CUST005279,AGT0036,Motor,2026-01-24,2027-02-12,2438.44,55899.47,Annual,Active,0,2026-08-01
POL0001784,CUST001902,AGT0057,Motor,2024-08-21,2025-09-08,2100.81,117640.26,Semi-Annual,Expired,0,2026-08-01
POL0001785,CUST005052,AGT0038,Life,2023-06-27,2024-07-21,5788.21,1100142.15,Monthly,Renewed,1,2026-08-01
POL0001786,CUST000028,AGT0076,Motor,2025-01-01,2026-01-24,1325.55,56330.01,Annual,Expired,0,2026-08-01
POL0001787,CUST004463,AGT0067,Travel,2023-01-23,2023-02-28,406.22,21698.35,Quarterly,Renewed,1,2026-08-01
POL0001788,CUST005659,AGT0005,Motor,2025-05-17,2026-05-08,2144.37,117061.89,Semi-Annual,Renewed,1,2026-08-01
POL0001789,CUST002981,AGT0013,Life,2025-04-24,2026-05-06,6250.78,1473619.02,Semi-Annual,Renewed,1,2026-08-01
POL0001790,CUST003506,AGT0032,Medical,2023-06-18,2024-07-07,3151.32,197290.47,Monthly,Expired,0,2026-08-01
POL0001791,CUST001551,AGT0005,Motor,2024-10-13,2025-09-25,832.89,121491.22,Annual,Expired,0,2026-08-01
POL0001792,CUST004712,AGT0006,Medical,2023-08-23,2024-09-10,4719.94,71576.91,Semi-Annual,Expired,0,2026-08-01
POL0001793,CUST004986,AGT0001,Home,2024-12-24,2026-01-04,445.82,546418.2,Monthly,Expired,0,2026-08-01
POL0001794,CUST005000,AGT0072,Home,2023-03-04,2024-03-02,1094.53,539207.24,Monthly,Expired,0,2026-08-01
POL0001795,CUST005005,AGT0040,Motor,2024-11-13,2025-10-29,1662.66,110763.72,Annual,Renewed,1,2026-08-01
POL0001796,CUST000464,AGT0063,Medical,2024-07-16,2025-07-19,5040.82,268581.74,Annual,Expired,0,2026-08-01
POL0001797,CUST003152,AGT0066,Motor,2023-06-15,2024-06-16,1024.58,92086.46,Annual,Renewed,1,2026-08-01
POL0001798,CUST003056,AGT0014,Medical,2025-08-21,2026-08-04,3789.5,439214.95,Quarterly,Active,0,2026-08-01
POL0001799,CUST000286,AGT0054,Medical,2025-12-29,2026-12-28,2306.22,55968.83,Semi-Annual,Active,0,2026-08-01
POL0001800,CUST004807,AGT0050,Home,2024-12-28,2025-12-29,951.05,387255.49,Quarterly,Cancelled,0,2026-08-01
POL0001801,CUST001158,AGT0080,Life,2024-11-11,2025-12-03,3615.29,683362.09,Annual,Renewed,1,2026-08-01
POL0001802,CUST002550,AGT0070,Motor,2024-04-11,2025-03-18,1427.35,152613.08,Annual,Renewed,1,2026-08-01
POL0001803,CUST000337,AGT0049,Home,2023-12-27,2025-01-03,1620.2,399516.94,Monthly,Expired,0,2026-08-01
POL0001804,CUST004736,AGT0055,Life,2023-01-16,2023-12-17,5384.12,224994.52,Monthly,Expired,0,2026-08-01
POL0001805,CUST001080,AGT0041,Motor,2024-09-18,2025-08-30,2418.1,39605.87,Annual,Expired,0,2026-08-01
POL0001806,CUST003100,AGT0047,Travel,2024-10-27,2025-01-09,699.18,35643.28,Annual,Expired,0,2026-08-01
POL0001807,CUST003051,AGT0047,Medical,2023-02-10,2024-02-16,2750.25,321739.4,Annual,Expired,0,2026-08-01
POL0001808,CUST000576,AGT0071,Medical,2024-03-04,2025-02-12,1258.84,288563.23,Quarterly,Expired,0,2026-08-01
POL0001809,CUST005126,AGT0071,Motor,2025-01-03,2026-01-10,1337.89,59891.69,Annual,Expired,0,2026-08-01
POL0001810,CUST000040,AGT0018,Motor,2023-11-09,2024-12-06,1422.26,50230.1,Annual,Expired,0,2026-08-01
POL0001811,CUST003920,AGT0002,Motor,2025-02-13,2026-02-02,983.46,165527.83,Annual,Renewed,1,2026-08-01
POL0001812,CUST001033,AGT0021,Travel,2024-08-13,2024-09-15,181.79,96173.01,Annual,Expired,0,2026-08-01
POL0001813,CUST003606,AGT0038,Motor,2026-04-30,2027-04-12,841.4,154934.13,Semi-Annual,Active,0,2026-08-01
POL0001814,CUST001355,AGT0018,Medical,2023-08-11,2024-07-30,2842.24,169048.67,Quarterly,Cancelled,0,2026-08-01
POL0001815,CUST004488,AGT0033,Home,2023-02-18,2024-03-14,554.5,469241.22,Annual,Cancelled,0,2026-08-01
POL0001816,CUST003384,AGT0035,Home,2024-02-25,2025-01-28,707.2,290734.48,Annual,Renewed,1,2026-08-01
POL0001817,CUST003840,AGT0077,Travel,2025-11-12,2026-01-26,439.76,40744.48,Semi-Annual,Expired,0,2026-08-01
POL0001818,CUST005923,AGT0036,Travel,2026-04-25,2026-05-03,189.61,70595.12,Monthly,Cancelled,0,2026-08-01
POL0001819,CUST002661,AGT0015,Home,2025-04-02,2026-03-07,398.18,82549.93,Monthly,Cancelled,0,2026-08-01
POL0001820,CUST004554,AGT0033,Travel,2025-03-09,2025-04-30,664.97,135694.24,Annual,Renewed,1,2026-08-01
POL0001821,CUST004893,AGT0003,Medical,2025-08-04,2026-08-07,4718.61,252434.09,Quarterly,Active,0,2026-08-01
POL0001822,CUST001948,AGT0003,Motor,2026-07-17,2027-06-20,1407.73,39772.48,Annual,Active,0,2026-08-01
POL0001823,CUST001862,AGT0051,Motor,2026-05-16,2027-05-01,1632.63,94718.29,Monthly,Active,0,2026-08-01
POL0001824,CUST004236,AGT0021,Medical,2025-03-31,2026-04-18,2210.5,441735.23,Annual,Expired,0,2026-08-01
POL0001825,CUST005569,AGT0051,Motor,2024-04-04,2025-04-02,1631.53,173174.16,Quarterly,Expired,0,2026-08-01
POL0001826,CUST000090,AGT0003,Medical,2023-05-07,2024-05-17,1373.64,50785.16,Monthly,Expired,0,2026-08-01
POL0001827,CUST000698,AGT0026,Motor,2023-08-06,2024-07-18,1627.09,175954.03,Monthly,Expired,0,2026-08-01
POL0001828,CUST001014,AGT0046,Medical,2025-05-20,2026-06-15,2937.81,195622.79,Monthly,Renewed,1,2026-08-01
POL0001829,CUST003827,AGT0044,Medical,2023-04-03,2024-03-22,2289.65,368149.96,Quarterly,Expired,0,2026-08-01
POL0001830,CUST002524,AGT0048,Motor,2026-02-05,2027-03-05,2362.43,140442.9,Annual,Active,0,2026-08-01
POL0001831,CUST003004,AGT0048,Life,2024-09-16,2025-09-07,3636.64,1369055.13,Annual,Renewed,1,2026-08-01
POL0001832,CUST001903,AGT0026,Motor,2026-04-07,2027-04-20,1067.01,85560.46,Quarterly,Active,0,2026-08-01
POL0001833,CUST002555,AGT0029,Medical,2026-01-30,2027-02-01,4152.33,394829.4,Annual,Active,0,2026-08-01
POL0001834,CUST004649,AGT0033,Motor,2024-12-25,2025-12-30,1063.47,129638.65,Annual,Expired,0,2026-08-01
POL0001835,CUST002579,AGT0034,Life,2024-07-13,2025-06-13,1695.16,555558.53,Monthly,Expired,0,2026-08-01
POL0001836,CUST002358,AGT0063,Travel,2023-06-07,2023-08-12,351.4,127398.67,Monthly,Renewed,1,2026-08-01
POL0001837,CUST000254,AGT0012,Motor,2026-06-13,2027-06-06,2235.15,162686.88,Annual,Active,0,2026-08-01
POL0001838,CUST002270,AGT0045,Travel,2025-04-20,2025-05-01,811.54,93692.31,Quarterly,Renewed,1,2026-08-01
POL0001839,CUST004510,AGT0062,Travel,2024-06-27,2024-07-21,579.81,126484.52,Annual,Renewed,1,2026-08-01
POL0001840,CUST000823,AGT0028,Home,2023-07-06,2024-07-20,1642.57,592359.13,Semi-Annual,Renewed,1,2026-08-01
POL0001841,CUST002115,AGT0032,Travel,2026-01-22,2026-03-21,509.24,122586.24,Monthly,Renewed,1,2026-08-01
POL0001842,CUST001712,AGT0055,Medical,2023-03-15,2024-04-09,1799.39,328169.24,Quarterly,Expired,0,2026-08-01
POL0001843,CUST002860,AGT0052,Motor,2025-05-23,2026-05-05,1817.15,130878.39,Monthly,Renewed,1,2026-08-01
POL0001844,CUST004929,AGT0045,Motor,2023-10-04,2024-09-10,2125.5,26012.26,Semi-Annual,Renewed,1,2026-08-01
POL0001845,CUST005086,AGT0035,Motor,2025-04-06,2026-04-06,934.82,35419.12,Monthly,Renewed,1,2026-08-01
POL0001846,CUST002303,AGT0004,Medical,2023-05-07,2024-04-23,2763.05,236059.21,Quarterly,Renewed,1,2026-08-01
POL0001847,CUST003463,AGT0013,Home,2025-11-16,2026-11-06,426.35,727293.47,Monthly,Active,0,2026-08-01
POL0001848,CUST004906,AGT0039,Motor,2024-08-05,2025-08-12,1514.02,30189.2,Annual,Renewed,1,2026-08-01
POL0001849,CUST005109,AGT0057,Medical,2024-07-20,2025-06-17,3363.31,56148.7,Quarterly,Renewed,1,2026-08-01
POL0001850,CUST003616,AGT0017,Home,2026-05-18,2027-05-11,1376.49,258821.59,Annual,Active,0,2026-08-01
POL0001851,CUST000823,AGT0034,Motor,2023-08-30,2024-08-22,1439.73,157652.67,Annual,Expired,0,2026-08-01
POL0001852,CUST002261,AGT0020,Motor,2025-05-13,2026-04-09,1020.18,161945.5,Annual,Expired,0,2026-08-01
POL0001853,CUST001691,AGT0015,Motor,2025-01-14,2026-01-23,1691.08,67100.32,Annual,Cancelled,0,2026-08-01
POL0001854,CUST004081,AGT0072,Motor,2025-06-26,2026-07-15,1032.67,129090.0,Monthly,Renewed,1,2026-08-01
POL0001855,CUST001368,AGT0075,Medical,2025-05-06,2026-06-02,1406.32,366532.42,Monthly,Renewed,1,2026-08-01
POL0001856,CUST000207,AGT0079,Medical,2025-11-16,2026-12-13,4076.26,50418.5,Monthly,Cancelled,0,2026-08-01
POL0001857,CUST005319,AGT0072,Life,2024-04-06,2025-03-09,4730.15,623775.47,Quarterly,Renewed,1,2026-08-01
POL0001858,CUST000664,AGT0033,Motor,2023-11-09,2024-10-20,1755.16,44014.31,Quarterly,Expired,0,2026-08-01
POL0001859,CUST004690,AGT0059,Life,2025-06-05,2026-05-29,2172.57,584625.3,Annual,Expired,0,2026-08-01
POL0001860,CUST005730,AGT0023,Motor,2025-01-18,2026-01-21,2456.65,62434.78,Annual,Renewed,1,2026-08-01
POL0001861,CUST005005,AGT0047,Medical,2026-04-07,2027-05-04,4613.69,84329.1,Monthly,Active,0,2026-08-01
POL0001862,CUST002933,AGT0021,Motor,2025-07-20,2026-07-02,2317.06,177765.45,Annual,Expired,0,2026-08-01
POL0001863,CUST003413,AGT0051,Travel,2023-11-06,2023-12-21,111.57,85149.33,Monthly,Renewed,1,2026-08-01
POL0001864,CUST004308,AGT0034,Life,2024-02-02,2025-02-10,1619.07,303027.98,Monthly,Renewed,1,2026-08-01
POL0001865,CUST001325,AGT0029,Motor,2025-06-22,2026-07-15,1648.4,57503.95,Semi-Annual,Renewed,1,2026-08-01
POL0001866,CUST002538,AGT0007,Life,2024-05-21,2025-06-01,2872.14,151513.82,Monthly,Renewed,1,2026-08-01
POL0001867,CUST002262,AGT0022,Medical,2026-04-23,2027-05-03,2411.67,185031.06,Annual,Active,0,2026-08-01
POL0001868,CUST001639,AGT0036,Travel,2025-07-05,2025-08-29,620.62,28374.64,Annual,Expired,0,2026-08-01
POL0001869,CUST003302,AGT0048,Home,2024-04-29,2025-05-21,1703.07,283007.32,Quarterly,Expired,0,2026-08-01
POL0001870,CUST002522,AGT0067,Motor,2025-11-22,2026-12-14,1885.8,89655.89,Annual,Active,0,2026-08-01
POL0001871,CUST000114,AGT0060,Medical,2025-06-26,2026-07-11,1120.83,352252.21,Monthly,Expired,0,2026-08-01
POL0001872,CUST000547,AGT0044,Motor,2024-04-17,2025-04-03,872.25,153203.53,Monthly,Expired,0,2026-08-01
POL0001873,CUST003838,AGT0040,Life,2024-07-08,2025-06-07,2542.92,177132.18,Quarterly,Expired,0,2026-08-01
POL0001874,CUST003310,AGT0038,Motor,2025-03-28,2026-04-13,816.25,59459.86,Annual,Renewed,1,2026-08-01
POL0001875,CUST005130,AGT0072,Medical,2023-11-19,2024-12-03,1581.86,111038.14,Semi-Annual,Renewed,1,2026-08-01
POL0001876,CUST000441,AGT0068,Travel,2025-05-18,2025-06-27,101.98,65253.32,Annual,Expired,0,2026-08-01
POL0001877,CUST001954,AGT0032,Medical,2024-03-10,2025-02-11,2165.78,129346.11,Annual,Renewed,1,2026-08-01
POL0001878,CUST002325,AGT0046,Travel,2026-04-29,2026-06-21,96.07,50575.82,Annual,Expired,0,2026-08-01
POL0001879,CUST004079,AGT0031,Motor,2025-01-19,2026-02-02,2440.37,166799.59,Semi-Annual,Expired,0,2026-08-01
POL0001880,CUST002621,AGT0046,Home,2025-10-26,2026-11-03,1084.72,605962.14,Annual,Active,0,2026-08-01
POL0001881,CUST002902,AGT0035,Travel,2024-12-20,2025-01-29,740.81,132645.16,Monthly,Expired,0,2026-08-01
POL0001882,CUST005523,AGT0069,Medical,2023-09-12,2024-08-10,3849.78,294578.14,Semi-Annual,Expired,0,2026-08-01
POL0001883,CUST000024,AGT0057,Motor,2025-05-27,2026-06-06,1628.69,151165.96,Annual,Expired,0,2026-08-01
POL0001884,CUST005359,AGT0014,Medical,2025-03-28,2026-03-18,2955.51,207359.41,Quarterly,Expired,0,2026-08-01
POL0001885,CUST001704,AGT0003,Life,2023-07-13,2024-06-10,5379.5,442237.91,Annual,Renewed,1,2026-08-01
POL0001886,CUST000243,AGT0077,Motor,2026-06-05,2027-05-04,1377.56,107807.94,Annual,Active,0,2026-08-01
POL0001887,CUST003168,AGT0029,Home,2023-04-24,2024-03-26,1096.52,852557.55,Monthly,Renewed,1,2026-08-01
POL0001888,CUST001273,AGT0013,Travel,2024-05-09,2024-08-06,152.76,128556.61,Semi-Annual,Expired,0,2026-08-01
POL0001889,CUST004350,AGT0060,Home,2023-06-12,2024-05-14,1477.32,279376.55,Quarterly,Renewed,1,2026-08-01
POL0001890,CUST004557,AGT0038,Motor,2025-09-27,2026-08-31,1390.89,172755.43,Monthly,Active,0,2026-08-01
POL0001891,CUST002413,AGT0045,Medical,2024-07-15,2025-07-04,1750.32,286246.01,Semi-Annual,Renewed,1,2026-08-01
POL0001892,CUST004684,AGT0051,Motor,2024-12-05,2025-11-02,2133.49,87350.81,Monthly,Renewed,1,2026-08-01
POL0001893,CUST001118,AGT0025,Motor,2026-03-22,2027-02-26,967.81,66107.39,Semi-Annual,Active,0,2026-08-01
POL0001894,CUST002017,AGT0046,Motor,2024-07-26,2025-07-16,2513.57,120339.76,Monthly,Expired,0,2026-08-01
POL0001895,CUST000367,AGT0053,Motor,2024-10-07,2025-09-02,2041.03,112616.6,Quarterly,Renewed,1,2026-08-01
POL0001896,CUST003851,AGT0050,Life,2025-01-15,2025-12-24,5494.48,1255020.18,Annual,Expired,0,2026-08-01
POL0001897,CUST004289,AGT0073,Motor,2026-04-25,2027-05-18,947.55,166363.33,Semi-Annual,Active,0,2026-08-01
POL0001898,CUST004577,AGT0032,Motor,2024-07-09,2025-06-30,1814.67,139434.07,Monthly,Cancelled,0,2026-08-01
POL0001899,CUST002191,AGT0041,Medical,2023-11-23,2024-12-06,1125.84,133249.32,Quarterly,Expired,0,2026-08-01
POL0001900,CUST005028,AGT0061,Life,2024-02-20,2025-02-13,3097.58,285444.0,Monthly,Renewed,1,2026-08-01
POL0001901,CUST003883,AGT0060,Travel,2024-12-16,2025-01-30,632.05,89688.68,Quarterly,Cancelled,0,2026-08-01
POL0001902,CUST003452,AGT0080,Life,2025-09-21,2026-08-25,2450.99,315031.48,Annual,Active,0,2026-08-01
POL0001903,CUST001331,AGT0016,Motor,2026-01-26,2027-02-07,2054.87,118736.89,Annual,Cancelled,0,2026-08-01
POL0001904,CUST005051,AGT0074,Life,2024-11-27,2025-11-09,4392.65,326316.78,Monthly,Renewed,1,2026-08-01
POL0001905,CUST004529,AGT0038,Life,2024-09-17,2025-09-01,6481.32,425142.14,Monthly,Renewed,1,2026-08-01
POL0001906,CUST005255,AGT0018,Motor,2026-05-06,2027-04-18,1694.33,33394.69,Monthly,Active,0,2026-08-01
POL0001907,CUST002067,AGT0024,Motor,2025-05-27,2026-06-07,1342.14,153935.52,Quarterly,Expired,0,2026-08-01
POL0001908,CUST003309,AGT0029,Home,2023-01-12,2024-01-20,1612.37,563432.19,Annual,Renewed,1,2026-08-01
POL0001909,CUST000315,AGT0080,Motor,2025-05-04,2026-05-03,1660.33,75436.32,Quarterly,Expired,0,2026-08-01
POL0001910,CUST003594,AGT0009,Motor,2025-10-02,2026-09-19,1318.53,83468.99,Monthly,Active,0,2026-08-01
POL0001911,CUST003062,AGT0018,Motor,2025-10-06,2026-09-06,1548.14,41547.42,Monthly,Active,0,2026-08-01
POL0001912,CUST004914,AGT0058,Travel,2023-07-25,2023-08-30,409.91,130233.5,Monthly,Cancelled,0,2026-08-01
POL0001913,CUST004389,AGT0076,Medical,2024-10-27,2025-11-04,1933.71,187289.87,Monthly,Expired,0,2026-08-01
POL0001914,CUST005943,AGT0007,Home,2025-09-21,2026-09-23,1496.17,138430.54,Monthly,Active,0,2026-08-01
POL0001915,CUST005595,AGT0033,Travel,2026-05-06,2026-05-14,708.17,66690.35,Monthly,Expired,0,2026-08-01
POL0001916,CUST001008,AGT0033,Life,2026-02-11,2027-01-12,3781.48,440262.64,Monthly,Active,0,2026-08-01
POL0001917,CUST005826,AGT0040,Motor,2025-10-28,2026-10-09,830.55,85213.87,Monthly,Active,0,2026-08-01
POL0001918,CUST000181,AGT0062,Medical,2025-10-21,2026-11-14,1432.21,437127.88,Monthly,Active,0,2026-08-01
POL0001919,CUST002739,AGT0042,Travel,2024-04-05,2024-06-22,462.16,116837.33,Monthly,Expired,0,2026-08-01
POL0001920,CUST005597,AGT0012,Home,2025-02-15,2026-01-31,691.29,279792.6,Annual,Expired,0,2026-08-01
POL0001921,CUST003672,AGT0020,Travel,2023-02-15,2023-05-13,321.33,61780.68,Semi-Annual,Expired,0,2026-08-01
POL0001922,CUST005952,AGT0060,Home,2023-06-10,2024-06-11,1095.83,435129.24,Semi-Annual,Expired,0,2026-08-01
POL0001923,CUST003344,AGT0020,Life,2023-11-28,2024-11-10,5044.19,326071.3,Monthly,Expired,0,2026-08-01
POL0001924,CUST004090,AGT0040,Medical,2026-06-09,2027-05-27,1786.03,178253.23,Monthly,Active,0,2026-08-01
POL0001925,CUST003202,AGT0031,Medical,2023-11-21,2024-11-11,3885.59,188797.98,Quarterly,Renewed,1,2026-08-01
POL0001926,CUST005563,AGT0036,Medical,2024-03-02,2025-02-11,1458.18,134993.84,Monthly,Cancelled,0,2026-08-01
POL0001927,CUST000688,AGT0060,Motor,2025-11-20,2026-10-16,1816.59,63745.26,Monthly,Active,0,2026-08-01
POL0001928,CUST002337,AGT0020,Motor,2023-02-06,2024-02-11,2005.97,87947.08,Annual,Expired,0,2026-08-01
POL0001929,CUST004026,AGT0057,Motor,2023-08-15,2024-07-14,1325.67,155647.24,Monthly,Renewed,1,2026-08-01
POL0001930,CUST002960,AGT0061,Motor,2023-01-03,2024-01-15,2305.46,128797.17,Annual,Renewed,1,2026-08-01
POL0001931,CUST005792,AGT0080,Medical,2025-02-22,2026-03-05,4310.36,80135.17,Monthly,Cancelled,0,2026-08-01
POL0001932,CUST003494,AGT0037,Life,2025-08-23,2026-09-19,6314.6,811721.99,Quarterly,Active,0,2026-08-01
POL0001933,CUST000761,AGT0008,Life,2026-04-30,2027-05-28,3182.28,428771.09,Semi-Annual,Active,0,2026-08-01
POL0001934,CUST003681,AGT0054,Medical,2025-12-24,2027-01-20,4919.58,50571.31,Semi-Annual,Active,0,2026-08-01
POL0001935,CUST001872,AGT0061,Life,2025-08-07,2026-08-10,4008.18,891656.3,Annual,Cancelled,0,2026-08-01
POL0001936,CUST002820,AGT0003,Medical,2025-11-15,2026-10-16,2306.77,139600.97,Quarterly,Active,0,2026-08-01
POL0001937,CUST000463,AGT0016,Medical,2026-04-16,2027-05-06,3616.78,341139.92,Monthly,Active,0,2026-08-01
POL0001938,CUST005216,AGT0028,Medical,2024-12-31,2026-01-24,4711.34,167316.73,Annual,Expired,0,2026-08-01
POL0001939,CUST002417,AGT0041,Motor,2023-06-15,2024-05-23,2400.28,58734.04,Monthly,Expired,0,2026-08-01
POL0001940,CUST004838,AGT0042,Life,2025-04-05,2026-03-24,2608.16,927146.74,Quarterly,Renewed,1,2026-08-01
POL0001941,CUST002891,AGT0016,Life,2024-02-11,2025-01-10,2084.54,926921.99,Annual,Expired,0,2026-08-01
POL0001942,CUST005691,AGT0016,Motor,2026-03-31,2027-03-17,1606.03,155800.65,Monthly,Active,0,2026-08-01
POL0001943,CUST002149,AGT0075,Travel,2024-11-25,2024-12-30,801.48,45781.65,Quarterly,Expired,0,2026-08-01
POL0001944,CUST000639,AGT0058,Motor,2025-05-17,2026-06-08,2537.26,177910.77,Monthly,Renewed,1,2026-08-01
POL0001945,CUST002860,AGT0041,Medical,2024-11-04,2025-10-13,2158.38,216169.35,Annual,Renewed,1,2026-08-01
POL0001946,CUST000206,AGT0027,Travel,2024-04-04,2024-07-01,113.25,146097.25,Annual,Renewed,1,2026-08-01
POL0001947,CUST004818,AGT0038,Life,2026-04-07,2027-04-12,5314.3,317543.24,Annual,Active,0,2026-08-01
POL0001948,CUST005514,AGT0078,Life,2026-05-27,2027-06-08,2544.34,1433799.77,Monthly,Active,0,2026-08-01
POL0001949,CUST001284,AGT0025,Life,2026-03-17,2027-04-14,2424.27,1449732.1,Quarterly,Active,0,2026-08-01
POL0001950,CUST000318,AGT0027,Motor,2026-06-16,2027-07-03,2124.17,66466.01,Monthly,Active,0,2026-08-01
POL0001951,CUST004548,AGT0036,Life,2023-01-23,2024-01-03,2366.03,384424.24,Annual,Renewed,1,2026-08-01
POL0001952,CUST004134,AGT0016,Life,2025-03-31,2026-04-10,5744.84,944189.61,Annual,Renewed,1,2026-08-01
POL0001953,CUST004760,AGT0009,Motor,2024-07-03,2025-07-27,2466.93,41968.98,Annual,Renewed,1,2026-08-01
POL0001954,CUST003417,AGT0072,Motor,2025-01-09,2026-01-28,1076.43,67219.98,Semi-Annual,Renewed,1,2026-08-01
POL0001955,CUST003487,AGT0055,Home,2024-08-15,2025-08-15,1120.78,886002.08,Monthly,Expired,0,2026-08-01
POL0001956,CUST001629,AGT0027,Motor,2026-05-09,2027-04-23,2060.22,142392.24,Monthly,Active,0,2026-08-01
POL0001957,CUST001892,AGT0046,Travel,2025-12-06,2026-01-23,482.71,123480.24,Annual,Expired,0,2026-08-01
POL0001958,CUST003788,AGT0040,Motor,2025-10-13,2026-09-30,2437.53,159751.93,Monthly,Active,0,2026-08-01
POL0001959,CUST005620,AGT0008,Medical,2025-05-09,2026-05-09,1284.62,360219.7,Monthly,Expired,0,2026-08-01
POL0001960,CUST001857,AGT0061,Medical,2023-06-05,2024-07-02,5177.66,372486.34,Monthly,Renewed,1,2026-08-01
POL0001961,CUST002184,AGT0009,Life,2023-08-24,2024-08-18,4451.54,1125549.5,Monthly,Renewed,1,2026-08-01
POL0001962,CUST003535,AGT0046,Medical,2026-06-06,2027-06-18,1896.22,226151.56,Monthly,Cancelled,0,2026-08-01
POL0001963,CUST000300,AGT0024,Medical,2023-02-27,2024-03-12,3658.13,95067.26,Monthly,Renewed,1,2026-08-01
POL0001964,CUST003918,AGT0035,Medical,2025-08-04,2026-07-30,3791.05,324503.52,Monthly,Expired,0,2026-08-01
POL0001965,CUST000817,AGT0038,Life,2025-02-02,2026-02-16,1229.57,1219861.06,Annual,Cancelled,0,2026-08-01
POL0001966,CUST004100,AGT0035,Medical,2025-08-23,2026-09-14,4515.25,155499.69,Annual,Active,0,2026-08-01
POL0001967,CUST005350,AGT0018,Medical,2026-07-16,2027-07-23,1298.88,132063.63,Monthly,Active,0,2026-08-01
POL0001968,CUST005498,AGT0007,Medical,2024-06-08,2025-06-19,1902.31,480651.56,Quarterly,Expired,0,2026-08-01
POL0001969,CUST000900,AGT0011,Medical,2025-02-11,2026-02-20,3503.23,112299.28,Quarterly,Renewed,1,2026-08-01
POL0001970,CUST003584,AGT0059,Motor,2023-01-12,2024-02-11,2194.17,107803.58,Quarterly,Renewed,1,2026-08-01
POL0001971,CUST002685,AGT0008,Motor,2024-04-02,2025-04-07,1950.31,138582.11,Annual,Renewed,1,2026-08-01
POL0001972,CUST002942,AGT0041,Travel,2023-12-22,2024-01-23,550.33,32352.43,Annual,Expired,0,2026-08-01
POL0001973,CUST004152,AGT0025,Home,2025-12-11,2026-11-21,1039.38,539677.18,Monthly,Active,0,2026-08-01
POL0001974,CUST005946,AGT0056,Motor,2024-03-08,2025-02-19,1724.33,128829.18,Annual,Renewed,1,2026-08-01
POL0001975,CUST003442,AGT0051,Motor,2024-02-03,2025-02-28,1574.4,26990.86,Monthly,Renewed,1,2026-08-01
POL0001976,CUST003327,AGT0015,Home,2024-08-18,2025-07-14,716.63,424260.05,Quarterly,Renewed,1,2026-08-01
POL0001977,CUST003921,AGT0055,Medical,2025-01-29,2026-01-07,2523.7,263431.72,Monthly,Expired,0,2026-08-01
POL0001978,CUST003031,AGT0053,Medical,2025-07-05,2026-07-15,4688.24,300154.4,Semi-Annual,Renewed,1,2026-08-01
POL0001979,CUST002093,AGT0023,Life,2026-06-24,2027-06-28,3420.95,155575.81,Quarterly,Active,0,2026-08-01
POL0001980,CUST004940,AGT0068,Medical,2024-08-11,2025-07-08,4195.78,452077.78,Monthly,Cancelled,0,2026-08-01
POL0001981,CUST003974,AGT0036,Medical,2025-03-08,2026-03-24,3572.62,437242.71,Monthly,Renewed,1,2026-08-01
POL0001982,CUST003392,AGT0003,Home,2024-05-01,2025-03-29,636.01,779678.01,Monthly,Expired,0,2026-08-01
POL0001983,CUST000055,AGT0051,Life,2025-02-08,2026-01-09,2092.67,827506.68,Semi-Annual,Renewed,1,2026-08-01
POL0001984,CUST001653,AGT0037,Life,2023-11-21,2024-12-09,1913.18,1203328.68,Semi-Annual,Renewed,1,2026-08-01
POL0001985,CUST001580,AGT0029,Motor,2023-11-10,2024-11-03,1691.78,148197.86,Quarterly,Renewed,1,2026-08-01
POL0001986,CUST003898,AGT0037,Motor,2025-10-01,2026-10-02,1166.46,174103.83,Annual,Active,0,2026-08-01
POL0001987,CUST000742,AGT0079,Travel,2025-05-23,2025-06-17,265.1,126109.56,Monthly,Expired,0,2026-08-01
POL0001988,CUST002292,AGT0032,Home,2025-10-26,2026-10-01,1556.62,177909.72,Semi-Annual,Active,0,2026-08-01
POL0001989,CUST002732,AGT0056,Travel,2025-08-04,2025-08-20,446.02,38548.29,Semi-Annual,Cancelled,0,2026-08-01
POL0001990,CUST004444,AGT0069,Motor,2024-04-19,2025-04-07,1398.87,101370.29,Quarterly,Expired,0,2026-08-01
POL0001991,CUST000875,AGT0047,Travel,2025-10-19,2025-11-21,206.49,112227.56,Annual,Expired,0,2026-08-01
POL0001992,CUST003636,AGT0072,Motor,2023-10-12,2024-10-01,1586.72,153651.58,Monthly,Renewed,1,2026-08-01
POL0001993,CUST003285,AGT0040,Life,2023-01-08,2024-02-02,2728.26,116581.02,Annual,Renewed,1,2026-08-01
POL0001994,CUST004435,AGT0019,Life,2023-10-15,2024-09-23,1426.5,707048.7,Monthly,Cancelled,0,2026-08-01
POL0001995,CUST001084,AGT0040,Medical,2025-06-16,2026-06-01,4643.04,240571.67,Monthly,Expired,0,2026-08-01
POL0001996,CUST003599,AGT0010,Medical,2025-05-16,2026-04-16,3388.28,362518.35,Monthly,Renewed,1,2026-08-01
POL0001997,CUST002486,AGT0024,Life,2025-08-20,2026-09-09,6018.21,875971.08,Monthly,Active,0,2026-08-01
POL0001998,CUST001556,AGT0017,Travel,2025-10-06,2025-12-04,645.24,124356.94,Semi-Annual,Expired,0,2026-08-01
POL0001999,CUST000446,AGT0007,Motor,2023-10-14,2024-10-12,826.42,132010.37,Semi-Annual,Expired,0,2026-08-01
POL0002000,CUST002285,AGT0013,Motor,2025-10-22,2026-11-10,1976.16,96892.09,Monthly,Active,0,2026-08-01
POL0002001,CUST002640,AGT0068,Life,2024-09-07,2025-09-22,2013.75,432887.68,Monthly,Expired,0,2026-08-01
POL0002002,CUST000306,AGT0069,Motor,2026-02-11,2027-02-02,931.22,123084.91,Monthly,Cancelled,0,2026-08-01
POL0002003,CUST004848,AGT0073,Motor,2023-01-29,2024-02-16,852.6,56300.18,Annual,Expired,0,2026-08-01
POL0002004,CUST004147,AGT0002,Motor,2025-09-13,2026-08-26,2320.31,123607.89,Annual,Active,0,2026-08-01
POL0002005,CUST001902,AGT0078,Motor,2025-06-19,2026-06-25,1827.16,44197.45,Monthly,Cancelled,0,2026-08-01
POL0002006,CUST000283,AGT0028,Medical,2024-09-27,2025-09-21,4245.46,145408.42,Annual,Expired,0,2026-08-01
POL0002007,CUST004238,AGT0033,Home,2026-02-11,2027-02-03,1257.55,432313.49,Monthly,Active,0,2026-08-01
POL0002008,CUST000144,AGT0015,Travel,2023-12-16,2023-12-24,169.54,87441.52,Quarterly,Renewed,1,2026-08-01
POL0002009,CUST002556,AGT0076,Medical,2024-04-27,2025-04-30,3553.54,479161.36,Annual,Renewed,1,2026-08-01
POL0002010,CUST001243,AGT0080,Motor,2024-05-03,2025-05-30,1001.41,117210.19,Quarterly,Expired,0,2026-08-01
POL0002011,CUST001406,AGT0057,Life,2024-09-19,2025-09-29,1504.7,694625.22,Monthly,Renewed,1,2026-08-01
POL0002012,CUST004531,AGT0007,Medical,2024-01-06,2024-12-28,2429.47,422622.52,Annual,Renewed,1,2026-08-01
POL0002013,CUST001821,AGT0034,Travel,2025-06-07,2025-06-14,138.89,38105.57,Annual,Expired,0,2026-08-01
POL0002014,CUST001474,AGT0023,Medical,2023-05-11,2024-06-08,3963.43,56648.09,Monthly,Renewed,1,2026-08-01
POL0002015,CUST001816,AGT0074,Life,2023-02-13,2024-02-14,4711.56,457844.21,Monthly,Expired,0,2026-08-01
POL0002016,CUST000894,AGT0053,Motor,2023-07-08,2024-06-19,2028.88,105249.28,Annual,Expired,0,2026-08-01
POL0002017,CUST004455,AGT0078,Travel,2024-08-04,2024-11-01,776.92,102731.9,Monthly,Expired,0,2026-08-01
POL0002018,CUST002973,AGT0067,Travel,2023-01-17,2023-02-28,346.97,124199.1,Monthly,Renewed,1,2026-08-01
POL0002019,CUST001206,AGT0043,Medical,2025-04-08,2026-03-29,3346.22,321483.29,Quarterly,Renewed,1,2026-08-01
POL0002020,CUST001849,AGT0023,Home,2023-09-15,2024-09-06,861.1,175232.32,Quarterly,Expired,0,2026-08-01
POL0002021,CUST005867,AGT0063,Motor,2025-09-14,2026-09-29,1052.54,146637.57,Quarterly,Active,0,2026-08-01
POL0002022,CUST003470,AGT0056,Motor,2025-12-27,2027-01-03,2314.57,21994.3,Monthly,Active,0,2026-08-01
POL0002023,CUST004125,AGT0063,Travel,2026-01-17,2026-02-18,512.21,111698.21,Monthly,Renewed,1,2026-08-01
POL0002024,CUST005140,AGT0075,Life,2024-12-03,2025-12-20,4815.18,829907.87,Annual,Expired,0,2026-08-01
POL0002025,CUST002407,AGT0049,Motor,2024-11-25,2025-10-26,1264.64,99224.51,Annual,Expired,0,2026-08-01
POL0002026,CUST002090,AGT0054,Motor,2024-05-24,2025-05-12,2290.52,139234.29,Monthly,Cancelled,0,2026-08-01
POL0002027,CUST005989,AGT0034,Motor,2023-06-24,2024-06-21,1717.01,27060.39,Annual,Expired,0,2026-08-01
POL0002028,CUST003398,AGT0040,Motor,2023-11-07,2024-10-19,924.96,85703.06,Quarterly,Expired,0,2026-08-01
POL0002029,CUST001298,AGT0011,Medical,2023-11-23,2024-12-07,2346.46,473677.8,Monthly,Renewed,1,2026-08-01
POL0002030,CUST005151,AGT0016,Motor,2025-02-09,2026-01-22,1617.74,22203.11,Annual,Renewed,1,2026-08-01
POL0002031,CUST004578,AGT0080,Medical,2023-01-24,2024-02-02,2402.87,444818.6,Monthly,Renewed,1,2026-08-01
POL0002032,CUST002405,AGT0015,Life,2026-06-26,2027-06-20,1864.68,1007972.37,Monthly,Active,0,2026-08-01
POL0002033,CUST001626,AGT0006,Life,2023-06-04,2024-06-05,3082.0,1371317.69,Monthly,Renewed,1,2026-08-01
POL0002034,CUST003941,AGT0064,Home,2024-03-30,2025-02-23,304.38,117660.28,Annual,Expired,0,2026-08-01
POL0002035,CUST003262,AGT0011,Motor,2024-03-11,2025-03-28,1181.01,149170.5,Annual,Expired,0,2026-08-01
POL0002036,CUST001420,AGT0037,Motor,2026-01-12,2026-12-24,1949.89,105020.09,Annual,Active,0,2026-08-01
POL0002037,CUST000327,AGT0030,Motor,2025-03-30,2026-04-23,1771.87,59755.66,Quarterly,Renewed,1,2026-08-01
POL0002038,CUST004915,AGT0034,Medical,2026-05-12,2027-06-09,2576.5,261961.38,Quarterly,Active,0,2026-08-01
POL0002039,CUST005079,AGT0032,Medical,2026-04-05,2027-03-10,5031.37,465398.96,Quarterly,Active,0,2026-08-01
POL0002040,CUST005440,AGT0003,Motor,2025-10-25,2026-09-23,882.6,90303.88,Monthly,Active,0,2026-08-01
POL0002041,CUST002197,AGT0022,Life,2023-07-12,2024-06-22,4912.8,291606.99,Annual,Expired,0,2026-08-01
POL0002042,CUST004225,AGT0052,Home,2025-02-12,2026-01-28,1231.99,133715.78,Annual,Renewed,1,2026-08-01
POL0002043,CUST003507,AGT0007,Motor,2025-02-21,2026-03-23,1737.42,22292.93,Monthly,Renewed,1,2026-08-01
POL0002044,CUST001598,AGT0022,Motor,2024-01-30,2024-12-30,1274.68,53797.0,Annual,Expired,0,2026-08-01
POL0002045,CUST005564,AGT0072,Life,2023-02-19,2024-01-30,4123.88,869096.75,Quarterly,Expired,0,2026-08-01
POL0002046,CUST002017,AGT0053,Travel,2023-02-13,2023-02-26,431.51,65539.31,Monthly,Renewed,1,2026-08-01
POL0002047,CUST000182,AGT0042,Motor,2024-05-17,2025-06-05,1062.62,160005.81,Monthly,Renewed,1,2026-08-01
POL0002048,CUST000994,AGT0044,Life,2025-08-20,2026-08-30,2572.35,1200443.87,Annual,Active,0,2026-08-01
POL0002049,CUST005809,AGT0078,Motor,2023-08-08,2024-08-07,1587.23,94366.24,Semi-Annual,Renewed,1,2026-08-01
POL0002050,CUST000413,AGT0004,Life,2026-06-03,2027-06-23,3357.87,422461.21,Semi-Annual,Active,0,2026-08-01
POL0002051,CUST003152,AGT0071,Life,2024-01-10,2024-12-30,1954.11,680637.96,Monthly,Renewed,1,2026-08-01
POL0002052,CUST002912,AGT0039,Motor,2025-06-19,2026-05-31,1229.08,122066.48,Annual,Renewed,1,2026-08-01
POL0002053,CUST004685,AGT0040,Motor,2023-03-06,2024-03-18,1865.23,23715.11,Semi-Annual,Renewed,1,2026-08-01
POL0002054,CUST004927,AGT0019,Life,2023-02-17,2024-03-11,5282.37,1344917.37,Monthly,Renewed,1,2026-08-01
POL0002055,CUST002839,AGT0032,Life,2024-10-23,2025-11-06,5558.85,1016633.96,Semi-Annual,Renewed,1,2026-08-01
POL0002056,CUST003791,AGT0044,Travel,2023-07-02,2023-07-29,486.29,145131.97,Monthly,Expired,0,2026-08-01
POL0002057,CUST004896,AGT0021,Medical,2025-04-10,2026-03-23,1231.11,348896.39,Quarterly,Expired,0,2026-08-01
POL0002058,CUST004858,AGT0028,Travel,2024-05-28,2024-06-07,242.55,67152.37,Monthly,Renewed,1,2026-08-01
POL0002059,CUST005284,AGT0080,Life,2023-10-29,2024-09-23,5423.09,713278.66,Monthly,Expired,0,2026-08-01
POL0002060,CUST004244,AGT0066,Life,2026-07-17,2027-07-13,2873.06,109744.83,Annual,Active,0,2026-08-01
POL0002061,CUST002291,AGT0049,Motor,2024-06-02,2025-06-18,2006.3,29156.68,Monthly,Renewed,1,2026-08-01
POL0002062,CUST003355,AGT0024,Motor,2023-04-21,2024-05-12,1965.61,36477.72,Monthly,Renewed,1,2026-08-01
POL0002063,CUST004336,AGT0068,Life,2023-07-04,2024-07-13,4192.23,650899.65,Monthly,Renewed,1,2026-08-01
POL0002064,CUST001779,AGT0069,Motor,2024-02-20,2025-03-14,1355.14,65906.22,Monthly,Expired,0,2026-08-01
POL0002065,CUST005992,AGT0079,Motor,2024-10-13,2025-09-15,943.71,84114.75,Monthly,Cancelled,0,2026-08-01
POL0002066,CUST002663,AGT0054,Motor,2024-12-22,2025-12-06,2112.94,84975.98,Semi-Annual,Expired,0,2026-08-01
POL0002067,CUST004543,AGT0018,Home,2024-08-06,2025-07-04,670.9,367757.0,Quarterly,Renewed,1,2026-08-01
POL0002068,CUST003037,AGT0031,Life,2023-05-27,2024-06-12,2841.8,819305.8,Monthly,Expired,0,2026-08-01
POL0002069,CUST005742,AGT0074,Travel,2023-12-05,2024-02-24,156.76,141626.97,Annual,Expired,0,2026-08-01
POL0002070,CUST004007,AGT0009,Home,2023-06-03,2024-06-26,1391.67,508707.93,Monthly,Renewed,1,2026-08-01
POL0002071,CUST004420,AGT0064,Life,2024-11-05,2025-11-09,6766.13,1248289.83,Monthly,Expired,0,2026-08-01
POL0002072,CUST004647,AGT0041,Medical,2023-03-31,2024-04-04,3024.29,400771.78,Monthly,Expired,0,2026-08-01
POL0002073,CUST001980,AGT0037,Medical,2025-10-09,2026-10-24,2519.82,237852.41,Annual,Active,0,2026-08-01
POL0002074,CUST002095,AGT0013,Life,2024-10-19,2025-10-12,4195.31,435511.62,Monthly,Renewed,1,2026-08-01
POL0002075,CUST004963,AGT0076,Travel,2024-01-09,2024-03-21,369.17,24117.39,Annual,Expired,0,2026-08-01
POL0002076,CUST002773,AGT0017,Travel,2024-01-10,2024-03-04,303.79,27238.79,Monthly,Cancelled,0,2026-08-01
POL0002077,CUST003999,AGT0048,Medical,2023-02-21,2024-02-29,5080.61,148578.92,Quarterly,Expired,0,2026-08-01
POL0002078,CUST003108,AGT0045,Travel,2023-02-21,2023-04-13,798.65,134030.73,Monthly,Renewed,1,2026-08-01
POL0002079,CUST000199,AGT0032,Medical,2025-05-09,2026-05-15,3627.73,97439.59,Annual,Renewed,1,2026-08-01
POL0002080,CUST002827,AGT0012,Medical,2024-10-17,2025-11-12,1081.87,421434.59,Quarterly,Renewed,1,2026-08-01
POL0002081,CUST001035,AGT0013,Motor,2023-06-15,2024-06-13,1468.43,93155.74,Monthly,Cancelled,0,2026-08-01
POL0002082,CUST000522,AGT0051,Motor,2025-08-12,2026-08-27,1158.09,123289.03,Monthly,Active,0,2026-08-01
POL0002083,CUST001568,AGT0059,Motor,2026-06-20,2027-06-22,1849.87,43011.1,Quarterly,Active,0,2026-08-01
POL0002084,CUST001757,AGT0020,Life,2025-05-24,2026-05-18,3516.99,1211627.28,Monthly,Renewed,1,2026-08-01
POL0002085,CUST004462,AGT0062,Motor,2026-03-02,2027-03-31,1549.83,34356.26,Monthly,Cancelled,0,2026-08-01
POL0002086,CUST001513,AGT0055,Home,2025-06-13,2026-06-01,1684.46,508869.12,Monthly,Expired,0,2026-08-01
POL0002087,CUST004783,AGT0017,Motor,2026-04-22,2027-03-21,2427.19,36490.47,Quarterly,Active,0,2026-08-01
POL0002088,CUST001262,AGT0031,Motor,2024-12-20,2026-01-06,1288.34,156812.78,Monthly,Renewed,1,2026-08-01
POL0002089,CUST004962,AGT0030,Medical,2025-11-29,2026-11-29,3618.34,314784.55,Quarterly,Active,0,2026-08-01
POL0002090,CUST003157,AGT0045,Motor,2025-10-18,2026-09-14,2358.8,107304.16,Quarterly,Active,0,2026-08-01
POL0002091,CUST000404,AGT0005,Motor,2024-03-11,2025-02-20,2527.9,63628.9,Monthly,Renewed,1,2026-08-01
POL0002092,CUST000664,AGT0077,Motor,2023-03-23,2024-04-06,2139.16,101765.19,Quarterly,Expired,0,2026-08-01
POL0002093,CUST000433,AGT0045,Medical,2024-07-05,2025-07-17,1416.97,59293.29,Quarterly,Renewed,1,2026-08-01
POL0002094,CUST002463,AGT0055,Motor,2023-09-07,2024-09-04,2024.16,96935.9,Quarterly,Expired,0,2026-08-01
POL0002095,CUST001797,AGT0049,Medical,2026-02-12,2027-02-26,3063.86,146459.05,Semi-Annual,Active,0,2026-08-01
POL0002096,CUST000278,AGT0032,Motor,2025-07-08,2026-08-07,1319.95,162734.62,Annual,Active,0,2026-08-01
POL0002097,CUST004088,AGT0068,Motor,2026-03-12,2027-02-22,2404.8,63571.92,Semi-Annual,Active,0,2026-08-01
POL0002098,CUST005119,AGT0026,Motor,2024-03-14,2025-02-20,1949.44,101804.6,Monthly,Renewed,1,2026-08-01
POL0002099,CUST005054,AGT0003,Motor,2024-12-12,2025-12-27,2443.46,20502.72,Annual,Cancelled,0,2026-08-01
POL0002100,CUST000905,AGT0045,Travel,2023-11-09,2024-01-30,113.09,116573.31,Annual,Expired,0,2026-08-01
POL0002101,CUST005217,AGT0010,Medical,2024-09-15,2025-09-22,4292.93,122310.6,Annual,Cancelled,0,2026-08-01
POL0002102,CUST002554,AGT0066,Life,2023-02-05,2024-02-04,4601.54,1498287.48,Monthly,Renewed,1,2026-08-01
POL0002103,CUST001246,AGT0003,Travel,2024-04-03,2024-05-29,298.12,58066.77,Semi-Annual,Expired,0,2026-08-01
POL0002104,CUST000801,AGT0017,Motor,2026-02-09,2027-01-10,2378.04,126469.98,Annual,Cancelled,0,2026-08-01
POL0002105,CUST004605,AGT0076,Travel,2025-03-15,2025-05-26,689.74,144792.79,Annual,Expired,0,2026-08-01
POL0002106,CUST001538,AGT0022,Life,2025-12-31,2027-01-26,4496.56,1158833.87,Monthly,Active,0,2026-08-01
POL0002107,CUST003845,AGT0042,Life,2025-09-29,2026-10-14,6836.76,589615.26,Annual,Active,0,2026-08-01
POL0002108,CUST003326,AGT0070,Travel,2023-03-21,2023-05-01,690.53,139701.03,Quarterly,Renewed,1,2026-08-01
POL0002109,CUST005561,AGT0020,Motor,2024-09-18,2025-08-23,1641.24,54028.29,Monthly,Renewed,1,2026-08-01
POL0002110,CUST004296,AGT0025,Medical,2024-02-02,2025-03-01,1229.39,335513.07,Annual,Expired,0,2026-08-01
POL0002111,CUST004638,AGT0002,Medical,2023-06-04,2024-07-03,3556.78,385266.77,Monthly,Renewed,1,2026-08-01
POL0002112,CUST002956,AGT0065,Life,2023-10-08,2024-11-02,3713.91,599659.71,Monthly,Renewed,1,2026-08-01
POL0002113,CUST003172,AGT0008,Motor,2023-01-13,2024-01-30,1842.71,153003.31,Annual,Renewed,1,2026-08-01
POL0002114,CUST000897,AGT0079,Motor,2023-09-28,2024-09-15,884.98,95605.01,Annual,Cancelled,0,2026-08-01
POL0002115,CUST004700,AGT0058,Home,2025-05-30,2026-06-19,1535.43,786447.32,Monthly,Expired,0,2026-08-01
POL0002116,CUST004513,AGT0026,Medical,2023-12-04,2024-10-30,4381.64,146554.37,Annual,Renewed,1,2026-08-01
POL0002117,CUST001850,AGT0039,Motor,2025-08-06,2026-08-20,2158.81,163302.63,Monthly,Active,0,2026-08-01
POL0002118,CUST000840,AGT0042,Motor,2024-01-24,2024-12-30,2204.13,105289.89,Semi-Annual,Renewed,1,2026-08-01
POL0002119,CUST004717,AGT0059,Life,2023-03-12,2024-04-01,2253.05,700184.18,Monthly,Expired,0,2026-08-01
POL0002120,CUST004626,AGT0030,Motor,2025-07-12,2026-06-20,1721.39,57657.55,Quarterly,Renewed,1,2026-08-01
POL0002121,CUST004688,AGT0022,Motor,2023-08-05,2024-08-09,2163.85,36493.32,Monthly,Expired,0,2026-08-01
POL0002122,CUST000180,AGT0011,Home,2026-06-21,2027-05-25,1234.81,318793.14,Annual,Active,0,2026-08-01
POL0002123,CUST005132,AGT0036,Motor,2024-07-15,2025-06-10,1731.56,83624.75,Semi-Annual,Renewed,1,2026-08-01
POL0002124,CUST002160,AGT0039,Motor,2023-03-01,2024-01-27,1439.1,115859.73,Annual,Renewed,1,2026-08-01
POL0002125,CUST001455,AGT0050,Life,2023-11-07,2024-11-01,5041.73,1112656.63,Annual,Renewed,1,2026-08-01
POL0002126,CUST003159,AGT0067,Motor,2024-02-27,2025-03-18,870.65,26841.63,Annual,Expired,0,2026-08-01
POL0002127,CUST005095,AGT0017,Motor,2024-10-12,2025-09-23,850.73,172230.58,Annual,Cancelled,0,2026-08-01
POL0002128,CUST004890,AGT0018,Medical,2025-05-22,2026-04-30,2831.56,161885.89,Quarterly,Renewed,1,2026-08-01
POL0002129,CUST001015,AGT0024,Life,2024-02-19,2025-02-03,4380.6,1050058.29,Annual,Renewed,1,2026-08-01
POL0002130,CUST005859,AGT0014,Medical,2024-02-04,2025-01-10,2361.98,413012.44,Monthly,Expired,0,2026-08-01
POL0002131,CUST004632,AGT0012,Travel,2026-04-27,2026-06-13,598.94,74250.63,Annual,Renewed,1,2026-08-01
POL0002132,CUST005598,AGT0064,Travel,2023-09-07,2023-11-03,794.07,76902.95,Annual,Renewed,1,2026-08-01
POL0002133,CUST005580,AGT0057,Life,2025-08-15,2026-08-21,1941.84,166946.02,Monthly,Active,0,2026-08-01
POL0002134,CUST003153,AGT0067,Life,2023-08-08,2024-08-12,3951.36,671397.11,Annual,Renewed,1,2026-08-01
POL0002135,CUST000215,AGT0047,Travel,2023-12-09,2024-01-06,804.7,141828.01,Semi-Annual,Expired,0,2026-08-01
POL0002136,CUST000435,AGT0066,Motor,2025-02-20,2026-02-09,2519.04,79076.04,Quarterly,Cancelled,0,2026-08-01
POL0002137,CUST003757,AGT0036,Medical,2023-05-08,2024-05-29,3060.89,453783.91,Monthly,Cancelled,0,2026-08-01
POL0002138,CUST000547,AGT0071,Motor,2023-07-17,2024-07-29,2186.88,132142.8,Semi-Annual,Renewed,1,2026-08-01
POL0002139,CUST003958,AGT0046,Motor,2026-01-19,2027-02-10,1145.89,161579.78,Quarterly,Active,0,2026-08-01
POL0002140,CUST000620,AGT0003,Home,2023-05-07,2024-05-19,1507.24,240612.11,Annual,Renewed,1,2026-08-01
POL0002141,CUST004891,AGT0014,Motor,2023-07-07,2024-06-02,2555.99,126995.88,Monthly,Expired,0,2026-08-01
POL0002142,CUST001604,AGT0042,Motor,2025-09-06,2026-08-16,1397.33,35910.12,Quarterly,Active,0,2026-08-01
POL0002143,CUST000617,AGT0066,Motor,2024-09-07,2025-09-21,1222.77,97983.01,Quarterly,Renewed,1,2026-08-01
POL0002144,CUST002042,AGT0012,Life,2024-03-25,2025-02-28,1883.19,1113965.21,Monthly,Renewed,1,2026-08-01
POL0002145,CUST005457,AGT0061,Travel,2025-12-11,2026-02-22,413.35,41026.84,Quarterly,Expired,0,2026-08-01
POL0002146,CUST003312,AGT0072,Medical,2026-03-15,2027-02-26,2370.95,481440.97,Annual,Active,0,2026-08-01
POL0002147,CUST005963,AGT0015,Travel,2023-06-04,2023-07-17,454.11,81076.61,Monthly,Expired,0,2026-08-01
POL0002148,CUST001551,AGT0045,Medical,2024-10-10,2025-09-23,3175.34,251397.17,Annual,Renewed,1,2026-08-01
POL0002149,CUST004033,AGT0071,Home,2026-04-23,2027-03-26,1594.5,806501.56,Quarterly,Active,0,2026-08-01
POL0002150,CUST001121,AGT0025,Travel,2023-06-22,2023-07-14,757.24,131825.48,Monthly,Renewed,1,2026-08-01
POL0002151,CUST002580,AGT0032,Motor,2024-06-21,2025-07-19,1588.23,166683.51,Semi-Annual,Renewed,1,2026-08-01
POL0002152,CUST002260,AGT0036,Travel,2023-09-09,2023-09-29,659.52,107073.8,Monthly,Renewed,1,2026-08-01
POL0002153,CUST003811,AGT0038,Motor,2023-07-13,2024-07-10,1805.09,125916.44,Annual,Expired,0,2026-08-01
POL0002154,CUST004040,AGT0027,Medical,2026-02-26,2027-02-28,4050.04,153377.94,Quarterly,Active,0,2026-08-01
POL0002155,CUST000329,AGT0043,Motor,2025-04-29,2026-05-01,2060.85,138763.02,Quarterly,Cancelled,0,2026-08-01
POL0002156,CUST004173,AGT0022,Medical,2023-06-14,2024-06-27,4476.88,329682.56,Annual,Renewed,1,2026-08-01
POL0002157,CUST004519,AGT0064,Home,2024-03-19,2025-03-02,545.03,361320.27,Monthly,Renewed,1,2026-08-01
POL0002158,CUST002291,AGT0055,Travel,2024-02-17,2024-04-01,688.75,145656.62,Annual,Expired,0,2026-08-01
POL0002159,CUST000420,AGT0014,Medical,2026-04-21,2027-05-11,1944.45,268792.06,Annual,Active,0,2026-08-01
POL0002160,CUST002535,AGT0069,Home,2024-02-01,2025-01-18,1331.59,673161.62,Quarterly,Renewed,1,2026-08-01
POL0002161,CUST001936,AGT0022,Medical,2023-05-27,2024-06-17,5030.77,349684.99,Monthly,Renewed,1,2026-08-01
POL0002162,CUST004755,AGT0043,Motor,2026-07-14,2027-07-19,1852.49,21685.22,Monthly,Active,0,2026-08-01
POL0002163,CUST000837,AGT0075,Travel,2023-03-24,2023-04-09,759.59,79375.31,Annual,Renewed,1,2026-08-01
POL0002164,CUST001782,AGT0055,Motor,2026-06-27,2027-07-10,2259.39,117117.04,Semi-Annual,Active,0,2026-08-01
POL0002165,CUST004357,AGT0076,Travel,2024-02-26,2024-04-10,613.94,149989.0,Quarterly,Renewed,1,2026-08-01
POL0002166,CUST005644,AGT0049,Motor,2025-06-23,2026-05-31,934.48,44693.45,Semi-Annual,Renewed,1,2026-08-01
POL0002167,CUST003567,AGT0065,Motor,2024-12-11,2025-11-14,843.43,129112.14,Annual,Expired,0,2026-08-01
POL0002168,CUST000014,AGT0038,Medical,2023-11-04,2024-10-15,4807.3,246476.98,Monthly,Renewed,1,2026-08-01
POL0002169,CUST004196,AGT0014,Medical,2024-12-13,2026-01-11,3928.57,261731.81,Quarterly,Renewed,1,2026-08-01
POL0002170,CUST000188,AGT0015,Motor,2023-08-23,2024-07-19,1785.38,45334.71,Annual,Renewed,1,2026-08-01
POL0002171,CUST000388,AGT0048,Motor,2024-10-22,2025-11-13,805.0,104819.78,Annual,Cancelled,0,2026-08-01
POL0002172,CUST004007,AGT0012,Motor,2023-03-20,2024-03-11,1023.6,27335.2,Annual,Expired,0,2026-08-01
POL0002173,CUST002223,AGT0036,Travel,2023-11-02,2024-01-28,604.95,73833.74,Semi-Annual,Renewed,1,2026-08-01
POL0002174,CUST000163,AGT0038,Medical,2023-03-22,2024-04-11,1985.56,232483.58,Monthly,Expired,0,2026-08-01
POL0002175,CUST002438,AGT0007,Motor,2025-03-28,2026-04-13,1441.72,47763.35,Monthly,Expired,0,2026-08-01
POL0002176,CUST002277,AGT0068,Motor,2026-05-14,2027-04-30,2292.72,179624.19,Semi-Annual,Active,0,2026-08-01
POL0002177,CUST003615,AGT0007,Motor,2023-02-25,2024-01-28,1384.13,133987.8,Annual,Expired,0,2026-08-01
POL0002178,CUST005664,AGT0026,Medical,2025-02-27,2026-02-25,3174.02,480042.02,Quarterly,Renewed,1,2026-08-01
POL0002179,CUST000614,AGT0069,Medical,2024-10-20,2025-10-18,1296.47,384120.67,Annual,Renewed,1,2026-08-01
POL0002180,CUST003995,AGT0004,Motor,2023-09-17,2024-08-29,1692.52,99026.77,Monthly,Renewed,1,2026-08-01
POL0002181,CUST003884,AGT0008,Home,2025-06-24,2026-05-27,1374.81,582451.81,Quarterly,Cancelled,0,2026-08-01
POL0002182,CUST005862,AGT0068,Motor,2025-10-18,2026-10-13,1212.13,46865.08,Semi-Annual,Active,0,2026-08-01
POL0002183,CUST002369,AGT0022,Medical,2026-04-27,2027-04-19,3434.61,118818.15,Annual,Active,0,2026-08-01
POL0002184,CUST000971,AGT0073,Life,2023-04-10,2024-03-18,4609.07,780876.64,Monthly,Renewed,1,2026-08-01
POL0002185,CUST005436,AGT0013,Medical,2023-08-23,2024-07-28,4425.57,141375.33,Monthly,Renewed,1,2026-08-01
POL0002186,CUST000301,AGT0014,Motor,2024-11-13,2025-11-10,1450.09,143202.9,Quarterly,Renewed,1,2026-08-01
POL0002187,CUST002699,AGT0047,Medical,2025-10-03,2026-09-29,4756.9,183629.31,Annual,Active,0,2026-08-01
POL0002188,CUST003922,AGT0077,Medical,2023-09-13,2024-09-10,2975.12,89305.51,Monthly,Renewed,1,2026-08-01
POL0002189,CUST000613,AGT0061,Travel,2024-04-09,2024-05-24,85.74,96102.45,Quarterly,Expired,0,2026-08-01
POL0002190,CUST001781,AGT0049,Medical,2024-08-09,2025-08-15,1323.78,299951.85,Monthly,Expired,0,2026-08-01
POL0002191,CUST000621,AGT0022,Travel,2025-05-12,2025-07-10,779.67,53949.95,Annual,Expired,0,2026-08-01
POL0002192,CUST005074,AGT0006,Medical,2023-10-27,2024-11-19,1325.5,107942.74,Monthly,Expired,0,2026-08-01
POL0002193,CUST001526,AGT0063,Life,2024-01-22,2024-12-22,5803.91,979967.11,Monthly,Cancelled,0,2026-08-01
POL0002194,CUST003621,AGT0010,Motor,2023-06-28,2024-06-15,2575.64,138456.42,Quarterly,Expired,0,2026-08-01
POL0002195,CUST001439,AGT0014,Travel,2023-10-04,2023-11-06,720.97,44580.89,Monthly,Cancelled,0,2026-08-01
POL0002196,CUST004164,AGT0036,Motor,2026-04-26,2027-05-22,1530.14,139343.87,Annual,Active,0,2026-08-01
POL0002197,CUST004781,AGT0029,Medical,2025-09-07,2026-08-15,1977.46,344991.25,Semi-Annual,Active,0,2026-08-01
POL0002198,CUST000242,AGT0070,Medical,2026-04-17,2027-03-27,1675.98,398533.83,Semi-Annual,Active,0,2026-08-01
POL0002199,CUST004335,AGT0020,Home,2026-05-13,2027-06-09,851.25,132399.62,Monthly,Active,0,2026-08-01
POL0002200,CUST003966,AGT0053,Medical,2024-10-06,2025-09-10,3059.57,484723.93,Monthly,Expired,0,2026-08-01
POL0002201,CUST000461,AGT0037,Motor,2023-08-10,2024-08-05,1654.94,125528.58,Monthly,Expired,0,2026-08-01
POL0002202,CUST001587,AGT0020,Home,2025-10-24,2026-11-14,1228.32,292191.55,Monthly,Active,0,2026-08-01
POL0002203,CUST005109,AGT0079,Travel,2026-07-13,2026-07-20,685.48,134029.87,Quarterly,Renewed,1,2026-08-01
POL0002204,CUST002661,AGT0064,Life,2023-09-21,2024-10-13,2163.48,913038.83,Quarterly,Renewed,1,2026-08-01
POL0002205,CUST000577,AGT0059,Medical,2025-09-28,2026-10-15,2391.7,122241.21,Semi-Annual,Active,0,2026-08-01
POL0002206,CUST003852,AGT0037,Medical,2024-06-02,2025-06-25,4120.07,433663.43,Quarterly,Renewed,1,2026-08-01
POL0002207,CUST004714,AGT0017,Home,2026-04-27,2027-03-26,1637.38,672190.18,Annual,Active,0,2026-08-01
POL0002208,CUST002600,AGT0052,Motor,2023-10-22,2024-09-27,2310.29,64852.86,Quarterly,Cancelled,0,2026-08-01
POL0002209,CUST000670,AGT0078,Life,2025-05-08,2026-05-14,6820.08,861292.77,Quarterly,Renewed,1,2026-08-01
POL0002210,CUST000783,AGT0022,Life,2023-04-20,2024-04-06,5827.81,658865.33,Monthly,Renewed,1,2026-08-01
POL0002211,CUST002259,AGT0055,Home,2026-04-29,2027-05-16,1758.24,85585.48,Semi-Annual,Active,0,2026-08-01
POL0002212,CUST002906,AGT0069,Medical,2024-07-08,2025-06-03,4929.81,264983.1,Annual,Expired,0,2026-08-01
POL0002213,CUST004506,AGT0037,Motor,2024-10-04,2025-09-29,1979.07,57697.62,Annual,Cancelled,0,2026-08-01
POL0002214,CUST004088,AGT0007,Travel,2025-08-31,2025-10-21,617.55,40074.21,Monthly,Expired,0,2026-08-01
POL0002215,CUST001522,AGT0074,Home,2023-10-29,2024-11-06,762.81,155967.82,Monthly,Expired,0,2026-08-01
POL0002216,CUST004140,AGT0009,Home,2025-08-31,2026-09-04,1647.93,263209.92,Annual,Active,0,2026-08-01
POL0002217,CUST000680,AGT0062,Motor,2023-06-01,2024-06-02,2058.86,141520.71,Quarterly,Cancelled,0,2026-08-01
POL0002218,CUST001106,AGT0039,Medical,2024-08-02,2025-08-05,4764.55,211434.6,Semi-Annual,Renewed,1,2026-08-01
POL0002219,CUST004724,AGT0059,Life,2024-03-12,2025-02-09,2426.83,294687.6,Annual,Expired,0,2026-08-01
POL0002220,CUST005406,AGT0057,Life,2024-08-06,2025-07-18,3339.11,337400.59,Monthly,Expired,0,2026-08-01
POL0002221,CUST004146,AGT0017,Motor,2025-01-22,2026-02-01,952.21,124372.13,Monthly,Expired,0,2026-08-01
POL0002222,CUST002738,AGT0008,Motor,2025-02-26,2026-02-08,2478.23,84543.72,Annual,Expired,0,2026-08-01
POL0002223,CUST005348,AGT0011,Motor,2023-09-29,2024-10-25,2259.37,119518.49,Semi-Annual,Expired,0,2026-08-01
POL0002224,CUST002121,AGT0017,Motor,2026-05-04,2027-04-04,2172.73,28351.11,Quarterly,Active,0,2026-08-01
POL0002225,CUST003850,AGT0070,Motor,2025-05-12,2026-04-29,1587.47,136555.96,Annual,Expired,0,2026-08-01
POL0002226,CUST004114,AGT0007,Home,2023-07-16,2024-07-03,316.16,869440.77,Semi-Annual,Cancelled,0,2026-08-01
POL0002227,CUST000444,AGT0055,Life,2023-07-23,2024-06-25,6824.32,1201146.9,Monthly,Expired,0,2026-08-01
POL0002228,CUST005755,AGT0031,Motor,2024-06-13,2025-07-13,1491.45,135477.3,Monthly,Renewed,1,2026-08-01
POL0002229,CUST003832,AGT0066,Life,2026-06-24,2027-06-05,2637.16,378061.89,Annual,Active,0,2026-08-01
POL0002230,CUST001445,AGT0048,Medical,2026-03-29,2027-04-22,4586.91,232527.59,Annual,Active,0,2026-08-01
POL0002231,CUST004936,AGT0062,Life,2023-11-11,2024-11-16,2393.57,317968.35,Monthly,Expired,0,2026-08-01
POL0002232,CUST002287,AGT0067,Travel,2024-12-18,2025-02-16,195.38,119070.8,Monthly,Renewed,1,2026-08-01
POL0002233,CUST000503,AGT0073,Motor,2024-03-05,2025-04-03,1648.49,138750.81,Monthly,Cancelled,0,2026-08-01
POL0002234,CUST004055,AGT0065,Home,2025-11-02,2026-09-29,987.81,181021.73,Monthly,Active,0,2026-08-01
POL0002235,CUST000815,AGT0031,Motor,2025-08-26,2026-09-13,2393.18,139235.5,Monthly,Active,0,2026-08-01
POL0002236,CUST003582,AGT0074,Life,2024-08-27,2025-09-17,6977.83,899556.95,Annual,Expired,0,2026-08-01
POL0002237,CUST004066,AGT0029,Home,2024-04-02,2025-04-18,688.9,884195.19,Monthly,Renewed,1,2026-08-01
POL0002238,CUST000942,AGT0047,Life,2026-04-18,2027-04-21,2363.56,1485432.09,Monthly,Active,0,2026-08-01
POL0002239,CUST004748,AGT0019,Motor,2024-06-30,2025-06-18,1642.57,32918.74,Annual,Expired,0,2026-08-01
POL0002240,CUST002743,AGT0065,Motor,2026-03-09,2027-02-12,1595.14,153891.01,Monthly,Active,0,2026-08-01
POL0002241,CUST002119,AGT0009,Motor,2023-02-09,2024-02-14,2281.16,45683.74,Monthly,Renewed,1,2026-08-01
POL0002242,CUST000611,AGT0077,Motor,2024-08-05,2025-07-30,974.3,107979.25,Quarterly,Expired,0,2026-08-01
POL0002243,CUST004412,AGT0039,Motor,2024-12-12,2025-12-03,1088.86,100821.1,Monthly,Renewed,1,2026-08-01
POL0002244,CUST000987,AGT0068,Motor,2023-01-07,2024-02-04,1167.78,63820.27,Quarterly,Expired,0,2026-08-01
POL0002245,CUST001005,AGT0040,Life,2023-03-23,2024-02-19,1678.81,1110952.3,Quarterly,Renewed,1,2026-08-01
POL0002246,CUST001594,AGT0012,Motor,2025-01-09,2025-12-19,916.56,105736.21,Quarterly,Renewed,1,2026-08-01
POL0002247,CUST002665,AGT0010,Medical,2025-09-05,2026-09-02,3163.15,329943.94,Monthly,Active,0,2026-08-01
POL0002248,CUST005275,AGT0071,Life,2023-09-24,2024-10-21,6361.95,1067579.47,Annual,Expired,0,2026-08-01
POL0002249,CUST004488,AGT0049,Motor,2026-03-21,2027-03-22,2280.52,84716.64,Monthly,Active,0,2026-08-01
POL0002250,CUST004427,AGT0012,Life,2023-11-11,2024-11-06,2318.46,158031.73,Annual,Cancelled,0,2026-08-01
POL0002251,CUST001194,AGT0030,Life,2023-03-09,2024-03-28,2034.84,460779.6,Annual,Renewed,1,2026-08-01
POL0002252,CUST003889,AGT0046,Medical,2024-07-15,2025-07-29,3570.56,129029.68,Monthly,Renewed,1,2026-08-01
POL0002253,CUST002094,AGT0037,Medical,2023-05-25,2024-06-08,2383.28,389005.15,Annual,Cancelled,0,2026-08-01
POL0002254,CUST002844,AGT0006,Life,2024-08-11,2025-08-18,4132.14,449483.29,Monthly,Expired,0,2026-08-01
POL0002255,CUST003775,AGT0041,Medical,2023-02-17,2024-02-11,4010.57,214355.59,Monthly,Expired,0,2026-08-01
POL0002256,CUST001000,AGT0014,Medical,2026-01-29,2027-02-01,4774.64,250742.36,Monthly,Active,0,2026-08-01
POL0002257,CUST002076,AGT0025,Travel,2025-04-18,2025-06-16,207.56,128583.49,Annual,Renewed,1,2026-08-01
POL0002258,CUST002372,AGT0054,Travel,2023-02-10,2023-04-04,115.22,129783.01,Monthly,Expired,0,2026-08-01
POL0002259,CUST005245,AGT0055,Medical,2026-04-17,2027-05-04,1955.87,148962.23,Monthly,Active,0,2026-08-01
POL0002260,CUST005803,AGT0007,Medical,2024-01-21,2025-01-23,3326.32,233757.24,Annual,Expired,0,2026-08-01
POL0002261,CUST005741,AGT0041,Travel,2024-10-22,2024-11-05,131.03,51777.43,Annual,Cancelled,0,2026-08-01
POL0002262,CUST003166,AGT0021,Medical,2025-04-06,2026-04-13,2376.16,489212.4,Annual,Expired,0,2026-08-01
POL0002263,CUST003854,AGT0036,Life,2024-06-11,2025-05-30,2970.9,846400.56,Annual,Renewed,1,2026-08-01
POL0002264,CUST004298,AGT0065,Motor,2025-03-23,2026-04-10,997.74,20128.6,Monthly,Cancelled,0,2026-08-01
POL0002265,CUST004695,AGT0033,Motor,2023-07-29,2024-08-21,2563.81,34499.89,Quarterly,Renewed,1,2026-08-01
POL0002266,CUST004059,AGT0047,Medical,2024-02-20,2025-02-23,4588.52,435196.46,Monthly,Expired,0,2026-08-01
POL0002267,CUST005441,AGT0002,Travel,2025-06-04,2025-08-06,528.33,71747.83,Semi-Annual,Expired,0,2026-08-01
POL0002268,CUST002299,AGT0040,Medical,2023-08-21,2024-07-25,4714.01,457406.67,Annual,Renewed,1,2026-08-01
POL0002269,CUST004212,AGT0062,Home,2024-02-18,2025-03-16,728.08,623860.41,Annual,Renewed,1,2026-08-01
POL0002270,CUST003665,AGT0052,Travel,2023-12-29,2024-01-15,727.31,89321.63,Semi-Annual,Renewed,1,2026-08-01
POL0002271,CUST004640,AGT0078,Travel,2023-06-14,2023-08-19,596.13,125944.72,Annual,Renewed,1,2026-08-01
POL0002272,CUST005578,AGT0063,Travel,2026-03-12,2026-06-03,244.24,114946.59,Annual,Expired,0,2026-08-01
POL0002273,CUST000482,AGT0011,Motor,2026-07-09,2027-07-24,2013.42,113094.02,Quarterly,Active,0,2026-08-01
POL0002274,CUST005117,AGT0005,Medical,2023-12-10,2024-11-10,3148.33,88236.77,Quarterly,Renewed,1,2026-08-01
POL0002275,CUST004943,AGT0024,Motor,2026-01-20,2027-01-02,1695.15,148396.62,Annual,Active,0,2026-08-01
POL0002276,CUST005221,AGT0066,Medical,2024-10-04,2025-09-22,4904.71,424101.71,Monthly,Expired,0,2026-08-01
POL0002277,CUST001648,AGT0068,Motor,2023-11-07,2024-11-05,1500.43,163000.86,Monthly,Cancelled,0,2026-08-01
POL0002278,CUST003474,AGT0059,Life,2026-05-16,2027-05-08,6524.85,242327.31,Annual,Active,0,2026-08-01
POL0002279,CUST000425,AGT0057,Travel,2023-06-18,2023-09-10,714.47,146379.48,Annual,Renewed,1,2026-08-01
POL0002280,CUST000366,AGT0054,Motor,2023-06-04,2024-06-03,1560.64,90000.27,Annual,Renewed,1,2026-08-01
POL0002281,CUST003537,AGT0025,Medical,2024-06-20,2025-06-10,4257.04,148029.89,Quarterly,Expired,0,2026-08-01
POL0002282,CUST005826,AGT0055,Life,2026-02-12,2027-02-15,1865.73,1095071.6,Quarterly,Active,0,2026-08-01
POL0002283,CUST001361,AGT0052,Life,2024-01-27,2025-02-11,4106.55,1184312.31,Monthly,Renewed,1,2026-08-01
POL0002284,CUST004742,AGT0007,Home,2025-08-29,2026-09-04,393.81,80446.18,Monthly,Active,0,2026-08-01
POL0002285,CUST000480,AGT0074,Motor,2026-02-16,2027-02-06,1153.54,72013.06,Monthly,Active,0,2026-08-01
POL0002286,CUST000388,AGT0061,Motor,2024-09-26,2025-10-24,1443.46,94937.91,Monthly,Renewed,1,2026-08-01
POL0002287,CUST003658,AGT0018,Travel,2023-06-14,2023-08-02,132.66,130380.44,Annual,Cancelled,0,2026-08-01
POL0002288,CUST001674,AGT0024,Motor,2026-05-25,2027-04-20,2404.68,23187.4,Semi-Annual,Active,0,2026-08-01
POL0002289,CUST000592,AGT0055,Travel,2025-11-19,2026-02-16,751.74,117722.61,Monthly,Renewed,1,2026-08-01
POL0002290,CUST005490,AGT0020,Motor,2023-04-08,2024-04-07,807.75,169022.83,Monthly,Expired,0,2026-08-01
POL0002291,CUST005324,AGT0065,Medical,2025-01-29,2026-02-16,1419.13,473717.03,Monthly,Renewed,1,2026-08-01
POL0002292,CUST000087,AGT0038,Life,2026-01-21,2027-01-24,6651.11,415227.61,Quarterly,Active,0,2026-08-01
POL0002293,CUST005816,AGT0008,Travel,2025-01-11,2025-04-11,62.35,100267.08,Annual,Renewed,1,2026-08-01
POL0002294,CUST000110,AGT0056,Motor,2023-09-16,2024-08-31,2521.63,96272.57,Monthly,Expired,0,2026-08-01
POL0002295,CUST004430,AGT0075,Travel,2026-05-07,2026-07-16,512.52,100102.25,Monthly,Expired,0,2026-08-01
POL0002296,CUST004704,AGT0027,Travel,2024-04-07,2024-07-02,498.0,91040.67,Annual,Renewed,1,2026-08-01
POL0002297,CUST001726,AGT0077,Travel,2023-01-01,2023-03-25,87.72,137602.12,Monthly,Expired,0,2026-08-01
POL0002298,CUST000816,AGT0058,Home,2023-06-09,2024-06-27,844.16,680779.91,Monthly,Expired,0,2026-08-01
POL0002299,CUST003376,AGT0059,Travel,2024-08-22,2024-09-14,720.92,90983.67,Semi-Annual,Renewed,1,2026-08-01
POL0002300,CUST005316,AGT0029,Travel,2024-10-09,2025-01-06,315.56,149656.65,Annual,Expired,0,2026-08-01
POL0002301,CUST000189,AGT0042,Life,2025-03-24,2026-02-24,6451.42,1414236.07,Annual,Expired,0,2026-08-01
POL0002302,CUST005107,AGT0018,Travel,2023-08-09,2023-09-04,466.83,39463.68,Quarterly,Renewed,1,2026-08-01
POL0002303,CUST003729,AGT0049,Home,2023-05-11,2024-04-25,1557.55,601346.09,Monthly,Renewed,1,2026-08-01
POL0002304,CUST005921,AGT0069,Life,2023-11-30,2024-12-22,5740.88,1410175.87,Monthly,Expired,0,2026-08-01
POL0002305,CUST001584,AGT0052,Motor,2023-03-15,2024-03-29,1634.34,155204.89,Monthly,Renewed,1,2026-08-01
POL0002306,CUST003869,AGT0070,Motor,2023-03-19,2024-04-14,2302.72,163046.49,Annual,Expired,0,2026-08-01
POL0002307,CUST002731,AGT0013,Travel,2025-04-15,2025-05-14,741.69,100172.11,Annual,Cancelled,0,2026-08-01
POL0002308,CUST003808,AGT0049,Home,2024-02-03,2025-02-23,1742.47,144038.45,Annual,Renewed,1,2026-08-01
POL0002309,CUST001074,AGT0024,Motor,2023-07-26,2024-07-03,936.23,22722.71,Quarterly,Renewed,1,2026-08-01
POL0002310,CUST002987,AGT0046,Home,2023-08-03,2024-08-05,1513.08,327335.95,Semi-Annual,Renewed,1,2026-08-01
POL0002311,CUST005920,AGT0009,Motor,2025-11-11,2026-10-20,1999.0,118611.36,Monthly,Active,0,2026-08-01
POL0002312,CUST005065,AGT0031,Medical,2025-06-14,2026-06-21,3941.52,466464.19,Quarterly,Expired,0,2026-08-01
POL0002313,CUST001245,AGT0030,Home,2023-02-28,2024-03-18,1690.37,403264.21,Annual,Renewed,1,2026-08-01
POL0002314,CUST000354,AGT0043,Home,2025-04-14,2026-04-08,358.52,593988.85,Monthly,Renewed,1,2026-08-01
POL0002315,CUST002502,AGT0060,Life,2025-03-14,2026-02-23,5580.51,847055.14,Annual,Cancelled,0,2026-08-01
POL0002316,CUST001373,AGT0046,Home,2025-05-19,2026-05-16,862.92,273524.32,Semi-Annual,Expired,0,2026-08-01
POL0002317,CUST001528,AGT0071,Travel,2025-10-28,2025-11-07,536.62,60775.67,Monthly,Cancelled,0,2026-08-01
POL0002318,CUST001095,AGT0023,Travel,2025-06-02,2025-08-22,246.22,68512.0,Monthly,Expired,0,2026-08-01
POL0002319,CUST003250,AGT0030,Travel,2025-07-19,2025-07-27,289.95,119392.45,Annual,Expired,0,2026-08-01
POL0002320,CUST000562,AGT0038,Medical,2023-05-15,2024-04-12,3589.2,350847.27,Monthly,Expired,0,2026-08-01
POL0002321,CUST005433,AGT0050,Motor,2026-04-16,2027-05-03,1463.3,95911.09,Quarterly,Active,0,2026-08-01
POL0002322,CUST000183,AGT0068,Motor,2023-10-07,2024-09-08,1336.15,178614.0,Monthly,Renewed,1,2026-08-01
POL0002323,CUST000981,AGT0048,Motor,2025-09-17,2026-08-30,864.54,67754.8,Quarterly,Active,0,2026-08-01
POL0002324,CUST003372,AGT0077,Motor,2025-08-21,2026-09-13,1075.31,137307.99,Quarterly,Active,0,2026-08-01
POL0002325,CUST000845,AGT0038,Motor,2024-09-24,2025-09-19,1895.56,37700.57,Quarterly,Renewed,1,2026-08-01
POL0002326,CUST003024,AGT0043,Motor,2024-09-22,2025-08-24,1530.64,92267.78,Monthly,Renewed,1,2026-08-01
POL0002327,CUST000445,AGT0056,Life,2026-03-20,2027-03-06,1370.72,1189444.26,Monthly,Active,0,2026-08-01
POL0002328,CUST005220,AGT0012,Motor,2025-04-03,2026-04-25,1431.17,96504.52,Annual,Expired,0,2026-08-01
POL0002329,CUST003537,AGT0013,Medical,2023-12-05,2024-12-12,2534.25,313621.77,Annual,Renewed,1,2026-08-01
POL0002330,CUST001822,AGT0027,Motor,2023-03-15,2024-03-29,1213.35,96446.2,Annual,Cancelled,0,2026-08-01
POL0002331,CUST003613,AGT0006,Motor,2023-06-25,2024-06-06,1099.69,56116.44,Semi-Annual,Expired,0,2026-08-01
POL0002332,CUST003245,AGT0034,Life,2024-05-19,2025-06-07,1255.25,1319587.14,Monthly,Cancelled,0,2026-08-01
POL0002333,CUST004929,AGT0028,Travel,2025-05-21,2025-07-20,557.08,106297.42,Annual,Cancelled,0,2026-08-01
POL0002334,CUST004359,AGT0050,Life,2024-07-26,2025-07-02,5652.73,1140516.27,Annual,Renewed,1,2026-08-01
POL0002335,CUST005016,AGT0078,Life,2025-09-23,2026-09-22,2547.28,1428761.16,Monthly,Active,0,2026-08-01
POL0002336,CUST005183,AGT0046,Home,2025-06-23,2026-07-15,787.79,647777.33,Quarterly,Renewed,1,2026-08-01
POL0002337,CUST000612,AGT0077,Life,2025-07-16,2026-08-14,6418.35,190960.16,Quarterly,Cancelled,0,2026-08-01
POL0002338,CUST004616,AGT0049,Motor,2026-04-07,2027-03-29,2539.48,120702.28,Quarterly,Active,0,2026-08-01
POL0002339,CUST005464,AGT0051,Motor,2023-04-16,2024-05-04,1819.95,100810.58,Semi-Annual,Expired,0,2026-08-01
POL0002340,CUST001191,AGT0067,Life,2025-01-20,2026-01-01,3515.58,410118.72,Annual,Renewed,1,2026-08-01
POL0002341,CUST004977,AGT0047,Life,2024-03-22,2025-04-21,6921.5,930579.57,Annual,Expired,0,2026-08-01
POL0002342,CUST003662,AGT0078,Travel,2025-09-21,2025-10-04,106.03,107494.85,Monthly,Renewed,1,2026-08-01
POL0002343,CUST003884,AGT0051,Motor,2025-11-21,2026-11-15,1331.87,109463.19,Annual,Active,0,2026-08-01
POL0002344,CUST004279,AGT0027,Home,2025-04-21,2026-03-17,1088.04,205646.46,Monthly,Expired,0,2026-08-01
POL0002345,CUST002083,AGT0035,Medical,2025-08-23,2026-08-25,2035.92,335772.07,Monthly,Active,0,2026-08-01
POL0002346,CUST005388,AGT0052,Home,2026-04-04,2027-03-29,1684.83,100359.89,Monthly,Active,0,2026-08-01
POL0002347,CUST004474,AGT0024,Medical,2024-12-28,2026-01-14,3208.55,121744.73,Annual,Renewed,1,2026-08-01
POL0002348,CUST002632,AGT0059,Motor,2025-11-25,2026-12-01,2402.31,147713.57,Monthly,Cancelled,0,2026-08-01
POL0002349,CUST003725,AGT0001,Medical,2023-05-17,2024-05-03,2388.29,270428.88,Semi-Annual,Expired,0,2026-08-01
POL0002350,CUST005725,AGT0059,Motor,2023-11-20,2024-12-16,1097.81,114490.01,Semi-Annual,Renewed,1,2026-08-01
POL0002351,CUST002119,AGT0002,Motor,2026-04-01,2027-03-04,2448.8,74271.97,Monthly,Active,0,2026-08-01
POL0002352,CUST005360,AGT0014,Travel,2023-10-18,2023-12-20,437.95,93591.02,Semi-Annual,Expired,0,2026-08-01
POL0002353,CUST000080,AGT0078,Medical,2023-01-13,2023-12-20,4330.93,67046.83,Quarterly,Expired,0,2026-08-01
POL0002354,CUST004763,AGT0067,Motor,2026-04-06,2027-04-08,1367.76,23820.29,Monthly,Active,0,2026-08-01
POL0002355,CUST003555,AGT0060,Medical,2024-04-13,2025-05-11,1459.38,456748.15,Quarterly,Renewed,1,2026-08-01
POL0002356,CUST004261,AGT0075,Life,2025-02-19,2026-01-25,4874.61,500854.66,Monthly,Cancelled,0,2026-08-01
POL0002357,CUST003459,AGT0056,Motor,2025-10-04,2026-10-21,1273.87,148575.92,Monthly,Active,0,2026-08-01
POL0002358,CUST002873,AGT0009,Motor,2024-08-10,2025-08-25,2450.07,102608.7,Monthly,Expired,0,2026-08-01
POL0002359,CUST000928,AGT0068,Travel,2023-01-27,2023-04-22,292.22,29783.98,Annual,Expired,0,2026-08-01
POL0002360,CUST001458,AGT0019,Motor,2025-07-04,2026-06-09,1315.5,30038.73,Monthly,Expired,0,2026-08-01
POL0002361,CUST005438,AGT0049,Home,2025-05-03,2026-05-19,1430.9,130865.94,Annual,Expired,0,2026-08-01
POL0002362,CUST002440,AGT0072,Motor,2024-01-04,2025-01-20,1479.25,100387.03,Monthly,Expired,0,2026-08-01
POL0002363,CUST000956,AGT0054,Life,2025-05-11,2026-05-22,2029.08,567093.52,Quarterly,Renewed,1,2026-08-01
POL0002364,CUST000773,AGT0003,Life,2025-11-22,2026-12-07,2587.22,1469159.86,Monthly,Active,0,2026-08-01
POL0002365,CUST001723,AGT0064,Motor,2026-07-07,2027-07-02,1993.9,37201.02,Quarterly,Active,0,2026-08-01
POL0002366,CUST004391,AGT0065,Life,2024-11-20,2025-11-09,1917.2,655471.26,Semi-Annual,Expired,0,2026-08-01
POL0002367,CUST002232,AGT0011,Medical,2023-03-29,2024-02-23,3924.81,56265.2,Monthly,Renewed,1,2026-08-01
POL0002368,CUST002582,AGT0076,Medical,2026-02-12,2027-02-10,4981.23,326227.29,Monthly,Active,0,2026-08-01
POL0002369,CUST004098,AGT0016,Travel,2024-07-21,2024-10-01,167.92,32284.37,Monthly,Expired,0,2026-08-01
POL0002370,CUST003632,AGT0005,Home,2025-04-21,2026-03-29,717.37,638203.01,Monthly,Expired,0,2026-08-01
POL0002371,CUST000490,AGT0045,Motor,2026-03-06,2027-02-18,1413.13,135005.48,Annual,Active,0,2026-08-01
POL0002372,CUST002349,AGT0055,Life,2023-12-07,2024-12-08,4604.33,1480485.17,Quarterly,Renewed,1,2026-08-01
POL0002373,CUST004215,AGT0008,Motor,2023-01-05,2023-12-18,1965.84,55386.26,Annual,Expired,0,2026-08-01
POL0002374,CUST004256,AGT0013,Motor,2026-06-15,2027-07-08,2535.61,125039.63,Monthly,Active,0,2026-08-01
POL0002375,CUST002487,AGT0053,Motor,2023-07-30,2024-07-28,2570.44,68924.59,Annual,Renewed,1,2026-08-01
POL0002376,CUST001287,AGT0007,Life,2024-06-09,2025-06-01,3056.19,526202.32,Annual,Renewed,1,2026-08-01
POL0002377,CUST001098,AGT0067,Life,2025-10-29,2026-10-11,2399.61,1299269.07,Annual,Active,0,2026-08-01
POL0002378,CUST000541,AGT0022,Medical,2025-09-28,2026-10-22,2047.48,450685.69,Semi-Annual,Active,0,2026-08-01
POL0002379,CUST000673,AGT0068,Home,2023-08-04,2024-08-15,1215.52,300564.91,Monthly,Renewed,1,2026-08-01
POL0002380,CUST005820,AGT0060,Travel,2023-11-30,2024-02-01,272.07,97778.87,Annual,Renewed,1,2026-08-01
POL0002381,CUST002475,AGT0026,Motor,2025-06-19,2026-06-03,2267.9,138431.02,Monthly,Expired,0,2026-08-01
POL0002382,CUST001924,AGT0064,Motor,2024-06-29,2025-06-01,1633.01,74292.42,Monthly,Expired,0,2026-08-01
POL0002383,CUST002676,AGT0017,Life,2024-10-20,2025-11-07,1263.58,315568.14,Monthly,Expired,0,2026-08-01
POL0002384,CUST003105,AGT0039,Medical,2025-08-22,2026-07-21,4303.76,417379.58,Quarterly,Renewed,1,2026-08-01
POL0002385,CUST000824,AGT0077,Motor,2026-01-29,2027-01-22,1560.64,103673.35,Monthly,Active,0,2026-08-01
POL0002386,CUST005426,AGT0072,Motor,2025-06-29,2026-07-01,2587.15,64448.5,Annual,Renewed,1,2026-08-01
POL0002387,CUST002895,AGT0073,Medical,2023-08-14,2024-08-12,4201.83,62411.22,Semi-Annual,Expired,0,2026-08-01
POL0002388,CUST003375,AGT0012,Medical,2026-05-12,2027-05-22,3350.81,436020.82,Semi-Annual,Active,0,2026-08-01
POL0002389,CUST003015,AGT0026,Life,2025-01-05,2025-12-03,1905.8,722770.03,Annual,Renewed,1,2026-08-01
POL0002390,CUST005626,AGT0007,Travel,2025-11-08,2025-11-27,471.8,92105.25,Monthly,Renewed,1,2026-08-01
POL0002391,CUST005887,AGT0072,Home,2025-03-11,2026-02-05,1220.56,189997.71,Quarterly,Expired,0,2026-08-01
POL0002392,CUST000755,AGT0063,Travel,2024-02-28,2024-05-15,735.43,30750.85,Semi-Annual,Expired,0,2026-08-01
POL0002393,CUST004280,AGT0071,Medical,2025-04-30,2026-04-08,4407.58,210195.82,Quarterly,Cancelled,0,2026-08-01
POL0002394,CUST000980,AGT0010,Medical,2026-02-02,2027-02-23,4931.58,153105.59,Quarterly,Active,0,2026-08-01
POL0002395,CUST000074,AGT0028,Motor,2025-12-14,2026-12-01,2077.09,25491.05,Monthly,Active,0,2026-08-01
POL0002396,CUST003313,AGT0058,Home,2026-04-18,2027-04-20,1019.54,224421.81,Quarterly,Active,0,2026-08-01
POL0002397,CUST002862,AGT0030,Medical,2023-03-13,2024-02-17,2728.25,344198.66,Quarterly,Renewed,1,2026-08-01
POL0002398,CUST002953,AGT0024,Motor,2026-06-01,2027-06-17,1657.75,60144.86,Monthly,Active,0,2026-08-01
POL0002399,CUST000130,AGT0075,Life,2024-03-03,2025-03-01,2953.43,1452165.55,Monthly,Expired,0,2026-08-01
POL0002400,CUST003862,AGT0043,Medical,2026-03-22,2027-04-14,1590.8,455387.69,Quarterly,Active,0,2026-08-01
POL0002401,CUST003068,AGT0060,Home,2024-11-20,2025-11-24,684.34,363492.35,Monthly,Cancelled,0,2026-08-01
POL0002402,CUST000349,AGT0062,Motor,2025-06-27,2026-07-14,2047.29,146610.95,Quarterly,Renewed,1,2026-08-01
POL0002403,CUST002028,AGT0050,Medical,2025-10-19,2026-11-06,1332.24,130874.09,Monthly,Active,0,2026-08-01
POL0002404,CUST000811,AGT0060,Home,2025-11-06,2026-10-07,886.81,461503.32,Monthly,Active,0,2026-08-01
POL0002405,CUST005422,AGT0077,Medical,2024-02-22,2025-02-19,1740.37,243098.84,Annual,Renewed,1,2026-08-01
POL0002406,CUST004454,AGT0040,Medical,2025-04-26,2026-04-14,3892.35,442829.43,Annual,Cancelled,0,2026-08-01
POL0002407,CUST002960,AGT0070,Life,2025-01-08,2025-12-28,3141.61,667126.34,Monthly,Renewed,1,2026-08-01
POL0002408,CUST000523,AGT0006,Life,2024-02-22,2025-02-12,4239.2,327637.68,Monthly,Expired,0,2026-08-01
POL0002409,CUST005100,AGT0006,Motor,2023-02-19,2024-03-15,2304.68,131799.62,Quarterly,Renewed,1,2026-08-01
POL0002410,CUST002130,AGT0032,Motor,2025-12-02,2026-12-31,1750.7,122468.78,Monthly,Active,0,2026-08-01
POL0002411,CUST003504,AGT0040,Motor,2024-07-06,2025-06-29,1337.38,71523.59,Quarterly,Expired,0,2026-08-01
POL0002412,CUST004321,AGT0027,Motor,2023-10-25,2024-11-23,1874.35,138685.43,Annual,Expired,0,2026-08-01
POL0002413,CUST002380,AGT0072,Medical,2024-03-16,2025-02-27,5093.94,338096.61,Annual,Expired,0,2026-08-01
POL0002414,CUST005834,AGT0002,Medical,2024-07-17,2025-07-30,3389.01,119556.38,Monthly,Renewed,1,2026-08-01
POL0002415,CUST001379,AGT0009,Life,2026-07-25,2027-06-25,3199.26,382942.43,Monthly,Active,0,2026-08-01
POL0002416,CUST002061,AGT0051,Life,2024-03-24,2025-02-27,5667.08,1027176.98,Monthly,Expired,0,2026-08-01
POL0002417,CUST001099,AGT0006,Medical,2023-06-24,2024-05-31,3601.9,320081.71,Semi-Annual,Expired,0,2026-08-01
POL0002418,CUST002061,AGT0016,Motor,2023-08-13,2024-08-14,2541.04,25575.95,Monthly,Renewed,1,2026-08-01
POL0002419,CUST004768,AGT0069,Medical,2026-04-15,2027-04-25,1661.59,165083.01,Annual,Active,0,2026-08-01
POL0002420,CUST002829,AGT0066,Motor,2025-11-10,2026-10-08,2578.34,34835.47,Annual,Active,0,2026-08-01
POL0002421,CUST005298,AGT0063,Home,2023-01-05,2023-12-14,1347.61,878715.86,Monthly,Renewed,1,2026-08-01
POL0002422,CUST005343,AGT0028,Motor,2024-09-08,2025-10-01,1904.86,97303.68,Monthly,Cancelled,0,2026-08-01
POL0002423,CUST001945,AGT0014,Travel,2023-12-19,2024-01-04,661.05,85890.27,Monthly,Expired,0,2026-08-01
POL0002424,CUST004771,AGT0026,Life,2024-11-19,2025-12-01,2075.8,305067.43,Quarterly,Renewed,1,2026-08-01
POL0002425,CUST002968,AGT0015,Travel,2025-02-23,2025-03-03,262.44,80909.41,Annual,Renewed,1,2026-08-01
POL0002426,CUST002541,AGT0020,Travel,2024-10-18,2025-01-05,153.92,145273.78,Semi-Annual,Renewed,1,2026-08-01
POL0002427,CUST001726,AGT0067,Travel,2024-09-28,2024-11-25,448.98,132437.45,Quarterly,Expired,0,2026-08-01
POL0002428,CUST000400,AGT0020,Life,2025-06-20,2026-07-07,4175.02,774344.98,Quarterly,Expired,0,2026-08-01
POL0002429,CUST002732,AGT0017,Motor,2025-07-19,2026-07-26,2424.07,160907.66,Semi-Annual,Renewed,1,2026-08-01
POL0002430,CUST004010,AGT0021,Life,2023-08-18,2024-07-17,3766.14,690367.19,Annual,Expired,0,2026-08-01
POL0002431,CUST005217,AGT0012,Motor,2025-06-16,2026-05-26,2094.43,117997.24,Monthly,Renewed,1,2026-08-01
POL0002432,CUST002472,AGT0070,Medical,2024-10-16,2025-10-17,2696.59,222060.78,Semi-Annual,Expired,0,2026-08-01
POL0002433,CUST000828,AGT0073,Travel,2024-06-18,2024-08-16,690.32,108489.87,Annual,Renewed,1,2026-08-01
POL0002434,CUST002813,AGT0017,Life,2023-12-07,2024-11-08,1875.83,1082695.35,Semi-Annual,Renewed,1,2026-08-01
POL0002435,CUST001749,AGT0065,Motor,2024-12-24,2026-01-13,986.85,36615.84,Semi-Annual,Renewed,1,2026-08-01
POL0002436,CUST005514,AGT0022,Travel,2026-06-23,2026-09-04,314.61,136813.62,Annual,Active,0,2026-08-01
POL0002437,CUST004172,AGT0033,Motor,2024-09-01,2025-09-13,2592.09,60101.63,Quarterly,Cancelled,0,2026-08-01
POL0002438,CUST005434,AGT0080,Travel,2023-03-20,2023-03-29,481.9,119054.63,Monthly,Renewed,1,2026-08-01
POL0002439,CUST001864,AGT0051,Life,2023-11-15,2024-12-14,4978.47,1419027.48,Quarterly,Renewed,1,2026-08-01
POL0002440,CUST002673,AGT0065,Motor,2026-04-28,2027-05-01,976.6,66914.72,Monthly,Active,0,2026-08-01
POL0002441,CUST000487,AGT0035,Motor,2025-11-14,2026-10-18,1501.57,176022.12,Annual,Active,0,2026-08-01
POL0002442,CUST000811,AGT0050,Home,2023-03-20,2024-03-24,1696.54,714912.13,Annual,Expired,0,2026-08-01
POL0002443,CUST002247,AGT0022,Motor,2025-11-18,2026-11-27,1825.62,137352.85,Annual,Active,0,2026-08-01
POL0002444,CUST002382,AGT0059,Home,2023-05-23,2024-05-06,385.82,166908.34,Quarterly,Expired,0,2026-08-01
POL0002445,CUST004059,AGT0079,Medical,2024-01-28,2025-01-08,4570.49,258529.56,Annual,Expired,0,2026-08-01
POL0002446,CUST001293,AGT0013,Medical,2026-03-30,2027-03-21,1446.9,263046.05,Quarterly,Active,0,2026-08-01
POL0002447,CUST005905,AGT0044,Life,2025-04-27,2026-04-25,4787.87,1353088.05,Monthly,Expired,0,2026-08-01
POL0002448,CUST004683,AGT0022,Medical,2025-04-26,2026-04-07,1637.31,270660.09,Monthly,Expired,0,2026-08-01
POL0002449,CUST005353,AGT0052,Medical,2023-10-08,2024-10-21,4663.64,223577.28,Annual,Renewed,1,2026-08-01
POL0002450,CUST001840,AGT0037,Life,2024-02-29,2025-03-21,6844.73,694123.48,Annual,Expired,0,2026-08-01
POL0002451,CUST003372,AGT0033,Medical,2023-05-02,2024-04-07,2087.37,483668.89,Semi-Annual,Expired,0,2026-08-01
POL0002452,CUST003106,AGT0032,Motor,2025-02-07,2026-02-20,2325.94,118215.02,Monthly,Cancelled,0,2026-08-01
POL0002453,CUST004664,AGT0041,Travel,2024-09-27,2024-12-10,775.85,84747.57,Annual,Renewed,1,2026-08-01
POL0002454,CUST005089,AGT0017,Medical,2023-08-06,2024-07-09,4189.07,393750.47,Annual,Renewed,1,2026-08-01
POL0002455,CUST003429,AGT0024,Life,2024-01-17,2024-12-29,5702.77,493225.35,Annual,Renewed,1,2026-08-01
POL0002456,CUST005847,AGT0006,Life,2023-03-26,2024-04-19,5268.09,1297590.47,Annual,Expired,0,2026-08-01
POL0002457,CUST002964,AGT0035,Life,2023-03-25,2024-02-28,1605.03,972395.29,Monthly,Renewed,1,2026-08-01
POL0002458,CUST001647,AGT0049,Motor,2023-03-06,2024-02-02,1440.2,62291.57,Annual,Expired,0,2026-08-01
POL0002459,CUST001024,AGT0051,Home,2024-02-26,2025-03-09,760.73,159987.33,Annual,Renewed,1,2026-08-01
POL0002460,CUST002264,AGT0017,Medical,2023-12-19,2024-12-19,1876.55,276124.06,Semi-Annual,Expired,0,2026-08-01
POL0002461,CUST001754,AGT0065,Home,2023-09-04,2024-08-16,989.96,705273.24,Annual,Renewed,1,2026-08-01
POL0002462,CUST001202,AGT0034,Travel,2023-08-23,2023-11-10,265.88,62560.39,Monthly,Renewed,1,2026-08-01
POL0002463,CUST002713,AGT0065,Life,2026-05-25,2027-05-24,4250.11,1448292.24,Monthly,Active,0,2026-08-01
POL0002464,CUST001569,AGT0066,Medical,2024-06-11,2025-05-22,3018.65,291081.43,Annual,Expired,0,2026-08-01
POL0002465,CUST005914,AGT0001,Motor,2024-11-09,2025-11-19,814.36,156106.86,Annual,Renewed,1,2026-08-01
POL0002466,CUST001829,AGT0004,Medical,2026-02-19,2027-03-11,1551.05,105703.59,Monthly,Active,0,2026-08-01
POL0002467,CUST003652,AGT0043,Life,2026-07-27,2027-07-21,4604.36,863536.31,Annual,Active,0,2026-08-01
POL0002468,CUST004514,AGT0068,Medical,2024-05-09,2025-05-26,5112.69,490096.43,Monthly,Renewed,1,2026-08-01
POL0002469,CUST005670,AGT0030,Motor,2025-10-01,2026-09-04,1836.83,89525.35,Quarterly,Active,0,2026-08-01
POL0002470,CUST004122,AGT0049,Medical,2024-06-04,2025-05-04,4906.09,400201.81,Monthly,Renewed,1,2026-08-01
POL0002471,CUST001553,AGT0049,Motor,2023-12-17,2024-11-11,2585.68,132816.31,Annual,Expired,0,2026-08-01
POL0002472,CUST003337,AGT0061,Motor,2023-06-07,2024-05-24,2032.0,74531.05,Annual,Renewed,1,2026-08-01
POL0002473,CUST000414,AGT0071,Medical,2024-03-31,2025-03-21,3476.25,423597.45,Monthly,Renewed,1,2026-08-01
POL0002474,CUST001623,AGT0046,Motor,2026-07-16,2027-08-08,1843.41,90818.23,Annual,Active,0,2026-08-01
POL0002475,CUST005871,AGT0063,Motor,2023-08-10,2024-09-08,1162.64,81533.93,Monthly,Expired,0,2026-08-01
POL0002476,CUST000030,AGT0049,Motor,2023-07-09,2024-07-14,1099.28,126146.35,Annual,Expired,0,2026-08-01
POL0002477,CUST001978,AGT0027,Life,2023-12-01,2024-12-29,2931.23,399305.21,Annual,Expired,0,2026-08-01
POL0002478,CUST000321,AGT0046,Home,2024-03-18,2025-04-16,796.02,824098.41,Annual,Expired,0,2026-08-01
POL0002479,CUST003212,AGT0060,Motor,2024-05-13,2025-05-07,1299.8,30684.43,Monthly,Renewed,1,2026-08-01
POL0002480,CUST004507,AGT0072,Life,2026-05-21,2027-05-03,2315.49,1356364.36,Monthly,Cancelled,0,2026-08-01
POL0002481,CUST000427,AGT0009,Motor,2026-04-30,2027-04-22,2156.94,106604.24,Quarterly,Active,0,2026-08-01
POL0002482,CUST000773,AGT0027,Life,2024-08-17,2025-07-13,3363.07,1036587.7,Quarterly,Expired,0,2026-08-01
POL0002483,CUST005163,AGT0011,Motor,2026-03-05,2027-03-12,1847.29,173150.1,Quarterly,Active,0,2026-08-01
POL0002484,CUST001674,AGT0014,Travel,2024-03-17,2024-05-02,374.27,144920.36,Semi-Annual,Renewed,1,2026-08-01
POL0002485,CUST000005,AGT0019,Life,2024-05-30,2025-06-18,3748.55,1293688.13,Monthly,Cancelled,0,2026-08-01
POL0002486,CUST000589,AGT0073,Life,2025-07-23,2026-07-04,3670.28,1169307.6,Semi-Annual,Renewed,1,2026-08-01
POL0002487,CUST005437,AGT0032,Motor,2026-02-08,2027-02-11,1836.11,111053.58,Monthly,Active,0,2026-08-01
POL0002488,CUST005541,AGT0074,Travel,2023-02-13,2023-03-19,242.98,49345.55,Monthly,Renewed,1,2026-08-01
POL0002489,CUST000993,AGT0041,Motor,2025-02-07,2026-02-19,2569.83,90433.47,Semi-Annual,Cancelled,0,2026-08-01
POL0002490,CUST001682,AGT0002,Medical,2024-02-24,2025-01-22,3524.47,310393.46,Semi-Annual,Renewed,1,2026-08-01
POL0002491,CUST001101,AGT0032,Travel,2024-05-26,2024-08-06,608.95,51644.41,Monthly,Renewed,1,2026-08-01
POL0002492,CUST002951,AGT0059,Life,2025-01-28,2026-02-22,3205.82,943623.07,Monthly,Cancelled,0,2026-08-01
POL0002493,CUST004955,AGT0051,Travel,2024-11-01,2024-12-21,739.67,93169.2,Annual,Renewed,1,2026-08-01
POL0002494,CUST004558,AGT0030,Life,2026-07-19,2027-08-02,3329.0,1105199.17,Quarterly,Active,0,2026-08-01
POL0002495,CUST002318,AGT0010,Life,2024-07-31,2025-07-31,6035.07,983216.91,Monthly,Cancelled,0,2026-08-01
POL0002496,CUST004173,AGT0061,Motor,2026-06-18,2027-07-17,1208.38,158360.21,Quarterly,Active,0,2026-08-01
POL0002497,CUST001537,AGT0042,Medical,2025-06-06,2026-06-03,4512.27,238821.3,Monthly,Renewed,1,2026-08-01
POL0002498,CUST005455,AGT0064,Medical,2025-03-29,2026-04-03,4994.13,309472.54,Quarterly,Expired,0,2026-08-01
POL0002499,CUST003579,AGT0022,Life,2024-11-30,2025-11-09,2376.93,947145.07,Annual,Cancelled,0,2026-08-01
POL0002500,CUST005504,AGT0013,Life,2024-03-20,2025-03-07,1393.68,586967.39,Annual,Renewed,1,2026-08-01
POL0002501,CUST001527,AGT0030,Medical,2025-02-05,2026-01-09,4459.26,347854.19,Monthly,Renewed,1,2026-08-01
POL0002502,CUST005702,AGT0020,Life,2024-12-19,2025-12-19,4585.04,562512.74,Annual,Renewed,1,2026-08-01
POL0002503,CUST001720,AGT0041,Motor,2023-05-20,2024-05-08,1240.3,144472.37,Monthly,Renewed,1,2026-08-01
POL0002504,CUST004106,AGT0041,Medical,2026-05-05,2027-05-16,3249.17,458530.45,Annual,Active,0,2026-08-01
POL0002505,CUST000274,AGT0011,Home,2026-03-05,2027-03-30,1775.99,287056.83,Annual,Active,0,2026-08-01
POL0002506,CUST001384,AGT0038,Motor,2025-05-21,2026-06-10,2495.36,113636.79,Annual,Renewed,1,2026-08-01
POL0002507,CUST003237,AGT0032,Motor,2025-05-24,2026-05-25,1353.49,157772.56,Monthly,Cancelled,0,2026-08-01
POL0002508,CUST003027,AGT0042,Life,2023-07-15,2024-07-31,5195.25,917726.59,Monthly,Renewed,1,2026-08-01
POL0002509,CUST000777,AGT0061,Motor,2025-02-19,2026-02-11,1719.06,87304.11,Monthly,Expired,0,2026-08-01
POL0002510,CUST000060,AGT0037,Medical,2026-06-23,2027-06-29,2203.38,362225.39,Monthly,Active,0,2026-08-01
POL0002511,CUST005023,AGT0023,Life,2023-06-10,2024-05-14,2029.61,663269.81,Quarterly,Renewed,1,2026-08-01
POL0002512,CUST001467,AGT0073,Medical,2026-03-25,2027-02-24,1533.57,265272.36,Monthly,Active,0,2026-08-01
POL0002513,CUST004507,AGT0062,Home,2024-04-04,2025-03-04,336.3,894050.3,Annual,Renewed,1,2026-08-01
POL0002514,CUST001040,AGT0077,Travel,2023-10-11,2023-10-27,564.48,69335.23,Semi-Annual,Renewed,1,2026-08-01
POL0002515,CUST001713,AGT0019,Medical,2026-03-24,2027-03-29,2137.67,458342.32,Monthly,Active,0,2026-08-01
POL0002516,CUST000101,AGT0050,Home,2025-05-08,2026-05-04,1178.17,688499.26,Annual,Expired,0,2026-08-01
POL0002517,CUST003203,AGT0061,Motor,2025-11-13,2026-12-11,2161.09,87254.59,Monthly,Active,0,2026-08-01
POL0002518,CUST003102,AGT0072,Motor,2026-02-21,2027-01-21,808.7,164344.57,Quarterly,Active,0,2026-08-01
POL0002519,CUST003465,AGT0016,Life,2023-01-15,2024-01-09,3771.26,310851.85,Quarterly,Expired,0,2026-08-01
POL0002520,CUST004492,AGT0021,Life,2023-10-16,2024-10-06,2776.17,1434994.13,Monthly,Expired,0,2026-08-01
POL0002521,CUST003999,AGT0077,Motor,2023-11-06,2024-10-16,1904.61,133046.16,Monthly,Renewed,1,2026-08-01
POL0002522,CUST001215,AGT0046,Medical,2026-04-22,2027-04-22,1602.31,295960.76,Monthly,Active,0,2026-08-01
POL0002523,CUST002514,AGT0013,Motor,2024-11-18,2025-11-07,1826.83,91615.71,Quarterly,Renewed,1,2026-08-01
POL0002524,CUST000458,AGT0016,Motor,2023-08-24,2024-08-02,1854.96,168791.15,Monthly,Expired,0,2026-08-01
POL0002525,CUST003916,AGT0080,Medical,2025-07-01,2026-06-29,3685.84,414412.76,Annual,Expired,0,2026-08-01
POL0002526,CUST002379,AGT0072,Home,2024-04-11,2025-03-21,451.68,530606.83,Monthly,Renewed,1,2026-08-01
POL0002527,CUST001017,AGT0019,Travel,2025-01-24,2025-03-09,833.59,125984.36,Monthly,Expired,0,2026-08-01
POL0002528,CUST005268,AGT0045,Medical,2026-05-17,2027-05-06,2833.2,301399.76,Semi-Annual,Cancelled,0,2026-08-01
POL0002529,CUST002827,AGT0057,Medical,2023-12-19,2024-12-12,2927.18,377446.94,Monthly,Expired,0,2026-08-01
POL0002530,CUST000316,AGT0036,Motor,2026-05-22,2027-04-28,2092.47,121921.37,Quarterly,Active,0,2026-08-01
POL0002531,CUST000565,AGT0025,Medical,2025-08-28,2026-09-23,4882.21,137669.35,Annual,Active,0,2026-08-01
POL0002532,CUST001750,AGT0057,Life,2023-01-31,2024-01-07,5168.76,404463.2,Annual,Expired,0,2026-08-01
POL0002533,CUST005647,AGT0007,Travel,2024-05-30,2024-06-09,586.7,113853.7,Quarterly,Expired,0,2026-08-01
POL0002534,CUST000590,AGT0017,Medical,2026-02-06,2027-02-13,3917.64,176115.72,Annual,Active,0,2026-08-01
POL0002535,CUST002409,AGT0002,Home,2026-01-24,2026-12-27,1318.25,812583.2,Annual,Active,0,2026-08-01
POL0002536,CUST002386,AGT0072,Travel,2025-06-25,2025-07-24,486.91,89207.4,Monthly,Expired,0,2026-08-01
POL0002537,CUST003705,AGT0012,Motor,2025-06-21,2026-05-24,1727.41,42181.84,Quarterly,Expired,0,2026-08-01
POL0002538,CUST003595,AGT0070,Home,2026-02-13,2027-03-11,1014.44,708315.38,Annual,Active,0,2026-08-01
POL0002539,CUST002939,AGT0033,Motor,2023-07-05,2024-07-05,2172.71,139870.91,Semi-Annual,Expired,0,2026-08-01
POL0002540,CUST004841,AGT0009,Home,2024-08-26,2025-07-31,1001.13,613662.83,Monthly,Expired,0,2026-08-01
POL0002541,CUST000161,AGT0047,Life,2024-04-03,2025-04-20,1997.52,1372539.41,Annual,Expired,0,2026-08-01
POL0002542,CUST002361,AGT0026,Medical,2026-07-06,2027-08-01,3052.53,385746.68,Quarterly,Active,0,2026-08-01
POL0002543,CUST000377,AGT0039,Medical,2025-09-29,2026-09-29,3674.13,397452.01,Annual,Active,0,2026-08-01
POL0002544,CUST001806,AGT0079,Life,2025-09-04,2026-09-05,4476.72,806140.24,Monthly,Cancelled,0,2026-08-01
POL0002545,CUST001588,AGT0051,Travel,2023-05-05,2023-06-14,547.97,119358.77,Quarterly,Expired,0,2026-08-01
POL0002546,CUST005303,AGT0002,Travel,2025-09-19,2025-11-16,361.69,75539.43,Quarterly,Renewed,1,2026-08-01
POL0002547,CUST004050,AGT0008,Medical,2025-12-28,2026-11-28,1734.3,252159.27,Monthly,Active,0,2026-08-01
POL0002548,CUST001439,AGT0062,Travel,2024-07-12,2024-08-09,629.41,98090.75,Monthly,Renewed,1,2026-08-01
POL0002549,CUST003849,AGT0055,Medical,2026-02-02,2027-01-19,1157.91,390621.75,Monthly,Active,0,2026-08-01
POL0002550,CUST004995,AGT0040,Medical,2024-05-27,2025-06-04,2069.78,91131.98,Semi-Annual,Expired,0,2026-08-01
POL0002551,CUST001128,AGT0063,Motor,2025-05-03,2026-04-01,2478.2,97502.69,Annual,Expired,0,2026-08-01
POL0002552,CUST003388,AGT0018,Travel,2023-09-26,2023-11-30,350.88,21741.29,Annual,Renewed,1,2026-08-01
POL0002553,CUST002932,AGT0019,Life,2024-10-29,2025-10-17,3137.41,802467.08,Annual,Cancelled,0,2026-08-01
POL0002554,CUST005486,AGT0033,Medical,2023-03-18,2024-03-02,1523.92,244866.2,Quarterly,Renewed,1,2026-08-01
POL0002555,CUST002203,AGT0064,Life,2023-06-05,2024-06-06,2654.44,186615.96,Monthly,Renewed,1,2026-08-01
POL0002556,CUST004072,AGT0079,Travel,2026-03-24,2026-04-23,328.25,66089.38,Monthly,Renewed,1,2026-08-01
POL0002557,CUST003412,AGT0021,Motor,2025-07-05,2026-07-31,1303.32,65123.42,Quarterly,Cancelled,0,2026-08-01
POL0002558,CUST001938,AGT0050,Medical,2025-02-11,2026-02-23,2045.91,451869.73,Monthly,Renewed,1,2026-08-01
POL0002559,CUST002009,AGT0036,Medical,2024-06-12,2025-06-07,4906.47,247125.92,Quarterly,Expired,0,2026-08-01
POL0002560,CUST005172,AGT0071,Motor,2024-12-30,2025-12-12,1808.94,34003.18,Annual,Renewed,1,2026-08-01
POL0002561,CUST005378,AGT0065,Medical,2025-07-11,2026-06-30,1207.65,230097.85,Monthly,Renewed,1,2026-08-01
POL0002562,CUST001562,AGT0014,Travel,2024-03-17,2024-04-03,795.58,103485.88,Monthly,Renewed,1,2026-08-01
POL0002563,CUST002835,AGT0055,Motor,2024-02-27,2025-03-07,2256.33,166622.42,Annual,Renewed,1,2026-08-01
POL0002564,CUST000857,AGT0002,Travel,2025-08-24,2025-10-28,139.3,133447.37,Semi-Annual,Expired,0,2026-08-01
POL0002565,CUST002560,AGT0041,Home,2024-12-06,2025-12-18,652.88,440187.24,Monthly,Renewed,1,2026-08-01
POL0002566,CUST005206,AGT0022,Motor,2024-06-15,2025-07-11,1146.24,121290.51,Monthly,Renewed,1,2026-08-01
POL0002567,CUST004220,AGT0030,Medical,2024-08-07,2025-07-14,3899.87,485343.37,Quarterly,Cancelled,0,2026-08-01
POL0002568,CUST002915,AGT0027,Motor,2025-11-23,2026-10-24,1882.53,43837.27,Annual,Active,0,2026-08-01
POL0002569,CUST004685,AGT0046,Life,2024-11-07,2025-11-18,5643.52,1336435.9,Annual,Renewed,1,2026-08-01
POL0002570,CUST003317,AGT0068,Medical,2023-04-15,2024-05-13,3131.8,430940.94,Monthly,Renewed,1,2026-08-01
POL0002571,CUST002626,AGT0042,Life,2025-12-19,2026-12-19,2952.98,1380502.94,Annual,Active,0,2026-08-01
POL0002572,CUST000102,AGT0070,Travel,2023-11-20,2024-02-17,251.65,145690.33,Monthly,Renewed,1,2026-08-01
POL0002573,CUST000654,AGT0078,Travel,2023-04-07,2023-05-23,584.37,41413.43,Annual,Renewed,1,2026-08-01
POL0002574,CUST003233,AGT0018,Medical,2024-01-06,2024-12-11,2570.14,302274.12,Annual,Expired,0,2026-08-01
POL0002575,CUST000511,AGT0067,Travel,2023-06-05,2023-08-27,376.53,41519.48,Monthly,Renewed,1,2026-08-01
POL0002576,CUST000070,AGT0018,Home,2023-01-31,2023-12-30,615.55,301811.96,Annual,Renewed,1,2026-08-01
POL0002577,CUST001962,AGT0010,Life,2025-07-03,2026-07-18,5762.1,1212120.82,Annual,Expired,0,2026-08-01
POL0002578,CUST003337,AGT0017,Motor,2025-05-17,2026-05-09,1896.07,160677.21,Semi-Annual,Cancelled,0,2026-08-01
POL0002579,CUST004396,AGT0033,Travel,2024-02-07,2024-03-28,234.82,79441.35,Semi-Annual,Renewed,1,2026-08-01
POL0002580,CUST005795,AGT0014,Travel,2025-07-06,2025-07-19,389.35,117202.55,Monthly,Renewed,1,2026-08-01
POL0002581,CUST003922,AGT0047,Medical,2023-02-19,2024-03-09,3963.26,142031.13,Monthly,Renewed,1,2026-08-01
POL0002582,CUST005852,AGT0048,Life,2024-06-24,2025-07-07,5208.44,733545.82,Monthly,Expired,0,2026-08-01
POL0002583,CUST001727,AGT0057,Medical,2025-01-22,2026-01-29,2890.94,51869.88,Monthly,Renewed,1,2026-08-01
POL0002584,CUST003946,AGT0073,Medical,2025-11-05,2026-11-05,3750.43,400420.08,Monthly,Active,0,2026-08-01
POL0002585,CUST000027,AGT0015,Travel,2023-12-24,2024-02-20,551.48,54643.12,Annual,Renewed,1,2026-08-01
POL0002586,CUST000816,AGT0079,Travel,2026-05-31,2026-07-12,127.53,24446.52,Monthly,Renewed,1,2026-08-01
POL0002587,CUST003857,AGT0067,Motor,2024-05-02,2025-04-21,1849.9,76264.83,Annual,Renewed,1,2026-08-01
POL0002588,CUST001896,AGT0005,Motor,2025-08-20,2026-08-10,888.49,77258.91,Annual,Active,0,2026-08-01
POL0002589,CUST003387,AGT0051,Medical,2023-08-23,2024-09-06,4355.73,373794.3,Quarterly,Renewed,1,2026-08-01
POL0002590,CUST005657,AGT0021,Medical,2025-05-29,2026-04-28,4473.58,214851.63,Monthly,Cancelled,0,2026-08-01
POL0002591,CUST004635,AGT0006,Travel,2025-01-03,2025-02-17,101.36,59122.91,Annual,Expired,0,2026-08-01
POL0002592,CUST002112,AGT0055,Motor,2024-08-10,2025-09-05,1395.78,21301.5,Annual,Expired,0,2026-08-01
POL0002593,CUST004117,AGT0005,Travel,2023-11-28,2024-01-02,678.08,121615.63,Monthly,Expired,0,2026-08-01
POL0002594,CUST005542,AGT0015,Medical,2024-12-24,2026-01-19,3785.74,82918.3,Monthly,Expired,0,2026-08-01
POL0002595,CUST001482,AGT0055,Life,2024-06-21,2025-05-17,3438.34,579764.12,Annual,Expired,0,2026-08-01
POL0002596,CUST003330,AGT0007,Medical,2024-01-12,2025-01-01,2097.9,160847.23,Monthly,Expired,0,2026-08-01
POL0002597,CUST004398,AGT0061,Travel,2024-11-18,2025-01-04,293.14,144159.12,Monthly,Expired,0,2026-08-01
POL0002598,CUST003955,AGT0003,Medical,2023-11-16,2024-10-31,1512.77,322830.31,Monthly,Renewed,1,2026-08-01
POL0002599,CUST002919,AGT0025,Medical,2025-05-04,2026-04-04,5190.82,63092.6,Annual,Renewed,1,2026-08-01
POL0002600,CUST002599,AGT0021,Life,2023-02-04,2024-01-02,5126.45,1045734.86,Monthly,Renewed,1,2026-08-01
POL0002601,CUST003449,AGT0013,Medical,2023-11-16,2024-11-30,3307.24,447245.12,Semi-Annual,Renewed,1,2026-08-01
POL0002602,CUST002979,AGT0043,Motor,2024-09-20,2025-10-07,2572.93,126904.91,Quarterly,Renewed,1,2026-08-01
POL0002603,CUST002142,AGT0018,Home,2023-06-16,2024-06-20,856.31,509354.75,Annual,Expired,0,2026-08-01
POL0002604,CUST005247,AGT0013,Life,2023-10-22,2024-09-23,6249.67,557405.29,Monthly,Renewed,1,2026-08-01
POL0002605,CUST004744,AGT0032,Motor,2024-07-09,2025-06-30,2404.14,119063.92,Quarterly,Renewed,1,2026-08-01
POL0002606,CUST003848,AGT0040,Life,2024-09-02,2025-08-28,1902.54,157700.59,Annual,Expired,0,2026-08-01
POL0002607,CUST001177,AGT0051,Motor,2024-03-21,2025-02-20,2583.62,55978.62,Quarterly,Expired,0,2026-08-01
POL0002608,CUST003086,AGT0007,Medical,2025-11-27,2026-11-04,4147.62,464185.72,Annual,Active,0,2026-08-01
POL0002609,CUST001228,AGT0016,Motor,2024-10-30,2025-10-24,1420.14,133713.36,Monthly,Renewed,1,2026-08-01
POL0002610,CUST000977,AGT0005,Motor,2024-04-24,2025-04-06,1525.72,35147.99,Quarterly,Renewed,1,2026-08-01
POL0002611,CUST001425,AGT0064,Medical,2024-11-02,2025-10-21,1297.81,351728.18,Annual,Expired,0,2026-08-01
POL0002612,CUST000946,AGT0045,Medical,2024-02-25,2025-02-03,4293.44,454825.97,Quarterly,Renewed,1,2026-08-01
POL0002613,CUST004738,AGT0020,Motor,2023-03-08,2024-02-13,1348.69,127317.97,Monthly,Cancelled,0,2026-08-01
POL0002614,CUST003085,AGT0043,Motor,2024-08-07,2025-09-06,1415.53,114516.26,Monthly,Cancelled,0,2026-08-01
POL0002615,CUST004369,AGT0065,Motor,2024-04-18,2025-03-26,1730.2,99156.42,Annual,Renewed,1,2026-08-01
POL0002616,CUST005859,AGT0061,Motor,2024-10-09,2025-10-12,1710.3,114570.55,Monthly,Cancelled,0,2026-08-01
POL0002617,CUST001618,AGT0074,Life,2024-11-03,2025-11-23,2398.11,1319538.4,Monthly,Renewed,1,2026-08-01
POL0002618,CUST001171,AGT0019,Motor,2023-12-23,2024-12-06,820.54,70552.39,Monthly,Expired,0,2026-08-01
POL0002619,CUST000864,AGT0014,Medical,2024-08-17,2025-08-03,3997.5,397528.62,Annual,Renewed,1,2026-08-01
POL0002620,CUST000112,AGT0062,Medical,2025-02-23,2026-02-25,2837.3,338474.73,Quarterly,Cancelled,0,2026-08-01
POL0002621,CUST000170,AGT0074,Motor,2023-11-12,2024-10-13,2093.39,40905.52,Monthly,Renewed,1,2026-08-01
POL0002622,CUST003572,AGT0015,Life,2023-02-07,2024-02-14,3449.31,434150.28,Annual,Renewed,1,2026-08-01
POL0002623,CUST004103,AGT0057,Life,2023-08-31,2024-08-05,3357.56,1337141.83,Monthly,Renewed,1,2026-08-01
POL0002624,CUST001755,AGT0046,Life,2024-09-27,2025-10-11,6457.89,553989.56,Monthly,Expired,0,2026-08-01
POL0002625,CUST003234,AGT0071,Medical,2025-06-22,2026-06-30,2128.29,234161.52,Monthly,Expired,0,2026-08-01
POL0002626,CUST001241,AGT0016,Medical,2025-04-28,2026-04-19,2607.89,199729.61,Semi-Annual,Renewed,1,2026-08-01
POL0002627,CUST004214,AGT0028,Life,2025-10-08,2026-09-27,3251.82,878396.3,Annual,Active,0,2026-08-01
POL0002628,CUST004266,AGT0050,Home,2024-09-01,2025-08-08,592.52,134174.27,Semi-Annual,Renewed,1,2026-08-01
POL0002629,CUST004250,AGT0070,Medical,2026-02-21,2027-01-20,1850.93,248735.31,Semi-Annual,Active,0,2026-08-01
POL0002630,CUST003072,AGT0067,Life,2026-07-02,2027-07-31,6687.86,799682.81,Annual,Active,0,2026-08-01
POL0002631,CUST005069,AGT0039,Medical,2023-01-23,2023-12-22,1402.8,416399.34,Monthly,Expired,0,2026-08-01
POL0002632,CUST000501,AGT0030,Home,2023-07-22,2024-06-27,1366.27,254399.97,Annual,Renewed,1,2026-08-01
POL0002633,CUST002496,AGT0016,Motor,2024-06-05,2025-05-04,1004.92,82096.88,Semi-Annual,Expired,0,2026-08-01
POL0002634,CUST000380,AGT0033,Medical,2024-08-15,2025-08-11,1663.08,287070.97,Quarterly,Cancelled,0,2026-08-01
POL0002635,CUST004964,AGT0080,Medical,2023-09-27,2024-10-09,4077.25,414348.34,Semi-Annual,Cancelled,0,2026-08-01
POL0002636,CUST000442,AGT0019,Life,2024-01-17,2024-12-28,4851.7,1082696.83,Monthly,Expired,0,2026-08-01
POL0002637,CUST002615,AGT0076,Life,2023-02-28,2024-03-20,3250.76,163053.02,Semi-Annual,Expired,0,2026-08-01
POL0002638,CUST001116,AGT0023,Life,2026-03-26,2027-03-31,2620.7,588958.46,Monthly,Active,0,2026-08-01
POL0002639,CUST004247,AGT0010,Life,2025-10-25,2026-11-14,3624.5,404419.53,Quarterly,Active,0,2026-08-01
POL0002640,CUST002415,AGT0058,Medical,2023-08-23,2024-08-12,4665.64,105277.68,Annual,Renewed,1,2026-08-01
POL0002641,CUST003307,AGT0037,Motor,2024-06-07,2025-06-08,2106.09,64068.69,Monthly,Expired,0,2026-08-01
POL0002642,CUST005774,AGT0059,Travel,2024-11-12,2025-01-29,769.09,94287.38,Quarterly,Renewed,1,2026-08-01
POL0002643,CUST005529,AGT0079,Medical,2024-08-06,2025-07-27,2208.35,417613.87,Semi-Annual,Expired,0,2026-08-01
POL0002644,CUST002572,AGT0012,Motor,2024-07-08,2025-08-01,1637.78,161603.12,Semi-Annual,Renewed,1,2026-08-01
POL0002645,CUST002221,AGT0044,Motor,2024-12-22,2025-12-07,2001.19,73685.76,Monthly,Renewed,1,2026-08-01
POL0002646,CUST001795,AGT0022,Medical,2026-04-13,2027-04-04,4657.43,153702.68,Monthly,Active,0,2026-08-01
POL0002647,CUST004139,AGT0040,Medical,2024-11-17,2025-12-01,3558.37,308203.96,Monthly,Renewed,1,2026-08-01
POL0002648,CUST005969,AGT0021,Life,2024-12-29,2025-12-12,1483.13,1032996.26,Annual,Expired,0,2026-08-01
POL0002649,CUST003589,AGT0016,Life,2023-12-06,2024-12-23,3787.28,873874.32,Annual,Renewed,1,2026-08-01
POL0002650,CUST003391,AGT0042,Motor,2024-08-31,2025-08-14,2348.79,152793.49,Quarterly,Cancelled,0,2026-08-01
POL0002651,CUST005993,AGT0034,Motor,2025-06-01,2026-06-27,2219.4,83328.45,Annual,Cancelled,0,2026-08-01
POL0002652,CUST001141,AGT0062,Travel,2025-02-05,2025-02-12,815.43,63123.53,Monthly,Renewed,1,2026-08-01
POL0002653,CUST000464,AGT0040,Travel,2024-09-27,2024-11-06,650.53,93679.33,Semi-Annual,Renewed,1,2026-08-01
POL0002654,CUST000570,AGT0049,Travel,2025-07-18,2025-10-01,187.45,105791.19,Monthly,Renewed,1,2026-08-01
POL0002655,CUST003589,AGT0058,Motor,2023-10-13,2024-10-23,1162.74,73501.61,Monthly,Expired,0,2026-08-01
POL0002656,CUST005378,AGT0005,Home,2023-02-11,2024-02-21,818.4,288036.02,Monthly,Renewed,1,2026-08-01
POL0002657,CUST001395,AGT0037,Travel,2024-02-12,2024-04-18,150.95,145671.23,Monthly,Expired,0,2026-08-01
POL0002658,CUST004345,AGT0042,Medical,2023-11-19,2024-10-15,3911.99,368514.42,Monthly,Cancelled,0,2026-08-01
POL0002659,CUST005306,AGT0051,Life,2026-04-08,2027-05-06,3278.58,958309.24,Quarterly,Active,0,2026-08-01
POL0002660,CUST005499,AGT0004,Motor,2023-11-05,2024-11-08,1153.28,65567.06,Quarterly,Renewed,1,2026-08-01
POL0002661,CUST004767,AGT0009,Life,2026-04-05,2027-03-09,2568.03,1390116.54,Annual,Active,0,2026-08-01
POL0002662,CUST002204,AGT0068,Travel,2024-06-27,2024-08-22,803.25,88729.71,Annual,Expired,0,2026-08-01
POL0002663,CUST003972,AGT0062,Medical,2025-07-23,2026-07-06,4232.15,171523.83,Monthly,Renewed,1,2026-08-01
POL0002664,CUST003330,AGT0034,Motor,2025-01-23,2026-01-10,1378.32,77836.94,Monthly,Renewed,1,2026-08-01
POL0002665,CUST002883,AGT0001,Medical,2023-01-07,2024-01-26,4286.05,217488.17,Annual,Expired,0,2026-08-01
POL0002666,CUST004249,AGT0021,Life,2026-04-12,2027-04-13,6537.4,147796.66,Quarterly,Active,0,2026-08-01
POL0002667,CUST004088,AGT0052,Life,2024-09-13,2025-09-12,5662.41,672662.4,Annual,Expired,0,2026-08-01
POL0002668,CUST004851,AGT0055,Medical,2025-01-09,2026-01-10,2638.38,167325.4,Monthly,Renewed,1,2026-08-01
POL0002669,CUST003327,AGT0067,Home,2023-12-11,2024-11-21,566.31,450875.51,Annual,Expired,0,2026-08-01
POL0002670,CUST003952,AGT0045,Motor,2023-08-26,2024-09-10,2218.52,109704.12,Semi-Annual,Expired,0,2026-08-01
POL0002671,CUST001724,AGT0062,Motor,2023-02-20,2024-02-19,899.76,73702.02,Quarterly,Expired,0,2026-08-01
POL0002672,CUST002840,AGT0019,Motor,2024-11-18,2025-11-09,1317.43,24884.64,Monthly,Renewed,1,2026-08-01
POL0002673,CUST004917,AGT0012,Travel,2024-02-13,2024-03-01,121.41,140579.41,Quarterly,Renewed,1,2026-08-01
POL0002674,CUST004630,AGT0027,Travel,2024-07-14,2024-10-07,254.74,35285.1,Semi-Annual,Expired,0,2026-08-01
POL0002675,CUST003076,AGT0068,Travel,2026-07-07,2026-08-31,308.64,65581.62,Monthly,Active,0,2026-08-01
POL0002676,CUST003402,AGT0071,Travel,2025-04-23,2025-05-13,347.8,114539.24,Annual,Cancelled,0,2026-08-01
POL0002677,CUST001543,AGT0007,Medical,2025-08-21,2026-08-19,1598.61,445736.38,Annual,Active,0,2026-08-01
POL0002678,CUST002298,AGT0016,Medical,2025-04-12,2026-03-14,3576.63,340772.66,Semi-Annual,Renewed,1,2026-08-01
POL0002679,CUST003987,AGT0006,Life,2023-08-17,2024-07-30,6782.4,436547.52,Quarterly,Expired,0,2026-08-01
POL0002680,CUST000694,AGT0062,Medical,2025-05-12,2026-05-24,1484.29,348565.01,Annual,Expired,0,2026-08-01
POL0002681,CUST000112,AGT0066,Medical,2026-03-05,2027-02-24,3986.17,231095.36,Monthly,Active,0,2026-08-01
POL0002682,CUST003600,AGT0075,Motor,2026-07-27,2027-08-07,1125.07,139167.68,Semi-Annual,Active,0,2026-08-01
POL0002683,CUST004321,AGT0015,Medical,2023-03-04,2024-02-10,3700.42,227958.92,Quarterly,Renewed,1,2026-08-01
POL0002684,CUST005885,AGT0042,Medical,2023-02-06,2024-03-04,1689.33,89510.31,Monthly,Renewed,1,2026-08-01
POL0002685,CUST002823,AGT0036,Motor,2026-07-03,2027-07-14,2398.18,104269.46,Annual,Active,0,2026-08-01
POL0002686,CUST000740,AGT0079,Home,2025-09-23,2026-09-04,335.5,114636.62,Monthly,Active,0,2026-08-01
POL0002687,CUST003806,AGT0075,Motor,2023-01-22,2024-01-07,1191.9,119739.05,Semi-Annual,Renewed,1,2026-08-01
POL0002688,CUST001848,AGT0067,Home,2026-01-22,2027-01-08,1282.37,340213.37,Monthly,Active,0,2026-08-01
POL0002689,CUST000944,AGT0017,Motor,2026-05-14,2027-05-12,2013.68,161142.77,Semi-Annual,Active,0,2026-08-01
POL0002690,CUST003727,AGT0027,Travel,2023-11-17,2024-01-20,421.57,85116.56,Annual,Renewed,1,2026-08-01
POL0002691,CUST004310,AGT0063,Medical,2023-10-07,2024-10-24,2029.59,65313.98,Quarterly,Expired,0,2026-08-01
POL0002692,CUST000330,AGT0049,Motor,2025-09-16,2026-08-24,1919.54,122162.6,Quarterly,Active,0,2026-08-01
POL0002693,CUST004340,AGT0047,Motor,2024-01-31,2025-01-04,2584.86,152975.98,Quarterly,Expired,0,2026-08-01
POL0002694,CUST003446,AGT0007,Medical,2023-05-18,2024-04-15,3686.47,70193.67,Quarterly,Renewed,1,2026-08-01
POL0002695,CUST004450,AGT0033,Travel,2025-06-27,2025-09-11,200.77,116837.57,Quarterly,Renewed,1,2026-08-01
POL0002696,CUST003780,AGT0079,Motor,2024-12-10,2026-01-02,2449.38,141841.46,Monthly,Renewed,1,2026-08-01
POL0002697,CUST002804,AGT0037,Motor,2023-12-28,2024-12-13,2085.4,128895.34,Semi-Annual,Renewed,1,2026-08-01
POL0002698,CUST002005,AGT0071,Life,2024-02-26,2025-03-15,4677.96,786152.43,Annual,Renewed,1,2026-08-01
POL0002699,CUST003844,AGT0033,Life,2024-09-05,2025-09-02,2226.96,1006418.36,Annual,Expired,0,2026-08-01
POL0002700,CUST001198,AGT0068,Medical,2023-10-25,2024-10-07,2247.24,270314.75,Semi-Annual,Expired,0,2026-08-01
POL0002701,CUST003296,AGT0067,Motor,2023-03-10,2024-03-21,1659.58,80209.7,Monthly,Renewed,1,2026-08-01
POL0002702,CUST004518,AGT0050,Medical,2025-04-25,2026-03-21,3501.94,72364.11,Quarterly,Expired,0,2026-08-01
POL0002703,CUST001399,AGT0066,Motor,2024-01-18,2025-02-11,1432.91,99408.05,Annual,Renewed,1,2026-08-01
POL0002704,CUST000513,AGT0004,Life,2024-06-10,2025-07-09,4958.76,1196220.73,Monthly,Expired,0,2026-08-01
POL0002705,CUST000139,AGT0030,Motor,2024-02-09,2025-03-01,1096.52,28146.83,Quarterly,Renewed,1,2026-08-01
POL0002706,CUST003330,AGT0008,Home,2023-08-06,2024-08-28,1530.44,110540.32,Quarterly,Renewed,1,2026-08-01
POL0002707,CUST002482,AGT0056,Life,2024-12-11,2026-01-04,2193.63,337078.63,Semi-Annual,Renewed,1,2026-08-01
POL0002708,CUST003926,AGT0024,Life,2025-03-03,2026-02-25,6745.29,513225.49,Annual,Expired,0,2026-08-01
POL0002709,CUST004890,AGT0043,Travel,2024-10-16,2024-12-31,632.45,85003.89,Monthly,Renewed,1,2026-08-01
POL0002710,CUST005874,AGT0068,Home,2024-10-24,2025-10-25,1455.16,759497.33,Monthly,Renewed,1,2026-08-01
POL0002711,CUST001934,AGT0060,Travel,2025-07-23,2025-07-30,319.41,23855.75,Monthly,Expired,0,2026-08-01
POL0002712,CUST000675,AGT0054,Life,2023-02-25,2024-03-13,3006.54,1194639.94,Semi-Annual,Expired,0,2026-08-01
POL0002713,CUST004495,AGT0005,Travel,2025-10-08,2025-12-28,703.33,112875.13,Semi-Annual,Renewed,1,2026-08-01
POL0002714,CUST000115,AGT0050,Motor,2025-12-08,2026-12-27,2301.67,99877.38,Monthly,Active,0,2026-08-01
POL0002715,CUST003838,AGT0027,Travel,2023-07-18,2023-08-16,522.54,45006.18,Semi-Annual,Renewed,1,2026-08-01
POL0002716,CUST001651,AGT0080,Life,2026-07-13,2027-08-02,3431.28,219055.06,Annual,Active,0,2026-08-01
POL0002717,CUST002120,AGT0027,Life,2024-08-19,2025-08-11,4444.12,321454.51,Monthly,Renewed,1,2026-08-01
POL0002718,CUST000744,AGT0060,Travel,2024-03-23,2024-06-14,616.16,63268.97,Monthly,Cancelled,0,2026-08-01
POL0002719,CUST000004,AGT0048,Life,2024-01-23,2025-01-05,5773.67,843170.51,Monthly,Expired,0,2026-08-01
POL0002720,CUST001164,AGT0027,Life,2026-07-14,2027-07-19,3813.79,589180.76,Semi-Annual,Active,0,2026-08-01
POL0002721,CUST002587,AGT0017,Home,2024-12-18,2025-12-19,1490.98,538194.58,Annual,Cancelled,0,2026-08-01
POL0002722,CUST001764,AGT0021,Life,2026-07-25,2027-06-22,4926.6,1333999.65,Monthly,Cancelled,0,2026-08-01
POL0002723,CUST002358,AGT0043,Motor,2025-07-25,2026-08-08,2318.67,40761.33,Annual,Active,0,2026-08-01
POL0002724,CUST000671,AGT0071,Motor,2024-08-29,2025-09-07,2243.67,163107.19,Quarterly,Renewed,1,2026-08-01
POL0002725,CUST000833,AGT0079,Medical,2023-02-07,2024-02-17,2730.92,137442.86,Annual,Renewed,1,2026-08-01
POL0002726,CUST004486,AGT0026,Motor,2026-04-18,2027-03-29,2184.19,98802.19,Annual,Active,0,2026-08-01
POL0002727,CUST004913,AGT0004,Life,2023-10-25,2024-10-05,4708.45,1127100.62,Semi-Annual,Renewed,1,2026-08-01
POL0002728,CUST004440,AGT0018,Travel,2025-10-19,2025-11-11,584.03,110591.13,Monthly,Renewed,1,2026-08-01
POL0002729,CUST005733,AGT0041,Motor,2023-06-17,2024-05-12,1209.62,141304.87,Monthly,Renewed,1,2026-08-01
POL0002730,CUST004389,AGT0033,Home,2025-12-26,2027-01-07,1460.47,665185.0,Monthly,Active,0,2026-08-01
POL0002731,CUST000728,AGT0012,Life,2023-02-05,2024-02-28,1870.56,122407.22,Monthly,Expired,0,2026-08-01
POL0002732,CUST004423,AGT0014,Home,2023-06-10,2024-05-31,592.09,486698.86,Annual,Renewed,1,2026-08-01
POL0002733,CUST001386,AGT0047,Motor,2024-01-24,2025-01-17,1431.01,80663.2,Annual,Renewed,1,2026-08-01
POL0002734,CUST004664,AGT0022,Medical,2025-10-16,2026-10-06,4197.25,467574.87,Quarterly,Cancelled,0,2026-08-01
POL0002735,CUST003795,AGT0020,Life,2026-07-27,2027-08-15,3609.31,1436584.14,Monthly,Active,0,2026-08-01
POL0002736,CUST005082,AGT0031,Travel,2023-11-06,2023-11-17,548.41,53314.85,Monthly,Renewed,1,2026-08-01
POL0002737,CUST005706,AGT0073,Home,2025-01-23,2026-02-14,1676.27,663876.13,Annual,Expired,0,2026-08-01
POL0002738,CUST004132,AGT0068,Travel,2025-09-03,2025-10-16,622.71,50826.82,Annual,Renewed,1,2026-08-01
POL0002739,CUST005604,AGT0026,Motor,2026-03-09,2027-04-04,2297.17,139773.12,Annual,Active,0,2026-08-01
POL0002740,CUST003242,AGT0062,Medical,2023-11-05,2024-09-30,1560.04,184600.11,Quarterly,Renewed,1,2026-08-01
POL0002741,CUST005589,AGT0077,Life,2023-05-26,2024-05-13,1552.47,1122838.58,Monthly,Expired,0,2026-08-01
POL0002742,CUST000535,AGT0023,Motor,2025-10-21,2026-10-05,1235.53,24337.88,Annual,Active,0,2026-08-01
POL0002743,CUST002641,AGT0001,Home,2023-02-13,2024-02-21,1645.78,656246.6,Annual,Renewed,1,2026-08-01
POL0002744,CUST004577,AGT0019,Life,2026-03-14,2027-02-24,5433.54,689064.52,Quarterly,Active,0,2026-08-01
POL0002745,CUST005916,AGT0067,Travel,2024-06-09,2024-06-24,360.89,116019.03,Monthly,Expired,0,2026-08-01
POL0002746,CUST005215,AGT0009,Home,2024-10-17,2025-11-09,1665.92,155099.12,Semi-Annual,Expired,0,2026-08-01
POL0002747,CUST002188,AGT0021,Motor,2024-10-10,2025-09-15,1979.7,158883.28,Annual,Renewed,1,2026-08-01
POL0002748,CUST003768,AGT0077,Medical,2024-07-20,2025-08-11,4360.36,349452.52,Annual,Expired,0,2026-08-01
POL0002749,CUST000521,AGT0017,Life,2023-01-17,2024-01-10,1709.74,619186.83,Annual,Expired,0,2026-08-01
POL0002750,CUST000696,AGT0039,Travel,2023-07-10,2023-09-07,717.04,64400.51,Annual,Renewed,1,2026-08-01
POL0002751,CUST004227,AGT0071,Life,2024-04-06,2025-03-30,4040.31,513650.4,Monthly,Renewed,1,2026-08-01
POL0002752,CUST001878,AGT0068,Motor,2023-11-05,2024-10-13,952.51,114200.23,Annual,Renewed,1,2026-08-01
POL0002753,CUST003338,AGT0025,Life,2025-12-02,2026-11-09,1425.61,155113.8,Annual,Active,0,2026-08-01
POL0002754,CUST001238,AGT0020,Motor,2026-07-20,2027-06-17,1819.59,133912.52,Monthly,Active,0,2026-08-01
POL0002755,CUST004797,AGT0047,Medical,2023-09-27,2024-09-15,3465.31,404020.62,Annual,Renewed,1,2026-08-01
POL0002756,CUST000517,AGT0026,Home,2025-08-13,2026-07-15,571.73,287736.93,Monthly,Renewed,1,2026-08-01
POL0002757,CUST003727,AGT0059,Motor,2024-10-23,2025-10-16,1352.35,42392.82,Semi-Annual,Expired,0,2026-08-01
POL0002758,CUST004063,AGT0055,Motor,2025-10-02,2026-09-28,1509.87,175439.35,Quarterly,Active,0,2026-08-01
POL0002759,CUST004924,AGT0034,Medical,2025-09-24,2026-10-11,1045.28,335293.48,Monthly,Active,0,2026-08-01
POL0002760,CUST001533,AGT0033,Travel,2025-11-29,2025-12-06,826.52,110211.06,Monthly,Expired,0,2026-08-01
POL0002761,CUST002064,AGT0009,Motor,2026-06-11,2027-07-02,2293.32,121179.75,Monthly,Active,0,2026-08-01
POL0002762,CUST003336,AGT0056,Motor,2025-02-01,2025-12-29,1250.5,59879.06,Monthly,Expired,0,2026-08-01
POL0002763,CUST001728,AGT0074,Medical,2026-04-22,2027-05-04,4546.59,410748.53,Annual,Active,0,2026-08-01
POL0002764,CUST004419,AGT0071,Life,2024-07-30,2025-07-13,4734.19,774003.9,Quarterly,Expired,0,2026-08-01
POL0002765,CUST004544,AGT0052,Motor,2023-03-05,2024-03-22,1121.99,62146.99,Annual,Renewed,1,2026-08-01
POL0002766,CUST004535,AGT0059,Travel,2024-03-30,2024-05-01,683.89,97153.74,Annual,Cancelled,0,2026-08-01
POL0002767,CUST002987,AGT0072,Travel,2025-06-24,2025-08-20,136.05,134871.75,Monthly,Expired,0,2026-08-01
POL0002768,CUST003767,AGT0018,Medical,2023-02-05,2024-02-03,2780.29,399309.95,Monthly,Renewed,1,2026-08-01
POL0002769,CUST001077,AGT0062,Motor,2025-12-17,2026-12-18,2157.94,133860.51,Monthly,Active,0,2026-08-01
POL0002770,CUST001186,AGT0009,Medical,2025-11-24,2026-11-07,4769.28,170345.36,Semi-Annual,Active,0,2026-08-01
POL0002771,CUST002251,AGT0062,Motor,2023-10-31,2024-10-12,1316.88,64638.03,Annual,Expired,0,2026-08-01
POL0002772,CUST001241,AGT0018,Medical,2026-02-04,2027-01-09,3534.05,423921.29,Monthly,Active,0,2026-08-01
POL0002773,CUST004804,AGT0048,Life,2025-10-10,2026-10-02,6083.97,1219615.75,Annual,Active,0,2026-08-01
POL0002774,CUST001546,AGT0001,Motor,2024-03-24,2025-04-04,2358.1,157792.51,Monthly,Expired,0,2026-08-01
POL0002775,CUST005544,AGT0001,Motor,2026-04-23,2027-05-04,806.06,171785.84,Semi-Annual,Active,0,2026-08-01
POL0002776,CUST002466,AGT0052,Motor,2024-11-04,2025-11-20,970.43,78475.65,Annual,Renewed,1,2026-08-01
POL0002777,CUST004562,AGT0071,Motor,2024-08-06,2025-09-02,1140.43,115983.64,Annual,Expired,0,2026-08-01
POL0002778,CUST000458,AGT0009,Motor,2025-01-25,2026-01-31,822.89,110291.28,Monthly,Expired,0,2026-08-01
POL0002779,CUST004309,AGT0067,Medical,2026-07-12,2027-06-30,4754.54,186619.43,Monthly,Active,0,2026-08-01
POL0002780,CUST002735,AGT0061,Travel,2025-05-09,2025-07-08,112.46,90992.4,Quarterly,Expired,0,2026-08-01
POL0002781,CUST004870,AGT0059,Motor,2024-11-02,2025-11-05,2447.42,177479.73,Quarterly,Renewed,1,2026-08-01
POL0002782,CUST001086,AGT0022,Medical,2025-04-29,2026-04-23,2284.93,471028.93,Semi-Annual,Renewed,1,2026-08-01
POL0002783,CUST001204,AGT0071,Home,2025-08-20,2026-07-23,411.66,505805.58,Semi-Annual,Expired,0,2026-08-01
POL0002784,CUST005177,AGT0049,Life,2023-09-15,2024-09-05,3391.98,442718.06,Monthly,Renewed,1,2026-08-01
POL0002785,CUST003478,AGT0015,Travel,2024-11-24,2025-02-19,635.22,128561.18,Monthly,Renewed,1,2026-08-01
POL0002786,CUST003374,AGT0071,Medical,2025-06-16,2026-05-23,1566.31,435594.89,Annual,Expired,0,2026-08-01
POL0002787,CUST003566,AGT0023,Motor,2023-09-09,2024-08-19,2517.33,110071.46,Quarterly,Expired,0,2026-08-01
POL0002788,CUST002147,AGT0040,Motor,2025-09-10,2026-08-24,1118.32,94870.69,Quarterly,Active,0,2026-08-01
POL0002789,CUST005676,AGT0013,Life,2023-01-14,2024-01-09,6411.89,354694.67,Monthly,Expired,0,2026-08-01
POL0002790,CUST003327,AGT0032,Travel,2023-01-23,2023-02-05,71.33,62877.97,Monthly,Expired,0,2026-08-01
POL0002791,CUST000092,AGT0052,Medical,2024-05-26,2025-05-12,4091.86,56545.64,Quarterly,Renewed,1,2026-08-01
POL0002792,CUST001719,AGT0072,Medical,2025-03-18,2026-02-19,3042.1,247330.74,Quarterly,Renewed,1,2026-08-01
POL0002793,CUST005824,AGT0036,Medical,2023-06-05,2024-05-03,4223.9,107654.83,Monthly,Renewed,1,2026-08-01
POL0002794,CUST002917,AGT0050,Motor,2024-06-28,2025-07-03,1982.6,102787.18,Annual,Renewed,1,2026-08-01
POL0002795,CUST004357,AGT0009,Motor,2023-08-31,2024-09-12,1151.71,59710.99,Annual,Renewed,1,2026-08-01
POL0002796,CUST000112,AGT0020,Home,2026-03-02,2027-01-31,374.08,807106.15,Monthly,Active,0,2026-08-01
POL0002797,CUST000135,AGT0047,Motor,2025-08-16,2026-08-21,1527.83,39720.25,Semi-Annual,Active,0,2026-08-01
POL0002798,CUST001228,AGT0004,Medical,2026-05-18,2027-06-11,3433.38,247826.76,Monthly,Active,0,2026-08-01
POL0002799,CUST003113,AGT0028,Life,2024-04-30,2025-05-18,6129.36,294379.27,Monthly,Expired,0,2026-08-01
POL0002800,CUST003657,AGT0005,Medical,2025-02-01,2026-02-27,1992.1,306361.79,Monthly,Expired,0,2026-08-01
POL0002801,CUST000419,AGT0040,Home,2024-04-13,2025-05-10,751.92,338492.66,Monthly,Expired,0,2026-08-01
POL0002802,CUST005501,AGT0022,Motor,2024-06-06,2025-06-22,1411.93,36725.78,Quarterly,Renewed,1,2026-08-01
POL0002803,CUST003621,AGT0021,Travel,2024-12-16,2025-01-06,632.13,98059.93,Monthly,Renewed,1,2026-08-01
POL0002804,CUST002109,AGT0037,Motor,2026-05-11,2027-05-21,1026.36,106101.46,Monthly,Active,0,2026-08-01
POL0002805,CUST002710,AGT0013,Motor,2026-02-12,2027-02-26,1739.11,53646.66,Monthly,Active,0,2026-08-01
POL0002806,CUST003036,AGT0061,Medical,2023-12-19,2025-01-02,3479.85,485055.01,Semi-Annual,Cancelled,0,2026-08-01
POL0002807,CUST004635,AGT0037,Travel,2024-02-08,2024-04-24,472.11,122483.46,Annual,Expired,0,2026-08-01
POL0002808,CUST000557,AGT0073,Medical,2024-10-05,2025-09-29,3286.29,327769.74,Monthly,Expired,0,2026-08-01
POL0002809,CUST003477,AGT0019,Motor,2025-09-20,2026-09-13,1581.12,170951.97,Monthly,Active,0,2026-08-01
POL0002810,CUST003138,AGT0005,Medical,2024-04-06,2025-04-24,5141.68,386089.01,Monthly,Renewed,1,2026-08-01
POL0002811,CUST004719,AGT0033,Motor,2023-03-28,2024-04-16,1611.15,97239.99,Annual,Renewed,1,2026-08-01
POL0002812,CUST002161,AGT0009,Travel,2023-07-20,2023-09-24,721.13,145212.08,Annual,Cancelled,0,2026-08-01
POL0002813,CUST002213,AGT0031,Home,2024-06-05,2025-06-29,1131.48,606452.75,Monthly,Expired,0,2026-08-01
POL0002814,CUST004845,AGT0062,Life,2026-03-14,2027-02-14,4745.7,291045.4,Monthly,Active,0,2026-08-01
POL0002815,CUST005142,AGT0076,Medical,2025-06-26,2026-06-15,4413.06,94350.13,Quarterly,Renewed,1,2026-08-01
POL0002816,CUST004942,AGT0037,Life,2023-11-24,2024-11-14,6893.93,229161.0,Monthly,Renewed,1,2026-08-01
POL0002817,CUST005198,AGT0015,Medical,2025-02-13,2026-03-02,1593.91,209948.46,Monthly,Expired,0,2026-08-01
POL0002818,CUST000615,AGT0032,Motor,2025-11-05,2026-10-02,1846.2,21339.3,Monthly,Cancelled,0,2026-08-01
POL0002819,CUST003933,AGT0023,Medical,2024-01-01,2025-01-15,1765.82,301471.78,Semi-Annual,Renewed,1,2026-08-01
POL0002820,CUST004129,AGT0010,Life,2025-09-11,2026-10-04,1477.32,710955.54,Annual,Active,0,2026-08-01
POL0002821,CUST001583,AGT0064,Travel,2025-04-21,2025-07-17,769.66,67307.65,Monthly,Renewed,1,2026-08-01
POL0002822,CUST002721,AGT0059,Medical,2025-05-21,2026-05-08,5173.25,243290.64,Quarterly,Cancelled,0,2026-08-01
POL0002823,CUST005949,AGT0024,Travel,2023-06-23,2023-07-11,605.28,75174.48,Annual,Expired,0,2026-08-01
POL0002824,CUST000836,AGT0039,Life,2023-05-23,2024-05-26,3552.97,1483488.4,Annual,Cancelled,0,2026-08-01
POL0002825,CUST004907,AGT0039,Home,2024-08-18,2025-08-15,1434.31,423314.7,Annual,Expired,0,2026-08-01
POL0002826,CUST001908,AGT0035,Home,2024-06-07,2025-05-22,1780.91,836091.18,Monthly,Cancelled,0,2026-08-01
POL0002827,CUST005110,AGT0061,Motor,2024-02-07,2025-01-06,2446.1,156595.17,Quarterly,Expired,0,2026-08-01
POL0002828,CUST003208,AGT0056,Medical,2026-04-26,2027-04-07,4623.46,242492.28,Annual,Active,0,2026-08-01
POL0002829,CUST000070,AGT0001,Travel,2023-11-19,2024-01-19,466.3,25497.95,Quarterly,Expired,0,2026-08-01
POL0002830,CUST000655,AGT0018,Travel,2024-04-23,2024-07-15,230.15,130271.01,Monthly,Renewed,1,2026-08-01
POL0002831,CUST004957,AGT0077,Motor,2023-03-05,2024-04-02,1040.6,53965.79,Annual,Expired,0,2026-08-01
POL0002832,CUST004750,AGT0034,Life,2023-01-27,2024-01-04,1613.81,181874.19,Quarterly,Expired,0,2026-08-01
POL0002833,CUST001307,AGT0038,Travel,2024-03-02,2024-03-10,329.44,133238.73,Annual,Renewed,1,2026-08-01
POL0002834,CUST003849,AGT0061,Motor,2025-08-06,2026-07-23,872.18,125334.63,Annual,Cancelled,0,2026-08-01
POL0002835,CUST003050,AGT0061,Medical,2025-02-18,2026-01-27,3838.27,130139.94,Monthly,Renewed,1,2026-08-01
POL0002836,CUST000323,AGT0046,Medical,2025-06-17,2026-05-26,4465.87,180042.96,Quarterly,Renewed,1,2026-08-01
POL0002837,CUST004226,AGT0074,Medical,2025-09-08,2026-08-18,4347.2,385563.21,Quarterly,Active,0,2026-08-01
POL0002838,CUST000957,AGT0048,Life,2025-01-28,2026-02-25,1692.55,272764.86,Monthly,Renewed,1,2026-08-01
POL0002839,CUST002462,AGT0071,Motor,2024-08-08,2025-07-25,1160.1,135623.33,Quarterly,Renewed,1,2026-08-01
POL0002840,CUST000049,AGT0037,Travel,2024-04-19,2024-05-12,825.07,79597.38,Semi-Annual,Renewed,1,2026-08-01
POL0002841,CUST001462,AGT0018,Motor,2023-02-21,2024-01-18,2595.25,153945.06,Monthly,Renewed,1,2026-08-01
POL0002842,CUST005617,AGT0009,Travel,2024-02-26,2024-04-28,827.84,103594.28,Annual,Cancelled,0,2026-08-01
POL0002843,CUST003002,AGT0045,Motor,2024-10-13,2025-09-12,2461.91,177131.42,Annual,Cancelled,0,2026-08-01
POL0002844,CUST004342,AGT0072,Travel,2023-10-28,2023-11-29,174.82,131420.88,Monthly,Expired,0,2026-08-01
POL0002845,CUST001799,AGT0033,Medical,2023-07-06,2024-07-17,4316.42,204668.25,Monthly,Renewed,1,2026-08-01
POL0002846,CUST000260,AGT0059,Life,2025-02-12,2026-02-18,2432.28,774213.72,Annual,Renewed,1,2026-08-01
POL0002847,CUST003692,AGT0043,Motor,2024-09-22,2025-09-23,1263.23,170318.72,Annual,Expired,0,2026-08-01
POL0002848,CUST001443,AGT0065,Medical,2026-07-25,2027-07-04,3062.28,118462.34,Monthly,Active,0,2026-08-01
POL0002849,CUST000659,AGT0063,Motor,2025-12-07,2026-12-17,2245.36,86746.35,Annual,Active,0,2026-08-01
POL0002850,CUST002967,AGT0056,Motor,2025-10-20,2026-09-25,1597.69,112210.9,Annual,Active,0,2026-08-01
POL0002851,CUST002450,AGT0029,Life,2024-10-13,2025-10-25,2506.2,591670.28,Annual,Renewed,1,2026-08-01
POL0002852,CUST000697,AGT0033,Motor,2025-05-05,2026-05-16,2437.19,35065.42,Quarterly,Expired,0,2026-08-01
POL0002853,CUST003550,AGT0039,Home,2026-03-02,2027-01-30,728.82,249256.62,Annual,Active,0,2026-08-01
POL0002854,CUST002676,AGT0066,Medical,2025-01-14,2026-01-18,4246.56,244844.18,Monthly,Renewed,1,2026-08-01
POL0002855,CUST005944,AGT0049,Motor,2023-11-28,2024-12-24,2177.32,159554.78,Annual,Renewed,1,2026-08-01
POL0002856,CUST000534,AGT0014,Home,2025-07-10,2026-07-15,436.03,549060.6,Semi-Annual,Renewed,1,2026-08-01
POL0002857,CUST002973,AGT0022,Motor,2023-06-06,2024-07-03,1601.97,67757.59,Monthly,Renewed,1,2026-08-01
POL0002858,CUST004761,AGT0025,Travel,2024-10-18,2024-12-08,164.09,41842.23,Annual,Expired,0,2026-08-01
POL0002859,CUST002556,AGT0049,Medical,2026-01-22,2026-12-20,4039.21,328246.94,Annual,Active,0,2026-08-01
POL0002860,CUST001253,AGT0062,Life,2026-01-12,2027-02-05,5506.27,352924.59,Annual,Active,0,2026-08-01
POL0002861,CUST005936,AGT0012,Travel,2025-10-08,2025-12-24,298.21,29196.23,Monthly,Expired,0,2026-08-01
POL0002862,CUST001952,AGT0058,Motor,2025-01-30,2026-01-08,2026.89,25283.83,Quarterly,Cancelled,0,2026-08-01
POL0002863,CUST005553,AGT0050,Life,2024-03-30,2025-04-18,3611.1,1076772.47,Monthly,Expired,0,2026-08-01
POL0002864,CUST005045,AGT0017,Motor,2023-11-20,2024-11-16,1809.54,161819.82,Semi-Annual,Expired,0,2026-08-01
POL0002865,CUST004038,AGT0012,Life,2024-10-14,2025-10-19,5175.94,842204.35,Annual,Cancelled,0,2026-08-01
POL0002866,CUST004640,AGT0012,Motor,2025-01-06,2025-12-21,2310.55,64662.99,Semi-Annual,Expired,0,2026-08-01
POL0002867,CUST003269,AGT0063,Motor,2024-02-22,2025-03-23,1687.67,52696.15,Annual,Renewed,1,2026-08-01
POL0002868,CUST004014,AGT0019,Motor,2023-11-17,2024-10-17,2063.74,64214.58,Monthly,Renewed,1,2026-08-01
POL0002869,CUST001626,AGT0016,Life,2025-10-01,2026-09-12,2809.69,527241.45,Quarterly,Active,0,2026-08-01
POL0002870,CUST000336,AGT0034,Home,2024-12-01,2025-12-21,1000.34,575213.55,Quarterly,Expired,0,2026-08-01
POL0002871,CUST003744,AGT0052,Home,2024-09-24,2025-10-11,430.98,837253.48,Annual,Renewed,1,2026-08-01
POL0002872,CUST004820,AGT0036,Life,2025-11-17,2026-10-31,3997.78,413754.27,Quarterly,Active,0,2026-08-01
POL0002873,CUST005004,AGT0047,Travel,2026-06-21,2026-07-08,353.89,66708.06,Monthly,Expired,0,2026-08-01
POL0002874,CUST004573,AGT0030,Travel,2025-08-08,2025-10-10,787.69,97290.16,Monthly,Renewed,1,2026-08-01
POL0002875,CUST005890,AGT0035,Medical,2025-10-16,2026-10-17,2101.49,249393.08,Monthly,Active,0,2026-08-01
POL0002876,CUST003568,AGT0047,Motor,2023-12-20,2025-01-09,2590.53,38660.72,Quarterly,Cancelled,0,2026-08-01
POL0002877,CUST001026,AGT0052,Life,2026-01-29,2027-01-07,2421.0,319191.63,Semi-Annual,Active,0,2026-08-01
POL0002878,CUST001232,AGT0059,Motor,2025-08-11,2026-09-06,1877.83,112562.36,Quarterly,Active,0,2026-08-01
POL0002879,CUST001645,AGT0068,Travel,2025-01-03,2025-02-13,318.57,99112.49,Monthly,Expired,0,2026-08-01
POL0002880,CUST005854,AGT0027,Medical,2023-06-11,2024-05-09,4781.1,314855.1,Monthly,Renewed,1,2026-08-01
POL0002881,CUST005307,AGT0010,Motor,2024-11-11,2025-11-03,1668.56,150431.31,Annual,Renewed,1,2026-08-01
POL0002882,CUST004354,AGT0008,Travel,2025-04-23,2025-05-11,268.06,45016.01,Monthly,Expired,0,2026-08-01
POL0002883,CUST005166,AGT0055,Motor,2023-09-18,2024-08-27,1104.4,92145.62,Monthly,Expired,0,2026-08-01
POL0002884,CUST002052,AGT0035,Home,2024-02-16,2025-01-16,1420.76,461716.32,Monthly,Renewed,1,2026-08-01
POL0002885,CUST004300,AGT0033,Home,2025-10-20,2026-11-09,1639.28,256446.39,Monthly,Active,0,2026-08-01
POL0002886,CUST001001,AGT0059,Life,2025-03-17,2026-03-26,5647.23,1093408.82,Annual,Expired,0,2026-08-01
POL0002887,CUST000623,AGT0054,Life,2023-11-08,2024-10-17,4208.65,537177.17,Monthly,Expired,0,2026-08-01
POL0002888,CUST003853,AGT0074,Motor,2026-02-01,2027-01-02,2457.19,119045.82,Monthly,Active,0,2026-08-01
POL0002889,CUST004238,AGT0071,Medical,2026-01-08,2026-12-23,3149.36,239567.96,Monthly,Cancelled,0,2026-08-01
POL0002890,CUST003571,AGT0060,Travel,2023-06-24,2023-08-16,234.88,51203.2,Annual,Renewed,1,2026-08-01
POL0002891,CUST002815,AGT0053,Motor,2023-03-28,2024-02-26,1220.01,53101.71,Annual,Renewed,1,2026-08-01
POL0002892,CUST003637,AGT0072,Motor,2025-06-29,2026-06-02,1954.28,98703.53,Quarterly,Expired,0,2026-08-01
POL0002893,CUST002228,AGT0013,Medical,2023-04-07,2024-04-15,4420.24,158224.97,Annual,Renewed,1,2026-08-01
POL0002894,CUST001764,AGT0077,Life,2025-06-12,2026-06-26,5252.01,1043742.82,Annual,Renewed,1,2026-08-01
POL0002895,CUST001505,AGT0034,Life,2024-12-05,2025-11-18,1913.17,963913.04,Monthly,Expired,0,2026-08-01
POL0002896,CUST002186,AGT0020,Motor,2025-09-16,2026-09-07,1631.7,146392.82,Quarterly,Active,0,2026-08-01
POL0002897,CUST001908,AGT0044,Motor,2023-02-11,2024-03-10,916.02,41312.48,Monthly,Expired,0,2026-08-01
POL0002898,CUST000952,AGT0072,Travel,2026-06-20,2026-08-06,787.07,134683.36,Monthly,Active,0,2026-08-01
POL0002899,CUST003215,AGT0011,Motor,2023-05-01,2024-05-13,985.81,103706.12,Quarterly,Expired,0,2026-08-01
POL0002900,CUST002468,AGT0014,Motor,2024-09-23,2025-10-13,2441.28,124199.88,Monthly,Renewed,1,2026-08-01
POL0002901,CUST000972,AGT0052,Motor,2025-11-27,2026-12-21,1444.11,176656.99,Monthly,Active,0,2026-08-01
POL0002902,CUST005441,AGT0054,Life,2023-06-28,2024-07-25,4591.43,826782.76,Monthly,Renewed,1,2026-08-01
POL0002903,CUST003056,AGT0058,Motor,2025-09-07,2026-08-15,2068.7,160785.46,Annual,Active,0,2026-08-01
POL0002904,CUST000856,AGT0072,Motor,2025-06-28,2026-07-25,2300.82,71973.92,Annual,Renewed,1,2026-08-01
POL0002905,CUST000290,AGT0062,Medical,2026-02-20,2027-02-27,3996.17,423527.32,Annual,Active,0,2026-08-01
POL0002906,CUST000513,AGT0065,Motor,2024-12-13,2025-11-23,1707.42,169689.08,Semi-Annual,Expired,0,2026-08-01
POL0002907,CUST002464,AGT0010,Home,2024-02-09,2025-03-03,692.49,233705.19,Monthly,Renewed,1,2026-08-01
POL0002908,CUST001454,AGT0029,Travel,2025-11-27,2025-12-28,218.67,84792.09,Annual,Expired,0,2026-08-01
POL0002909,CUST005761,AGT0057,Life,2023-07-20,2024-08-16,5148.26,1353276.12,Quarterly,Renewed,1,2026-08-01
POL0002910,CUST002819,AGT0066,Medical,2025-11-02,2026-10-28,2679.14,210366.77,Monthly,Active,0,2026-08-01
POL0002911,CUST004434,AGT0030,Motor,2023-08-05,2024-08-11,2100.67,131366.57,Monthly,Renewed,1,2026-08-01
POL0002912,CUST001467,AGT0047,Medical,2025-08-16,2026-08-12,4277.26,95763.43,Monthly,Active,0,2026-08-01
POL0002913,CUST000412,AGT0017,Motor,2023-02-24,2024-03-22,1250.87,68133.96,Annual,Expired,0,2026-08-01
POL0002914,CUST002010,AGT0070,Life,2024-06-02,2025-05-29,1343.55,1023222.61,Semi-Annual,Expired,0,2026-08-01
POL0002915,CUST004128,AGT0042,Motor,2026-02-28,2027-02-02,1699.64,90695.63,Semi-Annual,Active,0,2026-08-01
POL0002916,CUST004585,AGT0008,Life,2024-09-13,2025-10-05,3081.07,1021846.26,Annual,Expired,0,2026-08-01
POL0002917,CUST001177,AGT0046,Medical,2023-02-06,2024-01-04,1433.19,298707.06,Quarterly,Renewed,1,2026-08-01
POL0002918,CUST001779,AGT0022,Medical,2026-04-12,2027-04-26,2809.82,468215.08,Quarterly,Active,0,2026-08-01
POL0002919,CUST002845,AGT0037,Motor,2025-02-21,2026-02-16,1501.96,39226.45,Quarterly,Expired,0,2026-08-01
POL0002920,CUST002082,AGT0028,Motor,2024-07-23,2025-08-02,1205.72,119766.72,Monthly,Expired,0,2026-08-01
POL0002921,CUST001766,AGT0068,Medical,2026-03-04,2027-02-17,2378.92,255227.84,Monthly,Active,0,2026-08-01
POL0002922,CUST005903,AGT0068,Medical,2025-02-05,2026-01-15,1191.68,467040.78,Monthly,Expired,0,2026-08-01
POL0002923,CUST005605,AGT0013,Home,2025-02-21,2026-03-19,1744.12,782334.82,Monthly,Renewed,1,2026-08-01
POL0002924,CUST002138,AGT0026,Medical,2025-06-12,2026-05-20,4014.01,192496.39,Monthly,Cancelled,0,2026-08-01
POL0002925,CUST000327,AGT0033,Motor,2023-08-17,2024-07-13,1129.13,153429.38,Monthly,Renewed,1,2026-08-01
POL0002926,CUST002154,AGT0069,Medical,2023-06-01,2024-05-22,3374.08,308879.08,Semi-Annual,Renewed,1,2026-08-01
POL0002927,CUST005286,AGT0022,Medical,2025-03-05,2026-02-18,3762.8,180782.44,Monthly,Expired,0,2026-08-01
POL0002928,CUST005397,AGT0057,Travel,2025-10-02,2025-11-15,478.94,31891.19,Monthly,Expired,0,2026-08-01
POL0002929,CUST004209,AGT0004,Motor,2026-06-09,2027-05-28,1889.34,46686.8,Quarterly,Active,0,2026-08-01
POL0002930,CUST004055,AGT0077,Travel,2023-01-20,2023-03-23,746.71,101763.8,Monthly,Renewed,1,2026-08-01
POL0002931,CUST002177,AGT0028,Life,2023-04-11,2024-04-22,6365.24,796991.72,Quarterly,Renewed,1,2026-08-01
POL0002932,CUST002646,AGT0022,Motor,2026-07-07,2027-07-22,849.42,41412.86,Monthly,Active,0,2026-08-01
POL0002933,CUST005278,AGT0058,Medical,2023-08-16,2024-07-11,3163.0,452086.88,Monthly,Expired,0,2026-08-01
POL0002934,CUST001297,AGT0049,Medical,2025-01-12,2025-12-19,2922.64,310206.19,Monthly,Renewed,1,2026-08-01
POL0002935,CUST002438,AGT0042,Medical,2024-09-09,2025-09-30,1173.25,484487.76,Monthly,Expired,0,2026-08-01
POL0002936,CUST005264,AGT0075,Medical,2023-08-08,2024-08-31,4810.01,173883.58,Annual,Renewed,1,2026-08-01
POL0002937,CUST004191,AGT0034,Life,2025-10-01,2026-10-27,6952.45,357396.73,Quarterly,Active,0,2026-08-01
POL0002938,CUST000657,AGT0044,Life,2025-10-21,2026-10-09,5316.96,1321004.34,Semi-Annual,Active,0,2026-08-01
POL0002939,CUST004728,AGT0038,Medical,2024-01-03,2024-12-29,2145.38,387906.28,Annual,Renewed,1,2026-08-01
POL0002940,CUST000408,AGT0014,Life,2026-01-08,2026-12-13,1582.38,396723.05,Annual,Active,0,2026-08-01
POL0002941,CUST001719,AGT0026,Travel,2025-03-01,2025-04-15,283.26,65671.77,Annual,Renewed,1,2026-08-01
POL0002942,CUST005519,AGT0049,Medical,2023-09-25,2024-09-28,3545.63,193205.67,Monthly,Expired,0,2026-08-01
POL0002943,CUST000434,AGT0010,Medical,2023-12-16,2024-11-13,2203.68,367261.28,Semi-Annual,Renewed,1,2026-08-01
POL0002944,CUST001126,AGT0059,Motor,2023-02-23,2024-01-29,2137.6,54458.72,Monthly,Renewed,1,2026-08-01
POL0002945,CUST005209,AGT0048,Motor,2025-01-07,2025-12-20,2566.52,32313.42,Semi-Annual,Expired,0,2026-08-01
POL0002946,CUST004019,AGT0052,Motor,2024-11-16,2025-10-15,1183.86,150915.56,Quarterly,Expired,0,2026-08-01
POL0002947,CUST001388,AGT0066,Medical,2023-08-24,2024-07-27,5171.21,55194.6,Annual,Renewed,1,2026-08-01
POL0002948,CUST002065,AGT0039,Travel,2025-04-17,2025-07-16,454.81,99064.81,Monthly,Renewed,1,2026-08-01
POL0002949,CUST005591,AGT0064,Motor,2024-02-02,2025-01-30,1551.23,69368.98,Annual,Cancelled,0,2026-08-01
POL0002950,CUST003633,AGT0060,Life,2023-08-08,2024-08-10,2343.92,692502.6,Monthly,Renewed,1,2026-08-01
POL0002951,CUST001891,AGT0019,Motor,2023-08-29,2024-08-20,929.71,30777.77,Monthly,Expired,0,2026-08-01
POL0002952,CUST000867,AGT0022,Motor,2025-01-04,2025-12-25,2140.51,46490.76,Annual,Renewed,1,2026-08-01
POL0002953,CUST002490,AGT0035,Medical,2026-04-24,2027-04-01,3820.37,275560.34,Annual,Active,0,2026-08-01
POL0002954,CUST001903,AGT0008,Medical,2024-11-18,2025-12-10,4219.7,222512.11,Monthly,Renewed,1,2026-08-01
POL0002955,CUST002582,AGT0045,Motor,2025-03-22,2026-04-10,1190.08,92084.36,Monthly,Renewed,1,2026-08-01
POL0002956,CUST000293,AGT0073,Motor,2026-02-02,2027-01-26,2146.17,20835.67,Annual,Active,0,2026-08-01
POL0002957,CUST002808,AGT0065,Life,2025-05-01,2026-05-05,4845.86,1399266.9,Quarterly,Expired,0,2026-08-01
POL0002958,CUST001480,AGT0059,Medical,2025-12-02,2026-12-30,2668.84,283947.86,Quarterly,Active,0,2026-08-01
POL0002959,CUST005777,AGT0016,Medical,2024-12-02,2025-12-08,1726.63,245823.8,Monthly,Expired,0,2026-08-01
POL0002960,CUST001661,AGT0065,Motor,2023-06-22,2024-06-20,1996.67,158848.5,Monthly,Expired,0,2026-08-01
POL0002961,CUST001471,AGT0011,Medical,2025-05-11,2026-05-21,4821.26,78167.4,Annual,Expired,0,2026-08-01
POL0002962,CUST001813,AGT0033,Motor,2025-07-13,2026-07-30,2242.54,91465.49,Monthly,Renewed,1,2026-08-01
POL0002963,CUST003650,AGT0075,Motor,2024-08-07,2025-08-29,2573.22,112197.72,Annual,Cancelled,0,2026-08-01
POL0002964,CUST004388,AGT0061,Medical,2024-10-19,2025-09-25,1634.32,174852.84,Monthly,Expired,0,2026-08-01
POL0002965,CUST001765,AGT0012,Medical,2023-05-02,2024-05-10,3721.57,166810.28,Monthly,Expired,0,2026-08-01
POL0002966,CUST004165,AGT0042,Home,2024-09-01,2025-09-25,834.31,212474.97,Quarterly,Expired,0,2026-08-01
POL0002967,CUST000786,AGT0080,Travel,2026-04-20,2026-04-28,331.85,111782.04,Monthly,Renewed,1,2026-08-01
POL0002968,CUST001150,AGT0036,Motor,2023-08-01,2024-08-29,1403.61,126961.19,Annual,Cancelled,0,2026-08-01
POL0002969,CUST001733,AGT0048,Motor,2025-04-17,2026-04-07,1991.54,85484.65,Monthly,Renewed,1,2026-08-01
POL0002970,CUST004197,AGT0031,Travel,2025-09-04,2025-10-24,679.6,33012.98,Semi-Annual,Cancelled,0,2026-08-01
POL0002971,CUST003315,AGT0040,Medical,2025-07-22,2026-07-21,3319.73,133451.02,Annual,Renewed,1,2026-08-01
POL0002972,CUST002769,AGT0042,Medical,2026-02-08,2027-02-04,3938.14,231568.26,Monthly,Active,0,2026-08-01
POL0002973,CUST003642,AGT0016,Life,2023-09-19,2024-08-26,3244.09,447481.97,Semi-Annual,Expired,0,2026-08-01
POL0002974,CUST001178,AGT0076,Medical,2023-09-26,2024-10-12,3096.76,381460.54,Annual,Cancelled,0,2026-08-01
POL0002975,CUST001583,AGT0069,Motor,2024-03-14,2025-04-10,1090.07,32688.92,Monthly,Renewed,1,2026-08-01
POL0002976,CUST004236,AGT0009,Motor,2023-02-08,2024-03-06,895.52,82509.02,Annual,Renewed,1,2026-08-01
POL0002977,CUST005924,AGT0014,Motor,2023-01-08,2023-12-20,1618.67,162016.58,Annual,Renewed,1,2026-08-01
POL0002978,CUST000001,AGT0052,Motor,2025-03-07,2026-03-15,2557.25,74095.37,Monthly,Expired,0,2026-08-01
POL0002979,CUST002177,AGT0033,Motor,2024-01-26,2025-02-09,2461.12,141831.85,Monthly,Expired,0,2026-08-01
POL0002980,CUST005301,AGT0055,Life,2026-07-06,2027-08-03,6403.77,520691.33,Annual,Active,0,2026-08-01
POL0002981,CUST004993,AGT0004,Medical,2026-01-22,2027-02-18,2530.8,340579.13,Monthly,Active,0,2026-08-01
POL0002982,CUST001571,AGT0061,Motor,2025-06-06,2026-06-12,2149.74,109282.38,Monthly,Expired,0,2026-08-01
POL0002983,CUST000211,AGT0002,Motor,2025-12-07,2026-11-20,2485.72,103519.23,Monthly,Active,0,2026-08-01
POL0002984,CUST003407,AGT0016,Home,2023-11-27,2024-11-03,390.94,201112.84,Semi-Annual,Renewed,1,2026-08-01
POL0002985,CUST004172,AGT0059,Motor,2025-07-04,2026-06-29,1602.84,28193.16,Annual,Cancelled,0,2026-08-01
POL0002986,CUST001527,AGT0028,Motor,2026-02-14,2027-02-21,1469.72,41312.85,Quarterly,Active,0,2026-08-01
POL0002987,CUST001821,AGT0017,Life,2023-07-26,2024-07-06,6087.67,1156529.61,Annual,Cancelled,0,2026-08-01
POL0002988,CUST004044,AGT0071,Motor,2024-12-04,2025-12-10,1840.42,179666.43,Monthly,Expired,0,2026-08-01
POL0002989,CUST003222,AGT0049,Motor,2026-07-18,2027-08-06,2596.74,61541.8,Semi-Annual,Active,0,2026-08-01
POL0002990,CUST001695,AGT0024,Motor,2024-10-28,2025-10-29,901.71,62329.57,Monthly,Renewed,1,2026-08-01
POL0002991,CUST005020,AGT0058,Home,2025-12-03,2026-12-20,769.33,395070.89,Annual,Active,0,2026-08-01
POL0002992,CUST005421,AGT0011,Life,2023-03-16,2024-03-01,4408.73,604677.78,Monthly,Expired,0,2026-08-01
POL0002993,CUST004350,AGT0040,Medical,2024-03-28,2025-04-20,1921.84,336990.02,Annual,Expired,0,2026-08-01
POL0002994,CUST005677,AGT0016,Travel,2023-03-21,2023-06-13,824.97,78168.98,Monthly,Expired,0,2026-08-01
POL0002995,CUST002158,AGT0053,Life,2025-07-25,2026-06-24,5223.88,975031.4,Quarterly,Expired,0,2026-08-01
POL0002996,CUST000666,AGT0022,Motor,2025-01-27,2026-01-10,1892.62,35575.68,Semi-Annual,Expired,0,2026-08-01
POL0002997,CUST004395,AGT0020,Medical,2023-09-14,2024-09-26,1573.8,383807.99,Monthly,Renewed,1,2026-08-01
POL0002998,CUST003362,AGT0021,Medical,2025-11-20,2026-12-04,4322.65,396900.29,Monthly,Active,0,2026-08-01
POL0002999,CUST002484,AGT0066,Medical,2024-12-08,2025-12-11,5077.29,477506.94,Monthly,Expired,0,2026-08-01
POL0003000,CUST001564,AGT0070,Life,2025-09-11,2026-09-13,5851.07,1016679.82,Quarterly,Active,0,2026-08-01
POL0003001,CUST000381,AGT0017,Motor,2025-07-21,2026-07-13,1818.1,112144.16,Monthly,Cancelled,0,2026-08-01
POL0003002,CUST001030,AGT0013,Motor,2026-05-14,2027-05-16,2031.71,113004.75,Annual,Active,0,2026-08-01
POL0003003,CUST003994,AGT0048,Medical,2023-10-28,2024-11-19,3237.84,91288.26,Monthly,Renewed,1,2026-08-01
POL0003004,CUST001369,AGT0052,Motor,2024-10-19,2025-09-17,866.76,72728.32,Quarterly,Expired,0,2026-08-01
POL0003005,CUST005621,AGT0067,Home,2023-07-31,2024-08-21,1606.84,810201.16,Monthly,Renewed,1,2026-08-01
POL0003006,CUST002841,AGT0066,Medical,2025-03-22,2026-02-20,1982.0,447877.92,Monthly,Expired,0,2026-08-01
POL0003007,CUST000502,AGT0064,Motor,2024-04-19,2025-04-30,1364.32,172729.99,Annual,Renewed,1,2026-08-01
POL0003008,CUST003926,AGT0004,Life,2025-03-30,2026-03-17,6509.64,1039914.93,Semi-Annual,Expired,0,2026-08-01
POL0003009,CUST004126,AGT0005,Travel,2023-04-08,2023-06-03,650.81,49025.88,Quarterly,Expired,0,2026-08-01
POL0003010,CUST001078,AGT0015,Medical,2024-05-11,2025-04-06,3311.55,423861.55,Semi-Annual,Expired,0,2026-08-01
POL0003011,CUST005039,AGT0030,Medical,2024-08-27,2025-08-09,2067.7,310470.24,Quarterly,Cancelled,0,2026-08-01
POL0003012,CUST004427,AGT0060,Life,2023-01-04,2023-11-30,5976.29,234632.65,Monthly,Expired,0,2026-08-01
POL0003013,CUST003580,AGT0069,Motor,2023-06-24,2024-05-29,1761.92,29389.69,Monthly,Renewed,1,2026-08-01
POL0003014,CUST000727,AGT0058,Life,2026-01-01,2026-12-22,4367.07,972905.51,Quarterly,Active,0,2026-08-01
POL0003015,CUST002913,AGT0069,Life,2024-09-30,2025-09-11,2301.06,1022189.89,Annual,Cancelled,0,2026-08-01
POL0003016,CUST005825,AGT0030,Travel,2023-03-29,2023-06-04,406.96,60152.15,Monthly,Cancelled,0,2026-08-01
POL0003017,CUST001424,AGT0051,Travel,2023-07-03,2023-08-27,341.92,141691.67,Monthly,Expired,0,2026-08-01
POL0003018,CUST005616,AGT0011,Home,2026-06-07,2027-05-04,740.42,224780.25,Monthly,Active,0,2026-08-01
POL0003019,CUST001164,AGT0009,Motor,2023-08-12,2024-07-29,1652.32,44746.05,Semi-Annual,Renewed,1,2026-08-01
POL0003020,CUST003638,AGT0067,Travel,2026-01-07,2026-03-15,724.27,68029.61,Monthly,Renewed,1,2026-08-01
POL0003021,CUST002378,AGT0033,Life,2023-11-18,2024-10-31,3034.21,797704.92,Monthly,Renewed,1,2026-08-01
POL0003022,CUST000409,AGT0059,Medical,2023-05-16,2024-05-15,2032.93,259670.36,Quarterly,Renewed,1,2026-08-01
POL0003023,CUST003848,AGT0077,Home,2025-12-31,2026-12-12,1623.3,647184.02,Quarterly,Active,0,2026-08-01
POL0003024,CUST002840,AGT0046,Travel,2023-06-09,2023-09-02,670.53,45855.35,Quarterly,Renewed,1,2026-08-01
POL0003025,CUST001889,AGT0009,Travel,2025-12-02,2026-02-13,506.72,87480.5,Monthly,Renewed,1,2026-08-01
POL0003026,CUST001396,AGT0053,Motor,2025-08-21,2026-09-01,2024.11,100373.55,Annual,Cancelled,0,2026-08-01
POL0003027,CUST002931,AGT0065,Motor,2026-07-17,2027-07-04,952.4,164803.48,Quarterly,Active,0,2026-08-01
POL0003028,CUST000636,AGT0023,Home,2024-12-11,2025-12-29,1407.26,740261.42,Quarterly,Cancelled,0,2026-08-01
POL0003029,CUST003600,AGT0034,Home,2026-04-28,2027-03-30,1636.72,801203.92,Monthly,Cancelled,0,2026-08-01
POL0003030,CUST000558,AGT0051,Motor,2025-04-28,2026-04-07,1651.52,160053.16,Monthly,Expired,0,2026-08-01
POL0003031,CUST001260,AGT0060,Motor,2023-01-24,2024-01-26,2315.33,36089.32,Semi-Annual,Expired,0,2026-08-01
POL0003032,CUST003056,AGT0015,Life,2024-01-14,2025-02-03,4502.26,806148.37,Quarterly,Cancelled,0,2026-08-01
POL0003033,CUST004449,AGT0005,Motor,2023-01-19,2023-12-27,864.92,159345.69,Monthly,Renewed,1,2026-08-01
POL0003034,CUST002386,AGT0052,Life,2026-02-28,2027-02-12,1274.95,1255239.95,Quarterly,Active,0,2026-08-01
POL0003035,CUST003772,AGT0001,Home,2024-06-15,2025-05-28,490.02,830706.86,Annual,Renewed,1,2026-08-01
POL0003036,CUST005591,AGT0037,Motor,2024-12-10,2025-11-07,2535.28,26779.38,Quarterly,Renewed,1,2026-08-01
POL0003037,CUST003552,AGT0025,Life,2025-11-16,2026-11-12,6749.73,687980.16,Quarterly,Active,0,2026-08-01
POL0003038,CUST004501,AGT0036,Medical,2025-01-09,2026-01-18,1174.93,102127.21,Annual,Cancelled,0,2026-08-01
POL0003039,CUST002869,AGT0070,Motor,2026-04-20,2027-04-10,1464.57,39603.68,Semi-Annual,Active,0,2026-08-01
POL0003040,CUST001560,AGT0075,Medical,2026-07-18,2027-07-28,4976.24,301366.15,Monthly,Active,0,2026-08-01
POL0003041,CUST002189,AGT0055,Medical,2023-09-21,2024-09-06,3322.78,493607.91,Monthly,Renewed,1,2026-08-01
POL0003042,CUST002110,AGT0030,Travel,2025-10-05,2025-11-19,685.72,118290.21,Quarterly,Renewed,1,2026-08-01
POL0003043,CUST003293,AGT0049,Medical,2023-09-05,2024-10-02,1857.74,291898.77,Monthly,Expired,0,2026-08-01
POL0003044,CUST000907,AGT0012,Home,2025-06-19,2026-05-24,454.18,765635.39,Monthly,Expired,0,2026-08-01
POL0003045,CUST004595,AGT0080,Motor,2024-12-03,2025-11-01,1394.63,121000.78,Quarterly,Expired,0,2026-08-01
POL0003046,CUST000916,AGT0070,Home,2026-02-06,2027-01-10,1338.66,150011.07,Quarterly,Active,0,2026-08-01
POL0003047,CUST004237,AGT0028,Medical,2023-08-23,2024-09-14,4905.61,332093.36,Annual,Expired,0,2026-08-01
POL0003048,CUST002833,AGT0002,Medical,2026-07-19,2027-07-23,4276.76,84835.57,Monthly,Active,0,2026-08-01
POL0003049,CUST004427,AGT0069,Motor,2024-10-25,2025-11-20,1536.9,79653.68,Annual,Expired,0,2026-08-01
POL0003050,CUST001052,AGT0003,Motor,2025-11-27,2026-11-17,1470.99,78780.08,Annual,Active,0,2026-08-01
POL0003051,CUST001257,AGT0009,Medical,2025-11-27,2026-12-25,4655.64,493757.41,Annual,Active,0,2026-08-01
POL0003052,CUST001514,AGT0001,Home,2025-11-19,2026-11-09,1076.1,184496.78,Annual,Active,0,2026-08-01
POL0003053,CUST004679,AGT0014,Life,2023-11-14,2024-12-04,3849.4,1286424.3,Annual,Expired,0,2026-08-01
POL0003054,CUST001593,AGT0074,Motor,2023-09-08,2024-09-08,1314.08,68577.6,Monthly,Renewed,1,2026-08-01
POL0003055,CUST002013,AGT0039,Medical,2023-05-01,2024-05-18,3897.14,266218.11,Monthly,Renewed,1,2026-08-01
POL0003056,CUST000839,AGT0014,Medical,2026-02-15,2027-03-04,1638.52,449108.32,Annual,Active,0,2026-08-01
POL0003057,CUST001399,AGT0077,Travel,2025-03-04,2025-04-14,366.46,74648.18,Annual,Expired,0,2026-08-01
POL0003058,CUST005137,AGT0034,Travel,2026-02-25,2026-04-03,654.43,107950.42,Annual,Renewed,1,2026-08-01
POL0003059,CUST000730,AGT0057,Motor,2024-03-15,2025-02-19,2015.07,161419.84,Quarterly,Renewed,1,2026-08-01
POL0003060,CUST005475,AGT0044,Motor,2025-02-19,2026-02-17,1039.89,51813.58,Annual,Renewed,1,2026-08-01
POL0003061,CUST004982,AGT0010,Motor,2023-03-16,2024-03-19,1444.23,72859.22,Quarterly,Renewed,1,2026-08-01
POL0003062,CUST005689,AGT0057,Medical,2025-04-30,2026-03-29,2656.03,323447.62,Monthly,Renewed,1,2026-08-01
POL0003063,CUST003740,AGT0077,Motor,2026-03-25,2027-03-25,1220.52,79699.02,Annual,Active,0,2026-08-01
POL0003064,CUST004105,AGT0079,Motor,2025-03-26,2026-03-04,1160.51,90757.26,Monthly,Cancelled,0,2026-08-01
POL0003065,CUST005048,AGT0062,Travel,2026-01-16,2026-03-08,462.11,112905.74,Annual,Renewed,1,2026-08-01
POL0003066,CUST004257,AGT0054,Medical,2024-12-13,2025-12-09,2407.56,440542.23,Monthly,Renewed,1,2026-08-01
POL0003067,CUST003369,AGT0059,Home,2024-07-25,2025-06-27,1210.48,389091.85,Annual,Renewed,1,2026-08-01
POL0003068,CUST002527,AGT0078,Life,2023-08-28,2024-09-26,4917.79,472602.49,Quarterly,Expired,0,2026-08-01
POL0003069,CUST005162,AGT0045,Motor,2023-11-14,2024-10-27,2519.48,137108.47,Semi-Annual,Expired,0,2026-08-01
POL0003070,CUST001897,AGT0073,Motor,2025-05-09,2026-05-10,1863.11,115519.46,Annual,Renewed,1,2026-08-01
POL0003071,CUST003340,AGT0032,Medical,2024-06-04,2025-06-13,4448.66,384322.91,Annual,Renewed,1,2026-08-01
POL0003072,CUST000362,AGT0026,Life,2024-05-10,2025-05-28,6481.86,1416069.05,Annual,Renewed,1,2026-08-01
POL0003073,CUST003876,AGT0009,Medical,2024-12-31,2026-01-05,2786.89,153224.24,Quarterly,Renewed,1,2026-08-01
POL0003074,CUST000792,AGT0037,Home,2024-12-02,2025-12-10,561.71,701899.01,Monthly,Expired,0,2026-08-01
POL0003075,CUST000339,AGT0050,Travel,2025-11-15,2025-12-11,280.92,55341.21,Annual,Renewed,1,2026-08-01
POL0003076,CUST001779,AGT0033,Medical,2026-03-23,2027-03-09,3874.41,160594.37,Annual,Active,0,2026-08-01
POL0003077,CUST004018,AGT0011,Motor,2023-06-15,2024-05-19,1379.2,135210.79,Monthly,Renewed,1,2026-08-01
POL0003078,CUST004944,AGT0036,Medical,2023-05-23,2024-06-20,1549.79,178934.72,Annual,Renewed,1,2026-08-01
POL0003079,CUST003587,AGT0048,Medical,2025-12-13,2027-01-03,1585.58,55754.59,Quarterly,Active,0,2026-08-01
POL0003080,CUST003925,AGT0010,Motor,2026-06-02,2027-05-13,1401.72,87505.69,Monthly,Active,0,2026-08-01
POL0003081,CUST001453,AGT0044,Travel,2024-12-04,2024-12-31,174.32,67038.61,Monthly,Renewed,1,2026-08-01
POL0003082,CUST000641,AGT0031,Medical,2025-01-12,2026-01-21,4855.34,60829.66,Annual,Cancelled,0,2026-08-01
POL0003083,CUST000677,AGT0048,Motor,2025-08-03,2026-07-08,811.95,75910.76,Annual,Expired,0,2026-08-01
POL0003084,CUST000451,AGT0001,Travel,2026-05-26,2026-08-14,243.49,66964.07,Monthly,Active,0,2026-08-01
POL0003085,CUST002084,AGT0067,Life,2024-04-12,2025-04-26,6587.71,844590.58,Monthly,Renewed,1,2026-08-01
POL0003086,CUST004488,AGT0032,Motor,2023-09-20,2024-10-18,2252.12,98764.61,Monthly,Expired,0,2026-08-01
POL0003087,CUST000362,AGT0033,Medical,2025-12-04,2026-11-08,4884.75,123802.03,Annual,Active,0,2026-08-01
POL0003088,CUST002080,AGT0009,Life,2023-03-12,2024-04-07,6288.19,1075675.17,Annual,Cancelled,0,2026-08-01
POL0003089,CUST003605,AGT0035,Medical,2023-05-15,2024-05-08,2764.17,461031.43,Quarterly,Expired,0,2026-08-01
POL0003090,CUST000358,AGT0032,Motor,2025-03-22,2026-04-16,967.66,147140.52,Annual,Renewed,1,2026-08-01
POL0003091,CUST003276,AGT0005,Life,2024-02-18,2025-02-12,6024.16,322112.6,Monthly,Expired,0,2026-08-01
POL0003092,CUST002386,AGT0047,Life,2024-11-19,2025-11-03,3368.94,873686.77,Quarterly,Renewed,1,2026-08-01
POL0003093,CUST005507,AGT0024,Motor,2024-10-14,2025-10-05,1007.15,50180.0,Semi-Annual,Expired,0,2026-08-01
POL0003094,CUST002979,AGT0029,Motor,2025-08-18,2026-08-16,2192.09,83828.77,Monthly,Active,0,2026-08-01
POL0003095,CUST003106,AGT0007,Life,2023-08-12,2024-07-29,1346.56,1327730.74,Monthly,Renewed,1,2026-08-01
POL0003096,CUST005102,AGT0052,Motor,2025-02-25,2026-02-08,1191.93,38710.66,Monthly,Renewed,1,2026-08-01
POL0003097,CUST004379,AGT0012,Home,2025-09-06,2026-09-01,1284.21,851531.33,Annual,Active,0,2026-08-01
POL0003098,CUST003288,AGT0048,Motor,2024-11-03,2025-10-18,1232.21,73944.0,Monthly,Renewed,1,2026-08-01
POL0003099,CUST003984,AGT0035,Life,2024-02-07,2025-02-17,1584.49,966715.23,Monthly,Renewed,1,2026-08-01
POL0003100,CUST002422,AGT0060,Home,2026-03-25,2027-03-08,1323.75,484878.79,Monthly,Active,0,2026-08-01
POL0003101,CUST004198,AGT0033,Medical,2023-06-20,2024-06-05,2274.15,299057.35,Annual,Renewed,1,2026-08-01
POL0003102,CUST001853,AGT0053,Life,2024-02-27,2025-03-15,6518.56,977841.05,Monthly,Renewed,1,2026-08-01
POL0003103,CUST001882,AGT0075,Motor,2024-12-19,2025-12-22,913.83,34215.27,Annual,Expired,0,2026-08-01
POL0003104,CUST004971,AGT0021,Life,2023-12-21,2025-01-08,3226.38,380308.92,Quarterly,Expired,0,2026-08-01
POL0003105,CUST002493,AGT0010,Home,2025-05-02,2026-04-20,1647.16,697588.55,Quarterly,Expired,0,2026-08-01
POL0003106,CUST003188,AGT0049,Home,2025-11-16,2026-12-02,419.45,695162.8,Monthly,Active,0,2026-08-01
POL0003107,CUST000719,AGT0012,Medical,2024-11-23,2025-12-22,4679.87,299845.87,Monthly,Expired,0,2026-08-01
POL0003108,CUST002063,AGT0018,Travel,2024-04-04,2024-04-19,720.92,142973.15,Annual,Renewed,1,2026-08-01
POL0003109,CUST003903,AGT0061,Travel,2025-02-28,2025-03-07,164.45,25707.49,Quarterly,Renewed,1,2026-08-01
POL0003110,CUST003183,AGT0055,Medical,2025-01-05,2026-01-31,3347.13,456059.71,Monthly,Expired,0,2026-08-01
POL0003111,CUST001815,AGT0002,Travel,2025-11-27,2026-01-07,154.02,76328.99,Annual,Expired,0,2026-08-01
POL0003112,CUST000179,AGT0048,Motor,2025-03-13,2026-03-04,2468.95,165976.27,Quarterly,Renewed,1,2026-08-01
POL0003113,CUST003293,AGT0053,Home,2023-01-09,2024-01-02,1778.98,462245.79,Monthly,Expired,0,2026-08-01
POL0003114,CUST002094,AGT0026,Travel,2024-01-20,2024-04-08,334.2,120126.94,Monthly,Expired,0,2026-08-01
POL0003115,CUST005530,AGT0060,Medical,2024-04-21,2025-04-02,5035.41,492790.32,Semi-Annual,Renewed,1,2026-08-01
POL0003116,CUST000263,AGT0058,Medical,2024-04-09,2025-04-26,2152.33,443353.29,Semi-Annual,Cancelled,0,2026-08-01
POL0003117,CUST004098,AGT0051,Home,2026-01-28,2026-12-29,1204.02,153245.53,Annual,Active,0,2026-08-01
POL0003118,CUST002299,AGT0021,Motor,2023-02-23,2024-02-16,1234.27,145568.97,Monthly,Expired,0,2026-08-01
POL0003119,CUST001606,AGT0024,Medical,2025-08-30,2026-09-17,1088.81,258428.14,Annual,Active,0,2026-08-01
POL0003120,CUST004284,AGT0044,Medical,2024-01-01,2025-01-11,2472.53,180097.5,Quarterly,Expired,0,2026-08-01
POL0003121,CUST003088,AGT0009,Medical,2024-12-20,2025-12-31,2852.65,370464.47,Monthly,Expired,0,2026-08-01
POL0003122,CUST000448,AGT0033,Motor,2024-03-02,2025-02-26,1148.01,89432.61,Annual,Renewed,1,2026-08-01
POL0003123,CUST003614,AGT0080,Motor,2023-04-02,2024-04-20,1730.08,114074.98,Quarterly,Renewed,1,2026-08-01
POL0003124,CUST001072,AGT0052,Home,2023-01-22,2024-01-11,1695.89,721520.7,Monthly,Cancelled,0,2026-08-01
POL0003125,CUST005101,AGT0069,Travel,2024-05-26,2024-08-09,703.25,126938.15,Monthly,Renewed,1,2026-08-01
POL0003126,CUST001448,AGT0026,Travel,2025-12-11,2026-02-24,386.0,80732.38,Annual,Renewed,1,2026-08-01
POL0003127,CUST004763,AGT0059,Medical,2024-03-29,2025-02-24,2762.2,248199.82,Semi-Annual,Cancelled,0,2026-08-01
POL0003128,CUST001975,AGT0059,Life,2026-03-03,2027-02-14,6232.75,678368.03,Annual,Active,0,2026-08-01
POL0003129,CUST001892,AGT0015,Medical,2026-04-12,2027-04-05,3396.67,354534.12,Annual,Active,0,2026-08-01
POL0003130,CUST000013,AGT0018,Life,2023-08-20,2024-08-04,3624.63,1426726.91,Semi-Annual,Cancelled,0,2026-08-01
POL0003131,CUST005518,AGT0035,Travel,2025-12-26,2026-01-03,278.49,54837.03,Monthly,Renewed,1,2026-08-01
POL0003132,CUST003313,AGT0051,Motor,2025-03-02,2026-01-31,2489.15,65725.82,Quarterly,Expired,0,2026-08-01
POL0003133,CUST000885,AGT0057,Home,2024-12-29,2025-12-22,1031.93,611265.61,Monthly,Cancelled,0,2026-08-01
POL0003134,CUST000207,AGT0079,Home,2024-07-31,2025-07-02,789.15,447319.55,Monthly,Expired,0,2026-08-01
POL0003135,CUST001657,AGT0009,Medical,2026-05-30,2027-06-08,4776.83,71246.38,Quarterly,Active,0,2026-08-01
POL0003136,CUST002957,AGT0052,Home,2023-06-17,2024-07-03,1320.09,139399.66,Monthly,Renewed,1,2026-08-01
POL0003137,CUST000204,AGT0077,Travel,2023-01-08,2023-02-05,759.13,98588.4,Annual,Expired,0,2026-08-01
POL0003138,CUST002166,AGT0014,Motor,2023-02-02,2024-01-19,1340.32,80448.58,Monthly,Expired,0,2026-08-01
POL0003139,CUST001868,AGT0077,Motor,2026-03-02,2027-03-08,2559.26,119885.92,Monthly,Active,0,2026-08-01
POL0003140,CUST005238,AGT0068,Life,2025-05-17,2026-06-07,6257.88,1153920.09,Semi-Annual,Expired,0,2026-08-01
POL0003141,CUST002485,AGT0013,Travel,2024-10-29,2025-01-21,562.55,64399.66,Monthly,Expired,0,2026-08-01
POL0003142,CUST000628,AGT0017,Motor,2023-04-15,2024-03-23,2555.39,113064.4,Quarterly,Expired,0,2026-08-01
POL0003143,CUST001448,AGT0016,Medical,2023-06-24,2024-06-20,2846.0,240129.2,Annual,Renewed,1,2026-08-01
POL0003144,CUST004958,AGT0008,Medical,2026-02-15,2027-02-08,3108.97,465239.46,Monthly,Active,0,2026-08-01
POL0003145,CUST000076,AGT0030,Medical,2025-10-29,2026-10-09,3505.19,484282.59,Monthly,Active,0,2026-08-01
POL0003146,CUST000799,AGT0036,Motor,2026-02-19,2027-02-05,2205.34,128110.69,Annual,Active,0,2026-08-01
POL0003147,CUST000064,AGT0037,Motor,2025-08-04,2026-08-02,2063.1,81044.96,Annual,Active,0,2026-08-01
POL0003148,CUST000296,AGT0067,Travel,2025-09-13,2025-10-20,784.81,143385.97,Monthly,Expired,0,2026-08-01
POL0003149,CUST005544,AGT0036,Motor,2026-01-06,2026-12-21,1646.27,73679.39,Quarterly,Cancelled,0,2026-08-01
POL0003150,CUST005945,AGT0016,Life,2024-08-14,2025-07-20,4496.23,841331.69,Monthly,Renewed,1,2026-08-01
POL0003151,CUST004409,AGT0056,Life,2023-05-20,2024-04-28,3608.93,1416496.84,Annual,Cancelled,0,2026-08-01
POL0003152,CUST000552,AGT0052,Home,2023-06-05,2024-06-08,1484.08,578905.56,Monthly,Expired,0,2026-08-01
POL0003153,CUST004191,AGT0038,Home,2025-03-30,2026-04-26,1377.18,408808.07,Annual,Renewed,1,2026-08-01
POL0003154,CUST004636,AGT0052,Home,2023-09-10,2024-10-04,1732.28,106328.29,Monthly,Expired,0,2026-08-01
POL0003155,CUST004715,AGT0015,Medical,2023-09-27,2024-09-08,5065.68,405650.97,Monthly,Cancelled,0,2026-08-01
POL0003156,CUST004483,AGT0063,Motor,2026-02-28,2027-02-13,1807.33,33851.73,Monthly,Active,0,2026-08-01
POL0003157,CUST004166,AGT0021,Motor,2024-11-10,2025-11-16,868.93,34424.73,Quarterly,Expired,0,2026-08-01
POL0003158,CUST002655,AGT0004,Medical,2024-09-10,2025-08-21,3463.53,152288.77,Annual,Renewed,1,2026-08-01
POL0003159,CUST000369,AGT0033,Motor,2024-04-13,2025-04-19,1967.34,120891.94,Monthly,Expired,0,2026-08-01
POL0003160,CUST004944,AGT0020,Motor,2023-12-17,2025-01-08,921.18,162924.25,Monthly,Expired,0,2026-08-01
POL0003161,CUST005555,AGT0042,Medical,2023-06-09,2024-06-11,1759.21,53743.35,Quarterly,Expired,0,2026-08-01
POL0003162,CUST003001,AGT0038,Medical,2026-05-10,2027-05-23,4642.87,355103.78,Monthly,Active,0,2026-08-01
POL0003163,CUST002573,AGT0074,Life,2025-08-18,2026-08-30,3704.9,830221.92,Monthly,Active,0,2026-08-01
POL0003164,CUST005507,AGT0034,Home,2026-01-29,2027-01-05,1685.11,589317.69,Monthly,Active,0,2026-08-01
POL0003165,CUST002721,AGT0008,Medical,2024-01-30,2025-02-03,2355.78,360537.73,Quarterly,Expired,0,2026-08-01
POL0003166,CUST002225,AGT0042,Motor,2023-05-19,2024-04-29,2565.07,125445.58,Annual,Renewed,1,2026-08-01
POL0003167,CUST005320,AGT0065,Medical,2023-06-10,2024-06-30,3830.8,423742.77,Monthly,Expired,0,2026-08-01
POL0003168,CUST005562,AGT0022,Medical,2026-06-30,2027-07-12,4145.43,99068.71,Monthly,Active,0,2026-08-01
POL0003169,CUST001228,AGT0025,Home,2026-02-23,2027-01-20,1199.49,263181.38,Quarterly,Active,0,2026-08-01
POL0003170,CUST001653,AGT0015,Medical,2026-04-29,2027-04-12,3283.88,430050.63,Monthly,Active,0,2026-08-01
POL0003171,CUST001877,AGT0059,Medical,2023-06-25,2024-05-24,4052.96,82025.47,Annual,Renewed,1,2026-08-01
POL0003172,CUST000959,AGT0014,Life,2024-06-29,2025-06-19,2360.97,1472747.21,Monthly,Renewed,1,2026-08-01
POL0003173,CUST005131,AGT0021,Medical,2023-09-26,2024-09-26,3046.79,254604.95,Monthly,Renewed,1,2026-08-01
POL0003174,CUST005843,AGT0007,Medical,2025-02-01,2026-02-28,4990.33,209051.22,Monthly,Renewed,1,2026-08-01
POL0003175,CUST003118,AGT0031,Motor,2023-01-31,2024-01-22,2410.17,90983.95,Quarterly,Expired,0,2026-08-01
POL0003176,CUST004268,AGT0070,Medical,2024-05-31,2025-05-26,4911.82,178346.71,Monthly,Expired,0,2026-08-01
POL0003177,CUST002521,AGT0036,Motor,2024-11-08,2025-10-17,2241.91,152117.64,Monthly,Expired,0,2026-08-01
POL0003178,CUST005974,AGT0010,Life,2023-12-23,2024-12-25,5750.76,962522.19,Annual,Expired,0,2026-08-01
POL0003179,CUST005728,AGT0061,Motor,2025-12-14,2026-12-02,2466.62,66086.55,Annual,Active,0,2026-08-01
POL0003180,CUST004497,AGT0029,Motor,2023-04-07,2024-04-18,2176.71,144782.31,Monthly,Renewed,1,2026-08-01
POL0003181,CUST005333,AGT0014,Life,2026-01-17,2027-01-24,1725.92,1092066.59,Monthly,Active,0,2026-08-01
POL0003182,CUST000809,AGT0002,Life,2023-01-14,2023-12-17,4540.78,921990.28,Quarterly,Renewed,1,2026-08-01
POL0003183,CUST005325,AGT0028,Medical,2025-08-30,2026-09-20,1161.0,249590.43,Annual,Active,0,2026-08-01
POL0003184,CUST002560,AGT0013,Home,2025-05-17,2026-05-02,566.55,775081.49,Quarterly,Expired,0,2026-08-01
POL0003185,CUST001274,AGT0043,Life,2024-09-08,2025-08-15,5134.68,390477.79,Monthly,Renewed,1,2026-08-01
POL0003186,CUST005588,AGT0035,Home,2023-03-04,2024-03-10,1683.08,823275.37,Annual,Expired,0,2026-08-01
POL0003187,CUST005064,AGT0053,Motor,2026-03-08,2027-02-20,825.89,115440.32,Annual,Active,0,2026-08-01
POL0003188,CUST000810,AGT0022,Medical,2026-04-05,2027-04-03,4176.62,475178.51,Annual,Active,0,2026-08-01
POL0003189,CUST003941,AGT0007,Medical,2025-09-29,2026-09-03,2919.67,470970.14,Monthly,Active,0,2026-08-01
POL0003190,CUST005293,AGT0010,Medical,2026-05-29,2027-06-16,4455.75,87614.79,Semi-Annual,Active,0,2026-08-01
POL0003191,CUST004150,AGT0008,Motor,2026-03-08,2027-04-07,1940.44,73517.65,Monthly,Active,0,2026-08-01
POL0003192,CUST002893,AGT0022,Motor,2025-12-15,2026-12-03,1857.54,124842.15,Quarterly,Active,0,2026-08-01
POL0003193,CUST000287,AGT0058,Travel,2023-11-09,2024-01-03,396.58,36760.97,Annual,Expired,0,2026-08-01
POL0003194,CUST002976,AGT0044,Travel,2025-12-22,2026-01-14,335.15,91102.56,Annual,Expired,0,2026-08-01
POL0003195,CUST003335,AGT0030,Motor,2025-02-24,2026-01-30,1705.02,74620.05,Quarterly,Expired,0,2026-08-01
POL0003196,CUST005057,AGT0020,Motor,2023-04-13,2024-04-09,2010.68,179908.0,Annual,Renewed,1,2026-08-01
POL0003197,CUST001312,AGT0014,Motor,2023-01-29,2024-01-19,1481.82,52061.87,Monthly,Expired,0,2026-08-01
POL0003198,CUST001240,AGT0012,Life,2023-11-30,2024-11-02,4030.25,254900.09,Annual,Expired,0,2026-08-01
POL0003199,CUST005563,AGT0022,Motor,2024-11-12,2025-10-21,1872.76,92886.68,Annual,Expired,0,2026-08-01
POL0003200,CUST005027,AGT0040,Travel,2026-06-18,2026-09-03,62.35,51707.63,Annual,Cancelled,0,2026-08-01
POL0003201,CUST003370,AGT0048,Motor,2026-02-20,2027-03-01,1185.03,149426.97,Monthly,Active,0,2026-08-01
POL0003202,CUST002675,AGT0076,Life,2026-06-22,2027-06-06,2269.39,124333.25,Monthly,Active,0,2026-08-01
POL0003203,CUST003705,AGT0077,Travel,2025-08-23,2025-11-17,749.96,104795.94,Monthly,Renewed,1,2026-08-01
POL0003204,CUST000914,AGT0021,Motor,2023-06-16,2024-05-21,2419.21,85209.51,Semi-Annual,Renewed,1,2026-08-01
POL0003205,CUST001460,AGT0059,Travel,2025-10-11,2025-12-23,202.01,141107.6,Monthly,Expired,0,2026-08-01
POL0003206,CUST003251,AGT0011,Home,2024-05-17,2025-05-30,1347.08,829200.14,Monthly,Renewed,1,2026-08-01
POL0003207,CUST002529,AGT0064,Medical,2024-02-19,2025-01-26,2749.6,410302.67,Quarterly,Renewed,1,2026-08-01
POL0003208,CUST001069,AGT0075,Motor,2024-11-24,2025-12-04,1786.76,88737.92,Monthly,Expired,0,2026-08-01
POL0003209,CUST003177,AGT0049,Life,2024-06-04,2025-06-10,3579.52,696875.06,Quarterly,Renewed,1,2026-08-01
POL0003210,CUST003919,AGT0044,Medical,2025-04-04,2026-03-04,2967.9,59565.84,Annual,Cancelled,0,2026-08-01
POL0003211,CUST004873,AGT0030,Home,2026-07-13,2027-06-15,1334.93,840672.02,Monthly,Active,0,2026-08-01
POL0003212,CUST003780,AGT0071,Medical,2024-02-23,2025-01-28,2217.48,489753.76,Annual,Expired,0,2026-08-01
POL0003213,CUST003670,AGT0077,Travel,2023-12-16,2024-02-06,76.66,47404.25,Annual,Expired,0,2026-08-01
POL0003214,CUST003340,AGT0057,Life,2026-06-22,2027-05-19,4114.89,761979.28,Annual,Active,0,2026-08-01
POL0003215,CUST000679,AGT0007,Motor,2023-04-23,2024-05-11,976.55,112556.66,Quarterly,Renewed,1,2026-08-01
POL0003216,CUST002306,AGT0071,Medical,2026-01-06,2027-01-27,5019.92,292906.58,Semi-Annual,Active,0,2026-08-01
POL0003217,CUST002705,AGT0065,Travel,2024-05-23,2024-06-01,330.26,82353.72,Annual,Cancelled,0,2026-08-01
POL0003218,CUST003144,AGT0029,Medical,2026-06-13,2027-07-06,1087.93,322831.24,Monthly,Active,0,2026-08-01
POL0003219,CUST001774,AGT0021,Medical,2025-09-29,2026-09-17,3017.82,405228.8,Monthly,Active,0,2026-08-01
POL0003220,CUST004465,AGT0062,Home,2023-07-06,2024-06-25,782.39,419623.17,Monthly,Cancelled,0,2026-08-01
POL0003221,CUST003234,AGT0049,Medical,2024-11-15,2025-11-18,3881.89,83540.97,Annual,Renewed,1,2026-08-01
POL0003222,CUST001834,AGT0061,Travel,2023-12-12,2023-12-20,617.59,55843.96,Annual,Expired,0,2026-08-01
POL0003223,CUST002820,AGT0079,Motor,2023-02-27,2024-03-07,2057.07,39113.72,Annual,Cancelled,0,2026-08-01
POL0003224,CUST004260,AGT0030,Travel,2025-03-14,2025-05-05,369.56,98518.13,Annual,Expired,0,2026-08-01
POL0003225,CUST000134,AGT0068,Life,2025-05-18,2026-06-02,6176.01,812682.8,Monthly,Expired,0,2026-08-01
POL0003226,CUST002047,AGT0038,Motor,2025-12-02,2026-12-23,885.26,43969.72,Quarterly,Active,0,2026-08-01
POL0003227,CUST001246,AGT0069,Motor,2025-08-19,2026-08-19,1646.53,74368.15,Monthly,Active,0,2026-08-01
POL0003228,CUST001930,AGT0020,Motor,2025-03-06,2026-03-21,2505.49,166074.49,Monthly,Renewed,1,2026-08-01
POL0003229,CUST003961,AGT0066,Life,2025-02-26,2026-03-01,3625.74,1320257.19,Monthly,Expired,0,2026-08-01
POL0003230,CUST001281,AGT0057,Medical,2025-03-13,2026-03-27,5125.64,314032.18,Semi-Annual,Renewed,1,2026-08-01
POL0003231,CUST003266,AGT0037,Motor,2023-08-12,2024-08-27,2080.32,22735.45,Annual,Expired,0,2026-08-01
POL0003232,CUST002264,AGT0074,Life,2025-04-14,2026-04-26,3573.09,1204533.34,Monthly,Expired,0,2026-08-01
POL0003233,CUST000320,AGT0032,Home,2023-09-07,2024-09-07,1323.84,122375.3,Annual,Expired,0,2026-08-01
POL0003234,CUST005314,AGT0060,Motor,2025-01-25,2026-02-17,2504.25,166468.76,Quarterly,Expired,0,2026-08-01
POL0003235,CUST003587,AGT0042,Life,2024-06-16,2025-06-16,6125.38,915442.78,Semi-Annual,Renewed,1,2026-08-01
POL0003236,CUST001784,AGT0012,Home,2026-01-11,2026-12-30,592.79,288614.82,Monthly,Active,0,2026-08-01
POL0003237,CUST003020,AGT0023,Medical,2024-04-13,2025-03-27,4426.6,92902.44,Semi-Annual,Expired,0,2026-08-01
POL0003238,CUST005923,AGT0065,Home,2023-01-10,2023-12-27,640.8,684246.8,Monthly,Renewed,1,2026-08-01
POL0003239,CUST000902,AGT0039,Life,2023-05-14,2024-06-02,1779.23,286344.42,Annual,Renewed,1,2026-08-01
POL0003240,CUST005110,AGT0069,Life,2023-09-25,2024-10-22,3539.55,752107.51,Monthly,Renewed,1,2026-08-01
POL0003241,CUST000012,AGT0011,Travel,2026-01-28,2026-04-01,527.9,22791.61,Monthly,Renewed,1,2026-08-01
POL0003242,CUST005186,AGT0062,Motor,2025-09-17,2026-09-02,1362.2,166147.22,Annual,Active,0,2026-08-01
POL0003243,CUST002013,AGT0072,Life,2026-04-23,2027-04-24,6113.27,1181511.14,Quarterly,Active,0,2026-08-01
POL0003244,CUST001777,AGT0080,Life,2025-08-16,2026-08-05,3090.84,321240.5,Monthly,Active,0,2026-08-01
POL0003245,CUST004679,AGT0059,Motor,2023-07-07,2024-07-12,1016.57,122180.29,Monthly,Renewed,1,2026-08-01
POL0003246,CUST000982,AGT0038,Medical,2023-03-03,2024-01-30,3094.48,264879.54,Monthly,Renewed,1,2026-08-01
POL0003247,CUST000799,AGT0005,Travel,2025-01-04,2025-03-10,560.57,31279.0,Annual,Expired,0,2026-08-01
POL0003248,CUST002801,AGT0017,Motor,2024-11-28,2025-11-07,1296.82,94538.82,Quarterly,Cancelled,0,2026-08-01
POL0003249,CUST005667,AGT0053,Medical,2024-07-15,2025-07-09,4758.27,216818.77,Monthly,Cancelled,0,2026-08-01
POL0003250,CUST001989,AGT0071,Motor,2025-02-10,2026-02-15,910.59,56908.3,Monthly,Renewed,1,2026-08-01
POL0003251,CUST003255,AGT0061,Motor,2024-06-18,2025-06-15,1872.84,169773.51,Monthly,Renewed,1,2026-08-01
POL0003252,CUST002388,AGT0049,Medical,2023-11-04,2024-12-01,4536.09,152197.07,Monthly,Renewed,1,2026-08-01
POL0003253,CUST004551,AGT0069,Motor,2025-01-28,2025-12-30,2259.0,126436.55,Monthly,Expired,0,2026-08-01
POL0003254,CUST005396,AGT0025,Medical,2024-06-01,2025-05-23,3735.08,488019.09,Monthly,Renewed,1,2026-08-01
POL0003255,CUST005862,AGT0027,Motor,2024-08-17,2025-09-05,875.63,23264.15,Annual,Expired,0,2026-08-01
POL0003256,CUST001615,AGT0008,Home,2025-12-16,2026-12-03,421.24,194569.47,Monthly,Active,0,2026-08-01
POL0003257,CUST001576,AGT0051,Travel,2024-08-13,2024-10-15,440.63,111257.86,Monthly,Renewed,1,2026-08-01
POL0003258,CUST005548,AGT0015,Motor,2026-05-12,2027-05-17,2501.09,107863.52,Monthly,Active,0,2026-08-01
POL0003259,CUST003498,AGT0023,Motor,2023-07-07,2024-08-05,940.94,150346.58,Annual,Renewed,1,2026-08-01
POL0003260,CUST001969,AGT0008,Motor,2025-04-30,2026-05-25,2334.77,96631.86,Annual,Renewed,1,2026-08-01
POL0003261,CUST002044,AGT0068,Motor,2025-07-17,2026-08-15,2263.42,166523.62,Monthly,Active,0,2026-08-01
POL0003262,CUST001059,AGT0017,Life,2023-05-07,2024-04-27,6732.41,396749.02,Quarterly,Renewed,1,2026-08-01
POL0003263,CUST000508,AGT0071,Life,2025-01-27,2026-02-19,2078.33,781394.98,Annual,Expired,0,2026-08-01
POL0003264,CUST002080,AGT0019,Medical,2025-07-27,2026-06-22,1440.08,436556.32,Annual,Expired,0,2026-08-01
POL0003265,CUST004762,AGT0007,Travel,2023-03-15,2023-05-03,359.63,37651.88,Monthly,Expired,0,2026-08-01
POL0003266,CUST003957,AGT0079,Travel,2025-12-09,2026-01-26,469.53,95180.34,Semi-Annual,Expired,0,2026-08-01
POL0003267,CUST000073,AGT0023,Medical,2024-05-05,2025-04-01,4603.49,233294.95,Quarterly,Renewed,1,2026-08-01
POL0003268,CUST000268,AGT0058,Life,2025-04-21,2026-04-25,6539.29,924969.66,Quarterly,Expired,0,2026-08-01
POL0003269,CUST005214,AGT0009,Medical,2023-10-12,2024-10-16,2344.69,118572.77,Annual,Expired,0,2026-08-01
POL0003270,CUST004762,AGT0015,Life,2023-07-03,2024-06-09,5976.06,910438.14,Monthly,Renewed,1,2026-08-01
POL0003271,CUST004768,AGT0032,Motor,2024-05-24,2025-04-29,2307.49,113744.81,Annual,Expired,0,2026-08-01
POL0003272,CUST005171,AGT0061,Motor,2023-07-18,2024-06-23,1542.12,113927.82,Monthly,Expired,0,2026-08-01
POL0003273,CUST003831,AGT0001,Motor,2023-06-05,2024-07-01,1623.98,48528.97,Monthly,Renewed,1,2026-08-01
POL0003274,CUST002026,AGT0051,Motor,2025-01-17,2025-12-26,2387.11,82401.38,Semi-Annual,Cancelled,0,2026-08-01
POL0003275,CUST003547,AGT0063,Medical,2025-03-08,2026-03-16,4683.2,254306.27,Annual,Expired,0,2026-08-01
POL0003276,CUST003853,AGT0009,Life,2026-04-24,2027-05-15,6774.37,1019707.09,Quarterly,Active,0,2026-08-01
POL0003277,CUST005074,AGT0035,Medical,2025-01-30,2026-02-20,3570.78,477132.12,Annual,Renewed,1,2026-08-01
POL0003278,CUST003190,AGT0076,Home,2024-12-16,2025-11-29,1030.19,147256.43,Semi-Annual,Cancelled,0,2026-08-01
POL0003279,CUST000335,AGT0043,Motor,2025-02-13,2026-03-15,2288.24,171746.57,Semi-Annual,Cancelled,0,2026-08-01
POL0003280,CUST003735,AGT0061,Home,2026-07-21,2027-07-09,421.03,784126.34,Monthly,Active,0,2026-08-01
POL0003281,CUST004419,AGT0060,Motor,2024-04-23,2025-05-19,2370.25,82214.33,Monthly,Expired,0,2026-08-01
POL0003282,CUST005674,AGT0034,Medical,2025-06-15,2026-05-29,1909.65,301829.45,Semi-Annual,Renewed,1,2026-08-01
POL0003283,CUST001083,AGT0057,Motor,2025-08-01,2026-07-03,1645.23,62138.58,Monthly,Renewed,1,2026-08-01
POL0003284,CUST005162,AGT0076,Motor,2023-08-16,2024-08-17,2035.32,99300.97,Annual,Renewed,1,2026-08-01
POL0003285,CUST000123,AGT0026,Motor,2026-01-06,2027-02-04,850.13,150603.25,Monthly,Active,0,2026-08-01
POL0003286,CUST004384,AGT0004,Life,2024-07-03,2025-07-15,3465.35,110443.0,Quarterly,Expired,0,2026-08-01
POL0003287,CUST001874,AGT0063,Motor,2024-06-28,2025-05-28,1327.18,162641.27,Monthly,Renewed,1,2026-08-01
POL0003288,CUST000705,AGT0026,Motor,2023-10-20,2024-11-06,922.95,104998.97,Quarterly,Expired,0,2026-08-01
POL0003289,CUST001964,AGT0052,Motor,2024-07-19,2025-08-04,1102.74,118187.41,Monthly,Renewed,1,2026-08-01
POL0003290,CUST003312,AGT0013,Life,2025-01-29,2026-02-25,2125.36,766544.55,Annual,Renewed,1,2026-08-01
POL0003291,CUST001156,AGT0018,Medical,2026-03-20,2027-04-03,4155.38,159600.39,Monthly,Active,0,2026-08-01
POL0003292,CUST003304,AGT0061,Motor,2024-02-17,2025-02-08,1528.13,80449.32,Quarterly,Expired,0,2026-08-01
POL0003293,CUST004266,AGT0003,Motor,2025-03-01,2026-02-08,883.17,100366.94,Annual,Renewed,1,2026-08-01
POL0003294,CUST005257,AGT0040,Life,2026-02-13,2027-03-13,2491.65,697879.88,Annual,Active,0,2026-08-01
POL0003295,CUST003354,AGT0061,Life,2024-10-28,2025-10-18,5395.44,918644.06,Annual,Expired,0,2026-08-01
POL0003296,CUST003609,AGT0038,Medical,2023-09-18,2024-09-18,1937.33,64161.14,Monthly,Expired,0,2026-08-01
POL0003297,CUST005521,AGT0014,Medical,2025-08-21,2026-08-27,2838.8,371085.24,Monthly,Active,0,2026-08-01
POL0003298,CUST000208,AGT0051,Motor,2025-01-15,2026-02-14,1984.16,107586.73,Monthly,Renewed,1,2026-08-01
POL0003299,CUST004571,AGT0010,Medical,2024-02-10,2025-02-06,5036.65,460642.92,Annual,Expired,0,2026-08-01
POL0003300,CUST005865,AGT0047,Life,2026-01-31,2027-02-22,1550.22,791626.5,Annual,Active,0,2026-08-01
POL0003301,CUST004957,AGT0034,Travel,2023-02-12,2023-03-02,235.09,24792.41,Quarterly,Expired,0,2026-08-01
POL0003302,CUST005537,AGT0044,Medical,2026-06-21,2027-05-29,1932.87,415439.26,Annual,Active,0,2026-08-01
POL0003303,CUST005416,AGT0074,Life,2025-07-06,2026-06-09,6324.79,1418228.45,Quarterly,Cancelled,0,2026-08-01
POL0003304,CUST003534,AGT0071,Medical,2025-06-12,2026-06-18,3314.69,326105.45,Annual,Cancelled,0,2026-08-01
POL0003305,CUST004839,AGT0058,Life,2025-04-24,2026-04-15,5555.13,635304.12,Monthly,Renewed,1,2026-08-01
POL0003306,CUST002185,AGT0040,Life,2026-07-15,2027-06-12,3863.56,868299.21,Annual,Active,0,2026-08-01
POL0003307,CUST000709,AGT0064,Life,2024-07-14,2025-07-26,3943.26,1315833.34,Quarterly,Expired,0,2026-08-01
POL0003308,CUST000509,AGT0009,Motor,2026-07-12,2027-08-07,2552.74,33445.18,Quarterly,Active,0,2026-08-01
POL0003309,CUST001113,AGT0022,Medical,2023-03-01,2024-01-25,1692.59,75106.13,Quarterly,Expired,0,2026-08-01
POL0003310,CUST004345,AGT0038,Motor,2026-04-29,2027-05-25,1515.16,153376.43,Quarterly,Cancelled,0,2026-08-01
POL0003311,CUST002411,AGT0067,Medical,2026-05-13,2027-05-20,5145.25,125633.89,Annual,Active,0,2026-08-01
POL0003312,CUST004869,AGT0031,Medical,2023-12-21,2025-01-17,2094.33,366868.83,Monthly,Renewed,1,2026-08-01
POL0003313,CUST001993,AGT0034,Life,2025-08-13,2026-08-13,1843.65,1380035.67,Monthly,Active,0,2026-08-01
POL0003314,CUST004746,AGT0077,Life,2024-05-22,2025-05-10,2918.73,437213.06,Semi-Annual,Renewed,1,2026-08-01
POL0003315,CUST005313,AGT0079,Life,2024-05-18,2025-06-13,6048.07,1410469.06,Annual,Renewed,1,2026-08-01
POL0003316,CUST001962,AGT0004,Life,2024-11-16,2025-11-19,6974.21,1233270.23,Quarterly,Expired,0,2026-08-01
POL0003317,CUST003146,AGT0046,Motor,2023-09-20,2024-10-17,1921.62,129539.82,Semi-Annual,Expired,0,2026-08-01
POL0003318,CUST003220,AGT0056,Motor,2023-10-30,2024-10-11,2581.3,105344.94,Quarterly,Renewed,1,2026-08-01
POL0003319,CUST005256,AGT0049,Motor,2024-12-26,2026-01-05,1120.48,55638.39,Annual,Expired,0,2026-08-01
POL0003320,CUST002249,AGT0078,Travel,2026-07-20,2026-09-26,557.01,95725.32,Annual,Active,0,2026-08-01
POL0003321,CUST002323,AGT0074,Motor,2023-01-28,2024-01-28,1866.62,27343.62,Annual,Renewed,1,2026-08-01
POL0003322,CUST004654,AGT0021,Medical,2024-08-25,2025-09-13,1552.28,234964.29,Semi-Annual,Renewed,1,2026-08-01
POL0003323,CUST005440,AGT0076,Motor,2024-08-20,2025-08-20,1908.61,122740.44,Semi-Annual,Renewed,1,2026-08-01
POL0003324,CUST000171,AGT0034,Life,2025-09-04,2026-09-22,4311.1,1343548.8,Quarterly,Active,0,2026-08-01
POL0003325,CUST000431,AGT0002,Home,2026-07-15,2027-07-09,1434.48,239880.93,Quarterly,Active,0,2026-08-01
POL0003326,CUST005601,AGT0029,Travel,2025-01-01,2025-02-01,716.09,25432.83,Monthly,Renewed,1,2026-08-01
POL0003327,CUST002674,AGT0019,Motor,2025-08-24,2026-09-09,1203.32,20572.48,Quarterly,Active,0,2026-08-01
POL0003328,CUST003355,AGT0075,Medical,2023-06-28,2024-07-04,1462.05,417016.66,Monthly,Expired,0,2026-08-01
POL0003329,CUST005407,AGT0050,Motor,2026-07-11,2027-06-28,2463.86,77887.46,Annual,Active,0,2026-08-01
POL0003330,CUST002382,AGT0025,Travel,2026-05-28,2026-06-07,645.12,35126.19,Annual,Renewed,1,2026-08-01
POL0003331,CUST002698,AGT0001,Medical,2024-06-01,2025-05-12,2521.92,411927.37,Quarterly,Expired,0,2026-08-01
POL0003332,CUST005084,AGT0030,Motor,2025-07-27,2026-07-19,1766.01,35962.1,Monthly,Renewed,1,2026-08-01
POL0003333,CUST004397,AGT0026,Medical,2023-04-24,2024-04-17,4454.06,300880.99,Monthly,Renewed,1,2026-08-01
POL0003334,CUST004162,AGT0036,Medical,2025-02-01,2026-02-14,1683.22,341258.07,Annual,Expired,0,2026-08-01
POL0003335,CUST002166,AGT0016,Home,2026-06-15,2027-06-01,301.95,819382.93,Monthly,Active,0,2026-08-01
POL0003336,CUST004211,AGT0043,Motor,2023-07-23,2024-06-22,1783.54,89318.84,Annual,Renewed,1,2026-08-01
POL0003337,CUST004976,AGT0042,Home,2026-02-04,2027-02-22,439.77,636845.23,Monthly,Active,0,2026-08-01
POL0003338,CUST005479,AGT0058,Motor,2026-07-01,2027-06-19,2531.92,22340.04,Quarterly,Active,0,2026-08-01
POL0003339,CUST003789,AGT0048,Motor,2025-01-05,2025-12-19,1166.74,103197.63,Annual,Expired,0,2026-08-01
POL0003340,CUST005231,AGT0059,Life,2025-10-22,2026-11-05,5470.0,721043.61,Semi-Annual,Active,0,2026-08-01
POL0003341,CUST004872,AGT0016,Medical,2023-10-28,2024-10-18,3986.52,183733.51,Monthly,Expired,0,2026-08-01
POL0003342,CUST004389,AGT0011,Travel,2024-08-05,2024-09-01,191.37,139561.95,Annual,Renewed,1,2026-08-01
POL0003343,CUST003219,AGT0043,Medical,2025-08-23,2026-08-05,1106.84,346636.52,Annual,Active,0,2026-08-01
POL0003344,CUST002610,AGT0080,Medical,2024-07-15,2025-08-07,1966.97,304440.1,Monthly,Renewed,1,2026-08-01
POL0003345,CUST003826,AGT0032,Motor,2023-01-26,2024-01-26,1773.75,40982.27,Quarterly,Expired,0,2026-08-01
POL0003346,CUST005312,AGT0059,Home,2025-12-07,2026-11-22,489.55,638176.97,Semi-Annual,Active,0,2026-08-01
POL0003347,CUST003172,AGT0080,Life,2026-04-10,2027-03-26,6652.42,740208.85,Semi-Annual,Active,0,2026-08-01
POL0003348,CUST004200,AGT0008,Life,2025-02-08,2026-02-01,5739.88,1080672.45,Monthly,Expired,0,2026-08-01
POL0003349,CUST003404,AGT0006,Travel,2025-06-30,2025-08-20,237.15,115726.0,Annual,Expired,0,2026-08-01
POL0003350,CUST003893,AGT0053,Motor,2023-07-21,2024-07-01,1003.5,151762.64,Monthly,Renewed,1,2026-08-01
POL0003351,CUST004136,AGT0068,Travel,2023-08-18,2023-09-27,113.38,77885.89,Monthly,Expired,0,2026-08-01
POL0003352,CUST000313,AGT0054,Medical,2026-04-15,2027-04-03,4442.59,444576.76,Quarterly,Active,0,2026-08-01
POL0003353,CUST000726,AGT0080,Travel,2023-08-04,2023-09-07,756.87,67500.5,Monthly,Expired,0,2026-08-01
POL0003354,CUST000234,AGT0004,Life,2026-05-10,2027-06-04,4250.96,1028675.05,Monthly,Active,0,2026-08-01
POL0003355,CUST004612,AGT0044,Medical,2023-03-17,2024-02-29,3371.4,211242.9,Annual,Expired,0,2026-08-01
POL0003356,CUST005373,AGT0057,Travel,2024-09-10,2024-10-07,393.54,136026.8,Quarterly,Expired,0,2026-08-01
POL0003357,CUST002132,AGT0055,Life,2025-10-04,2026-10-06,5831.42,693608.52,Quarterly,Active,0,2026-08-01
POL0003358,CUST000455,AGT0003,Motor,2023-05-05,2024-05-18,2372.57,53596.07,Annual,Renewed,1,2026-08-01
POL0003359,CUST000076,AGT0011,Life,2023-06-17,2024-06-06,3021.32,1477308.38,Annual,Expired,0,2026-08-01
POL0003360,CUST002670,AGT0080,Medical,2025-08-23,2026-09-05,4782.25,185454.65,Annual,Active,0,2026-08-01
POL0003361,CUST003863,AGT0029,Travel,2024-11-10,2024-12-31,250.95,138144.89,Semi-Annual,Expired,0,2026-08-01
POL0003362,CUST001999,AGT0015,Travel,2025-11-16,2026-01-27,234.13,129108.23,Monthly,Renewed,1,2026-08-01
POL0003363,CUST003682,AGT0015,Motor,2024-04-13,2025-05-05,2332.34,106015.6,Monthly,Expired,0,2026-08-01
POL0003364,CUST000921,AGT0014,Motor,2025-08-27,2026-07-25,1736.57,65546.39,Monthly,Cancelled,0,2026-08-01
POL0003365,CUST004355,AGT0047,Motor,2024-12-18,2026-01-07,894.22,31109.82,Monthly,Renewed,1,2026-08-01
POL0003366,CUST001983,AGT0041,Life,2023-03-27,2024-03-14,1791.16,454446.09,Monthly,Cancelled,0,2026-08-01
POL0003367,CUST005990,AGT0076,Travel,2025-06-27,2025-09-03,287.64,135346.61,Annual,Expired,0,2026-08-01
POL0003368,CUST004617,AGT0039,Life,2026-04-17,2027-03-29,2234.5,496761.37,Annual,Cancelled,0,2026-08-01
POL0003369,CUST002769,AGT0003,Travel,2023-10-02,2023-12-31,847.1,50326.43,Semi-Annual,Cancelled,0,2026-08-01
POL0003370,CUST005679,AGT0043,Life,2025-11-06,2026-10-08,5360.71,179807.81,Semi-Annual,Active,0,2026-08-01
POL0003371,CUST005840,AGT0040,Medical,2023-09-20,2024-10-07,2842.4,282872.1,Quarterly,Cancelled,0,2026-08-01
POL0003372,CUST001184,AGT0027,Home,2026-04-23,2027-05-04,1510.35,526748.01,Monthly,Active,0,2026-08-01
POL0003373,CUST003467,AGT0058,Motor,2024-03-17,2025-03-06,1329.32,130052.33,Annual,Expired,0,2026-08-01
POL0003374,CUST003928,AGT0076,Medical,2025-04-25,2026-04-29,1121.99,440234.9,Monthly,Expired,0,2026-08-01
POL0003375,CUST002148,AGT0035,Motor,2026-05-07,2027-04-08,1457.17,36803.24,Semi-Annual,Active,0,2026-08-01
POL0003376,CUST005996,AGT0059,Motor,2024-12-28,2026-01-04,1444.42,79641.33,Monthly,Renewed,1,2026-08-01
POL0003377,CUST004067,AGT0044,Life,2024-08-03,2025-08-06,2012.81,961301.84,Annual,Renewed,1,2026-08-01
POL0003378,CUST004569,AGT0059,Motor,2024-10-02,2025-10-24,1934.87,50585.4,Semi-Annual,Expired,0,2026-08-01
POL0003379,CUST001179,AGT0037,Medical,2023-12-02,2024-12-05,2623.69,171938.63,Monthly,Expired,0,2026-08-01
POL0003380,CUST005413,AGT0021,Motor,2023-02-28,2024-02-13,1337.2,147234.55,Annual,Expired,0,2026-08-01
POL0003381,CUST005798,AGT0048,Medical,2024-11-10,2025-11-25,3538.54,65458.88,Annual,Renewed,1,2026-08-01
POL0003382,CUST005426,AGT0032,Motor,2025-10-28,2026-11-11,2100.8,162944.39,Quarterly,Active,0,2026-08-01
POL0003383,CUST002647,AGT0006,Travel,2023-08-24,2023-11-19,842.65,121984.25,Quarterly,Renewed,1,2026-08-01
POL0003384,CUST005606,AGT0060,Medical,2026-04-20,2027-04-28,4717.36,196090.82,Monthly,Active,0,2026-08-01
POL0003385,CUST000064,AGT0044,Travel,2025-09-27,2025-12-19,72.22,65100.19,Quarterly,Renewed,1,2026-08-01
POL0003386,CUST001223,AGT0049,Medical,2025-05-11,2026-05-16,1637.42,159519.52,Semi-Annual,Renewed,1,2026-08-01
POL0003387,CUST003932,AGT0041,Motor,2024-02-22,2025-03-04,1781.54,21182.26,Monthly,Cancelled,0,2026-08-01
POL0003388,CUST004637,AGT0071,Life,2025-07-26,2026-08-21,3887.2,1089254.3,Monthly,Active,0,2026-08-01
POL0003389,CUST000722,AGT0015,Motor,2026-07-08,2027-07-14,2371.29,147303.8,Quarterly,Active,0,2026-08-01
POL0003390,CUST001760,AGT0007,Medical,2024-01-11,2025-01-14,4421.26,132514.09,Annual,Renewed,1,2026-08-01
POL0003391,CUST000534,AGT0043,Medical,2025-04-03,2026-02-28,3220.97,229301.72,Monthly,Renewed,1,2026-08-01
POL0003392,CUST000623,AGT0070,Travel,2024-07-04,2024-08-07,809.79,79066.9,Annual,Expired,0,2026-08-01
POL0003393,CUST000142,AGT0038,Travel,2025-03-10,2025-05-18,343.97,31615.52,Annual,Renewed,1,2026-08-01
POL0003394,CUST005949,AGT0034,Motor,2023-11-27,2024-11-10,1973.73,66395.65,Quarterly,Expired,0,2026-08-01
POL0003395,CUST005298,AGT0048,Life,2024-01-15,2024-12-19,5236.96,505350.9,Annual,Expired,0,2026-08-01
POL0003396,CUST003652,AGT0028,Medical,2026-02-19,2027-02-24,3135.77,435625.37,Monthly,Active,0,2026-08-01
POL0003397,CUST000203,AGT0046,Travel,2023-08-22,2023-09-03,230.43,33806.43,Quarterly,Expired,0,2026-08-01
POL0003398,CUST004382,AGT0078,Home,2025-12-31,2026-12-11,532.41,273997.98,Quarterly,Active,0,2026-08-01
POL0003399,CUST003224,AGT0033,Medical,2023-04-12,2024-05-04,1678.51,254386.26,Monthly,Renewed,1,2026-08-01
POL0003400,CUST004659,AGT0039,Motor,2026-03-20,2027-03-13,1498.25,42175.02,Annual,Active,0,2026-08-01
POL0003401,CUST002937,AGT0063,Travel,2026-01-23,2026-04-05,590.19,46307.64,Quarterly,Renewed,1,2026-08-01
POL0003402,CUST000052,AGT0054,Medical,2026-04-30,2027-03-29,2302.12,479661.49,Quarterly,Active,0,2026-08-01
POL0003403,CUST005467,AGT0029,Travel,2026-07-04,2026-09-27,739.84,132899.87,Monthly,Active,0,2026-08-01
POL0003404,CUST005279,AGT0042,Life,2026-05-30,2027-06-22,4656.32,278914.59,Annual,Active,0,2026-08-01
POL0003405,CUST005467,AGT0038,Home,2023-10-09,2024-09-11,981.07,302975.27,Monthly,Renewed,1,2026-08-01
POL0003406,CUST003970,AGT0032,Motor,2026-02-24,2027-01-31,1378.57,159222.08,Monthly,Active,0,2026-08-01
POL0003407,CUST005526,AGT0035,Life,2026-07-22,2027-07-30,1857.69,591385.29,Monthly,Active,0,2026-08-01
POL0003408,CUST000428,AGT0002,Medical,2024-12-14,2025-12-19,3310.3,248793.27,Annual,Expired,0,2026-08-01
POL0003409,CUST002401,AGT0039,Life,2025-03-15,2026-03-28,3393.36,355526.65,Monthly,Renewed,1,2026-08-01
POL0003410,CUST001921,AGT0026,Home,2026-02-27,2027-02-08,1744.29,528479.17,Semi-Annual,Active,0,2026-08-01
POL0003411,CUST002842,AGT0065,Life,2025-10-25,2026-10-10,5506.05,303259.37,Annual,Active,0,2026-08-01
POL0003412,CUST000249,AGT0051,Life,2025-11-08,2026-10-08,1984.29,833251.99,Monthly,Active,0,2026-08-01
POL0003413,CUST004955,AGT0057,Motor,2026-07-15,2027-06-26,1800.91,166997.84,Semi-Annual,Active,0,2026-08-01
POL0003414,CUST001794,AGT0022,Motor,2026-01-01,2027-01-08,2372.96,96353.72,Quarterly,Active,0,2026-08-01
POL0003415,CUST000721,AGT0004,Life,2026-06-28,2027-07-08,6647.56,1249864.8,Monthly,Active,0,2026-08-01
POL0003416,CUST001187,AGT0031,Medical,2026-04-21,2027-04-23,4912.4,308346.84,Monthly,Active,0,2026-08-01
POL0003417,CUST000687,AGT0040,Motor,2025-01-12,2025-12-15,2270.81,78757.38,Monthly,Renewed,1,2026-08-01
POL0003418,CUST004118,AGT0035,Life,2025-02-04,2026-02-26,2807.53,1418936.11,Monthly,Renewed,1,2026-08-01
POL0003419,CUST005531,AGT0010,Life,2024-11-19,2025-11-22,4866.28,1495600.86,Annual,Renewed,1,2026-08-01
POL0003420,CUST000503,AGT0017,Motor,2024-02-21,2025-01-18,2077.95,72042.48,Monthly,Cancelled,0,2026-08-01
POL0003421,CUST000177,AGT0059,Motor,2025-06-02,2026-07-01,2301.36,178202.93,Monthly,Renewed,1,2026-08-01
POL0003422,CUST005282,AGT0073,Medical,2025-02-27,2026-03-02,4722.42,492846.84,Annual,Renewed,1,2026-08-01
POL0003423,CUST002298,AGT0079,Life,2023-10-15,2024-09-10,4281.14,546327.9,Annual,Renewed,1,2026-08-01
POL0003424,CUST000724,AGT0041,Travel,2026-01-27,2026-03-31,315.47,79245.72,Quarterly,Renewed,1,2026-08-01
POL0003425,CUST001170,AGT0050,Medical,2024-05-23,2025-04-30,3210.18,68401.93,Monthly,Cancelled,0,2026-08-01
POL0003426,CUST004059,AGT0049,Motor,2024-08-30,2025-07-26,2459.74,22567.54,Annual,Renewed,1,2026-08-01
POL0003427,CUST000504,AGT0031,Travel,2025-12-17,2026-02-18,475.67,40563.17,Monthly,Renewed,1,2026-08-01
POL0003428,CUST002416,AGT0027,Motor,2025-03-08,2026-02-02,1053.47,62947.55,Semi-Annual,Renewed,1,2026-08-01
POL0003429,CUST005844,AGT0006,Life,2023-05-24,2024-04-22,3722.83,1348423.36,Monthly,Cancelled,0,2026-08-01
POL0003430,CUST002586,AGT0003,Medical,2024-02-15,2025-02-11,4196.73,197320.54,Annual,Expired,0,2026-08-01
POL0003431,CUST000996,AGT0027,Home,2024-08-22,2025-09-02,1760.45,667967.18,Annual,Cancelled,0,2026-08-01
POL0003432,CUST004554,AGT0030,Life,2025-08-14,2026-08-02,3650.64,1425411.94,Annual,Active,0,2026-08-01
POL0003433,CUST002592,AGT0043,Motor,2024-02-17,2025-01-17,2234.84,104208.36,Annual,Expired,0,2026-08-01
POL0003434,CUST002388,AGT0078,Medical,2024-09-06,2025-09-18,2145.81,427719.37,Annual,Expired,0,2026-08-01
POL0003435,CUST001538,AGT0071,Motor,2025-01-31,2026-01-08,1454.63,86510.35,Monthly,Expired,0,2026-08-01
POL0003436,CUST004519,AGT0016,Motor,2024-12-04,2025-11-14,1336.3,60833.49,Semi-Annual,Renewed,1,2026-08-01
POL0003437,CUST002948,AGT0042,Medical,2023-09-05,2024-09-05,3848.37,397576.98,Annual,Expired,0,2026-08-01
POL0003438,CUST002904,AGT0045,Medical,2024-10-19,2025-09-26,4852.79,339555.96,Monthly,Expired,0,2026-08-01
POL0003439,CUST004602,AGT0079,Travel,2026-04-27,2026-06-12,706.88,105955.8,Monthly,Expired,0,2026-08-01
POL0003440,CUST002178,AGT0033,Motor,2025-05-10,2026-05-27,1868.02,72805.59,Annual,Expired,0,2026-08-01
POL0003441,CUST003959,AGT0030,Medical,2025-10-31,2026-10-20,3246.48,273383.0,Semi-Annual,Active,0,2026-08-01
POL0003442,CUST001033,AGT0061,Travel,2025-08-08,2025-10-05,731.83,70686.82,Quarterly,Expired,0,2026-08-01
POL0003443,CUST003431,AGT0001,Medical,2023-04-17,2024-03-15,4938.95,456571.34,Monthly,Renewed,1,2026-08-01
POL0003444,CUST002573,AGT0008,Medical,2024-08-23,2025-09-11,4272.76,469173.33,Annual,Expired,0,2026-08-01
POL0003445,CUST003065,AGT0051,Travel,2024-03-01,2024-05-05,578.5,34709.78,Monthly,Renewed,1,2026-08-01
POL0003446,CUST002192,AGT0027,Life,2024-10-17,2025-11-13,5822.49,1091755.99,Annual,Cancelled,0,2026-08-01
POL0003447,CUST000792,AGT0018,Medical,2023-02-26,2024-01-26,3046.11,168144.87,Semi-Annual,Expired,0,2026-08-01
POL0003448,CUST005524,AGT0067,Home,2023-10-26,2024-10-03,936.61,666318.14,Annual,Renewed,1,2026-08-01
POL0003449,CUST002416,AGT0020,Motor,2023-06-11,2024-05-18,2534.22,60913.33,Monthly,Renewed,1,2026-08-01
POL0003450,CUST004484,AGT0003,Motor,2023-03-11,2024-03-15,1793.38,91205.2,Semi-Annual,Renewed,1,2026-08-01
POL0003451,CUST005432,AGT0002,Medical,2024-07-07,2025-07-02,3416.7,234523.4,Annual,Cancelled,0,2026-08-01
POL0003452,CUST002662,AGT0073,Motor,2025-10-18,2026-09-15,1010.94,150668.63,Monthly,Active,0,2026-08-01
POL0003453,CUST004924,AGT0043,Motor,2024-03-06,2025-03-29,1726.73,76339.05,Annual,Renewed,1,2026-08-01
POL0003454,CUST002635,AGT0002,Motor,2025-10-14,2026-10-01,1481.69,166136.7,Quarterly,Active,0,2026-08-01
POL0003455,CUST000389,AGT0020,Life,2024-11-11,2025-12-04,2820.19,245501.33,Monthly,Renewed,1,2026-08-01
POL0003456,CUST005294,AGT0027,Medical,2025-05-26,2026-05-14,5052.65,155661.8,Annual,Expired,0,2026-08-01
POL0003457,CUST005043,AGT0080,Travel,2024-01-16,2024-01-24,794.17,50709.54,Quarterly,Expired,0,2026-08-01
POL0003458,CUST003397,AGT0044,Motor,2024-07-03,2025-07-31,2559.77,60918.69,Monthly,Renewed,1,2026-08-01
POL0003459,CUST004969,AGT0067,Life,2024-03-10,2025-03-30,3229.29,937421.7,Annual,Renewed,1,2026-08-01
POL0003460,CUST004017,AGT0036,Motor,2024-07-04,2025-07-14,1970.37,82325.83,Monthly,Renewed,1,2026-08-01
POL0003461,CUST004812,AGT0058,Motor,2026-06-06,2027-06-06,1354.35,93236.14,Semi-Annual,Active,0,2026-08-01
POL0003462,CUST000341,AGT0003,Life,2023-05-29,2024-06-15,3778.44,1484263.62,Monthly,Expired,0,2026-08-01
POL0003463,CUST004889,AGT0029,Motor,2026-02-17,2027-03-17,1279.47,152020.67,Annual,Active,0,2026-08-01
POL0003464,CUST001287,AGT0037,Life,2026-04-19,2027-04-16,4589.75,705595.01,Annual,Active,0,2026-08-01
POL0003465,CUST005899,AGT0006,Life,2023-01-18,2024-02-07,2874.77,1147632.43,Semi-Annual,Expired,0,2026-08-01
POL0003466,CUST005798,AGT0022,Life,2024-06-13,2025-05-09,2900.35,280923.81,Quarterly,Renewed,1,2026-08-01
POL0003467,CUST000332,AGT0054,Life,2025-02-26,2026-03-06,3643.43,551262.34,Annual,Renewed,1,2026-08-01
POL0003468,CUST003911,AGT0055,Travel,2024-01-27,2024-04-10,78.08,141274.03,Annual,Renewed,1,2026-08-01
POL0003469,CUST002303,AGT0002,Motor,2023-07-05,2024-06-14,2417.02,176634.23,Quarterly,Expired,0,2026-08-01
POL0003470,CUST001530,AGT0022,Home,2024-05-25,2025-06-12,633.15,785592.75,Monthly,Expired,0,2026-08-01
POL0003471,CUST005811,AGT0036,Motor,2025-10-28,2026-11-12,1935.47,123121.76,Annual,Active,0,2026-08-01
POL0003472,CUST002409,AGT0022,Medical,2024-09-18,2025-08-23,1286.33,415256.06,Semi-Annual,Expired,0,2026-08-01
POL0003473,CUST003317,AGT0005,Home,2025-12-28,2027-01-19,872.5,196591.3,Monthly,Active,0,2026-08-01
POL0003474,CUST001881,AGT0004,Motor,2024-04-28,2025-05-02,879.14,84444.07,Quarterly,Cancelled,0,2026-08-01
POL0003475,CUST004094,AGT0045,Travel,2025-05-13,2025-05-31,848.27,97617.5,Annual,Expired,0,2026-08-01
POL0003476,CUST001515,AGT0030,Life,2025-10-10,2026-09-23,6239.68,932781.3,Semi-Annual,Cancelled,0,2026-08-01
POL0003477,CUST002172,AGT0045,Travel,2025-05-29,2025-06-12,733.11,55411.61,Annual,Expired,0,2026-08-01
POL0003478,CUST004231,AGT0057,Motor,2024-08-06,2025-08-03,1171.28,121018.84,Monthly,Renewed,1,2026-08-01
POL0003479,CUST001272,AGT0043,Medical,2026-01-17,2027-01-06,3388.68,177858.77,Semi-Annual,Active,0,2026-08-01
POL0003480,CUST004709,AGT0045,Motor,2023-08-08,2024-08-01,2362.32,140439.32,Monthly,Renewed,1,2026-08-01
POL0003481,CUST005871,AGT0058,Motor,2023-05-14,2024-05-27,1482.01,96606.5,Monthly,Renewed,1,2026-08-01
POL0003482,CUST004224,AGT0015,Life,2023-02-16,2024-01-25,1403.06,856872.53,Annual,Renewed,1,2026-08-01
POL0003483,CUST002170,AGT0019,Life,2025-07-13,2026-08-09,3637.65,1421826.06,Quarterly,Active,0,2026-08-01
POL0003484,CUST001090,AGT0059,Life,2024-04-06,2025-03-25,6373.61,1466896.88,Quarterly,Expired,0,2026-08-01
POL0003485,CUST003366,AGT0020,Life,2023-06-06,2024-05-27,1844.5,1228077.93,Monthly,Renewed,1,2026-08-01
POL0003486,CUST002628,AGT0070,Travel,2023-09-08,2023-10-09,129.09,76511.76,Annual,Expired,0,2026-08-01
POL0003487,CUST001463,AGT0034,Medical,2023-02-25,2024-01-28,3512.96,252883.35,Quarterly,Expired,0,2026-08-01
POL0003488,CUST002203,AGT0007,Medical,2024-06-21,2025-06-21,1952.64,282350.01,Monthly,Expired,0,2026-08-01
POL0003489,CUST005802,AGT0057,Travel,2025-04-14,2025-06-27,367.13,119940.67,Semi-Annual,Expired,0,2026-08-01
POL0003490,CUST001014,AGT0035,Life,2023-12-01,2024-12-18,3516.09,1122756.92,Semi-Annual,Renewed,1,2026-08-01
POL0003491,CUST001551,AGT0010,Motor,2023-12-22,2025-01-09,2059.98,64509.22,Annual,Renewed,1,2026-08-01
POL0003492,CUST002092,AGT0018,Medical,2026-06-23,2027-06-09,1118.37,254486.26,Monthly,Active,0,2026-08-01
POL0003493,CUST005484,AGT0071,Motor,2023-03-01,2024-02-14,1986.4,128341.43,Annual,Renewed,1,2026-08-01
POL0003494,CUST002151,AGT0037,Travel,2026-01-03,2026-02-05,447.53,29747.74,Quarterly,Expired,0,2026-08-01
POL0003495,CUST001751,AGT0021,Motor,2023-03-24,2024-04-11,1723.02,37133.14,Monthly,Renewed,1,2026-08-01
POL0003496,CUST001785,AGT0044,Life,2025-10-26,2026-11-24,5301.25,1253916.93,Annual,Active,0,2026-08-01
POL0003497,CUST005682,AGT0011,Life,2026-07-04,2027-06-06,4919.56,1401177.23,Monthly,Active,0,2026-08-01
POL0003498,CUST002123,AGT0032,Home,2024-02-02,2025-01-05,1315.0,226702.21,Annual,Renewed,1,2026-08-01
POL0003499,CUST002204,AGT0048,Medical,2023-10-19,2024-09-15,2255.96,462533.94,Quarterly,Renewed,1,2026-08-01
POL0003500,CUST002187,AGT0077,Travel,2023-11-06,2024-01-29,733.55,131215.33,Monthly,Expired,0,2026-08-01
POL0003501,CUST005233,AGT0023,Life,2024-06-17,2025-06-02,4770.67,305484.05,Semi-Annual,Cancelled,0,2026-08-01
POL0003502,CUST004263,AGT0067,Motor,2023-12-16,2024-12-06,1628.56,43418.27,Monthly,Expired,0,2026-08-01
POL0003503,CUST003599,AGT0033,Medical,2023-12-15,2024-11-29,3107.28,270887.57,Semi-Annual,Renewed,1,2026-08-01
POL0003504,CUST001280,AGT0072,Medical,2023-08-08,2024-08-08,2029.41,404163.94,Monthly,Renewed,1,2026-08-01
POL0003505,CUST000683,AGT0005,Motor,2026-05-07,2027-06-06,2219.3,98607.43,Monthly,Active,0,2026-08-01
POL0003506,CUST000529,AGT0011,Medical,2024-01-21,2025-02-18,2168.18,419874.57,Quarterly,Expired,0,2026-08-01
POL0003507,CUST001774,AGT0038,Motor,2023-04-07,2024-03-17,1842.99,41242.04,Quarterly,Renewed,1,2026-08-01
POL0003508,CUST004750,AGT0064,Travel,2024-02-15,2024-05-13,797.68,52153.68,Annual,Renewed,1,2026-08-01
POL0003509,CUST004566,AGT0025,Medical,2024-12-10,2025-12-23,3316.66,377849.4,Quarterly,Renewed,1,2026-08-01
POL0003510,CUST004694,AGT0010,Motor,2023-05-31,2024-06-24,868.7,101453.64,Semi-Annual,Expired,0,2026-08-01
POL0003511,CUST004006,AGT0014,Life,2024-09-16,2025-10-11,6815.35,673625.4,Annual,Renewed,1,2026-08-01
POL0003512,CUST003094,AGT0024,Travel,2026-07-15,2026-08-02,505.9,128644.95,Monthly,Active,0,2026-08-01
POL0003513,CUST002137,AGT0031,Home,2025-06-23,2026-07-09,573.32,194726.0,Annual,Renewed,1,2026-08-01
POL0003514,CUST004361,AGT0046,Travel,2024-03-26,2024-05-16,452.59,73062.44,Monthly,Cancelled,0,2026-08-01
POL0003515,CUST001173,AGT0062,Travel,2026-03-20,2026-06-03,351.54,137433.8,Annual,Expired,0,2026-08-01
POL0003516,CUST000412,AGT0011,Medical,2024-03-07,2025-03-21,2761.89,459631.46,Semi-Annual,Expired,0,2026-08-01
POL0003517,CUST004973,AGT0062,Medical,2023-01-01,2023-12-08,3032.75,215178.13,Annual,Renewed,1,2026-08-01
POL0003518,CUST002847,AGT0079,Medical,2023-11-08,2024-10-25,4475.2,241987.5,Monthly,Renewed,1,2026-08-01
POL0003519,CUST003735,AGT0029,Home,2023-01-22,2024-02-01,661.08,142485.19,Annual,Expired,0,2026-08-01
POL0003520,CUST005743,AGT0017,Motor,2024-10-08,2025-09-24,1988.93,54248.31,Annual,Cancelled,0,2026-08-01
POL0003521,CUST004092,AGT0078,Medical,2024-05-08,2025-05-07,4020.15,57950.92,Monthly,Expired,0,2026-08-01
POL0003522,CUST004587,AGT0073,Motor,2023-03-31,2024-04-03,2564.34,105347.4,Semi-Annual,Renewed,1,2026-08-01
POL0003523,CUST002875,AGT0011,Travel,2024-06-08,2024-08-22,308.06,148474.85,Monthly,Expired,0,2026-08-01
POL0003524,CUST001912,AGT0068,Medical,2023-09-08,2024-08-12,1841.81,115900.5,Semi-Annual,Renewed,1,2026-08-01
POL0003525,CUST002103,AGT0069,Travel,2026-03-09,2026-04-30,798.56,143506.85,Annual,Expired,0,2026-08-01
POL0003526,CUST005406,AGT0025,Home,2025-02-26,2026-03-23,1726.61,413846.29,Semi-Annual,Renewed,1,2026-08-01
POL0003527,CUST002294,AGT0079,Motor,2023-12-31,2025-01-15,2200.65,28049.88,Annual,Renewed,1,2026-08-01
POL0003528,CUST005602,AGT0016,Life,2025-09-10,2026-08-06,3445.67,324464.35,Annual,Active,0,2026-08-01
POL0003529,CUST000187,AGT0046,Medical,2026-01-13,2027-01-03,5080.8,253912.1,Semi-Annual,Active,0,2026-08-01
POL0003530,CUST001757,AGT0057,Medical,2025-10-03,2026-10-03,3450.61,142158.5,Monthly,Active,0,2026-08-01
POL0003531,CUST005663,AGT0005,Motor,2023-04-27,2024-05-05,1193.22,126980.0,Semi-Annual,Expired,0,2026-08-01
POL0003532,CUST003480,AGT0074,Life,2024-10-17,2025-11-03,5988.43,431174.74,Annual,Expired,0,2026-08-01
POL0003533,CUST002200,AGT0074,Medical,2023-04-12,2024-05-04,3023.21,398698.21,Annual,Expired,0,2026-08-01
POL0003534,CUST001054,AGT0031,Life,2025-03-28,2026-04-15,1534.32,393258.92,Monthly,Renewed,1,2026-08-01
POL0003535,CUST002898,AGT0035,Travel,2025-08-31,2025-10-14,674.69,96352.08,Annual,Expired,0,2026-08-01
POL0003536,CUST005745,AGT0030,Medical,2023-02-03,2024-02-11,4429.45,285146.56,Annual,Renewed,1,2026-08-01
POL0003537,CUST002143,AGT0014,Motor,2025-09-23,2026-08-21,2340.35,148559.17,Monthly,Active,0,2026-08-01
POL0003538,CUST002891,AGT0071,Motor,2023-11-15,2024-10-18,1092.72,117292.12,Monthly,Expired,0,2026-08-01
POL0003539,CUST002132,AGT0072,Motor,2023-05-04,2024-04-18,1405.35,102419.49,Monthly,Renewed,1,2026-08-01
POL0003540,CUST005165,AGT0046,Home,2024-01-03,2025-01-08,1487.39,822474.57,Annual,Renewed,1,2026-08-01
POL0003541,CUST004114,AGT0035,Medical,2026-07-21,2027-08-11,4198.82,446594.73,Quarterly,Active,0,2026-08-01
POL0003542,CUST003701,AGT0055,Life,2024-01-14,2025-01-26,6337.83,1335250.43,Monthly,Renewed,1,2026-08-01
POL0003543,CUST004023,AGT0040,Home,2023-04-16,2024-04-10,1121.64,274223.62,Monthly,Expired,0,2026-08-01
POL0003544,CUST002471,AGT0061,Medical,2023-04-10,2024-03-10,2304.99,373309.78,Quarterly,Renewed,1,2026-08-01
POL0003545,CUST004862,AGT0046,Life,2026-03-01,2027-02-10,3581.22,996224.95,Annual,Active,0,2026-08-01
POL0003546,CUST003682,AGT0014,Travel,2025-05-04,2025-07-09,292.21,130374.07,Quarterly,Renewed,1,2026-08-01
POL0003547,CUST000431,AGT0073,Life,2023-09-11,2024-10-05,4925.81,984640.75,Annual,Expired,0,2026-08-01
POL0003548,CUST002242,AGT0035,Motor,2025-04-03,2026-03-06,1690.55,50715.16,Annual,Renewed,1,2026-08-01
POL0003549,CUST005245,AGT0041,Travel,2023-01-29,2023-02-20,508.1,57336.32,Annual,Renewed,1,2026-08-01
POL0003550,CUST001529,AGT0054,Home,2025-06-10,2026-06-09,1308.63,477513.49,Monthly,Renewed,1,2026-08-01
POL0003551,CUST005741,AGT0072,Travel,2026-01-22,2026-04-17,248.94,91961.72,Monthly,Renewed,1,2026-08-01
POL0003552,CUST004890,AGT0034,Life,2025-10-18,2026-09-27,6388.89,697709.62,Annual,Active,0,2026-08-01
POL0003553,CUST005935,AGT0014,Life,2023-08-29,2024-09-14,1471.53,1306516.07,Monthly,Renewed,1,2026-08-01
POL0003554,CUST004787,AGT0009,Life,2024-04-05,2025-05-05,2619.47,1293118.08,Quarterly,Expired,0,2026-08-01
POL0003555,CUST000773,AGT0050,Motor,2024-11-22,2025-11-21,1024.1,139865.78,Quarterly,Renewed,1,2026-08-01
POL0003556,CUST001146,AGT0034,Home,2023-04-11,2024-04-21,916.89,445210.0,Annual,Renewed,1,2026-08-01
POL0003557,CUST002921,AGT0043,Motor,2025-12-16,2026-11-28,2500.5,141970.13,Quarterly,Active,0,2026-08-01
POL0003558,CUST002150,AGT0068,Travel,2025-03-04,2025-03-11,713.26,131645.75,Monthly,Renewed,1,2026-08-01
POL0003559,CUST005635,AGT0027,Medical,2023-07-22,2024-07-14,3072.2,322686.34,Annual,Renewed,1,2026-08-01
POL0003560,CUST005093,AGT0052,Life,2025-09-08,2026-09-25,3532.64,948118.13,Annual,Active,0,2026-08-01
POL0003561,CUST004554,AGT0018,Travel,2025-08-26,2025-09-02,91.05,50511.11,Monthly,Renewed,1,2026-08-01
POL0003562,CUST005646,AGT0056,Travel,2023-07-29,2023-09-05,447.49,66161.48,Quarterly,Cancelled,0,2026-08-01
POL0003563,CUST000362,AGT0006,Motor,2024-11-25,2025-10-30,1258.34,129628.94,Monthly,Renewed,1,2026-08-01
POL0003564,CUST004212,AGT0017,Life,2024-02-16,2025-02-23,1205.55,1362883.33,Monthly,Renewed,1,2026-08-01
POL0003565,CUST005222,AGT0021,Motor,2023-12-01,2024-12-04,2321.02,129986.88,Monthly,Renewed,1,2026-08-01
POL0003566,CUST005852,AGT0016,Motor,2025-11-19,2026-11-08,2100.32,74731.46,Annual,Active,0,2026-08-01
POL0003567,CUST005032,AGT0055,Medical,2023-02-24,2024-02-01,4946.46,403944.55,Quarterly,Renewed,1,2026-08-01
POL0003568,CUST004855,AGT0032,Home,2024-07-10,2025-08-06,1002.24,474326.56,Quarterly,Cancelled,0,2026-08-01
POL0003569,CUST004682,AGT0023,Home,2023-12-10,2025-01-08,1045.13,375180.01,Monthly,Renewed,1,2026-08-01
POL0003570,CUST000770,AGT0022,Life,2024-03-07,2025-03-04,4452.89,592721.12,Monthly,Expired,0,2026-08-01
POL0003571,CUST002472,AGT0059,Travel,2024-07-09,2024-09-19,757.0,123967.3,Monthly,Cancelled,0,2026-08-01
POL0003572,CUST005255,AGT0044,Motor,2025-01-27,2026-02-03,1170.61,156916.1,Monthly,Renewed,1,2026-08-01
POL0003573,CUST003794,AGT0071,Motor,2024-04-25,2025-03-28,923.4,72304.0,Annual,Renewed,1,2026-08-01
POL0003574,CUST001561,AGT0041,Life,2024-12-13,2025-11-24,5051.92,387504.3,Monthly,Renewed,1,2026-08-01
POL0003575,CUST004296,AGT0056,Travel,2025-07-25,2025-08-25,462.38,89747.48,Monthly,Renewed,1,2026-08-01
POL0003576,CUST000157,AGT0074,Life,2023-08-21,2024-08-25,4637.07,1281113.22,Monthly,Renewed,1,2026-08-01
POL0003577,CUST002380,AGT0065,Motor,2024-06-19,2025-06-09,2397.16,36985.01,Annual,Cancelled,0,2026-08-01
POL0003578,CUST004526,AGT0061,Medical,2024-12-02,2025-11-30,4807.05,269442.05,Monthly,Renewed,1,2026-08-01
POL0003579,CUST004705,AGT0046,Motor,2024-05-12,2025-04-19,1481.4,20072.83,Monthly,Renewed,1,2026-08-01
POL0003580,CUST003056,AGT0070,Travel,2024-12-26,2025-03-14,603.96,96996.52,Quarterly,Renewed,1,2026-08-01
POL0003581,CUST001640,AGT0076,Medical,2025-11-27,2026-11-11,3066.98,166478.77,Quarterly,Active,0,2026-08-01
POL0003582,CUST002980,AGT0010,Medical,2025-03-10,2026-04-09,3334.58,217547.39,Quarterly,Renewed,1,2026-08-01
POL0003583,CUST001102,AGT0062,Life,2024-08-29,2025-08-10,5915.4,549591.05,Annual,Cancelled,0,2026-08-01
POL0003584,CUST005617,AGT0002,Motor,2025-05-16,2026-04-13,1303.27,98672.0,Quarterly,Renewed,1,2026-08-01
POL0003585,CUST005154,AGT0026,Medical,2026-07-12,2027-07-15,1384.31,356235.43,Monthly,Active,0,2026-08-01
POL0003586,CUST004333,AGT0065,Life,2023-01-23,2023-12-29,5157.03,239651.2,Monthly,Expired,0,2026-08-01
POL0003587,CUST002036,AGT0058,Motor,2025-01-20,2026-01-03,1349.62,124684.41,Annual,Expired,0,2026-08-01
POL0003588,CUST000861,AGT0050,Life,2023-01-07,2024-01-06,2926.75,490017.74,Monthly,Renewed,1,2026-08-01
POL0003589,CUST000341,AGT0054,Home,2026-05-09,2027-04-07,487.79,695051.7,Annual,Active,0,2026-08-01
POL0003590,CUST002300,AGT0013,Motor,2025-08-18,2026-07-28,2513.03,37061.94,Quarterly,Renewed,1,2026-08-01
POL0003591,CUST004997,AGT0061,Motor,2026-02-27,2027-03-17,2301.51,147445.83,Monthly,Active,0,2026-08-01
POL0003592,CUST002220,AGT0009,Life,2025-01-17,2025-12-30,5439.44,1067385.21,Monthly,Renewed,1,2026-08-01
POL0003593,CUST004795,AGT0026,Life,2024-06-25,2025-06-08,4351.23,237349.18,Monthly,Cancelled,0,2026-08-01
POL0003594,CUST001061,AGT0007,Home,2023-01-07,2024-01-01,343.9,807668.26,Monthly,Cancelled,0,2026-08-01
POL0003595,CUST004815,AGT0041,Motor,2025-03-11,2026-02-24,2547.9,32020.58,Quarterly,Expired,0,2026-08-01
POL0003596,CUST000462,AGT0069,Travel,2026-04-01,2026-06-04,214.95,37798.76,Monthly,Renewed,1,2026-08-01
POL0003597,CUST002046,AGT0071,Medical,2023-07-04,2024-06-26,4003.93,134320.9,Annual,Renewed,1,2026-08-01
POL0003598,CUST000901,AGT0001,Motor,2023-11-16,2024-10-25,1784.61,50558.78,Monthly,Cancelled,0,2026-08-01
POL0003599,CUST003620,AGT0079,Medical,2024-11-19,2025-12-06,2180.86,462031.9,Quarterly,Renewed,1,2026-08-01
POL0003600,CUST001127,AGT0017,Medical,2024-11-28,2025-10-25,2917.46,234290.75,Annual,Expired,0,2026-08-01
POL0003601,CUST000084,AGT0029,Motor,2024-07-08,2025-07-13,1837.65,45801.79,Annual,Expired,0,2026-08-01
POL0003602,CUST001932,AGT0023,Motor,2023-07-12,2024-07-07,2063.76,107685.07,Monthly,Expired,0,2026-08-01
POL0003603,CUST000014,AGT0039,Motor,2024-09-24,2025-08-25,2141.2,138935.55,Annual,Renewed,1,2026-08-01
POL0003604,CUST002277,AGT0001,Medical,2024-10-20,2025-10-01,1145.64,490300.75,Annual,Cancelled,0,2026-08-01
POL0003605,CUST001556,AGT0027,Motor,2023-08-29,2024-08-23,2367.88,115701.83,Quarterly,Renewed,1,2026-08-01
POL0003606,CUST005600,AGT0025,Motor,2025-03-05,2026-01-30,2095.64,38948.85,Quarterly,Cancelled,0,2026-08-01
POL0003607,CUST003152,AGT0058,Medical,2026-02-06,2027-02-20,4286.31,106860.9,Monthly,Active,0,2026-08-01
POL0003608,CUST002639,AGT0069,Life,2023-04-24,2024-05-11,3213.79,1396406.85,Monthly,Renewed,1,2026-08-01
POL0003609,CUST003602,AGT0004,Home,2023-04-15,2024-03-12,1341.08,708170.1,Annual,Expired,0,2026-08-01
POL0003610,CUST000822,AGT0033,Motor,2025-01-11,2026-01-01,1902.09,43656.26,Quarterly,Renewed,1,2026-08-01
POL0003611,CUST000801,AGT0077,Home,2025-10-18,2026-09-15,807.31,729345.84,Annual,Active,0,2026-08-01
POL0003612,CUST000925,AGT0075,Life,2023-05-14,2024-04-18,2174.42,236328.14,Quarterly,Expired,0,2026-08-01
POL0003613,CUST005206,AGT0044,Home,2026-05-18,2027-05-29,1174.23,387060.79,Semi-Annual,Active,0,2026-08-01
POL0003614,CUST004472,AGT0061,Medical,2024-09-15,2025-09-01,4233.92,59479.87,Annual,Expired,0,2026-08-01
POL0003615,CUST005758,AGT0022,Medical,2023-05-19,2024-05-16,2447.9,488714.28,Monthly,Cancelled,0,2026-08-01
POL0003616,CUST004876,AGT0065,Travel,2024-08-07,2024-10-23,745.52,64188.0,Annual,Expired,0,2026-08-01
POL0003617,CUST000716,AGT0003,Medical,2024-07-20,2025-06-25,4648.21,106107.94,Quarterly,Expired,0,2026-08-01
POL0003618,CUST000992,AGT0042,Travel,2024-05-25,2024-06-10,662.05,125482.11,Quarterly,Renewed,1,2026-08-01
POL0003619,CUST004944,AGT0045,Travel,2025-02-03,2025-04-20,161.07,74251.03,Monthly,Cancelled,0,2026-08-01
POL0003620,CUST003283,AGT0014,Medical,2023-11-19,2024-12-10,3155.57,329277.17,Annual,Expired,0,2026-08-01
POL0003621,CUST003686,AGT0047,Life,2026-07-19,2027-06-19,6898.02,1306785.7,Semi-Annual,Active,0,2026-08-01
POL0003622,CUST001403,AGT0076,Medical,2024-01-09,2024-12-17,2090.35,167295.6,Monthly,Renewed,1,2026-08-01
POL0003623,CUST003015,AGT0056,Life,2026-02-05,2027-01-30,1409.1,853622.36,Monthly,Cancelled,0,2026-08-01
POL0003624,CUST005413,AGT0012,Life,2025-12-05,2027-01-04,4206.85,332257.14,Monthly,Active,0,2026-08-01
POL0003625,CUST002935,AGT0043,Life,2024-06-25,2025-07-14,2745.49,1291306.5,Annual,Renewed,1,2026-08-01
POL0003626,CUST004128,AGT0057,Motor,2023-09-10,2024-09-08,2132.6,71270.39,Annual,Expired,0,2026-08-01
POL0003627,CUST004500,AGT0042,Home,2026-06-19,2027-05-26,1712.55,479387.82,Quarterly,Active,0,2026-08-01
POL0003628,CUST005550,AGT0013,Medical,2025-01-18,2026-02-15,2810.92,375851.45,Annual,Expired,0,2026-08-01
POL0003629,CUST001254,AGT0025,Motor,2024-03-08,2025-03-11,2237.09,164590.45,Quarterly,Renewed,1,2026-08-01
POL0003630,CUST005463,AGT0037,Motor,2023-07-17,2024-08-01,2087.78,75671.28,Monthly,Renewed,1,2026-08-01
POL0003631,CUST003654,AGT0016,Motor,2024-03-20,2025-03-09,2007.92,33588.18,Monthly,Expired,0,2026-08-01
POL0003632,CUST004999,AGT0034,Medical,2025-05-02,2026-05-17,1135.59,285682.89,Monthly,Renewed,1,2026-08-01
POL0003633,CUST001569,AGT0021,Motor,2024-10-23,2025-11-15,2105.39,22112.29,Monthly,Renewed,1,2026-08-01
POL0003634,CUST000708,AGT0012,Motor,2023-03-29,2024-03-20,2199.94,82810.47,Annual,Expired,0,2026-08-01
POL0003635,CUST000511,AGT0030,Motor,2025-10-15,2026-10-22,934.92,85311.41,Monthly,Active,0,2026-08-01
POL0003636,CUST002301,AGT0002,Motor,2024-02-24,2025-03-11,2434.46,94555.97,Monthly,Cancelled,0,2026-08-01
POL0003637,CUST003318,AGT0062,Home,2023-09-09,2024-08-27,994.15,414850.18,Annual,Expired,0,2026-08-01
POL0003638,CUST001728,AGT0004,Medical,2025-07-03,2026-07-11,4240.2,382147.15,Monthly,Expired,0,2026-08-01
POL0003639,CUST001612,AGT0010,Motor,2025-08-28,2026-08-25,2056.37,57910.02,Monthly,Active,0,2026-08-01
POL0003640,CUST004897,AGT0025,Life,2025-12-10,2026-12-12,5836.67,827092.81,Semi-Annual,Active,0,2026-08-01
POL0003641,CUST004456,AGT0052,Life,2023-01-04,2024-01-03,1329.58,554944.9,Monthly,Renewed,1,2026-08-01
POL0003642,CUST003807,AGT0036,Medical,2024-05-21,2025-04-30,3701.66,329569.7,Monthly,Cancelled,0,2026-08-01
POL0003643,CUST003903,AGT0004,Medical,2023-12-10,2025-01-07,2334.93,239881.99,Monthly,Renewed,1,2026-08-01
POL0003644,CUST005078,AGT0027,Life,2025-01-28,2026-01-13,3378.39,388787.44,Annual,Expired,0,2026-08-01
POL0003645,CUST001346,AGT0004,Motor,2026-06-27,2027-07-11,1044.04,115006.06,Monthly,Active,0,2026-08-01
POL0003646,CUST005639,AGT0035,Motor,2023-06-06,2024-06-21,1828.32,59640.69,Monthly,Renewed,1,2026-08-01
POL0003647,CUST005170,AGT0022,Home,2025-05-08,2026-05-20,1382.75,405100.35,Annual,Renewed,1,2026-08-01
POL0003648,CUST002064,AGT0072,Medical,2024-08-03,2025-07-12,2023.37,237092.14,Monthly,Renewed,1,2026-08-01
POL0003649,CUST002082,AGT0029,Motor,2024-08-27,2025-09-25,1080.99,163741.62,Quarterly,Renewed,1,2026-08-01
POL0003650,CUST001107,AGT0048,Motor,2026-05-15,2027-05-20,2512.41,138296.01,Monthly,Active,0,2026-08-01
POL0003651,CUST004255,AGT0016,Life,2025-08-14,2026-07-20,2604.54,981083.86,Annual,Renewed,1,2026-08-01
POL0003652,CUST001824,AGT0039,Motor,2023-05-04,2024-05-08,1391.17,37983.08,Semi-Annual,Expired,0,2026-08-01
POL0003653,CUST001604,AGT0071,Medical,2024-07-22,2025-07-17,4702.07,189097.79,Semi-Annual,Renewed,1,2026-08-01
POL0003654,CUST004034,AGT0003,Medical,2025-08-28,2026-09-07,2757.65,72392.49,Annual,Active,0,2026-08-01
POL0003655,CUST001180,AGT0025,Motor,2023-05-20,2024-06-16,1396.13,106251.23,Monthly,Cancelled,0,2026-08-01
POL0003656,CUST000679,AGT0029,Medical,2024-10-23,2025-10-04,1291.79,103018.92,Quarterly,Expired,0,2026-08-01
POL0003657,CUST005162,AGT0038,Motor,2024-10-12,2025-11-02,2218.8,24648.03,Quarterly,Renewed,1,2026-08-01
POL0003658,CUST000238,AGT0034,Medical,2023-04-06,2024-04-26,4090.81,210538.51,Annual,Renewed,1,2026-08-01
POL0003659,CUST005512,AGT0080,Motor,2026-06-02,2027-05-11,1290.77,139055.47,Monthly,Active,0,2026-08-01
POL0003660,CUST004102,AGT0012,Home,2024-04-28,2025-04-12,1213.95,429131.96,Monthly,Renewed,1,2026-08-01
POL0003661,CUST002113,AGT0021,Life,2023-12-23,2024-12-14,1533.74,221259.27,Annual,Renewed,1,2026-08-01
POL0003662,CUST003386,AGT0038,Motor,2023-04-27,2024-04-09,1217.93,106398.85,Monthly,Expired,0,2026-08-01
POL0003663,CUST001890,AGT0050,Motor,2023-03-11,2024-02-16,2259.5,91919.54,Annual,Expired,0,2026-08-01
POL0003664,CUST002455,AGT0007,Life,2023-09-14,2024-09-26,6696.61,1445329.7,Quarterly,Renewed,1,2026-08-01
POL0003665,CUST004216,AGT0060,Life,2025-08-26,2026-09-06,5672.87,292129.3,Monthly,Active,0,2026-08-01
POL0003666,CUST005455,AGT0043,Medical,2023-12-17,2024-12-30,4026.05,357260.65,Monthly,Expired,0,2026-08-01
POL0003667,CUST001365,AGT0022,Motor,2024-08-16,2025-08-21,2001.09,135290.07,Monthly,Expired,0,2026-08-01
POL0003668,CUST003202,AGT0031,Medical,2025-05-14,2026-04-21,1308.38,431818.82,Monthly,Expired,0,2026-08-01
POL0003669,CUST005186,AGT0005,Motor,2024-03-13,2025-03-16,1799.5,155459.21,Quarterly,Cancelled,0,2026-08-01
POL0003670,CUST000085,AGT0054,Motor,2024-06-16,2025-06-16,2013.14,84680.02,Annual,Expired,0,2026-08-01
POL0003671,CUST000052,AGT0064,Medical,2024-09-29,2025-10-23,4205.65,386374.2,Monthly,Renewed,1,2026-08-01
POL0003672,CUST003690,AGT0080,Life,2026-03-27,2027-04-18,5325.51,648289.71,Monthly,Active,0,2026-08-01
POL0003673,CUST000853,AGT0024,Medical,2026-04-30,2027-04-01,2383.58,452616.09,Monthly,Active,0,2026-08-01
POL0003674,CUST005959,AGT0022,Motor,2024-01-14,2025-01-13,1843.96,132791.23,Monthly,Expired,0,2026-08-01
POL0003675,CUST000725,AGT0026,Motor,2023-11-24,2024-12-20,2253.62,26771.18,Monthly,Renewed,1,2026-08-01
POL0003676,CUST004431,AGT0011,Life,2024-06-12,2025-06-23,4073.61,363862.0,Quarterly,Renewed,1,2026-08-01
POL0003677,CUST001907,AGT0034,Medical,2023-09-20,2024-09-15,2731.65,456868.28,Annual,Renewed,1,2026-08-01
POL0003678,CUST005544,AGT0010,Life,2025-01-12,2026-01-21,1722.54,888689.13,Monthly,Renewed,1,2026-08-01
POL0003679,CUST005197,AGT0004,Life,2024-11-28,2025-10-25,4374.09,1187932.24,Monthly,Renewed,1,2026-08-01
POL0003680,CUST004791,AGT0028,Medical,2024-08-31,2025-08-28,3975.57,432941.95,Monthly,Expired,0,2026-08-01
POL0003681,CUST003841,AGT0069,Medical,2024-08-28,2025-09-22,2486.83,71519.25,Annual,Cancelled,0,2026-08-01
POL0003682,CUST001297,AGT0078,Home,2026-01-27,2027-01-21,1428.93,169496.82,Semi-Annual,Active,0,2026-08-01
POL0003683,CUST000645,AGT0070,Travel,2023-07-15,2023-09-01,844.8,141886.76,Monthly,Expired,0,2026-08-01
POL0003684,CUST001573,AGT0077,Medical,2025-09-28,2026-10-15,1871.88,323899.28,Monthly,Active,0,2026-08-01
POL0003685,CUST000474,AGT0070,Life,2025-01-28,2026-02-24,4805.47,1107163.74,Monthly,Renewed,1,2026-08-01
POL0003686,CUST004711,AGT0053,Motor,2025-11-02,2026-10-07,1404.38,83140.15,Annual,Active,0,2026-08-01
POL0003687,CUST001731,AGT0015,Motor,2025-01-20,2026-02-09,1236.55,58706.1,Annual,Renewed,1,2026-08-01
POL0003688,CUST002642,AGT0065,Medical,2025-10-04,2026-09-13,3346.4,94946.04,Monthly,Active,0,2026-08-01
POL0003689,CUST003719,AGT0079,Life,2025-03-02,2026-02-13,3426.72,399740.93,Annual,Expired,0,2026-08-01
POL0003690,CUST004210,AGT0040,Home,2025-07-19,2026-06-22,1229.91,164201.78,Annual,Renewed,1,2026-08-01
POL0003691,CUST003563,AGT0053,Life,2024-06-24,2025-06-07,5044.75,1398647.18,Semi-Annual,Expired,0,2026-08-01
POL0003692,CUST004416,AGT0031,Life,2026-03-14,2027-03-21,3592.1,1319773.14,Quarterly,Cancelled,0,2026-08-01
POL0003693,CUST000686,AGT0048,Motor,2024-01-15,2024-12-31,824.47,140751.07,Annual,Renewed,1,2026-08-01
POL0003694,CUST001680,AGT0002,Home,2025-07-26,2026-06-22,1668.98,98124.27,Semi-Annual,Expired,0,2026-08-01
POL0003695,CUST004565,AGT0058,Motor,2024-03-05,2025-02-12,2531.44,103445.82,Quarterly,Expired,0,2026-08-01
POL0003696,CUST004309,AGT0042,Home,2025-10-31,2026-10-04,712.43,276570.09,Semi-Annual,Active,0,2026-08-01
POL0003697,CUST003794,AGT0061,Motor,2025-12-26,2027-01-19,2350.1,32066.87,Annual,Active,0,2026-08-01
POL0003698,CUST005640,AGT0030,Motor,2023-08-30,2024-09-12,2442.54,23348.88,Monthly,Renewed,1,2026-08-01
POL0003699,CUST005899,AGT0034,Life,2025-03-28,2026-03-28,2480.21,1103476.86,Annual,Expired,0,2026-08-01
POL0003700,CUST000504,AGT0012,Motor,2024-11-21,2025-12-12,1672.21,80639.74,Annual,Expired,0,2026-08-01
POL0003701,CUST003316,AGT0047,Motor,2024-06-04,2025-05-17,944.42,114203.11,Monthly,Expired,0,2026-08-01
POL0003702,CUST005404,AGT0074,Life,2023-12-31,2025-01-23,3774.71,1184224.77,Monthly,Expired,0,2026-08-01
POL0003703,CUST001964,AGT0047,Life,2025-03-12,2026-03-27,2978.65,727611.58,Annual,Expired,0,2026-08-01
POL0003704,CUST000354,AGT0072,Motor,2025-12-12,2026-11-23,1093.76,40675.25,Annual,Active,0,2026-08-01
POL0003705,CUST000717,AGT0001,Medical,2024-04-01,2025-04-07,3334.76,474508.28,Quarterly,Renewed,1,2026-08-01
POL0003706,CUST004335,AGT0060,Life,2024-03-12,2025-04-09,1945.98,1005540.96,Annual,Renewed,1,2026-08-01
POL0003707,CUST005515,AGT0001,Motor,2026-02-01,2027-01-22,1435.69,51841.75,Annual,Active,0,2026-08-01
POL0003708,CUST004243,AGT0035,Medical,2025-09-14,2026-08-24,4625.74,357242.27,Monthly,Active,0,2026-08-01
POL0003709,CUST000227,AGT0038,Life,2025-08-09,2026-09-03,5142.08,699679.37,Monthly,Active,0,2026-08-01
POL0003710,CUST002477,AGT0038,Travel,2025-02-13,2025-04-28,696.55,123022.81,Annual,Renewed,1,2026-08-01
POL0003711,CUST002093,AGT0045,Medical,2023-05-12,2024-05-12,1979.99,374011.31,Monthly,Renewed,1,2026-08-01
POL0003712,CUST005471,AGT0062,Life,2023-07-16,2024-06-16,4459.83,465573.11,Quarterly,Renewed,1,2026-08-01
POL0003713,CUST003185,AGT0057,Medical,2023-03-15,2024-03-20,2231.03,383254.39,Annual,Expired,0,2026-08-01
POL0003714,CUST001410,AGT0005,Life,2024-02-15,2025-03-16,3825.03,870640.41,Monthly,Renewed,1,2026-08-01
POL0003715,CUST003419,AGT0061,Travel,2023-02-13,2023-03-04,541.0,107463.38,Quarterly,Expired,0,2026-08-01
POL0003716,CUST004493,AGT0032,Medical,2024-09-07,2025-08-21,2599.01,227855.31,Monthly,Renewed,1,2026-08-01
POL0003717,CUST003494,AGT0047,Motor,2023-02-05,2024-02-11,1752.51,36566.84,Monthly,Renewed,1,2026-08-01
POL0003718,CUST002506,AGT0074,Travel,2026-07-25,2026-10-05,524.65,24674.24,Semi-Annual,Active,0,2026-08-01
POL0003719,CUST004303,AGT0023,Life,2024-10-11,2025-10-03,1946.33,1208563.96,Annual,Renewed,1,2026-08-01
POL0003720,CUST001826,AGT0049,Life,2023-01-17,2024-01-02,1325.49,493451.43,Monthly,Expired,0,2026-08-01
POL0003721,CUST000770,AGT0050,Medical,2023-08-25,2024-09-07,1376.29,315147.03,Annual,Renewed,1,2026-08-01
POL0003722,CUST005176,AGT0041,Motor,2023-09-03,2024-08-30,2389.06,154562.7,Monthly,Expired,0,2026-08-01
POL0003723,CUST004317,AGT0021,Medical,2025-05-31,2026-04-28,5140.99,477595.43,Annual,Renewed,1,2026-08-01
POL0003724,CUST004387,AGT0060,Medical,2025-10-03,2026-09-07,1614.32,486455.42,Annual,Active,0,2026-08-01
POL0003725,CUST005338,AGT0066,Medical,2024-09-22,2025-09-12,2482.11,412518.44,Monthly,Expired,0,2026-08-01
POL0003726,CUST004280,AGT0076,Motor,2025-08-07,2026-08-14,1399.41,103520.56,Monthly,Active,0,2026-08-01
POL0003727,CUST000183,AGT0034,Travel,2023-05-03,2023-08-01,529.45,54610.4,Monthly,Renewed,1,2026-08-01
POL0003728,CUST005061,AGT0011,Medical,2024-02-15,2025-03-16,2293.24,57836.33,Annual,Cancelled,0,2026-08-01
POL0003729,CUST000215,AGT0072,Life,2023-01-08,2024-02-03,6745.43,415895.6,Monthly,Expired,0,2026-08-01
POL0003730,CUST004157,AGT0049,Motor,2024-06-16,2025-05-16,1129.3,57838.11,Quarterly,Cancelled,0,2026-08-01
POL0003731,CUST005949,AGT0011,Medical,2023-02-17,2024-02-09,3019.49,286784.49,Quarterly,Renewed,1,2026-08-01
POL0003732,CUST002419,AGT0063,Motor,2025-10-30,2026-10-19,1197.06,120387.81,Quarterly,Active,0,2026-08-01
POL0003733,CUST001872,AGT0057,Life,2024-11-28,2025-11-02,3526.98,1472192.57,Semi-Annual,Renewed,1,2026-08-01
POL0003734,CUST005568,AGT0067,Life,2025-09-11,2026-09-10,2364.82,646971.16,Monthly,Active,0,2026-08-01
POL0003735,CUST002731,AGT0035,Medical,2025-02-05,2026-02-19,1369.61,472310.93,Annual,Renewed,1,2026-08-01
POL0003736,CUST005533,AGT0038,Home,2023-02-18,2024-02-18,1652.01,741938.64,Monthly,Expired,0,2026-08-01
POL0003737,CUST001861,AGT0011,Medical,2024-04-06,2025-04-29,3446.95,368138.65,Annual,Renewed,1,2026-08-01
POL0003738,CUST001106,AGT0035,Medical,2023-01-16,2024-01-23,3819.78,128738.78,Quarterly,Renewed,1,2026-08-01
POL0003739,CUST003339,AGT0045,Life,2023-04-14,2024-04-29,3544.69,965139.1,Annual,Renewed,1,2026-08-01
POL0003740,CUST002233,AGT0070,Medical,2026-05-13,2027-06-02,1661.56,316789.27,Annual,Active,0,2026-08-01
POL0003741,CUST004269,AGT0017,Life,2026-05-06,2027-05-27,6822.49,1206613.2,Annual,Active,0,2026-08-01
POL0003742,CUST001792,AGT0004,Home,2023-06-06,2024-06-07,808.73,554948.86,Monthly,Expired,0,2026-08-01
POL0003743,CUST004560,AGT0024,Life,2024-06-14,2025-07-04,5491.47,1448856.58,Monthly,Renewed,1,2026-08-01
POL0003744,CUST002126,AGT0017,Motor,2024-01-13,2025-01-02,2426.02,51849.31,Annual,Renewed,1,2026-08-01
POL0003745,CUST002133,AGT0037,Motor,2024-07-15,2025-08-14,1808.04,46480.29,Monthly,Expired,0,2026-08-01
POL0003746,CUST004259,AGT0057,Travel,2025-03-08,2025-06-03,384.06,114455.01,Monthly,Renewed,1,2026-08-01
POL0003747,CUST001564,AGT0030,Motor,2024-05-13,2025-05-01,1261.93,179320.07,Annual,Expired,0,2026-08-01
POL0003748,CUST001714,AGT0028,Medical,2025-11-27,2026-10-26,1210.46,157079.44,Annual,Active,0,2026-08-01
POL0003749,CUST003280,AGT0032,Home,2023-03-19,2024-03-06,408.9,124148.86,Annual,Expired,0,2026-08-01
POL0003750,CUST001988,AGT0079,Travel,2025-02-01,2025-03-20,589.65,105452.31,Annual,Expired,0,2026-08-01
POL0003751,CUST002306,AGT0032,Motor,2025-07-17,2026-06-19,2456.02,139565.73,Annual,Expired,0,2026-08-01
POL0003752,CUST002033,AGT0058,Life,2024-12-27,2025-12-29,5597.65,814577.96,Monthly,Renewed,1,2026-08-01
POL0003753,CUST003733,AGT0002,Medical,2025-05-18,2026-06-08,2293.45,152544.35,Semi-Annual,Renewed,1,2026-08-01
POL0003754,CUST002011,AGT0009,Home,2025-03-20,2026-03-05,470.41,486919.27,Annual,Cancelled,0,2026-08-01
POL0003755,CUST003670,AGT0030,Life,2023-08-03,2024-08-28,2378.55,530731.63,Annual,Expired,0,2026-08-01
POL0003756,CUST001405,AGT0043,Medical,2025-10-28,2026-10-20,4602.09,147950.89,Annual,Active,0,2026-08-01
POL0003757,CUST005367,AGT0032,Motor,2023-12-18,2024-11-30,1250.38,100186.35,Annual,Renewed,1,2026-08-01
POL0003758,CUST005709,AGT0022,Motor,2023-08-21,2024-09-09,1777.92,27636.39,Monthly,Renewed,1,2026-08-01
POL0003759,CUST000024,AGT0048,Medical,2024-12-15,2025-12-20,5177.74,372578.05,Monthly,Renewed,1,2026-08-01
POL0003760,CUST000628,AGT0021,Life,2025-04-10,2026-04-16,6994.1,1171848.75,Monthly,Expired,0,2026-08-01
POL0003761,CUST000612,AGT0039,Medical,2024-05-07,2025-04-18,1905.81,493368.08,Monthly,Expired,0,2026-08-01
POL0003762,CUST001097,AGT0009,Travel,2023-03-21,2023-04-03,817.18,134235.96,Monthly,Renewed,1,2026-08-01
POL0003763,CUST004721,AGT0014,Motor,2026-07-28,2027-08-18,1355.58,67149.65,Quarterly,Active,0,2026-08-01
POL0003764,CUST001482,AGT0073,Medical,2025-11-28,2026-11-05,4496.55,186890.65,Monthly,Active,0,2026-08-01
POL0003765,CUST003502,AGT0048,Life,2024-10-10,2025-09-05,2566.88,721377.32,Monthly,Renewed,1,2026-08-01
POL0003766,CUST001511,AGT0025,Life,2024-04-01,2025-04-16,1426.22,1113907.4,Monthly,Renewed,1,2026-08-01
POL0003767,CUST000376,AGT0003,Medical,2026-02-27,2027-03-09,4374.65,68438.69,Semi-Annual,Active,0,2026-08-01
POL0003768,CUST000504,AGT0063,Medical,2024-04-08,2025-03-17,2915.33,482783.45,Annual,Renewed,1,2026-08-01
POL0003769,CUST005656,AGT0027,Motor,2023-09-25,2024-09-24,2574.78,132424.66,Quarterly,Expired,0,2026-08-01
POL0003770,CUST003349,AGT0037,Life,2023-11-26,2024-10-29,3252.31,1290903.8,Monthly,Renewed,1,2026-08-01
POL0003771,CUST003903,AGT0050,Home,2024-12-27,2025-12-10,849.91,645863.68,Quarterly,Expired,0,2026-08-01
POL0003772,CUST001129,AGT0006,Travel,2025-09-03,2025-11-15,507.38,139708.5,Semi-Annual,Renewed,1,2026-08-01
POL0003773,CUST002916,AGT0050,Life,2024-02-25,2025-03-21,5813.17,1243850.29,Monthly,Renewed,1,2026-08-01
POL0003774,CUST003946,AGT0080,Life,2023-09-10,2024-08-28,1320.42,710340.66,Semi-Annual,Expired,0,2026-08-01
POL0003775,CUST004678,AGT0015,Travel,2026-05-06,2026-05-15,561.04,112153.45,Monthly,Renewed,1,2026-08-01
POL0003776,CUST003941,AGT0075,Travel,2023-05-07,2023-07-21,251.84,142475.44,Monthly,Renewed,1,2026-08-01
POL0003777,CUST003577,AGT0028,Motor,2024-12-21,2025-12-20,1203.97,171202.83,Annual,Renewed,1,2026-08-01
POL0003778,CUST003747,AGT0001,Medical,2023-08-21,2024-08-21,1369.23,455096.19,Monthly,Renewed,1,2026-08-01
POL0003779,CUST002240,AGT0037,Travel,2025-05-04,2025-07-17,66.71,117513.37,Annual,Renewed,1,2026-08-01
POL0003780,CUST004195,AGT0017,Travel,2024-05-05,2024-05-31,300.01,102511.74,Semi-Annual,Renewed,1,2026-08-01
POL0003781,CUST001780,AGT0033,Life,2023-04-10,2024-04-01,4951.29,869783.24,Annual,Expired,0,2026-08-01
POL0003782,CUST004318,AGT0014,Motor,2023-08-07,2024-08-01,1569.64,50417.43,Monthly,Expired,0,2026-08-01
POL0003783,CUST002721,AGT0055,Travel,2024-09-29,2024-12-17,151.89,79625.06,Monthly,Cancelled,0,2026-08-01
POL0003784,CUST003463,AGT0030,Motor,2023-07-09,2024-06-07,1684.19,41558.8,Quarterly,Renewed,1,2026-08-01
POL0003785,CUST002852,AGT0060,Motor,2025-01-27,2026-01-28,2281.39,44573.4,Annual,Expired,0,2026-08-01
POL0003786,CUST003411,AGT0017,Medical,2025-11-12,2026-10-09,4512.43,120978.53,Monthly,Active,0,2026-08-01
POL0003787,CUST004273,AGT0004,Life,2024-01-15,2025-01-17,4572.05,761881.58,Quarterly,Expired,0,2026-08-01
POL0003788,CUST001687,AGT0027,Medical,2026-05-09,2027-05-24,3318.18,89144.28,Annual,Active,0,2026-08-01
POL0003789,CUST002839,AGT0060,Life,2025-08-19,2026-07-31,3321.6,1302807.68,Monthly,Expired,0,2026-08-01
POL0003790,CUST002419,AGT0079,Life,2023-04-22,2024-04-04,4035.96,1369117.55,Monthly,Expired,0,2026-08-01
POL0003791,CUST000111,AGT0071,Motor,2024-09-01,2025-09-28,2189.35,128151.53,Monthly,Renewed,1,2026-08-01
POL0003792,CUST005113,AGT0001,Motor,2024-12-24,2025-12-19,1578.57,102915.93,Monthly,Expired,0,2026-08-01
POL0003793,CUST004108,AGT0074,Life,2025-01-03,2025-12-18,6077.09,1435297.93,Monthly,Cancelled,0,2026-08-01
POL0003794,CUST000271,AGT0032,Home,2024-08-24,2025-09-16,1220.74,343855.38,Monthly,Cancelled,0,2026-08-01
POL0003795,CUST000418,AGT0005,Travel,2024-04-16,2024-07-13,381.61,98529.2,Quarterly,Expired,0,2026-08-01
POL0003796,CUST005560,AGT0020,Motor,2025-01-13,2026-01-17,2460.71,147704.06,Monthly,Cancelled,0,2026-08-01
POL0003797,CUST005078,AGT0071,Life,2025-06-03,2026-07-02,6347.66,1130840.26,Annual,Cancelled,0,2026-08-01
POL0003798,CUST004376,AGT0048,Travel,2026-01-13,2026-04-09,374.95,129707.96,Quarterly,Expired,0,2026-08-01
POL0003799,CUST004250,AGT0014,Motor,2023-05-15,2024-06-01,2134.36,57282.86,Quarterly,Expired,0,2026-08-01
POL0003800,CUST005048,AGT0064,Life,2023-07-01,2024-07-11,6588.78,1222446.7,Monthly,Renewed,1,2026-08-01
POL0003801,CUST003588,AGT0028,Medical,2024-10-23,2025-11-06,3472.38,65942.57,Monthly,Expired,0,2026-08-01
POL0003802,CUST000035,AGT0010,Life,2024-07-08,2025-07-18,6635.56,871957.6,Quarterly,Renewed,1,2026-08-01
POL0003803,CUST002725,AGT0031,Motor,2026-03-16,2027-02-12,943.69,21543.56,Quarterly,Active,0,2026-08-01
POL0003804,CUST001987,AGT0062,Medical,2025-01-19,2025-12-27,4940.1,207187.87,Annual,Renewed,1,2026-08-01
POL0003805,CUST001033,AGT0024,Motor,2023-11-04,2024-11-02,2027.09,112691.45,Annual,Renewed,1,2026-08-01
POL0003806,CUST005157,AGT0013,Medical,2026-01-16,2027-01-27,1664.19,369675.85,Monthly,Active,0,2026-08-01
POL0003807,CUST003930,AGT0024,Motor,2026-02-09,2027-02-23,1016.47,99690.8,Monthly,Active,0,2026-08-01
POL0003808,CUST005412,AGT0064,Medical,2023-02-23,2024-03-12,4068.85,476662.43,Quarterly,Cancelled,0,2026-08-01
POL0003809,CUST000657,AGT0014,Medical,2026-03-02,2027-03-10,2047.32,280124.09,Annual,Active,0,2026-08-01
POL0003810,CUST005853,AGT0037,Motor,2024-04-20,2025-03-18,861.25,31472.2,Quarterly,Expired,0,2026-08-01
POL0003811,CUST003628,AGT0053,Motor,2023-10-29,2024-10-30,1162.85,49052.67,Annual,Expired,0,2026-08-01
POL0003812,CUST003410,AGT0006,Motor,2023-05-31,2024-06-10,989.08,155253.24,Annual,Renewed,1,2026-08-01
POL0003813,CUST001101,AGT0047,Home,2023-04-16,2024-05-10,555.59,855060.26,Annual,Expired,0,2026-08-01
POL0003814,CUST003746,AGT0063,Motor,2023-03-20,2024-03-24,1752.43,127049.55,Monthly,Renewed,1,2026-08-01
POL0003815,CUST003582,AGT0050,Life,2025-09-26,2026-09-27,4292.0,1141747.62,Monthly,Active,0,2026-08-01
POL0003816,CUST004211,AGT0015,Medical,2026-03-27,2027-03-02,2882.85,328519.93,Monthly,Active,0,2026-08-01
POL0003817,CUST000907,AGT0042,Motor,2026-06-06,2027-06-26,2144.21,122179.9,Monthly,Active,0,2026-08-01
POL0003818,CUST003817,AGT0073,Travel,2024-10-28,2024-11-15,72.56,138900.45,Quarterly,Expired,0,2026-08-01
POL0003819,CUST000567,AGT0018,Life,2023-12-01,2024-12-23,6356.37,710003.95,Monthly,Renewed,1,2026-08-01
POL0003820,CUST000427,AGT0013,Life,2026-03-07,2027-02-11,6941.16,1033829.76,Semi-Annual,Active,0,2026-08-01
POL0003821,CUST002826,AGT0047,Motor,2026-04-08,2027-04-24,2500.51,127788.89,Monthly,Active,0,2026-08-01
POL0003822,CUST000713,AGT0034,Motor,2024-06-08,2025-05-23,1277.15,83394.7,Monthly,Cancelled,0,2026-08-01
POL0003823,CUST004259,AGT0053,Motor,2023-09-30,2024-09-03,2381.11,91790.5,Monthly,Expired,0,2026-08-01
POL0003824,CUST002896,AGT0049,Medical,2026-01-01,2027-01-26,4114.12,194126.14,Semi-Annual,Active,0,2026-08-01
POL0003825,CUST001431,AGT0005,Home,2024-04-14,2025-04-30,1026.13,862108.85,Annual,Expired,0,2026-08-01
POL0003826,CUST001635,AGT0059,Medical,2024-12-02,2025-12-24,5152.75,109255.21,Monthly,Cancelled,0,2026-08-01
POL0003827,CUST002987,AGT0080,Medical,2026-03-03,2027-03-19,1953.66,164156.91,Annual,Active,0,2026-08-01
POL0003828,CUST003590,AGT0012,Motor,2023-08-06,2024-08-08,1852.67,143622.6,Monthly,Cancelled,0,2026-08-01
POL0003829,CUST004794,AGT0047,Medical,2024-02-02,2025-02-10,1896.66,204223.44,Annual,Cancelled,0,2026-08-01
POL0003830,CUST003438,AGT0030,Motor,2023-10-04,2024-09-01,1260.36,130867.74,Monthly,Cancelled,0,2026-08-01
POL0003831,CUST003297,AGT0052,Medical,2025-09-14,2026-09-03,4492.03,377097.38,Monthly,Active,0,2026-08-01
POL0003832,CUST003641,AGT0048,Home,2023-06-03,2024-05-19,1254.18,533331.78,Semi-Annual,Renewed,1,2026-08-01
POL0003833,CUST003583,AGT0046,Medical,2023-07-12,2024-06-25,3998.08,233831.43,Quarterly,Expired,0,2026-08-01
POL0003834,CUST002094,AGT0012,Motor,2024-03-08,2025-02-24,1443.2,132186.87,Monthly,Renewed,1,2026-08-01
POL0003835,CUST001321,AGT0056,Motor,2024-05-10,2025-05-17,2461.63,21640.85,Monthly,Renewed,1,2026-08-01
POL0003836,CUST003155,AGT0054,Life,2025-08-31,2026-09-05,3843.21,1091825.0,Quarterly,Active,0,2026-08-01
POL0003837,CUST000747,AGT0053,Motor,2026-05-14,2027-05-27,1389.88,112194.58,Monthly,Active,0,2026-08-01
POL0003838,CUST001451,AGT0016,Travel,2025-02-16,2025-03-29,207.09,129663.71,Monthly,Renewed,1,2026-08-01
POL0003839,CUST000895,AGT0064,Life,2023-10-23,2024-11-16,2733.52,1137261.06,Monthly,Renewed,1,2026-08-01
POL0003840,CUST002942,AGT0018,Medical,2025-05-13,2026-05-11,4312.53,302856.04,Quarterly,Renewed,1,2026-08-01
POL0003841,CUST005837,AGT0013,Life,2025-07-06,2026-06-23,3133.25,1193269.24,Annual,Expired,0,2026-08-01
POL0003842,CUST005251,AGT0027,Motor,2023-04-21,2024-05-13,1378.73,47177.96,Quarterly,Renewed,1,2026-08-01
POL0003843,CUST000520,AGT0014,Motor,2026-04-16,2027-03-31,1497.22,83425.25,Semi-Annual,Active,0,2026-08-01
POL0003844,CUST004928,AGT0027,Life,2024-10-30,2025-11-18,3097.54,844333.88,Quarterly,Renewed,1,2026-08-01
POL0003845,CUST000910,AGT0018,Motor,2025-10-22,2026-11-04,1740.64,143438.39,Monthly,Active,0,2026-08-01
POL0003846,CUST005464,AGT0007,Motor,2023-03-09,2024-04-04,2560.37,51630.49,Monthly,Renewed,1,2026-08-01
POL0003847,CUST001235,AGT0078,Home,2026-05-24,2027-06-22,1722.12,658655.89,Monthly,Active,0,2026-08-01
POL0003848,CUST000756,AGT0055,Travel,2026-06-24,2026-08-13,797.85,55887.92,Quarterly,Active,0,2026-08-01
POL0003849,CUST004728,AGT0029,Motor,2026-05-18,2027-05-02,1885.67,51770.96,Semi-Annual,Active,0,2026-08-01
POL0003850,CUST005000,AGT0031,Travel,2024-11-22,2025-01-16,838.06,71875.16,Semi-Annual,Expired,0,2026-08-01
POL0003851,CUST002388,AGT0026,Motor,2023-05-29,2024-05-11,1458.38,51481.8,Quarterly,Expired,0,2026-08-01
POL0003852,CUST003280,AGT0060,Travel,2024-08-13,2024-10-31,217.13,76725.37,Monthly,Renewed,1,2026-08-01
POL0003853,CUST004746,AGT0019,Medical,2025-02-25,2026-03-20,4803.0,294024.16,Monthly,Renewed,1,2026-08-01
POL0003854,CUST005118,AGT0008,Medical,2024-08-09,2025-07-05,4438.89,217122.43,Annual,Renewed,1,2026-08-01
POL0003855,CUST002514,AGT0039,Life,2024-07-11,2025-06-23,3456.47,1416685.16,Annual,Expired,0,2026-08-01
POL0003856,CUST004708,AGT0018,Motor,2024-04-02,2025-04-23,1232.66,127846.74,Semi-Annual,Expired,0,2026-08-01
POL0003857,CUST004769,AGT0073,Home,2025-06-11,2026-06-03,854.86,411038.31,Monthly,Expired,0,2026-08-01
POL0003858,CUST004758,AGT0029,Motor,2025-01-18,2025-12-31,1578.22,171478.24,Annual,Renewed,1,2026-08-01
POL0003859,CUST005373,AGT0054,Home,2025-08-28,2026-09-27,1552.11,340517.39,Semi-Annual,Active,0,2026-08-01
POL0003860,CUST005017,AGT0032,Motor,2023-04-15,2024-04-23,1500.95,122294.31,Semi-Annual,Cancelled,0,2026-08-01
POL0003861,CUST002684,AGT0016,Motor,2023-11-17,2024-12-03,1665.94,95249.42,Semi-Annual,Expired,0,2026-08-01
POL0003862,CUST001890,AGT0026,Motor,2026-02-22,2027-02-10,1131.5,159619.16,Quarterly,Active,0,2026-08-01
POL0003863,CUST005919,AGT0067,Medical,2025-11-11,2026-10-23,4074.83,247340.37,Quarterly,Active,0,2026-08-01
POL0003864,CUST002679,AGT0007,Life,2025-05-30,2026-05-23,4836.29,155366.37,Monthly,Renewed,1,2026-08-01
POL0003865,CUST005598,AGT0076,Life,2024-06-18,2025-07-15,2055.34,530988.52,Semi-Annual,Renewed,1,2026-08-01
POL0003866,CUST005983,AGT0002,Travel,2024-07-13,2024-09-14,283.34,61052.06,Quarterly,Renewed,1,2026-08-01
POL0003867,CUST000093,AGT0058,Medical,2025-05-08,2026-05-28,2305.28,227717.9,Monthly,Expired,0,2026-08-01
POL0003868,CUST000846,AGT0056,Medical,2025-10-05,2026-11-01,3582.14,378829.06,Monthly,Active,0,2026-08-01
POL0003869,CUST003385,AGT0048,Medical,2024-07-13,2025-08-11,1089.21,368655.71,Semi-Annual,Renewed,1,2026-08-01
POL0003870,CUST000528,AGT0006,Life,2026-03-19,2027-04-15,4583.66,251738.33,Quarterly,Active,0,2026-08-01
POL0003871,CUST003943,AGT0054,Home,2024-03-28,2025-03-19,685.05,126348.33,Monthly,Cancelled,0,2026-08-01
POL0003872,CUST000069,AGT0006,Medical,2024-02-23,2025-03-21,4817.97,135265.22,Annual,Expired,0,2026-08-01
POL0003873,CUST005059,AGT0059,Medical,2025-06-25,2026-07-04,4453.26,252241.5,Quarterly,Expired,0,2026-08-01
POL0003874,CUST002570,AGT0063,Medical,2025-10-30,2026-11-23,3349.64,308969.41,Semi-Annual,Active,0,2026-08-01
POL0003875,CUST004041,AGT0069,Motor,2024-12-09,2025-11-29,1335.93,93568.73,Quarterly,Renewed,1,2026-08-01
POL0003876,CUST002791,AGT0032,Life,2026-05-28,2027-04-23,2730.83,1236826.4,Semi-Annual,Active,0,2026-08-01
POL0003877,CUST004130,AGT0053,Motor,2026-01-19,2027-01-13,905.73,101252.1,Monthly,Active,0,2026-08-01
POL0003878,CUST004083,AGT0015,Travel,2023-09-28,2023-10-13,361.54,116183.62,Monthly,Expired,0,2026-08-01
POL0003879,CUST001738,AGT0043,Motor,2025-10-24,2026-11-02,1066.85,178172.32,Annual,Active,0,2026-08-01
POL0003880,CUST004802,AGT0058,Motor,2025-11-25,2026-11-30,1931.49,125057.54,Annual,Active,0,2026-08-01
POL0003881,CUST004924,AGT0015,Motor,2026-02-08,2027-01-31,2351.22,118933.93,Monthly,Active,0,2026-08-01
POL0003882,CUST001928,AGT0067,Medical,2024-11-17,2025-11-26,1326.09,394042.78,Annual,Cancelled,0,2026-08-01
POL0003883,CUST000380,AGT0030,Life,2025-09-27,2026-09-19,6388.09,806507.26,Monthly,Active,0,2026-08-01
POL0003884,CUST002689,AGT0075,Home,2025-08-04,2026-08-17,905.77,832282.71,Annual,Active,0,2026-08-01
POL0003885,CUST003945,AGT0007,Medical,2026-04-13,2027-04-13,1119.02,334828.32,Monthly,Active,0,2026-08-01
POL0003886,CUST004669,AGT0018,Motor,2024-01-23,2025-01-05,950.45,164150.7,Monthly,Expired,0,2026-08-01
POL0003887,CUST001213,AGT0059,Life,2023-07-24,2024-06-25,1201.28,782020.68,Monthly,Renewed,1,2026-08-01
POL0003888,CUST002881,AGT0016,Life,2025-09-28,2026-08-30,4633.84,422406.7,Semi-Annual,Active,0,2026-08-01
POL0003889,CUST004594,AGT0080,Life,2025-04-17,2026-05-17,2765.87,1278489.6,Semi-Annual,Expired,0,2026-08-01
POL0003890,CUST003154,AGT0076,Medical,2026-06-30,2027-07-16,2967.6,131061.65,Semi-Annual,Active,0,2026-08-01
POL0003891,CUST004742,AGT0008,Life,2023-04-18,2024-05-06,5429.0,1447526.12,Annual,Renewed,1,2026-08-01
POL0003892,CUST004045,AGT0068,Motor,2023-02-15,2024-02-22,1554.78,166463.48,Monthly,Expired,0,2026-08-01
POL0003893,CUST001049,AGT0036,Motor,2024-10-15,2025-10-11,1154.49,80967.56,Semi-Annual,Renewed,1,2026-08-01
POL0003894,CUST001264,AGT0068,Home,2025-03-04,2026-03-23,1556.99,788325.97,Quarterly,Expired,0,2026-08-01
POL0003895,CUST004762,AGT0057,Motor,2026-01-30,2027-02-13,1171.45,165538.65,Quarterly,Active,0,2026-08-01
POL0003896,CUST004222,AGT0026,Motor,2025-05-23,2026-05-04,2105.07,80366.12,Monthly,Expired,0,2026-08-01
POL0003897,CUST005025,AGT0003,Motor,2025-08-06,2026-09-05,2037.68,162279.65,Annual,Active,0,2026-08-01
POL0003898,CUST001766,AGT0026,Motor,2024-05-21,2025-04-23,2241.98,127152.24,Annual,Expired,0,2026-08-01
POL0003899,CUST000319,AGT0036,Home,2025-01-31,2026-01-30,968.45,338991.04,Annual,Renewed,1,2026-08-01
POL0003900,CUST001426,AGT0043,Motor,2023-07-03,2024-06-04,2472.07,94204.25,Annual,Cancelled,0,2026-08-01
POL0003901,CUST002581,AGT0064,Medical,2025-06-26,2026-07-08,1508.37,463274.0,Annual,Cancelled,0,2026-08-01
POL0003902,CUST000732,AGT0066,Travel,2023-07-03,2023-08-18,483.88,103070.95,Monthly,Expired,0,2026-08-01
POL0003903,CUST001157,AGT0024,Motor,2023-08-15,2024-07-15,2072.0,123682.91,Quarterly,Cancelled,0,2026-08-01
POL0003904,CUST000868,AGT0016,Motor,2023-08-05,2024-08-21,2356.5,136256.7,Monthly,Renewed,1,2026-08-01
POL0003905,CUST000759,AGT0053,Medical,2026-05-01,2027-05-29,3725.16,386106.7,Annual,Active,0,2026-08-01
POL0003906,CUST002295,AGT0060,Motor,2023-08-16,2024-08-03,1990.82,73882.99,Semi-Annual,Cancelled,0,2026-08-01
POL0003907,CUST004822,AGT0049,Motor,2023-10-05,2024-09-09,2531.71,155977.38,Monthly,Cancelled,0,2026-08-01
POL0003908,CUST002274,AGT0050,Life,2026-07-25,2027-07-10,3585.48,922939.05,Semi-Annual,Active,0,2026-08-01
POL0003909,CUST001760,AGT0057,Motor,2023-08-07,2024-08-23,1760.56,175860.64,Semi-Annual,Renewed,1,2026-08-01
POL0003910,CUST003292,AGT0033,Life,2024-12-11,2026-01-01,5109.22,876242.9,Annual,Cancelled,0,2026-08-01
POL0003911,CUST003864,AGT0020,Home,2023-07-02,2024-06-28,702.89,239214.86,Semi-Annual,Expired,0,2026-08-01
POL0003912,CUST002096,AGT0064,Motor,2024-08-08,2025-08-08,1497.05,31054.54,Annual,Renewed,1,2026-08-01
POL0003913,CUST000023,AGT0014,Motor,2026-05-08,2027-05-15,2038.41,130060.88,Annual,Active,0,2026-08-01
POL0003914,CUST001787,AGT0005,Motor,2024-03-05,2025-02-22,1509.68,110093.63,Annual,Renewed,1,2026-08-01
POL0003915,CUST000477,AGT0002,Motor,2024-08-25,2025-08-29,2435.65,158892.93,Monthly,Expired,0,2026-08-01
POL0003916,CUST000869,AGT0032,Medical,2026-02-19,2027-01-18,3388.78,432754.64,Monthly,Active,0,2026-08-01
POL0003917,CUST003662,AGT0039,Medical,2024-11-27,2025-11-19,3916.48,220369.91,Annual,Cancelled,0,2026-08-01
POL0003918,CUST001075,AGT0044,Motor,2026-05-24,2027-06-05,1091.5,178913.22,Annual,Active,0,2026-08-01
POL0003919,CUST002222,AGT0015,Medical,2024-05-10,2025-06-06,5075.17,431824.05,Monthly,Renewed,1,2026-08-01
POL0003920,CUST002356,AGT0035,Motor,2023-10-30,2024-11-22,2589.8,31367.78,Monthly,Expired,0,2026-08-01
POL0003921,CUST005279,AGT0053,Life,2023-02-05,2024-01-21,5085.62,572824.39,Annual,Renewed,1,2026-08-01
POL0003922,CUST000922,AGT0024,Medical,2024-05-31,2025-05-09,1881.4,342579.73,Monthly,Expired,0,2026-08-01
POL0003923,CUST000494,AGT0044,Life,2023-03-29,2024-03-08,4346.89,162059.9,Quarterly,Cancelled,0,2026-08-01
POL0003924,CUST003210,AGT0022,Medical,2025-01-22,2026-01-01,1415.36,180059.52,Annual,Renewed,1,2026-08-01
POL0003925,CUST003743,AGT0067,Medical,2023-01-21,2024-02-14,1233.2,298333.26,Annual,Renewed,1,2026-08-01
POL0003926,CUST003013,AGT0036,Life,2023-05-15,2024-04-11,2957.48,1441269.44,Monthly,Cancelled,0,2026-08-01
POL0003927,CUST004218,AGT0065,Motor,2024-12-05,2025-11-19,1201.29,159053.17,Annual,Renewed,1,2026-08-01
POL0003928,CUST005183,AGT0028,Life,2025-03-05,2026-03-12,6757.47,149418.39,Monthly,Renewed,1,2026-08-01
POL0003929,CUST003668,AGT0029,Medical,2023-09-10,2024-08-12,4141.0,406585.66,Annual,Renewed,1,2026-08-01
POL0003930,CUST003226,AGT0061,Medical,2025-08-28,2026-08-18,3997.91,116354.65,Monthly,Active,0,2026-08-01
POL0003931,CUST004085,AGT0024,Medical,2024-06-09,2025-05-15,4198.29,464820.67,Monthly,Cancelled,0,2026-08-01
POL0003932,CUST001283,AGT0058,Medical,2023-09-02,2024-08-15,2510.76,349296.94,Monthly,Renewed,1,2026-08-01
POL0003933,CUST001496,AGT0007,Life,2024-08-24,2025-08-12,6963.62,302241.04,Quarterly,Expired,0,2026-08-01
POL0003934,CUST002222,AGT0068,Motor,2026-04-21,2027-04-30,1845.52,177507.09,Semi-Annual,Active,0,2026-08-01
POL0003935,CUST004604,AGT0061,Medical,2024-11-27,2025-12-19,1878.95,98747.74,Annual,Expired,0,2026-08-01
POL0003936,CUST005112,AGT0046,Motor,2026-01-22,2027-02-21,2012.51,51632.29,Monthly,Active,0,2026-08-01
POL0003937,CUST003328,AGT0040,Motor,2026-03-12,2027-03-20,1794.81,32035.65,Annual,Active,0,2026-08-01
POL0003938,CUST003720,AGT0030,Motor,2023-10-23,2024-11-04,1896.3,79764.63,Monthly,Renewed,1,2026-08-01
POL0003939,CUST004729,AGT0027,Life,2023-02-26,2024-01-30,2747.72,343844.17,Monthly,Expired,0,2026-08-01
POL0003940,CUST001454,AGT0025,Life,2025-05-26,2026-06-01,4593.28,1488687.72,Monthly,Renewed,1,2026-08-01
POL0003941,CUST000731,AGT0057,Travel,2024-10-07,2024-12-06,118.79,89534.96,Monthly,Cancelled,0,2026-08-01
POL0003942,CUST004479,AGT0017,Medical,2024-04-15,2025-05-14,4424.34,399477.47,Annual,Expired,0,2026-08-01
POL0003943,CUST000763,AGT0022,Life,2023-06-22,2024-06-27,4708.44,516406.53,Monthly,Renewed,1,2026-08-01
POL0003944,CUST000947,AGT0032,Travel,2023-07-12,2023-08-12,583.79,54153.25,Monthly,Expired,0,2026-08-01
POL0003945,CUST002374,AGT0039,Motor,2026-04-25,2027-05-13,1837.93,98843.82,Monthly,Active,0,2026-08-01
POL0003946,CUST004714,AGT0022,Life,2023-07-07,2024-06-08,6926.83,1188355.76,Annual,Expired,0,2026-08-01
POL0003947,CUST002340,AGT0035,Medical,2026-04-14,2027-04-16,1347.08,333414.96,Semi-Annual,Active,0,2026-08-01
POL0003948,CUST000713,AGT0065,Motor,2023-12-13,2025-01-04,1641.62,96774.53,Quarterly,Renewed,1,2026-08-01
POL0003949,CUST000771,AGT0022,Home,2023-07-02,2024-06-18,1307.14,197247.67,Monthly,Renewed,1,2026-08-01
POL0003950,CUST001520,AGT0014,Motor,2024-11-10,2025-11-26,1884.01,99444.74,Semi-Annual,Expired,0,2026-08-01
POL0003951,CUST000488,AGT0064,Home,2023-06-03,2024-07-02,1382.86,605491.85,Annual,Expired,0,2026-08-01
POL0003952,CUST001969,AGT0022,Travel,2023-12-23,2024-01-31,834.25,28416.36,Quarterly,Renewed,1,2026-08-01
POL0003953,CUST000485,AGT0057,Travel,2023-05-24,2023-08-05,442.9,101290.79,Monthly,Expired,0,2026-08-01
POL0003954,CUST005074,AGT0077,Life,2023-01-26,2024-01-12,5825.76,1445474.49,Monthly,Renewed,1,2026-08-01
POL0003955,CUST000315,AGT0042,Life,2023-05-09,2024-06-05,4085.73,388023.97,Monthly,Cancelled,0,2026-08-01
POL0003956,CUST001187,AGT0044,Medical,2026-06-19,2027-06-10,4108.97,153524.35,Semi-Annual,Active,0,2026-08-01
POL0003957,CUST000199,AGT0056,Medical,2023-07-26,2024-07-03,3097.1,250247.07,Monthly,Renewed,1,2026-08-01
POL0003958,CUST001750,AGT0011,Travel,2023-10-17,2023-11-03,416.96,113400.65,Quarterly,Expired,0,2026-08-01
POL0003959,CUST004847,AGT0008,Medical,2023-07-23,2024-07-21,5050.37,268191.26,Monthly,Renewed,1,2026-08-01
POL0003960,CUST003463,AGT0015,Medical,2023-04-09,2024-03-04,3879.23,117110.12,Monthly,Renewed,1,2026-08-01
POL0003961,CUST005610,AGT0035,Home,2023-08-02,2024-07-04,1323.65,676647.57,Monthly,Renewed,1,2026-08-01
POL0003962,CUST003700,AGT0068,Medical,2023-05-15,2024-05-20,3181.91,288635.89,Annual,Renewed,1,2026-08-01
POL0003963,CUST002555,AGT0049,Travel,2023-07-14,2023-08-26,113.95,119793.61,Semi-Annual,Cancelled,0,2026-08-01
POL0003964,CUST005752,AGT0069,Motor,2024-08-20,2025-08-27,1445.34,61886.55,Annual,Expired,0,2026-08-01
POL0003965,CUST001121,AGT0032,Motor,2024-05-08,2025-05-05,889.65,177275.62,Quarterly,Expired,0,2026-08-01
POL0003966,CUST000677,AGT0065,Life,2023-08-24,2024-09-22,5493.25,324192.99,Monthly,Expired,0,2026-08-01
POL0003967,CUST001971,AGT0058,Medical,2023-11-28,2024-12-20,4347.08,484275.26,Monthly,Expired,0,2026-08-01
POL0003968,CUST005578,AGT0009,Travel,2024-08-31,2024-11-27,84.96,31469.03,Monthly,Expired,0,2026-08-01
POL0003969,CUST004912,AGT0042,Motor,2024-06-29,2025-07-18,1697.95,62089.52,Quarterly,Expired,0,2026-08-01
POL0003970,CUST003223,AGT0051,Motor,2023-06-07,2024-06-30,2421.83,42512.44,Monthly,Expired,0,2026-08-01
POL0003971,CUST005576,AGT0031,Travel,2026-03-14,2026-05-26,143.83,127162.98,Annual,Renewed,1,2026-08-01
POL0003972,CUST003880,AGT0062,Medical,2024-05-24,2025-05-30,2501.03,363244.83,Semi-Annual,Cancelled,0,2026-08-01
POL0003973,CUST001433,AGT0034,Medical,2024-04-05,2025-03-04,1499.25,279305.13,Quarterly,Renewed,1,2026-08-01
POL0003974,CUST000034,AGT0057,Motor,2025-01-20,2026-01-21,1697.21,170251.64,Annual,Renewed,1,2026-08-01
POL0003975,CUST000184,AGT0058,Home,2024-01-10,2025-02-03,1099.07,226020.96,Quarterly,Expired,0,2026-08-01
POL0003976,CUST005096,AGT0018,Home,2025-03-24,2026-04-17,887.79,377472.4,Monthly,Expired,0,2026-08-01
POL0003977,CUST001852,AGT0006,Medical,2026-04-10,2027-04-12,4516.77,54312.43,Annual,Active,0,2026-08-01
POL0003978,CUST002532,AGT0071,Motor,2026-01-08,2027-01-11,1537.51,87465.6,Semi-Annual,Active,0,2026-08-01
POL0003979,CUST002313,AGT0068,Home,2024-02-25,2025-03-17,464.19,121879.41,Quarterly,Renewed,1,2026-08-01
POL0003980,CUST000531,AGT0077,Travel,2023-05-04,2023-05-17,689.62,47874.2,Monthly,Renewed,1,2026-08-01
POL0003981,CUST000019,AGT0005,Medical,2023-06-09,2024-06-18,1894.25,138077.86,Quarterly,Expired,0,2026-08-01
POL0003982,CUST004363,AGT0056,Life,2023-10-03,2024-09-17,5396.15,891733.07,Monthly,Renewed,1,2026-08-01
POL0003983,CUST004089,AGT0011,Medical,2025-03-20,2026-04-04,2825.01,180092.93,Annual,Expired,0,2026-08-01
POL0003984,CUST001353,AGT0039,Motor,2024-10-06,2025-09-08,1193.11,33124.92,Quarterly,Expired,0,2026-08-01
POL0003985,CUST000748,AGT0065,Life,2024-01-04,2024-12-30,1776.82,1038113.44,Annual,Expired,0,2026-08-01
POL0003986,CUST003096,AGT0021,Life,2023-09-13,2024-09-27,5995.24,333595.96,Quarterly,Renewed,1,2026-08-01
POL0003987,CUST000492,AGT0030,Medical,2024-11-10,2025-11-23,1919.16,152606.41,Annual,Expired,0,2026-08-01
POL0003988,CUST001741,AGT0040,Travel,2026-06-10,2026-08-25,840.69,92187.39,Quarterly,Active,0,2026-08-01
POL0003989,CUST004315,AGT0037,Medical,2025-09-30,2026-10-25,3195.11,489852.59,Quarterly,Active,0,2026-08-01
POL0003990,CUST001041,AGT0002,Travel,2023-12-02,2024-01-11,634.51,126906.49,Quarterly,Cancelled,0,2026-08-01
POL0003991,CUST004625,AGT0030,Motor,2025-01-09,2026-01-20,1819.26,150741.97,Annual,Expired,0,2026-08-01
POL0003992,CUST005304,AGT0068,Home,2024-10-26,2025-11-13,1797.38,616184.74,Monthly,Cancelled,0,2026-08-01
POL0003993,CUST001105,AGT0008,Motor,2025-11-23,2026-12-19,1231.11,67556.97,Monthly,Active,0,2026-08-01
POL0003994,CUST003994,AGT0028,Motor,2024-03-26,2025-03-05,1504.67,114153.71,Quarterly,Expired,0,2026-08-01
POL0003995,CUST004611,AGT0049,Life,2024-03-26,2025-03-06,6319.54,1217086.93,Monthly,Expired,0,2026-08-01
POL0003996,CUST003118,AGT0031,Motor,2024-08-08,2025-08-01,1144.71,48686.58,Annual,Expired,0,2026-08-01
POL0003997,CUST001785,AGT0056,Motor,2023-08-09,2024-08-25,1932.2,172904.79,Annual,Renewed,1,2026-08-01
POL0003998,CUST005901,AGT0022,Life,2026-02-11,2027-03-06,6401.61,1236348.58,Monthly,Active,0,2026-08-01
POL0003999,CUST001849,AGT0016,Motor,2024-05-30,2025-05-29,2585.14,111850.38,Annual,Expired,0,2026-08-01
POL0004000,CUST001485,AGT0074,Travel,2026-01-30,2026-04-28,692.04,83537.99,Semi-Annual,Expired,0,2026-08-01
POL0004001,CUST000735,AGT0061,Motor,2024-06-22,2025-05-22,926.08,139648.88,Semi-Annual,Expired,0,2026-08-01
POL0004002,CUST005438,AGT0024,Medical,2025-06-02,2026-06-16,3384.75,481218.24,Monthly,Renewed,1,2026-08-01
POL0004003,CUST001360,AGT0008,Medical,2025-07-24,2026-07-31,3885.85,163413.14,Quarterly,Expired,0,2026-08-01
POL0004004,CUST000800,AGT0036,Medical,2025-10-31,2026-10-17,2284.02,90975.58,Monthly,Active,0,2026-08-01
POL0004005,CUST000233,AGT0062,Medical,2025-06-16,2026-06-22,3844.4,336809.61,Monthly,Expired,0,2026-08-01
POL0004006,CUST001746,AGT0050,Medical,2025-06-20,2026-07-17,4824.46,207364.86,Annual,Expired,0,2026-08-01
POL0004007,CUST004032,AGT0057,Medical,2024-02-09,2025-03-10,3714.72,179153.53,Annual,Expired,0,2026-08-01
POL0004008,CUST004102,AGT0043,Motor,2023-03-23,2024-03-29,1688.63,89686.22,Monthly,Renewed,1,2026-08-01
POL0004009,CUST005109,AGT0073,Life,2026-04-29,2027-05-06,5601.21,966494.7,Semi-Annual,Active,0,2026-08-01
POL0004010,CUST004010,AGT0010,Medical,2026-01-08,2027-01-16,2246.28,135875.59,Monthly,Active,0,2026-08-01
POL0004011,CUST000291,AGT0066,Medical,2023-12-27,2024-11-29,3806.92,260558.49,Monthly,Renewed,1,2026-08-01
POL0004012,CUST005056,AGT0078,Motor,2023-01-28,2024-01-15,1712.13,94721.39,Monthly,Expired,0,2026-08-01
POL0004013,CUST001533,AGT0068,Travel,2026-07-26,2026-09-23,542.67,49243.94,Monthly,Active,0,2026-08-01
POL0004014,CUST005742,AGT0023,Motor,2023-04-18,2024-03-17,1682.84,20215.99,Annual,Expired,0,2026-08-01
POL0004015,CUST002078,AGT0077,Home,2023-02-12,2024-01-28,922.37,248634.55,Quarterly,Renewed,1,2026-08-01
POL0004016,CUST000100,AGT0078,Motor,2026-07-15,2027-08-08,893.28,24156.12,Quarterly,Active,0,2026-08-01
POL0004017,CUST002356,AGT0068,Home,2025-05-30,2026-06-10,1232.61,108744.61,Quarterly,Expired,0,2026-08-01
POL0004018,CUST002701,AGT0026,Medical,2025-02-26,2026-02-16,5104.35,308304.88,Monthly,Expired,0,2026-08-01
POL0004019,CUST004946,AGT0064,Medical,2025-03-21,2026-03-25,2487.74,495537.24,Monthly,Cancelled,0,2026-08-01
POL0004020,CUST003314,AGT0069,Motor,2025-08-27,2026-09-11,1924.43,72774.81,Annual,Active,0,2026-08-01
POL0004021,CUST000258,AGT0016,Home,2025-02-03,2026-01-22,1385.46,763903.83,Quarterly,Expired,0,2026-08-01
POL0004022,CUST000288,AGT0021,Motor,2025-09-03,2026-09-29,1886.72,83364.35,Monthly,Active,0,2026-08-01
POL0004023,CUST003685,AGT0061,Life,2025-10-15,2026-10-06,6421.37,1023141.28,Monthly,Active,0,2026-08-01
POL0004024,CUST000504,AGT0065,Motor,2023-10-04,2024-10-26,2477.55,96315.33,Monthly,Renewed,1,2026-08-01
POL0004025,CUST003194,AGT0051,Medical,2025-02-11,2026-02-19,4659.02,491932.71,Annual,Renewed,1,2026-08-01
POL0004026,CUST005382,AGT0044,Life,2024-03-09,2025-02-05,3639.62,988909.72,Semi-Annual,Renewed,1,2026-08-01
POL0004027,CUST005031,AGT0077,Medical,2025-03-08,2026-03-30,1588.16,302551.99,Monthly,Expired,0,2026-08-01
POL0004028,CUST003790,AGT0028,Life,2023-08-11,2024-07-13,3523.17,588665.0,Annual,Expired,0,2026-08-01
POL0004029,CUST001836,AGT0058,Travel,2026-02-20,2026-03-24,473.16,125894.48,Monthly,Expired,0,2026-08-01
POL0004030,CUST003092,AGT0077,Medical,2023-12-14,2024-11-08,1178.22,498105.62,Annual,Expired,0,2026-08-01
POL0004031,CUST000611,AGT0021,Motor,2023-09-02,2024-10-01,2308.96,63879.44,Quarterly,Renewed,1,2026-08-01
POL0004032,CUST004437,AGT0006,Medical,2023-06-09,2024-06-04,4719.89,109084.99,Annual,Renewed,1,2026-08-01
POL0004033,CUST000784,AGT0014,Life,2024-11-25,2025-10-28,4866.5,1460109.12,Annual,Renewed,1,2026-08-01
POL0004034,CUST000310,AGT0054,Motor,2024-04-10,2025-03-19,1844.29,133333.93,Monthly,Cancelled,0,2026-08-01
POL0004035,CUST003784,AGT0023,Life,2025-07-19,2026-06-26,3446.69,182315.49,Monthly,Cancelled,0,2026-08-01
POL0004036,CUST003436,AGT0058,Motor,2024-06-29,2025-06-29,2560.37,52548.67,Annual,Cancelled,0,2026-08-01
POL0004037,CUST003275,AGT0039,Home,2024-02-07,2025-01-15,954.27,702134.72,Annual,Renewed,1,2026-08-01
POL0004038,CUST002854,AGT0069,Life,2024-02-15,2025-03-03,2395.78,1379868.0,Monthly,Renewed,1,2026-08-01
POL0004039,CUST003554,AGT0053,Medical,2023-10-14,2024-11-11,5036.0,79068.55,Quarterly,Expired,0,2026-08-01
POL0004040,CUST002643,AGT0048,Travel,2025-06-30,2025-08-26,719.92,35105.17,Monthly,Expired,0,2026-08-01
POL0004041,CUST000823,AGT0018,Travel,2023-06-18,2023-09-06,318.54,36978.66,Annual,Cancelled,0,2026-08-01
POL0004042,CUST003420,AGT0027,Motor,2026-04-06,2027-03-05,1805.04,168894.78,Annual,Active,0,2026-08-01
POL0004043,CUST000255,AGT0019,Motor,2023-12-10,2024-12-20,1853.4,168944.75,Semi-Annual,Expired,0,2026-08-01
POL0004044,CUST000383,AGT0005,Medical,2023-01-13,2024-01-27,4683.85,330810.42,Annual,Expired,0,2026-08-01
POL0004045,CUST003399,AGT0025,Medical,2025-05-20,2026-06-17,3299.77,235707.48,Monthly,Expired,0,2026-08-01
POL0004046,CUST004224,AGT0076,Medical,2025-07-18,2026-06-22,2756.15,301867.15,Monthly,Renewed,1,2026-08-01
POL0004047,CUST000487,AGT0065,Medical,2025-03-14,2026-03-16,3485.68,340318.21,Monthly,Cancelled,0,2026-08-01
POL0004048,CUST002259,AGT0019,Motor,2024-04-17,2025-03-25,2550.22,155728.2,Monthly,Expired,0,2026-08-01
POL0004049,CUST005578,AGT0030,Motor,2023-08-13,2024-07-08,894.1,127278.78,Monthly,Renewed,1,2026-08-01
POL0004050,CUST004688,AGT0058,Motor,2026-02-15,2027-02-08,1964.84,128999.14,Monthly,Active,0,2026-08-01
POL0004051,CUST004820,AGT0007,Motor,2024-10-03,2025-09-02,948.25,175597.76,Quarterly,Expired,0,2026-08-01
POL0004052,CUST003938,AGT0058,Medical,2024-09-13,2025-08-19,2103.77,124593.86,Monthly,Expired,0,2026-08-01
POL0004053,CUST001080,AGT0044,Motor,2023-10-07,2024-10-17,2052.4,140569.69,Semi-Annual,Expired,0,2026-08-01
POL0004054,CUST002325,AGT0057,Motor,2025-10-18,2026-09-27,2078.21,171112.25,Quarterly,Active,0,2026-08-01
POL0004055,CUST003588,AGT0001,Travel,2026-05-08,2026-05-20,718.58,43677.05,Monthly,Renewed,1,2026-08-01
POL0004056,CUST004000,AGT0075,Life,2025-04-23,2026-05-20,4335.41,624752.4,Quarterly,Expired,0,2026-08-01
POL0004057,CUST000793,AGT0054,Travel,2025-08-04,2025-09-25,693.57,68301.78,Quarterly,Renewed,1,2026-08-01
POL0004058,CUST005825,AGT0014,Home,2025-07-15,2026-06-19,1054.78,783703.61,Annual,Renewed,1,2026-08-01
POL0004059,CUST005618,AGT0068,Life,2023-08-15,2024-07-12,2369.3,933119.13,Monthly,Expired,0,2026-08-01
POL0004060,CUST000220,AGT0003,Travel,2024-08-29,2024-11-26,411.89,101699.6,Annual,Renewed,1,2026-08-01
POL0004061,CUST003537,AGT0014,Motor,2024-01-14,2025-02-06,1110.66,116184.66,Annual,Expired,0,2026-08-01
POL0004062,CUST000859,AGT0064,Life,2024-06-10,2025-05-08,4366.13,714829.04,Semi-Annual,Cancelled,0,2026-08-01
POL0004063,CUST001907,AGT0068,Medical,2026-01-19,2027-02-12,3167.63,131895.95,Monthly,Active,0,2026-08-01
POL0004064,CUST005319,AGT0008,Life,2025-12-22,2026-12-18,2715.17,163610.9,Quarterly,Cancelled,0,2026-08-01
POL0004065,CUST004083,AGT0055,Motor,2024-12-29,2026-01-02,1675.22,64748.04,Quarterly,Renewed,1,2026-08-01
POL0004066,CUST002115,AGT0065,Home,2023-06-02,2024-06-02,1205.48,883677.51,Monthly,Renewed,1,2026-08-01
POL0004067,CUST000016,AGT0008,Medical,2024-04-10,2025-04-06,2825.97,417229.05,Monthly,Renewed,1,2026-08-01
POL0004068,CUST005019,AGT0006,Travel,2025-08-03,2025-08-27,236.63,47135.03,Annual,Renewed,1,2026-08-01
POL0004069,CUST001728,AGT0019,Home,2025-02-21,2026-02-11,1730.73,312165.79,Monthly,Expired,0,2026-08-01
POL0004070,CUST003634,AGT0018,Travel,2024-12-31,2025-02-16,694.0,88094.34,Monthly,Expired,0,2026-08-01
POL0004071,CUST001406,AGT0019,Medical,2024-05-24,2025-05-02,1894.41,348719.23,Annual,Renewed,1,2026-08-01
POL0004072,CUST004740,AGT0064,Medical,2026-06-21,2027-07-08,3002.1,81633.19,Monthly,Active,0,2026-08-01
POL0004073,CUST002078,AGT0017,Life,2026-04-06,2027-05-03,3393.3,191464.5,Quarterly,Active,0,2026-08-01
POL0004074,CUST004439,AGT0043,Medical,2025-04-22,2026-04-20,5185.75,339321.82,Monthly,Renewed,1,2026-08-01
POL0004075,CUST000512,AGT0027,Medical,2026-02-15,2027-02-12,4030.36,322378.77,Annual,Active,0,2026-08-01
POL0004076,CUST003693,AGT0026,Life,2023-08-22,2024-09-08,4964.13,868570.09,Monthly,Renewed,1,2026-08-01
POL0004077,CUST005808,AGT0073,Home,2023-07-29,2024-06-30,520.66,341393.15,Quarterly,Expired,0,2026-08-01
POL0004078,CUST002841,AGT0026,Motor,2025-07-21,2026-08-06,1142.41,98157.94,Annual,Active,0,2026-08-01
POL0004079,CUST002808,AGT0018,Motor,2025-06-04,2026-06-21,2476.44,126160.63,Monthly,Renewed,1,2026-08-01
POL0004080,CUST004118,AGT0019,Life,2023-11-16,2024-11-02,3804.11,423970.55,Monthly,Renewed,1,2026-08-01
POL0004081,CUST005139,AGT0075,Life,2025-12-30,2027-01-28,1286.87,144153.38,Annual,Active,0,2026-08-01
POL0004082,CUST004868,AGT0067,Home,2025-09-03,2026-08-31,1045.22,483873.41,Quarterly,Active,0,2026-08-01
POL0004083,CUST000358,AGT0044,Life,2023-10-04,2024-09-16,4785.41,1084213.13,Quarterly,Expired,0,2026-08-01
POL0004084,CUST001777,AGT0045,Medical,2025-03-08,2026-02-17,2221.05,138575.08,Annual,Cancelled,0,2026-08-01
POL0004085,CUST005069,AGT0042,Life,2026-02-13,2027-02-23,3667.76,607724.99,Annual,Active,0,2026-08-01
POL0004086,CUST005848,AGT0047,Travel,2025-10-02,2025-10-15,278.12,61639.78,Monthly,Renewed,1,2026-08-01
POL0004087,CUST003919,AGT0054,Medical,2024-07-02,2025-08-01,2856.27,422097.63,Annual,Renewed,1,2026-08-01
POL0004088,CUST000028,AGT0005,Motor,2025-12-05,2026-12-29,2571.57,176247.08,Monthly,Active,0,2026-08-01
POL0004089,CUST004073,AGT0065,Life,2024-02-07,2025-01-09,3863.21,806229.53,Annual,Renewed,1,2026-08-01
POL0004090,CUST005681,AGT0061,Motor,2026-06-28,2027-07-10,2251.65,83583.45,Annual,Active,0,2026-08-01
POL0004091,CUST004839,AGT0077,Home,2026-07-10,2027-07-28,493.0,592727.6,Semi-Annual,Active,0,2026-08-01
POL0004092,CUST004342,AGT0035,Motor,2024-01-30,2025-01-08,2221.82,176471.95,Semi-Annual,Cancelled,0,2026-08-01
POL0004093,CUST003157,AGT0001,Medical,2025-06-18,2026-06-15,3127.2,386201.75,Quarterly,Expired,0,2026-08-01
POL0004094,CUST005413,AGT0030,Home,2026-06-12,2027-05-11,849.91,137876.13,Monthly,Active,0,2026-08-01
POL0004095,CUST003805,AGT0032,Motor,2024-01-15,2025-01-23,1837.56,87255.2,Quarterly,Expired,0,2026-08-01
POL0004096,CUST003068,AGT0049,Motor,2025-07-24,2026-07-28,1431.24,51448.22,Monthly,Expired,0,2026-08-01
POL0004097,CUST005399,AGT0015,Motor,2024-11-23,2025-10-30,2257.5,44946.57,Monthly,Expired,0,2026-08-01
POL0004098,CUST000021,AGT0007,Home,2024-08-02,2025-07-09,1483.73,638648.3,Quarterly,Expired,0,2026-08-01
POL0004099,CUST000751,AGT0013,Home,2025-04-21,2026-03-31,644.96,687224.34,Monthly,Renewed,1,2026-08-01
POL0004100,CUST005049,AGT0055,Medical,2024-09-15,2025-09-21,2814.5,268670.51,Monthly,Renewed,1,2026-08-01
POL0004101,CUST000334,AGT0012,Life,2025-07-19,2026-07-20,2003.0,730627.65,Semi-Annual,Cancelled,0,2026-08-01
POL0004102,CUST005388,AGT0051,Life,2026-06-08,2027-06-07,1232.36,608097.02,Quarterly,Cancelled,0,2026-08-01
POL0004103,CUST005897,AGT0057,Motor,2023-10-01,2024-09-11,1333.67,171753.85,Quarterly,Renewed,1,2026-08-01
POL0004104,CUST001565,AGT0046,Motor,2023-08-19,2024-09-04,1809.09,64855.66,Semi-Annual,Renewed,1,2026-08-01
POL0004105,CUST005289,AGT0005,Travel,2025-03-16,2025-05-04,659.86,47878.38,Semi-Annual,Renewed,1,2026-08-01
POL0004106,CUST003281,AGT0010,Motor,2026-06-10,2027-05-26,2509.82,171162.16,Semi-Annual,Active,0,2026-08-01
POL0004107,CUST003084,AGT0067,Medical,2026-01-12,2026-12-13,2776.03,302011.87,Quarterly,Cancelled,0,2026-08-01
POL0004108,CUST005537,AGT0050,Motor,2024-06-13,2025-07-04,806.17,40903.4,Annual,Renewed,1,2026-08-01
POL0004109,CUST004685,AGT0061,Medical,2025-11-16,2026-12-02,3729.71,409286.52,Monthly,Active,0,2026-08-01
POL0004110,CUST005335,AGT0076,Motor,2026-04-06,2027-03-21,1172.09,118837.0,Annual,Active,0,2026-08-01
POL0004111,CUST005292,AGT0033,Motor,2024-01-20,2025-01-02,1836.86,148507.03,Annual,Cancelled,0,2026-08-01
POL0004112,CUST004360,AGT0072,Motor,2023-05-17,2024-06-14,1613.37,116273.54,Annual,Renewed,1,2026-08-01
POL0004113,CUST002802,AGT0035,Home,2026-06-22,2027-07-05,717.27,788189.27,Annual,Active,0,2026-08-01
POL0004114,CUST001111,AGT0073,Motor,2023-07-27,2024-06-30,1337.8,137742.67,Quarterly,Renewed,1,2026-08-01
POL0004115,CUST000588,AGT0055,Medical,2023-01-17,2023-12-23,2437.25,357012.75,Quarterly,Expired,0,2026-08-01
POL0004116,CUST001516,AGT0018,Medical,2024-02-22,2025-02-21,1733.43,435429.57,Monthly,Expired,0,2026-08-01
POL0004117,CUST002884,AGT0001,Motor,2025-10-15,2026-11-01,2070.31,64650.39,Annual,Cancelled,0,2026-08-01
POL0004118,CUST000824,AGT0074,Travel,2025-09-02,2025-09-10,371.7,30213.13,Monthly,Expired,0,2026-08-01
POL0004119,CUST002109,AGT0031,Medical,2024-02-19,2025-01-14,4016.06,69562.77,Semi-Annual,Expired,0,2026-08-01
POL0004120,CUST004768,AGT0070,Life,2025-06-15,2026-06-20,4577.68,365402.43,Quarterly,Cancelled,0,2026-08-01
POL0004121,CUST000139,AGT0015,Medical,2026-05-15,2027-04-21,1953.81,257802.21,Monthly,Active,0,2026-08-01
POL0004122,CUST001850,AGT0037,Travel,2023-01-10,2023-02-15,313.79,20980.18,Monthly,Renewed,1,2026-08-01
POL0004123,CUST005755,AGT0015,Travel,2026-01-30,2026-02-07,789.92,106812.92,Monthly,Cancelled,0,2026-08-01
POL0004124,CUST001946,AGT0010,Motor,2025-02-23,2026-03-15,1559.15,172405.17,Annual,Expired,0,2026-08-01
POL0004125,CUST004295,AGT0045,Life,2026-02-25,2027-03-13,1856.69,688529.78,Annual,Active,0,2026-08-01
POL0004126,CUST003656,AGT0036,Travel,2023-03-06,2023-04-23,568.12,90996.08,Monthly,Expired,0,2026-08-01
POL0004127,CUST004715,AGT0020,Home,2023-11-26,2024-10-23,813.38,865219.44,Annual,Expired,0,2026-08-01
POL0004128,CUST004376,AGT0027,Home,2024-05-15,2025-05-08,998.5,178923.31,Monthly,Expired,0,2026-08-01
POL0004129,CUST003581,AGT0031,Life,2025-11-06,2026-11-19,2397.35,656126.16,Monthly,Active,0,2026-08-01
POL0004130,CUST005828,AGT0018,Medical,2025-06-04,2026-06-01,1053.59,494183.64,Annual,Cancelled,0,2026-08-01
POL0004131,CUST001616,AGT0058,Motor,2024-03-10,2025-02-18,1852.4,42456.57,Annual,Renewed,1,2026-08-01
POL0004132,CUST001680,AGT0024,Travel,2023-11-13,2024-02-05,403.02,134539.09,Monthly,Expired,0,2026-08-01
POL0004133,CUST003509,AGT0050,Home,2024-08-07,2025-09-06,908.19,413881.41,Monthly,Expired,0,2026-08-01
POL0004134,CUST004290,AGT0060,Motor,2023-08-05,2024-08-27,2461.46,102719.22,Monthly,Renewed,1,2026-08-01
POL0004135,CUST004082,AGT0027,Medical,2026-03-27,2027-03-10,2096.98,420949.97,Monthly,Active,0,2026-08-01
POL0004136,CUST005739,AGT0006,Motor,2025-12-22,2026-12-19,1855.5,177599.37,Quarterly,Active,0,2026-08-01
POL0004137,CUST003585,AGT0004,Motor,2025-07-30,2026-07-04,2288.36,24267.46,Annual,Expired,0,2026-08-01
POL0004138,CUST004571,AGT0047,Medical,2024-09-18,2025-09-08,2910.82,206565.56,Monthly,Renewed,1,2026-08-01
POL0004139,CUST000763,AGT0003,Medical,2025-04-17,2026-04-27,4163.48,181380.01,Monthly,Renewed,1,2026-08-01
POL0004140,CUST000230,AGT0010,Life,2023-11-28,2024-12-03,4444.86,744508.96,Monthly,Cancelled,0,2026-08-01
POL0004141,CUST004882,AGT0040,Motor,2023-06-18,2024-05-31,1431.8,44897.73,Annual,Expired,0,2026-08-01
POL0004142,CUST002683,AGT0023,Life,2023-11-01,2024-10-19,6460.95,545878.14,Annual,Expired,0,2026-08-01
POL0004143,CUST001786,AGT0034,Life,2024-12-04,2025-12-04,3385.31,965161.43,Monthly,Expired,0,2026-08-01
POL0004144,CUST004504,AGT0057,Travel,2026-06-07,2026-06-27,422.48,124351.88,Monthly,Expired,0,2026-08-01
POL0004145,CUST002381,AGT0064,Motor,2023-06-11,2024-06-25,1965.95,173770.98,Annual,Renewed,1,2026-08-01
POL0004146,CUST000179,AGT0031,Medical,2024-02-03,2025-01-30,3493.2,166874.8,Monthly,Renewed,1,2026-08-01
POL0004147,CUST003305,AGT0007,Life,2023-04-09,2024-04-25,4172.46,1464354.92,Semi-Annual,Renewed,1,2026-08-01
POL0004148,CUST000754,AGT0016,Life,2024-07-30,2025-07-12,5202.36,523933.34,Semi-Annual,Renewed,1,2026-08-01
POL0004149,CUST005866,AGT0068,Medical,2026-05-22,2027-05-01,3913.75,467127.88,Annual,Active,0,2026-08-01
POL0004150,CUST001970,AGT0002,Medical,2023-03-08,2024-04-03,3223.9,386511.88,Semi-Annual,Expired,0,2026-08-01
POL0004151,CUST001876,AGT0018,Home,2025-02-13,2026-01-22,1058.36,417883.16,Quarterly,Renewed,1,2026-08-01
POL0004152,CUST005062,AGT0078,Medical,2023-07-22,2024-08-09,1691.69,488150.92,Monthly,Expired,0,2026-08-01
POL0004153,CUST000252,AGT0029,Motor,2023-01-09,2023-12-22,2079.63,24678.61,Monthly,Renewed,1,2026-08-01
POL0004154,CUST004065,AGT0003,Home,2024-12-04,2025-11-05,1786.65,723368.17,Semi-Annual,Cancelled,0,2026-08-01
POL0004155,CUST005835,AGT0069,Travel,2024-09-05,2024-11-15,289.75,107563.41,Quarterly,Expired,0,2026-08-01
POL0004156,CUST000180,AGT0060,Motor,2026-03-22,2027-02-21,1160.46,34471.78,Monthly,Active,0,2026-08-01
POL0004157,CUST005745,AGT0068,Travel,2024-01-10,2024-03-04,802.2,57012.37,Quarterly,Renewed,1,2026-08-01
POL0004158,CUST003703,AGT0055,Motor,2025-04-09,2026-05-09,1539.58,91745.29,Annual,Expired,0,2026-08-01
POL0004159,CUST001190,AGT0042,Travel,2023-07-21,2023-10-12,606.89,51488.62,Monthly,Expired,0,2026-08-01
POL0004160,CUST005118,AGT0057,Life,2025-01-26,2026-02-24,3932.23,1406974.2,Monthly,Expired,0,2026-08-01
POL0004161,CUST004975,AGT0007,Medical,2025-12-06,2026-12-29,3363.14,119521.43,Monthly,Active,0,2026-08-01
POL0004162,CUST005893,AGT0009,Home,2024-05-18,2025-06-14,800.88,538513.29,Monthly,Expired,0,2026-08-01
POL0004163,CUST005518,AGT0048,Travel,2023-07-20,2023-08-30,668.82,91165.02,Monthly,Renewed,1,2026-08-01
POL0004164,CUST003666,AGT0038,Motor,2024-10-22,2025-10-09,1707.21,105473.3,Monthly,Expired,0,2026-08-01
POL0004165,CUST000078,AGT0061,Life,2023-08-06,2024-08-10,3995.75,293556.94,Monthly,Renewed,1,2026-08-01
POL0004166,CUST004484,AGT0075,Travel,2025-04-24,2025-06-21,503.09,83831.65,Monthly,Renewed,1,2026-08-01
POL0004167,CUST004529,AGT0021,Medical,2023-11-01,2024-10-30,4937.5,464308.4,Monthly,Renewed,1,2026-08-01
POL0004168,CUST004638,AGT0027,Motor,2025-05-13,2026-05-28,2272.97,53453.14,Annual,Expired,0,2026-08-01
POL0004169,CUST001080,AGT0015,Motor,2025-07-20,2026-07-12,907.82,31890.77,Quarterly,Renewed,1,2026-08-01
POL0004170,CUST004405,AGT0065,Home,2026-07-29,2027-07-25,838.71,858183.56,Annual,Active,0,2026-08-01
POL0004171,CUST004964,AGT0040,Medical,2023-09-07,2024-08-24,1647.01,465087.66,Semi-Annual,Expired,0,2026-08-01
POL0004172,CUST000450,AGT0028,Medical,2026-05-02,2027-04-01,4830.17,300760.62,Quarterly,Active,0,2026-08-01
POL0004173,CUST000126,AGT0060,Life,2024-02-25,2025-01-31,2628.21,1341517.78,Annual,Renewed,1,2026-08-01
POL0004174,CUST000501,AGT0038,Motor,2023-07-22,2024-06-26,2179.94,175875.88,Annual,Renewed,1,2026-08-01
POL0004175,CUST004148,AGT0041,Motor,2026-03-25,2027-03-07,1906.29,47754.27,Monthly,Active,0,2026-08-01
POL0004176,CUST001807,AGT0067,Motor,2025-01-15,2025-12-15,2180.62,54917.01,Monthly,Expired,0,2026-08-01
POL0004177,CUST004901,AGT0020,Motor,2025-01-08,2026-02-01,2004.74,105475.77,Annual,Renewed,1,2026-08-01
POL0004178,CUST005745,AGT0053,Travel,2024-01-30,2024-02-21,287.17,111538.41,Annual,Expired,0,2026-08-01
POL0004179,CUST000214,AGT0070,Motor,2023-08-15,2024-09-02,1696.9,149839.47,Quarterly,Renewed,1,2026-08-01
POL0004180,CUST004431,AGT0071,Motor,2023-03-22,2024-03-22,1110.32,98781.6,Semi-Annual,Cancelled,0,2026-08-01
POL0004181,CUST004543,AGT0070,Medical,2026-01-28,2026-12-24,1972.33,60507.4,Annual,Active,0,2026-08-01
POL0004182,CUST000451,AGT0017,Travel,2023-01-27,2023-02-20,158.17,29355.78,Monthly,Expired,0,2026-08-01
POL0004183,CUST000713,AGT0053,Motor,2024-10-31,2025-10-10,2376.92,153925.5,Monthly,Renewed,1,2026-08-01
POL0004184,CUST004834,AGT0046,Motor,2023-12-15,2024-12-27,1314.2,110073.18,Semi-Annual,Expired,0,2026-08-01
POL0004185,CUST000475,AGT0006,Life,2025-12-26,2027-01-13,1962.58,175033.85,Monthly,Active,0,2026-08-01
POL0004186,CUST001195,AGT0044,Medical,2025-07-07,2026-07-16,2012.08,362774.46,Monthly,Renewed,1,2026-08-01
POL0004187,CUST005524,AGT0019,Life,2023-04-13,2024-04-15,2726.35,982545.55,Quarterly,Renewed,1,2026-08-01
POL0004188,CUST004364,AGT0042,Motor,2023-06-17,2024-06-05,1025.59,88102.66,Annual,Renewed,1,2026-08-01
POL0004189,CUST005539,AGT0050,Travel,2023-07-31,2023-10-04,611.04,131656.67,Monthly,Expired,0,2026-08-01
POL0004190,CUST001645,AGT0056,Life,2025-07-21,2026-07-01,5065.31,510095.12,Monthly,Renewed,1,2026-08-01
POL0004191,CUST004447,AGT0063,Travel,2023-05-01,2023-05-20,525.53,118377.68,Quarterly,Expired,0,2026-08-01
POL0004192,CUST003657,AGT0047,Home,2023-11-03,2024-11-07,1603.83,350725.57,Monthly,Renewed,1,2026-08-01
POL0004193,CUST005342,AGT0038,Life,2024-09-20,2025-10-04,1512.9,880099.25,Monthly,Renewed,1,2026-08-01
POL0004194,CUST001355,AGT0078,Motor,2023-08-30,2024-09-23,1892.59,179349.08,Monthly,Renewed,1,2026-08-01
POL0004195,CUST000101,AGT0025,Life,2024-05-21,2025-05-04,4610.41,958018.5,Annual,Expired,0,2026-08-01
POL0004196,CUST002397,AGT0024,Life,2024-02-02,2025-02-05,5358.32,887791.19,Semi-Annual,Expired,0,2026-08-01
POL0004197,CUST003071,AGT0071,Motor,2024-06-27,2025-07-11,1386.04,111364.61,Monthly,Renewed,1,2026-08-01
POL0004198,CUST003445,AGT0078,Motor,2023-02-06,2024-02-21,1566.66,131311.02,Annual,Expired,0,2026-08-01
POL0004199,CUST005230,AGT0031,Motor,2024-04-24,2025-05-17,1409.9,148341.71,Monthly,Renewed,1,2026-08-01
POL0004200,CUST004118,AGT0069,Home,2024-12-02,2025-12-28,885.51,731742.99,Quarterly,Renewed,1,2026-08-01
POL0004201,CUST005357,AGT0074,Travel,2024-07-08,2024-08-23,565.64,119311.7,Semi-Annual,Renewed,1,2026-08-01
POL0004202,CUST004380,AGT0069,Life,2026-05-15,2027-06-04,2698.17,573593.7,Annual,Active,0,2026-08-01
POL0004203,CUST002203,AGT0043,Travel,2024-05-13,2024-06-13,745.72,51421.52,Annual,Renewed,1,2026-08-01
POL0004204,CUST004900,AGT0061,Life,2024-02-02,2025-01-17,6964.46,663374.01,Monthly,Expired,0,2026-08-01
POL0004205,CUST001948,AGT0050,Travel,2023-07-28,2023-10-08,396.55,87560.1,Quarterly,Expired,0,2026-08-01
POL0004206,CUST004876,AGT0003,Motor,2025-03-13,2026-04-07,2583.43,149956.19,Quarterly,Expired,0,2026-08-01
POL0004207,CUST004200,AGT0010,Motor,2025-01-13,2026-01-15,1667.79,103828.52,Monthly,Renewed,1,2026-08-01
POL0004208,CUST001329,AGT0076,Life,2023-03-10,2024-03-09,1314.95,614398.89,Quarterly,Renewed,1,2026-08-01
POL0004209,CUST000362,AGT0022,Travel,2026-02-10,2026-05-05,772.93,89838.61,Monthly,Cancelled,0,2026-08-01
POL0004210,CUST005318,AGT0014,Travel,2026-07-02,2026-09-15,325.75,29561.14,Monthly,Active,0,2026-08-01
POL0004211,CUST004684,AGT0078,Home,2026-07-23,2027-07-18,390.67,521276.07,Monthly,Active,0,2026-08-01
POL0004212,CUST000304,AGT0028,Travel,2025-10-14,2025-11-16,205.66,87287.39,Monthly,Expired,0,2026-08-01
POL0004213,CUST001499,AGT0058,Motor,2023-06-03,2024-05-24,2103.36,114460.67,Monthly,Expired,0,2026-08-01
POL0004214,CUST002895,AGT0064,Motor,2026-03-17,2027-03-27,1219.42,158312.57,Semi-Annual,Active,0,2026-08-01
POL0004215,CUST003130,AGT0039,Medical,2024-06-21,2025-06-23,4079.7,305860.34,Annual,Expired,0,2026-08-01
POL0004216,CUST002265,AGT0051,Life,2026-02-03,2027-01-23,6023.3,887571.56,Annual,Active,0,2026-08-01
POL0004217,CUST001156,AGT0042,Medical,2023-11-12,2024-11-20,4822.36,355999.53,Monthly,Expired,0,2026-08-01
POL0004218,CUST004005,AGT0037,Motor,2025-06-16,2026-06-10,2431.23,175295.5,Monthly,Renewed,1,2026-08-01
POL0004219,CUST004407,AGT0008,Medical,2025-01-10,2026-01-28,1758.38,376616.54,Monthly,Expired,0,2026-08-01
POL0004220,CUST003841,AGT0009,Travel,2024-08-22,2024-11-16,501.22,45400.43,Annual,Renewed,1,2026-08-01
POL0004221,CUST005739,AGT0063,Motor,2024-04-15,2025-05-03,2390.02,89379.36,Annual,Renewed,1,2026-08-01
POL0004222,CUST002361,AGT0069,Life,2023-03-11,2024-03-25,2609.3,288756.74,Annual,Renewed,1,2026-08-01
POL0004223,CUST003246,AGT0006,Motor,2026-02-21,2027-03-04,2598.42,25284.88,Annual,Active,0,2026-08-01
POL0004224,CUST001905,AGT0025,Medical,2025-08-03,2026-07-16,4092.79,418650.89,Annual,Renewed,1,2026-08-01
POL0004225,CUST005705,AGT0031,Life,2026-05-07,2027-06-05,6615.55,597940.5,Monthly,Active,0,2026-08-01
POL0004226,CUST002512,AGT0004,Motor,2024-11-06,2025-11-14,1359.52,62636.21,Quarterly,Expired,0,2026-08-01
POL0004227,CUST002413,AGT0033,Life,2024-02-29,2025-02-28,2375.24,778872.17,Annual,Cancelled,0,2026-08-01
POL0004228,CUST004461,AGT0077,Life,2025-03-15,2026-02-23,6707.85,386971.15,Annual,Renewed,1,2026-08-01
POL0004229,CUST001719,AGT0049,Medical,2024-04-10,2025-04-04,2182.84,71262.76,Monthly,Expired,0,2026-08-01
POL0004230,CUST002186,AGT0073,Travel,2026-05-12,2026-07-06,774.38,106963.76,Semi-Annual,Renewed,1,2026-08-01
POL0004231,CUST005032,AGT0034,Travel,2024-11-30,2024-12-13,194.47,48522.71,Monthly,Renewed,1,2026-08-01
POL0004232,CUST000130,AGT0061,Medical,2025-06-04,2026-05-20,2505.59,61911.2,Monthly,Expired,0,2026-08-01
POL0004233,CUST000228,AGT0077,Motor,2025-04-10,2026-03-14,1931.51,138080.94,Monthly,Renewed,1,2026-08-01
POL0004234,CUST005199,AGT0044,Medical,2024-05-22,2025-06-03,4829.94,476337.88,Annual,Expired,0,2026-08-01
POL0004235,CUST001688,AGT0064,Medical,2025-09-10,2026-08-20,2937.54,102358.96,Semi-Annual,Cancelled,0,2026-08-01
POL0004236,CUST004684,AGT0016,Motor,2024-10-04,2025-09-30,1878.49,94446.3,Annual,Renewed,1,2026-08-01
POL0004237,CUST004143,AGT0077,Life,2023-05-11,2024-04-25,3092.89,392077.35,Monthly,Renewed,1,2026-08-01
POL0004238,CUST001200,AGT0079,Home,2024-06-18,2025-07-17,592.88,115032.62,Monthly,Expired,0,2026-08-01
POL0004239,CUST001134,AGT0042,Motor,2023-03-08,2024-03-05,2133.21,82813.28,Monthly,Renewed,1,2026-08-01
POL0004240,CUST005902,AGT0009,Life,2025-08-18,2026-08-02,5462.19,1222771.34,Quarterly,Active,0,2026-08-01
POL0004241,CUST005343,AGT0025,Life,2025-06-05,2026-07-05,6211.46,533332.76,Semi-Annual,Expired,0,2026-08-01
POL0004242,CUST001544,AGT0025,Life,2026-03-17,2027-04-05,2073.98,233870.34,Annual,Active,0,2026-08-01
POL0004243,CUST002894,AGT0079,Travel,2024-09-17,2024-11-12,106.3,98357.4,Monthly,Expired,0,2026-08-01
POL0004244,CUST005174,AGT0005,Medical,2026-07-19,2027-06-23,3625.97,428275.32,Annual,Active,0,2026-08-01
POL0004245,CUST001476,AGT0007,Life,2025-05-29,2026-06-21,4035.08,583357.75,Annual,Expired,0,2026-08-01
POL0004246,CUST003969,AGT0067,Motor,2024-05-19,2025-04-25,1926.24,91761.18,Monthly,Renewed,1,2026-08-01
POL0004247,CUST002228,AGT0075,Motor,2024-01-30,2025-01-05,1229.81,47047.27,Annual,Renewed,1,2026-08-01
POL0004248,CUST005293,AGT0021,Medical,2026-05-23,2027-05-11,4467.57,496068.72,Annual,Active,0,2026-08-01
POL0004249,CUST001703,AGT0008,Motor,2023-08-14,2024-07-10,1600.84,174559.5,Annual,Expired,0,2026-08-01
POL0004250,CUST002599,AGT0076,Motor,2023-01-22,2023-12-19,2019.15,148212.03,Monthly,Cancelled,0,2026-08-01
POL0004251,CUST004206,AGT0065,Motor,2023-05-26,2024-04-20,1151.0,31597.29,Semi-Annual,Expired,0,2026-08-01
POL0004252,CUST004030,AGT0059,Motor,2025-06-20,2026-06-05,889.34,68106.3,Annual,Expired,0,2026-08-01
POL0004253,CUST000660,AGT0063,Medical,2025-10-24,2026-10-22,2503.37,138536.06,Annual,Active,0,2026-08-01
POL0004254,CUST000524,AGT0076,Motor,2024-10-27,2025-09-28,1566.65,38723.12,Annual,Expired,0,2026-08-01
POL0004255,CUST005123,AGT0053,Motor,2024-06-10,2025-05-13,1573.21,87349.17,Annual,Expired,0,2026-08-01
POL0004256,CUST004570,AGT0009,Life,2023-08-28,2024-08-26,2588.46,684432.3,Annual,Renewed,1,2026-08-01
POL0004257,CUST000893,AGT0063,Life,2023-04-19,2024-03-26,3910.93,1442724.56,Monthly,Expired,0,2026-08-01
POL0004258,CUST003890,AGT0007,Home,2025-08-31,2026-08-27,1058.62,676119.4,Annual,Active,0,2026-08-01
POL0004259,CUST001695,AGT0008,Home,2023-11-19,2024-10-25,729.61,144640.24,Annual,Renewed,1,2026-08-01
POL0004260,CUST002439,AGT0039,Travel,2026-07-10,2026-09-22,322.31,26689.6,Annual,Active,0,2026-08-01
POL0004261,CUST003761,AGT0030,Life,2026-01-31,2027-02-12,4444.66,1429761.12,Quarterly,Active,0,2026-08-01
POL0004262,CUST003831,AGT0046,Motor,2025-10-04,2026-10-30,880.6,148565.43,Annual,Active,0,2026-08-01
POL0004263,CUST002126,AGT0027,Motor,2024-09-21,2025-10-18,874.3,26303.76,Annual,Expired,0,2026-08-01
POL0004264,CUST004985,AGT0068,Home,2024-04-13,2025-04-26,948.8,783499.13,Annual,Renewed,1,2026-08-01
POL0004265,CUST003061,AGT0079,Home,2026-01-20,2026-12-23,394.03,482592.88,Annual,Cancelled,0,2026-08-01
POL0004266,CUST004880,AGT0078,Medical,2023-03-04,2024-03-03,4134.97,384954.97,Monthly,Expired,0,2026-08-01
POL0004267,CUST003415,AGT0038,Medical,2026-05-20,2027-04-22,3464.68,312521.62,Monthly,Active,0,2026-08-01
POL0004268,CUST002140,AGT0043,Motor,2025-12-12,2026-12-21,847.27,129223.74,Annual,Active,0,2026-08-01
POL0004269,CUST001555,AGT0004,Motor,2023-03-29,2024-03-14,1393.09,72193.89,Annual,Cancelled,0,2026-08-01
POL0004270,CUST000079,AGT0071,Medical,2023-10-14,2024-10-09,1369.43,283832.67,Semi-Annual,Expired,0,2026-08-01
POL0004271,CUST003208,AGT0021,Motor,2026-05-17,2027-05-24,2431.24,51575.0,Quarterly,Active,0,2026-08-01
POL0004272,CUST003338,AGT0020,Medical,2025-05-16,2026-05-07,2305.11,228505.02,Monthly,Expired,0,2026-08-01
POL0004273,CUST005637,AGT0068,Travel,2024-04-29,2024-06-24,361.92,32167.63,Quarterly,Expired,0,2026-08-01
POL0004274,CUST001560,AGT0079,Travel,2025-12-25,2026-02-26,681.84,105994.68,Quarterly,Renewed,1,2026-08-01
POL0004275,CUST000015,AGT0072,Travel,2025-07-01,2025-09-02,230.96,27753.71,Annual,Expired,0,2026-08-01
POL0004276,CUST005368,AGT0002,Motor,2026-04-23,2027-04-02,1174.21,67408.65,Monthly,Active,0,2026-08-01
POL0004277,CUST003578,AGT0075,Medical,2024-06-10,2025-05-13,4390.56,95626.32,Quarterly,Renewed,1,2026-08-01
POL0004278,CUST000297,AGT0034,Life,2025-02-07,2026-01-06,4291.85,1031928.71,Quarterly,Cancelled,0,2026-08-01
POL0004279,CUST001922,AGT0012,Life,2025-03-14,2026-03-09,2688.2,755787.0,Quarterly,Cancelled,0,2026-08-01
POL0004280,CUST005822,AGT0013,Home,2023-02-25,2024-03-03,536.61,378961.2,Monthly,Expired,0,2026-08-01
POL0004281,CUST005173,AGT0056,Motor,2025-05-25,2026-04-22,2224.7,95893.41,Semi-Annual,Cancelled,0,2026-08-01
POL0004282,CUST003321,AGT0065,Motor,2025-07-26,2026-07-22,1167.05,45799.32,Monthly,Expired,0,2026-08-01
POL0004283,CUST000580,AGT0033,Medical,2023-06-23,2024-06-28,3062.71,451015.74,Annual,Renewed,1,2026-08-01
POL0004284,CUST003903,AGT0049,Medical,2025-11-26,2026-12-17,1798.2,205953.92,Semi-Annual,Active,0,2026-08-01
POL0004285,CUST000364,AGT0059,Medical,2024-07-17,2025-08-05,2577.79,351898.06,Annual,Expired,0,2026-08-01
POL0004286,CUST002350,AGT0034,Medical,2024-07-11,2025-07-12,1352.36,475553.88,Quarterly,Renewed,1,2026-08-01
POL0004287,CUST002430,AGT0066,Motor,2023-09-28,2024-10-25,818.32,39932.84,Monthly,Expired,0,2026-08-01
POL0004288,CUST004660,AGT0024,Medical,2026-01-18,2027-02-10,3421.86,354643.39,Monthly,Active,0,2026-08-01
POL0004289,CUST004043,AGT0021,Life,2023-06-05,2024-05-21,4501.42,110930.54,Monthly,Renewed,1,2026-08-01
POL0004290,CUST002873,AGT0039,Motor,2026-07-03,2027-06-27,1141.58,171763.42,Annual,Active,0,2026-08-01
POL0004291,CUST000039,AGT0041,Travel,2025-02-12,2025-04-13,215.92,64022.99,Annual,Expired,0,2026-08-01
POL0004292,CUST000110,AGT0026,Life,2023-11-05,2024-11-16,5684.3,506777.55,Annual,Renewed,1,2026-08-01
POL0004293,CUST004868,AGT0027,Motor,2025-06-08,2026-06-06,1603.93,69116.61,Annual,Expired,0,2026-08-01
POL0004294,CUST003909,AGT0025,Motor,2025-07-25,2026-07-22,1887.24,178397.34,Monthly,Expired,0,2026-08-01
POL0004295,CUST002020,AGT0037,Motor,2023-12-03,2024-11-14,1303.77,67407.67,Annual,Expired,0,2026-08-01
POL0004296,CUST004504,AGT0056,Motor,2026-02-19,2027-02-18,1855.05,165839.73,Monthly,Active,0,2026-08-01
POL0004297,CUST005522,AGT0024,Life,2023-01-10,2023-12-12,3625.77,1358272.87,Quarterly,Expired,0,2026-08-01
POL0004298,CUST000079,AGT0055,Home,2023-06-16,2024-07-03,711.44,781143.88,Quarterly,Renewed,1,2026-08-01
POL0004299,CUST005435,AGT0028,Motor,2026-06-22,2027-06-16,1796.62,45369.67,Monthly,Active,0,2026-08-01
POL0004300,CUST001488,AGT0016,Motor,2025-09-20,2026-09-11,924.59,125559.95,Monthly,Active,0,2026-08-01
POL0004301,CUST004583,AGT0022,Travel,2024-09-12,2024-11-06,160.08,69386.24,Monthly,Cancelled,0,2026-08-01
POL0004302,CUST003541,AGT0066,Medical,2024-02-17,2025-03-18,2862.16,262766.65,Quarterly,Renewed,1,2026-08-01
POL0004303,CUST004423,AGT0024,Medical,2025-05-01,2026-05-28,2293.07,119360.67,Semi-Annual,Expired,0,2026-08-01
POL0004304,CUST000707,AGT0052,Medical,2025-06-21,2026-07-12,4388.91,489750.16,Annual,Cancelled,0,2026-08-01
POL0004305,CUST003605,AGT0047,Motor,2023-04-09,2024-04-03,1153.89,62494.27,Monthly,Expired,0,2026-08-01
POL0004306,CUST005800,AGT0056,Motor,2024-07-20,2025-08-04,1041.24,157362.91,Monthly,Renewed,1,2026-08-01
POL0004307,CUST004767,AGT0049,Home,2025-03-21,2026-04-06,400.05,129394.61,Annual,Expired,0,2026-08-01
POL0004308,CUST004791,AGT0080,Life,2025-02-07,2026-02-15,5936.3,1209248.54,Annual,Renewed,1,2026-08-01
POL0004309,CUST001069,AGT0074,Motor,2025-09-23,2026-09-02,2348.36,147491.72,Monthly,Active,0,2026-08-01
POL0004310,CUST001655,AGT0026,Home,2026-04-06,2027-03-18,1651.72,293972.5,Annual,Active,0,2026-08-01
POL0004311,CUST004903,AGT0032,Medical,2023-03-03,2024-03-16,4725.28,305351.93,Quarterly,Renewed,1,2026-08-01
POL0004312,CUST002419,AGT0030,Motor,2024-11-26,2025-10-22,2373.06,67627.62,Monthly,Renewed,1,2026-08-01
POL0004313,CUST003392,AGT0053,Home,2024-11-15,2025-10-12,1762.3,252708.19,Semi-Annual,Expired,0,2026-08-01
POL0004314,CUST001005,AGT0040,Life,2023-09-29,2024-10-08,3509.77,965528.9,Monthly,Renewed,1,2026-08-01
POL0004315,CUST004692,AGT0078,Life,2023-07-05,2024-06-26,5017.09,1115469.98,Quarterly,Expired,0,2026-08-01
POL0004316,CUST002675,AGT0058,Motor,2026-03-27,2027-04-21,875.49,134017.71,Quarterly,Cancelled,0,2026-08-01
POL0004317,CUST002963,AGT0038,Motor,2023-07-12,2024-07-26,2359.21,154156.08,Monthly,Renewed,1,2026-08-01
POL0004318,CUST005713,AGT0026,Home,2024-07-31,2025-07-12,517.75,666497.49,Monthly,Expired,0,2026-08-01
POL0004319,CUST003786,AGT0063,Motor,2025-03-14,2026-03-03,2027.45,81191.69,Annual,Expired,0,2026-08-01
POL0004320,CUST002644,AGT0067,Travel,2024-09-15,2024-12-13,317.85,147296.13,Quarterly,Expired,0,2026-08-01
POL0004321,CUST002050,AGT0078,Travel,2025-03-20,2025-05-25,524.37,144258.62,Monthly,Renewed,1,2026-08-01
POL0004322,CUST003608,AGT0044,Medical,2023-02-07,2024-01-22,4331.29,253367.23,Quarterly,Renewed,1,2026-08-01
POL0004323,CUST002547,AGT0064,Travel,2024-12-24,2025-01-19,462.0,146249.93,Monthly,Renewed,1,2026-08-01
POL0004324,CUST001355,AGT0071,Home,2025-11-22,2026-12-22,1725.79,886165.47,Quarterly,Active,0,2026-08-01
POL0004325,CUST002189,AGT0007,Travel,2024-10-28,2024-12-26,304.31,116660.54,Annual,Expired,0,2026-08-01
POL0004326,CUST001721,AGT0012,Medical,2026-07-20,2027-07-19,3353.42,413396.59,Quarterly,Active,0,2026-08-01
POL0004327,CUST004444,AGT0016,Life,2024-09-06,2025-08-04,6176.3,259787.35,Monthly,Renewed,1,2026-08-01
POL0004328,CUST003016,AGT0019,Motor,2024-02-07,2025-01-13,1792.74,63244.99,Annual,Expired,0,2026-08-01
POL0004329,CUST001204,AGT0024,Motor,2024-09-20,2025-09-11,1761.95,39588.71,Annual,Renewed,1,2026-08-01
POL0004330,CUST000900,AGT0001,Home,2024-01-28,2025-01-21,879.67,205641.86,Annual,Expired,0,2026-08-01
POL0004331,CUST005584,AGT0055,Home,2024-03-13,2025-03-24,1466.6,717319.91,Annual,Renewed,1,2026-08-01
POL0004332,CUST005334,AGT0049,Motor,2024-08-14,2025-08-01,1446.53,52752.45,Annual,Renewed,1,2026-08-01
POL0004333,CUST004976,AGT0054,Life,2023-12-03,2024-11-22,2638.74,629188.0,Annual,Renewed,1,2026-08-01
POL0004334,CUST004410,AGT0063,Home,2023-02-15,2024-03-01,492.97,437903.83,Monthly,Expired,0,2026-08-01
POL0004335,CUST005171,AGT0011,Life,2023-12-14,2025-01-06,3679.15,195732.2,Annual,Expired,0,2026-08-01
POL0004336,CUST003883,AGT0027,Motor,2023-02-10,2024-02-18,1314.7,157808.82,Monthly,Renewed,1,2026-08-01
POL0004337,CUST005484,AGT0036,Motor,2026-04-01,2027-03-11,2581.33,155313.25,Annual,Active,0,2026-08-01
POL0004338,CUST005512,AGT0022,Medical,2026-02-08,2027-02-02,3566.51,58619.43,Annual,Active,0,2026-08-01
POL0004339,CUST002617,AGT0034,Home,2023-12-15,2024-12-17,1788.75,565585.09,Annual,Cancelled,0,2026-08-01
POL0004340,CUST001492,AGT0038,Motor,2026-03-17,2027-02-27,2051.59,115762.53,Monthly,Active,0,2026-08-01
POL0004341,CUST005352,AGT0056,Medical,2024-05-04,2025-04-06,4559.97,331297.7,Monthly,Expired,0,2026-08-01
POL0004342,CUST004960,AGT0018,Travel,2024-05-01,2024-07-08,148.49,53629.95,Monthly,Renewed,1,2026-08-01
POL0004343,CUST002665,AGT0021,Travel,2024-10-20,2024-11-01,606.24,41988.14,Monthly,Cancelled,0,2026-08-01
POL0004344,CUST005452,AGT0023,Home,2026-04-07,2027-03-10,477.71,151014.81,Annual,Active,0,2026-08-01
POL0004345,CUST000610,AGT0020,Travel,2025-08-28,2025-11-20,175.68,113764.24,Quarterly,Renewed,1,2026-08-01
POL0004346,CUST004930,AGT0067,Life,2025-04-09,2026-03-05,1648.69,789277.94,Annual,Renewed,1,2026-08-01
POL0004347,CUST000298,AGT0048,Home,2025-10-12,2026-09-21,1235.63,582473.47,Semi-Annual,Active,0,2026-08-01
POL0004348,CUST000615,AGT0065,Life,2026-02-18,2027-01-21,4973.07,880720.32,Monthly,Active,0,2026-08-01
POL0004349,CUST000382,AGT0007,Life,2025-08-01,2026-08-09,2883.93,1021065.4,Monthly,Active,0,2026-08-01
POL0004350,CUST000480,AGT0057,Motor,2024-09-04,2025-09-28,2411.75,132875.83,Monthly,Renewed,1,2026-08-01
POL0004351,CUST001129,AGT0054,Medical,2024-02-01,2025-02-21,4878.32,145239.83,Quarterly,Renewed,1,2026-08-01
POL0004352,CUST002172,AGT0063,Motor,2024-09-01,2025-09-03,2248.76,130075.48,Semi-Annual,Renewed,1,2026-08-01
POL0004353,CUST002159,AGT0036,Travel,2023-08-02,2023-09-24,554.59,55883.57,Monthly,Renewed,1,2026-08-01
POL0004354,CUST002526,AGT0060,Motor,2025-03-03,2026-02-22,1875.93,24431.06,Quarterly,Renewed,1,2026-08-01
POL0004355,CUST005876,AGT0043,Motor,2025-12-03,2026-12-09,1507.42,151024.94,Annual,Active,0,2026-08-01
POL0004356,CUST003067,AGT0065,Home,2023-02-06,2024-01-23,984.55,696328.02,Monthly,Expired,0,2026-08-01
POL0004357,CUST001448,AGT0065,Travel,2026-02-16,2026-02-28,171.51,117829.02,Quarterly,Cancelled,0,2026-08-01
POL0004358,CUST000826,AGT0068,Life,2025-04-14,2026-03-17,6743.18,626006.96,Quarterly,Renewed,1,2026-08-01
POL0004359,CUST005478,AGT0015,Life,2026-04-08,2027-03-21,4618.14,1182982.1,Monthly,Active,0,2026-08-01
POL0004360,CUST001655,AGT0058,Motor,2025-07-14,2026-06-15,1484.24,66384.7,Quarterly,Expired,0,2026-08-01
POL0004361,CUST004863,AGT0017,Motor,2026-01-26,2027-01-10,1163.11,67683.25,Monthly,Active,0,2026-08-01
POL0004362,CUST004739,AGT0039,Travel,2025-09-08,2025-10-21,381.36,67570.15,Monthly,Expired,0,2026-08-01
POL0004363,CUST005167,AGT0073,Travel,2024-04-17,2024-05-08,192.59,114058.99,Annual,Renewed,1,2026-08-01
POL0004364,CUST000879,AGT0011,Medical,2024-12-06,2025-12-28,4351.86,161732.44,Annual,Expired,0,2026-08-01
POL0004365,CUST004709,AGT0060,Motor,2023-07-20,2024-07-25,2099.7,31894.32,Monthly,Cancelled,0,2026-08-01
POL0004366,CUST004694,AGT0025,Motor,2025-12-31,2027-01-29,2143.65,61478.28,Monthly,Active,0,2026-08-01
POL0004367,CUST005839,AGT0022,Medical,2025-05-26,2026-05-27,3875.1,256648.9,Annual,Renewed,1,2026-08-01
POL0004368,CUST004250,AGT0005,Motor,2025-02-02,2026-02-11,2409.32,71024.09,Annual,Expired,0,2026-08-01
POL0004369,CUST000719,AGT0058,Motor,2025-04-28,2026-05-13,1128.08,135155.7,Monthly,Cancelled,0,2026-08-01
POL0004370,CUST002749,AGT0067,Medical,2025-07-03,2026-06-10,3203.63,84829.06,Semi-Annual,Expired,0,2026-08-01
POL0004371,CUST002874,AGT0037,Medical,2023-11-21,2024-10-24,3591.0,345174.9,Monthly,Expired,0,2026-08-01
POL0004372,CUST002842,AGT0016,Life,2025-03-12,2026-03-07,6894.08,539329.77,Monthly,Renewed,1,2026-08-01
POL0004373,CUST002058,AGT0050,Medical,2025-03-21,2026-02-21,2522.91,132727.9,Quarterly,Renewed,1,2026-08-01
POL0004374,CUST004810,AGT0079,Medical,2025-06-20,2026-07-18,2162.44,154958.37,Monthly,Renewed,1,2026-08-01
POL0004375,CUST001706,AGT0063,Motor,2026-07-28,2027-08-27,906.4,51769.51,Monthly,Active,0,2026-08-01
POL0004376,CUST002669,AGT0061,Life,2024-03-16,2025-02-21,6826.99,1305320.41,Annual,Cancelled,0,2026-08-01
POL0004377,CUST002681,AGT0004,Motor,2023-08-09,2024-07-24,1256.25,67272.26,Monthly,Cancelled,0,2026-08-01
POL0004378,CUST003860,AGT0072,Home,2026-07-20,2027-06-29,466.83,746506.29,Monthly,Active,0,2026-08-01
POL0004379,CUST002886,AGT0049,Motor,2024-05-09,2025-06-07,2414.16,66422.8,Annual,Renewed,1,2026-08-01
POL0004380,CUST005826,AGT0052,Travel,2024-01-08,2024-01-25,795.86,20487.37,Semi-Annual,Expired,0,2026-08-01
POL0004381,CUST005916,AGT0028,Medical,2024-05-26,2025-05-10,3273.4,53076.95,Monthly,Renewed,1,2026-08-01
POL0004382,CUST002787,AGT0071,Life,2025-10-28,2026-11-11,2773.69,614827.59,Monthly,Active,0,2026-08-01
POL0004383,CUST001589,AGT0042,Life,2023-10-07,2024-09-05,4066.57,1295876.44,Monthly,Renewed,1,2026-08-01
POL0004384,CUST004567,AGT0020,Motor,2023-01-27,2024-01-01,1000.21,114674.86,Annual,Renewed,1,2026-08-01
POL0004385,CUST005471,AGT0030,Medical,2025-10-27,2026-10-25,1559.55,355777.64,Annual,Cancelled,0,2026-08-01
POL0004386,CUST005322,AGT0018,Motor,2024-11-02,2025-10-19,1663.32,86348.25,Quarterly,Expired,0,2026-08-01
POL0004387,CUST001002,AGT0076,Medical,2025-07-13,2026-06-21,4544.49,173891.51,Monthly,Renewed,1,2026-08-01
POL0004388,CUST000320,AGT0065,Home,2023-12-13,2024-12-10,516.57,607208.41,Annual,Renewed,1,2026-08-01
POL0004389,CUST003991,AGT0048,Life,2023-10-11,2024-11-03,4934.95,911233.11,Annual,Renewed,1,2026-08-01
POL0004390,CUST001804,AGT0062,Life,2024-08-26,2025-08-25,3131.69,148762.58,Quarterly,Renewed,1,2026-08-01
POL0004391,CUST001833,AGT0068,Motor,2026-01-26,2027-01-19,900.66,108495.29,Monthly,Active,0,2026-08-01
POL0004392,CUST000180,AGT0028,Medical,2025-08-20,2026-07-23,2058.28,333831.8,Semi-Annual,Renewed,1,2026-08-01
POL0004393,CUST005763,AGT0021,Life,2024-07-10,2025-07-04,1601.13,615789.99,Monthly,Renewed,1,2026-08-01
POL0004394,CUST000009,AGT0074,Motor,2023-08-03,2024-08-23,1138.16,74712.54,Annual,Cancelled,0,2026-08-01
POL0004395,CUST003808,AGT0030,Motor,2024-12-21,2025-12-11,1349.28,145987.53,Annual,Expired,0,2026-08-01
POL0004396,CUST005552,AGT0004,Motor,2023-03-14,2024-04-03,1112.36,79340.35,Quarterly,Expired,0,2026-08-01
POL0004397,CUST000386,AGT0063,Motor,2025-06-14,2026-05-17,1527.09,65831.6,Monthly,Renewed,1,2026-08-01
POL0004398,CUST003697,AGT0018,Home,2024-07-19,2025-07-25,304.71,723458.74,Annual,Expired,0,2026-08-01
POL0004399,CUST005542,AGT0019,Motor,2026-02-16,2027-02-22,852.18,177574.85,Annual,Active,0,2026-08-01
POL0004400,CUST002465,AGT0057,Motor,2026-06-18,2027-06-01,2177.62,49565.84,Quarterly,Active,0,2026-08-01
POL0004401,CUST001763,AGT0080,Motor,2023-10-24,2024-09-28,2198.42,80548.81,Monthly,Renewed,1,2026-08-01
POL0004402,CUST004227,AGT0008,Motor,2023-06-02,2024-06-12,1490.16,20419.74,Annual,Expired,0,2026-08-01
POL0004403,CUST005565,AGT0053,Medical,2025-02-13,2026-02-20,5128.09,268580.11,Monthly,Renewed,1,2026-08-01
POL0004404,CUST003354,AGT0027,Motor,2023-03-05,2024-02-24,1291.65,65253.46,Annual,Renewed,1,2026-08-01
POL0004405,CUST000081,AGT0072,Motor,2025-05-27,2026-05-18,2145.45,152099.84,Monthly,Expired,0,2026-08-01
POL0004406,CUST004108,AGT0072,Motor,2026-02-22,2027-03-19,1597.4,166523.5,Semi-Annual,Active,0,2026-08-01
POL0004407,CUST001313,AGT0009,Travel,2026-03-04,2026-04-21,330.1,35102.21,Annual,Cancelled,0,2026-08-01
POL0004408,CUST005935,AGT0004,Medical,2025-09-29,2026-09-19,2210.99,438711.32,Quarterly,Active,0,2026-08-01
POL0004409,CUST001671,AGT0034,Life,2025-10-06,2026-10-05,2533.06,400980.01,Annual,Cancelled,0,2026-08-01
POL0004410,CUST003819,AGT0006,Motor,2023-11-25,2024-11-16,1992.85,69273.74,Annual,Cancelled,0,2026-08-01
POL0004411,CUST004128,AGT0027,Motor,2026-04-10,2027-05-03,853.39,161718.81,Semi-Annual,Active,0,2026-08-01
POL0004412,CUST002673,AGT0014,Home,2025-09-13,2026-09-09,1657.0,379501.46,Annual,Active,0,2026-08-01
POL0004413,CUST004788,AGT0078,Motor,2023-04-09,2024-03-05,1258.0,22698.39,Annual,Expired,0,2026-08-01
POL0004414,CUST005378,AGT0057,Medical,2025-02-13,2026-01-16,3020.84,73312.77,Annual,Expired,0,2026-08-01
POL0004415,CUST003781,AGT0012,Motor,2024-07-10,2025-07-22,1503.31,74027.86,Annual,Renewed,1,2026-08-01
POL0004416,CUST004527,AGT0050,Motor,2023-07-23,2024-06-19,2507.99,161507.15,Monthly,Renewed,1,2026-08-01
POL0004417,CUST000373,AGT0060,Medical,2024-02-05,2025-02-05,1707.18,89903.49,Monthly,Renewed,1,2026-08-01
POL0004418,CUST001451,AGT0065,Medical,2026-05-07,2027-05-08,2533.86,138008.51,Monthly,Active,0,2026-08-01
POL0004419,CUST002602,AGT0051,Medical,2024-10-11,2025-09-17,3779.24,485302.68,Annual,Renewed,1,2026-08-01
POL0004420,CUST000782,AGT0047,Medical,2023-07-21,2024-07-28,2186.73,235162.29,Annual,Renewed,1,2026-08-01
POL0004421,CUST002964,AGT0069,Medical,2025-11-25,2026-10-27,3287.49,442690.91,Annual,Active,0,2026-08-01
POL0004422,CUST000440,AGT0021,Medical,2023-11-11,2024-12-05,1113.02,222522.36,Annual,Expired,0,2026-08-01
POL0004423,CUST002153,AGT0079,Travel,2024-10-05,2024-10-15,772.71,87379.85,Quarterly,Renewed,1,2026-08-01
POL0004424,CUST000369,AGT0018,Life,2023-06-19,2024-05-24,6063.22,1425711.33,Monthly,Renewed,1,2026-08-01
POL0004425,CUST002518,AGT0065,Motor,2023-02-15,2024-02-04,1023.59,173020.62,Semi-Annual,Renewed,1,2026-08-01
POL0004426,CUST002435,AGT0078,Motor,2026-07-04,2027-07-28,2112.33,46485.59,Quarterly,Active,0,2026-08-01
POL0004427,CUST002896,AGT0021,Life,2025-05-26,2026-04-26,1554.93,1047457.31,Quarterly,Renewed,1,2026-08-01
POL0004428,CUST005942,AGT0053,Motor,2025-02-25,2026-02-08,2460.71,87874.72,Monthly,Expired,0,2026-08-01
POL0004429,CUST003325,AGT0067,Home,2023-01-14,2024-01-24,479.98,202805.68,Monthly,Expired,0,2026-08-01
POL0004430,CUST000887,AGT0024,Travel,2025-03-08,2025-05-26,343.51,23350.55,Quarterly,Renewed,1,2026-08-01
POL0004431,CUST003786,AGT0043,Motor,2023-05-08,2024-04-21,2343.65,101247.42,Annual,Renewed,1,2026-08-01
POL0004432,CUST005875,AGT0065,Travel,2023-07-19,2023-09-06,223.44,32185.53,Monthly,Expired,0,2026-08-01
POL0004433,CUST001261,AGT0053,Motor,2025-08-09,2026-07-24,2470.52,170139.14,Semi-Annual,Renewed,1,2026-08-01
POL0004434,CUST000482,AGT0065,Motor,2024-11-01,2025-10-27,2000.86,59990.51,Semi-Annual,Cancelled,0,2026-08-01
POL0004435,CUST005411,AGT0023,Home,2025-12-22,2026-11-22,1012.15,440652.72,Monthly,Active,0,2026-08-01
POL0004436,CUST001034,AGT0041,Travel,2024-04-11,2024-06-01,156.77,114428.97,Monthly,Expired,0,2026-08-01
POL0004437,CUST004968,AGT0066,Medical,2024-02-20,2025-02-11,3758.25,278452.08,Monthly,Renewed,1,2026-08-01
POL0004438,CUST002569,AGT0019,Travel,2025-12-14,2026-03-06,525.1,69056.44,Quarterly,Cancelled,0,2026-08-01
POL0004439,CUST004720,AGT0036,Motor,2025-01-13,2026-02-07,1560.15,120736.35,Quarterly,Expired,0,2026-08-01
POL0004440,CUST004276,AGT0043,Life,2026-04-09,2027-04-30,3540.42,376761.27,Monthly,Active,0,2026-08-01
POL0004441,CUST004836,AGT0065,Home,2024-12-16,2026-01-06,1183.75,482415.32,Annual,Expired,0,2026-08-01
POL0004442,CUST004566,AGT0061,Travel,2023-08-31,2023-11-14,384.86,145210.52,Monthly,Expired,0,2026-08-01
POL0004443,CUST003153,AGT0035,Medical,2023-03-14,2024-02-28,3869.45,403140.6,Monthly,Expired,0,2026-08-01
POL0004444,CUST001466,AGT0077,Medical,2023-10-12,2024-09-29,2831.82,200614.79,Semi-Annual,Renewed,1,2026-08-01
POL0004445,CUST005719,AGT0050,Travel,2024-12-13,2025-02-28,833.98,138643.26,Annual,Expired,0,2026-08-01
POL0004446,CUST001132,AGT0050,Motor,2025-05-06,2026-04-16,1797.28,159979.77,Quarterly,Expired,0,2026-08-01
POL0004447,CUST002196,AGT0009,Home,2023-01-15,2024-02-06,511.19,302602.19,Monthly,Renewed,1,2026-08-01
POL0004448,CUST001688,AGT0019,Medical,2023-12-17,2024-12-03,5065.92,470389.58,Annual,Renewed,1,2026-08-01
POL0004449,CUST002520,AGT0008,Motor,2025-12-07,2026-12-20,2574.08,97656.21,Annual,Active,0,2026-08-01
POL0004450,CUST001497,AGT0002,Motor,2024-06-01,2025-06-29,2587.36,169251.76,Monthly,Cancelled,0,2026-08-01
POL0004451,CUST004898,AGT0077,Medical,2025-09-04,2026-08-13,2283.47,297352.74,Semi-Annual,Active,0,2026-08-01
POL0004452,CUST002624,AGT0023,Motor,2024-05-02,2025-04-17,1417.86,35478.32,Annual,Expired,0,2026-08-01
POL0004453,CUST005215,AGT0059,Medical,2024-01-06,2025-01-29,1025.95,112626.77,Semi-Annual,Expired,0,2026-08-01
POL0004454,CUST000187,AGT0042,Home,2025-06-22,2026-06-13,1631.65,488242.54,Monthly,Expired,0,2026-08-01
POL0004455,CUST002694,AGT0014,Motor,2023-12-09,2025-01-02,2077.61,23973.45,Monthly,Renewed,1,2026-08-01
POL0004456,CUST003509,AGT0066,Life,2025-05-12,2026-05-15,2833.28,1175770.5,Annual,Expired,0,2026-08-01
POL0004457,CUST005089,AGT0048,Medical,2023-09-06,2024-08-23,1783.96,188453.92,Quarterly,Renewed,1,2026-08-01
POL0004458,CUST004386,AGT0061,Life,2025-09-10,2026-09-04,6361.74,143830.76,Monthly,Active,0,2026-08-01
POL0004459,CUST003800,AGT0063,Medical,2026-05-30,2027-06-22,2490.14,341894.06,Monthly,Active,0,2026-08-01
POL0004460,CUST005070,AGT0066,Travel,2026-03-31,2026-06-28,504.74,98736.34,Monthly,Expired,0,2026-08-01
POL0004461,CUST002329,AGT0048,Medical,2026-01-10,2027-01-18,1663.82,106959.57,Quarterly,Active,0,2026-08-01
POL0004462,CUST005739,AGT0013,Medical,2023-01-13,2024-02-03,1739.26,131568.79,Annual,Renewed,1,2026-08-01
POL0004463,CUST005433,AGT0036,Motor,2025-12-30,2027-01-21,1497.87,138947.98,Quarterly,Active,0,2026-08-01
POL0004464,CUST005451,AGT0059,Medical,2025-03-25,2026-03-26,2052.69,117994.93,Monthly,Expired,0,2026-08-01
POL0004465,CUST003020,AGT0067,Motor,2024-09-01,2025-08-22,1200.7,21031.6,Monthly,Renewed,1,2026-08-01
POL0004466,CUST000560,AGT0042,Life,2025-11-18,2026-12-17,3563.17,1499598.32,Monthly,Active,0,2026-08-01
POL0004467,CUST005095,AGT0005,Medical,2025-11-26,2026-11-17,1879.22,180578.3,Monthly,Active,0,2026-08-01
POL0004468,CUST002498,AGT0080,Travel,2026-05-05,2026-07-14,805.94,135836.72,Monthly,Renewed,1,2026-08-01
POL0004469,CUST004875,AGT0051,Medical,2025-02-12,2026-02-10,3452.08,236334.24,Monthly,Renewed,1,2026-08-01
POL0004470,CUST000332,AGT0045,Life,2025-07-05,2026-07-02,1453.24,1447888.73,Quarterly,Expired,0,2026-08-01
POL0004471,CUST000580,AGT0038,Motor,2024-01-27,2025-01-08,1196.45,88781.35,Quarterly,Renewed,1,2026-08-01
POL0004472,CUST002094,AGT0035,Life,2025-05-29,2026-05-20,3802.53,1149024.27,Annual,Expired,0,2026-08-01
POL0004473,CUST005227,AGT0052,Home,2024-07-16,2025-07-16,945.33,871828.24,Monthly,Expired,0,2026-08-01
POL0004474,CUST000185,AGT0051,Medical,2025-04-22,2026-03-26,3886.73,177041.51,Semi-Annual,Renewed,1,2026-08-01
POL0004475,CUST000975,AGT0024,Motor,2024-06-18,2025-06-16,2190.69,24752.01,Annual,Renewed,1,2026-08-01
POL0004476,CUST002973,AGT0032,Life,2023-08-20,2024-09-01,4507.99,728095.61,Annual,Renewed,1,2026-08-01
POL0004477,CUST004884,AGT0013,Motor,2024-04-04,2025-03-12,1441.53,141806.3,Monthly,Expired,0,2026-08-01
POL0004478,CUST000932,AGT0026,Medical,2024-03-14,2025-02-22,1787.97,303801.43,Semi-Annual,Expired,0,2026-08-01
POL0004479,CUST004534,AGT0078,Motor,2023-11-13,2024-12-06,866.75,153640.8,Monthly,Cancelled,0,2026-08-01
POL0004480,CUST002936,AGT0021,Medical,2023-05-18,2024-06-10,1253.09,170017.09,Monthly,Expired,0,2026-08-01
POL0004481,CUST004424,AGT0070,Travel,2024-06-04,2024-07-23,384.26,28831.52,Annual,Expired,0,2026-08-01
POL0004482,CUST004308,AGT0036,Motor,2024-10-21,2025-09-19,802.46,55347.01,Annual,Renewed,1,2026-08-01
POL0004483,CUST005526,AGT0073,Medical,2025-02-22,2026-03-17,2421.89,152934.54,Monthly,Expired,0,2026-08-01
POL0004484,CUST000349,AGT0046,Motor,2025-03-14,2026-04-12,813.67,73641.83,Annual,Renewed,1,2026-08-01
POL0004485,CUST003604,AGT0062,Motor,2023-09-14,2024-09-13,2349.99,69885.39,Semi-Annual,Renewed,1,2026-08-01
POL0004486,CUST002737,AGT0032,Life,2023-07-10,2024-07-30,2424.68,427908.33,Monthly,Renewed,1,2026-08-01
POL0004487,CUST002032,AGT0006,Life,2023-07-05,2024-06-30,5048.96,270561.22,Monthly,Expired,0,2026-08-01
POL0004488,CUST004444,AGT0029,Travel,2025-06-10,2025-08-04,764.76,87838.16,Annual,Renewed,1,2026-08-01
POL0004489,CUST003560,AGT0051,Motor,2025-06-21,2026-07-12,2401.22,133823.93,Annual,Renewed,1,2026-08-01
POL0004490,CUST002666,AGT0019,Motor,2024-11-03,2025-10-31,2280.94,165332.39,Monthly,Expired,0,2026-08-01
POL0004491,CUST004177,AGT0031,Medical,2024-11-18,2025-11-12,3660.14,174095.83,Quarterly,Expired,0,2026-08-01
POL0004492,CUST003447,AGT0004,Life,2025-04-14,2026-04-17,2488.69,1024752.4,Monthly,Expired,0,2026-08-01
POL0004493,CUST002188,AGT0027,Life,2024-04-05,2025-03-20,3662.33,838584.27,Monthly,Renewed,1,2026-08-01
POL0004494,CUST002015,AGT0008,Life,2025-09-01,2026-08-15,3573.18,1337437.77,Monthly,Active,0,2026-08-01
POL0004495,CUST001526,AGT0020,Travel,2026-04-01,2026-06-22,526.27,110358.13,Annual,Renewed,1,2026-08-01
POL0004496,CUST001782,AGT0031,Motor,2023-11-07,2024-10-08,1499.63,49272.56,Semi-Annual,Expired,0,2026-08-01
POL0004497,CUST002939,AGT0015,Home,2024-08-25,2025-09-04,439.29,298390.57,Annual,Cancelled,0,2026-08-01
POL0004498,CUST001085,AGT0007,Home,2024-02-18,2025-02-11,365.05,592076.52,Monthly,Renewed,1,2026-08-01
POL0004499,CUST005390,AGT0012,Motor,2024-03-09,2025-03-28,1532.5,140189.13,Annual,Expired,0,2026-08-01
POL0004500,CUST003490,AGT0053,Medical,2024-05-23,2025-05-26,4656.86,85414.88,Monthly,Expired,0,2026-08-01
POL0004501,CUST003783,AGT0010,Travel,2023-10-10,2023-11-24,617.16,104028.8,Annual,Renewed,1,2026-08-01
POL0004502,CUST003446,AGT0003,Medical,2024-03-31,2025-04-29,2284.02,126688.51,Monthly,Expired,0,2026-08-01
POL0004503,CUST005384,AGT0057,Motor,2025-11-29,2026-11-12,2482.97,170869.88,Monthly,Active,0,2026-08-01
POL0004504,CUST004915,AGT0038,Medical,2023-12-24,2025-01-13,3756.55,483690.38,Annual,Renewed,1,2026-08-01
POL0004505,CUST002851,AGT0075,Life,2023-05-07,2024-06-02,6065.65,1302881.65,Annual,Cancelled,0,2026-08-01
POL0004506,CUST002066,AGT0031,Travel,2026-02-06,2026-03-31,711.08,131869.5,Semi-Annual,Renewed,1,2026-08-01
POL0004507,CUST005682,AGT0031,Travel,2026-03-25,2026-04-08,551.5,144948.16,Annual,Expired,0,2026-08-01
POL0004508,CUST003600,AGT0004,Home,2026-03-11,2027-04-01,1709.42,314575.04,Monthly,Active,0,2026-08-01
POL0004509,CUST004750,AGT0009,Medical,2023-08-28,2024-08-27,2889.64,285176.51,Annual,Expired,0,2026-08-01
POL0004510,CUST000837,AGT0068,Travel,2024-06-23,2024-07-22,680.55,37407.5,Monthly,Cancelled,0,2026-08-01
POL0004511,CUST002128,AGT0018,Motor,2024-01-15,2025-01-31,1166.75,92988.84,Annual,Cancelled,0,2026-08-01
POL0004512,CUST001590,AGT0006,Medical,2023-12-08,2024-12-30,4957.44,97094.71,Quarterly,Renewed,1,2026-08-01
POL0004513,CUST002690,AGT0060,Home,2026-04-13,2027-03-31,1395.42,647165.09,Annual,Active,0,2026-08-01
POL0004514,CUST003021,AGT0080,Travel,2023-06-20,2023-08-19,274.3,29836.53,Semi-Annual,Cancelled,0,2026-08-01
POL0004515,CUST005987,AGT0028,Life,2025-03-01,2026-03-14,4606.16,1303394.98,Monthly,Renewed,1,2026-08-01
POL0004516,CUST000631,AGT0031,Motor,2025-07-24,2026-08-02,839.73,156251.5,Monthly,Active,0,2026-08-01
POL0004517,CUST005723,AGT0054,Motor,2023-03-31,2024-03-18,1747.93,174499.14,Quarterly,Renewed,1,2026-08-01
POL0004518,CUST004872,AGT0009,Life,2026-02-22,2027-03-06,5615.65,138122.81,Monthly,Active,0,2026-08-01
POL0004519,CUST002462,AGT0017,Medical,2023-10-23,2024-10-04,2532.49,418376.05,Annual,Expired,0,2026-08-01
POL0004520,CUST001687,AGT0070,Medical,2024-06-21,2025-05-25,4105.75,181780.53,Annual,Renewed,1,2026-08-01
POL0004521,CUST005002,AGT0061,Travel,2024-12-08,2025-02-12,636.68,45464.32,Monthly,Expired,0,2026-08-01
POL0004522,CUST000819,AGT0012,Motor,2026-02-17,2027-03-18,2481.96,140088.82,Semi-Annual,Active,0,2026-08-01
POL0004523,CUST005459,AGT0053,Medical,2026-07-14,2027-08-06,5033.46,104029.22,Annual,Active,0,2026-08-01
POL0004524,CUST005659,AGT0077,Motor,2023-11-20,2024-10-23,1174.86,160127.34,Quarterly,Expired,0,2026-08-01
POL0004525,CUST001511,AGT0018,Motor,2024-06-17,2025-07-05,1382.79,160052.79,Annual,Expired,0,2026-08-01
POL0004526,CUST003364,AGT0018,Motor,2025-03-06,2026-02-23,1204.78,108953.75,Monthly,Renewed,1,2026-08-01
POL0004527,CUST003106,AGT0075,Motor,2024-06-21,2025-05-30,1500.57,87637.21,Annual,Expired,0,2026-08-01
POL0004528,CUST004601,AGT0077,Medical,2023-04-16,2024-03-29,1165.63,450266.08,Monthly,Expired,0,2026-08-01
POL0004529,CUST004543,AGT0042,Medical,2025-10-16,2026-09-15,3021.2,370567.68,Monthly,Active,0,2026-08-01
POL0004530,CUST005970,AGT0039,Medical,2025-01-06,2025-12-15,4721.53,64484.11,Quarterly,Renewed,1,2026-08-01
POL0004531,CUST000462,AGT0018,Travel,2023-06-18,2023-07-12,633.29,73562.55,Annual,Renewed,1,2026-08-01
POL0004532,CUST004907,AGT0005,Medical,2025-04-14,2026-03-20,3373.41,243400.8,Semi-Annual,Expired,0,2026-08-01
POL0004533,CUST004835,AGT0046,Life,2026-03-30,2027-03-15,2648.95,1298600.15,Annual,Active,0,2026-08-01
POL0004534,CUST004449,AGT0013,Life,2025-04-22,2026-05-16,2631.47,1335850.31,Annual,Expired,0,2026-08-01
POL0004535,CUST001267,AGT0034,Medical,2024-09-15,2025-09-20,1346.25,294603.63,Annual,Cancelled,0,2026-08-01
POL0004536,CUST004458,AGT0076,Motor,2025-10-14,2026-09-21,948.92,37962.44,Annual,Active,0,2026-08-01
POL0004537,CUST002874,AGT0074,Home,2023-12-22,2024-12-29,1446.34,579443.4,Monthly,Expired,0,2026-08-01
POL0004538,CUST001675,AGT0037,Medical,2023-05-04,2024-05-29,4956.04,257193.14,Annual,Cancelled,0,2026-08-01
POL0004539,CUST002252,AGT0025,Life,2024-10-02,2025-09-04,6110.83,692091.64,Annual,Renewed,1,2026-08-01
POL0004540,CUST002487,AGT0079,Medical,2023-12-31,2024-12-11,4935.67,492945.29,Annual,Expired,0,2026-08-01
POL0004541,CUST004442,AGT0071,Travel,2024-10-02,2024-10-27,125.66,149457.37,Semi-Annual,Expired,0,2026-08-01
POL0004542,CUST001205,AGT0049,Medical,2025-06-24,2026-05-29,2493.92,234319.32,Monthly,Expired,0,2026-08-01
POL0004543,CUST001399,AGT0060,Medical,2026-01-11,2027-01-10,1997.75,470561.97,Annual,Active,0,2026-08-01
POL0004544,CUST002224,AGT0036,Medical,2025-02-12,2026-02-17,1409.88,160072.18,Monthly,Expired,0,2026-08-01
POL0004545,CUST002799,AGT0055,Travel,2025-03-06,2025-04-04,246.68,45154.3,Quarterly,Expired,0,2026-08-01
POL0004546,CUST005678,AGT0045,Medical,2026-05-25,2027-05-06,3692.99,345525.82,Monthly,Cancelled,0,2026-08-01
POL0004547,CUST001594,AGT0015,Home,2026-04-02,2027-04-15,1025.21,490381.09,Monthly,Active,0,2026-08-01
POL0004548,CUST005438,AGT0006,Travel,2025-10-21,2025-11-04,778.19,116949.79,Monthly,Renewed,1,2026-08-01
POL0004549,CUST000329,AGT0007,Motor,2026-04-03,2027-04-07,1038.64,37581.45,Semi-Annual,Active,0,2026-08-01
POL0004550,CUST003064,AGT0064,Medical,2024-09-07,2025-08-07,3869.4,267087.2,Monthly,Cancelled,0,2026-08-01
POL0004551,CUST005062,AGT0070,Home,2025-09-29,2026-10-12,1181.7,639055.6,Annual,Active,0,2026-08-01
POL0004552,CUST001866,AGT0042,Motor,2024-11-28,2025-11-30,2133.09,100171.21,Monthly,Expired,0,2026-08-01
POL0004553,CUST001348,AGT0046,Medical,2025-03-14,2026-03-25,2966.9,178847.28,Monthly,Cancelled,0,2026-08-01
POL0004554,CUST003633,AGT0074,Motor,2025-05-12,2026-04-28,863.32,100130.07,Monthly,Expired,0,2026-08-01
POL0004555,CUST001395,AGT0078,Motor,2023-04-13,2024-05-06,1505.46,113639.22,Monthly,Renewed,1,2026-08-01
POL0004556,CUST000093,AGT0058,Medical,2023-01-14,2023-12-10,1888.01,297660.69,Monthly,Renewed,1,2026-08-01
POL0004557,CUST000281,AGT0042,Life,2026-05-30,2027-06-08,2989.45,892244.73,Annual,Active,0,2026-08-01
POL0004558,CUST002874,AGT0036,Life,2024-04-21,2025-03-20,2502.04,719904.12,Annual,Renewed,1,2026-08-01
POL0004559,CUST003017,AGT0048,Motor,2023-03-08,2024-03-24,1941.42,72961.3,Monthly,Expired,0,2026-08-01
POL0004560,CUST000158,AGT0060,Medical,2023-06-09,2024-06-27,4875.92,81687.99,Monthly,Renewed,1,2026-08-01
POL0004561,CUST001614,AGT0080,Medical,2023-02-21,2024-02-19,1618.41,70913.58,Semi-Annual,Renewed,1,2026-08-01
POL0004562,CUST004541,AGT0054,Life,2023-11-09,2024-11-09,3452.78,847337.43,Semi-Annual,Expired,0,2026-08-01
POL0004563,CUST003394,AGT0058,Medical,2025-08-11,2026-07-22,2200.99,436449.28,Annual,Expired,0,2026-08-01
POL0004564,CUST003671,AGT0003,Home,2025-12-20,2026-11-15,472.95,724255.13,Annual,Active,0,2026-08-01
POL0004565,CUST004342,AGT0029,Travel,2023-03-23,2023-06-12,375.46,89712.97,Monthly,Expired,0,2026-08-01
POL0004566,CUST005424,AGT0023,Life,2024-12-17,2025-11-27,5816.56,995299.44,Annual,Renewed,1,2026-08-01
POL0004567,CUST000276,AGT0067,Medical,2025-05-14,2026-05-11,2155.07,489401.53,Quarterly,Cancelled,0,2026-08-01
POL0004568,CUST002897,AGT0021,Life,2026-01-29,2027-01-06,2708.12,1454131.36,Annual,Active,0,2026-08-01
POL0004569,CUST001203,AGT0024,Medical,2026-03-28,2027-04-14,4897.59,497662.4,Semi-Annual,Active,0,2026-08-01
POL0004570,CUST004004,AGT0053,Travel,2026-03-07,2026-05-26,570.68,22143.44,Quarterly,Renewed,1,2026-08-01
POL0004571,CUST002346,AGT0043,Home,2025-07-26,2026-07-29,725.06,601691.08,Quarterly,Expired,0,2026-08-01
POL0004572,CUST000924,AGT0033,Home,2025-11-19,2026-11-27,347.52,690959.17,Monthly,Active,0,2026-08-01
POL0004573,CUST005279,AGT0020,Life,2025-08-31,2026-07-28,6947.71,244301.37,Quarterly,Cancelled,0,2026-08-01
POL0004574,CUST003097,AGT0072,Life,2025-09-23,2026-09-05,6860.9,608531.51,Monthly,Active,0,2026-08-01
POL0004575,CUST000659,AGT0080,Medical,2026-03-25,2027-03-05,3809.51,124303.81,Quarterly,Active,0,2026-08-01
POL0004576,CUST001352,AGT0006,Motor,2023-08-06,2024-07-02,1024.97,81540.15,Monthly,Renewed,1,2026-08-01
POL0004577,CUST004463,AGT0075,Life,2023-04-23,2024-04-16,5397.72,717688.23,Quarterly,Renewed,1,2026-08-01
POL0004578,CUST002823,AGT0066,Home,2023-12-18,2024-12-07,979.31,226262.49,Annual,Expired,0,2026-08-01
POL0004579,CUST005722,AGT0070,Travel,2026-05-28,2026-07-21,97.01,84490.93,Quarterly,Expired,0,2026-08-01
POL0004580,CUST000301,AGT0036,Travel,2025-07-09,2025-07-23,163.88,44385.74,Monthly,Expired,0,2026-08-01
POL0004581,CUST000467,AGT0033,Medical,2024-09-06,2025-09-17,1174.3,465031.63,Semi-Annual,Expired,0,2026-08-01
POL0004582,CUST004138,AGT0050,Life,2024-01-29,2025-01-14,1866.88,337267.28,Semi-Annual,Expired,0,2026-08-01
POL0004583,CUST001999,AGT0059,Life,2023-09-18,2024-08-24,4416.85,817568.72,Monthly,Renewed,1,2026-08-01
POL0004584,CUST005246,AGT0075,Medical,2024-05-05,2025-04-24,4090.34,204930.96,Monthly,Renewed,1,2026-08-01
POL0004585,CUST004618,AGT0021,Motor,2026-05-28,2027-05-17,2561.01,87639.56,Monthly,Active,0,2026-08-01
POL0004586,CUST000137,AGT0078,Life,2026-05-08,2027-04-08,6908.91,645126.3,Quarterly,Active,0,2026-08-01
POL0004587,CUST005612,AGT0032,Motor,2026-06-25,2027-06-25,2262.55,176585.51,Monthly,Active,0,2026-08-01
POL0004588,CUST005721,AGT0054,Life,2025-07-11,2026-07-01,1483.78,1029059.75,Annual,Cancelled,0,2026-08-01
POL0004589,CUST001481,AGT0065,Home,2025-02-05,2026-03-06,978.49,119954.13,Monthly,Expired,0,2026-08-01
POL0004590,CUST003676,AGT0053,Life,2023-05-20,2024-04-22,1484.72,1269117.85,Monthly,Cancelled,0,2026-08-01
POL0004591,CUST003852,AGT0005,Motor,2025-02-13,2026-03-11,1946.42,107269.31,Monthly,Renewed,1,2026-08-01
POL0004592,CUST000226,AGT0071,Medical,2025-07-31,2026-07-18,1656.88,102431.51,Monthly,Expired,0,2026-08-01
POL0004593,CUST004390,AGT0004,Life,2024-07-03,2025-06-23,5010.41,760242.55,Monthly,Expired,0,2026-08-01
POL0004594,CUST005811,AGT0044,Life,2025-11-03,2026-10-16,2667.8,286898.18,Annual,Active,0,2026-08-01
POL0004595,CUST002425,AGT0053,Motor,2025-02-09,2026-01-27,1973.76,109201.35,Quarterly,Expired,0,2026-08-01
POL0004596,CUST005917,AGT0021,Medical,2026-04-08,2027-03-07,4070.35,216821.59,Monthly,Active,0,2026-08-01
POL0004597,CUST004018,AGT0062,Travel,2023-05-20,2023-07-29,287.84,28684.73,Annual,Expired,0,2026-08-01
POL0004598,CUST004411,AGT0048,Motor,2025-06-14,2026-06-01,2584.97,124569.62,Quarterly,Expired,0,2026-08-01
POL0004599,CUST003295,AGT0031,Life,2024-03-26,2025-04-16,2535.68,426774.0,Annual,Expired,0,2026-08-01
POL0004600,CUST004150,AGT0013,Travel,2023-05-06,2023-05-24,137.01,119627.78,Monthly,Renewed,1,2026-08-01
POL0004601,CUST005624,AGT0054,Travel,2024-02-03,2024-03-31,521.37,137495.73,Monthly,Cancelled,0,2026-08-01
POL0004602,CUST003543,AGT0009,Home,2025-09-27,2026-09-17,916.62,279057.24,Quarterly,Cancelled,0,2026-08-01
POL0004603,CUST003233,AGT0073,Travel,2023-08-31,2023-11-27,715.92,59759.95,Quarterly,Expired,0,2026-08-01
POL0004604,CUST001019,AGT0010,Medical,2025-05-07,2026-04-25,3167.08,70960.66,Annual,Renewed,1,2026-08-01
POL0004605,CUST003100,AGT0008,Medical,2023-09-21,2024-10-03,2071.79,266681.67,Quarterly,Cancelled,0,2026-08-01
POL0004606,CUST005182,AGT0017,Motor,2024-08-19,2025-09-07,1743.74,154445.63,Annual,Renewed,1,2026-08-01
POL0004607,CUST004016,AGT0067,Motor,2023-07-10,2024-07-20,2354.29,37626.53,Annual,Expired,0,2026-08-01
POL0004608,CUST004297,AGT0068,Life,2025-09-21,2026-09-12,2573.5,334841.46,Quarterly,Active,0,2026-08-01
POL0004609,CUST000914,AGT0047,Motor,2026-02-13,2027-03-05,1017.99,139136.54,Semi-Annual,Active,0,2026-08-01
POL0004610,CUST005082,AGT0064,Motor,2024-11-17,2025-10-13,2371.5,122097.3,Annual,Renewed,1,2026-08-01
POL0004611,CUST003186,AGT0034,Travel,2024-05-27,2024-08-19,740.74,45913.65,Monthly,Expired,0,2026-08-01
POL0004612,CUST002737,AGT0080,Motor,2026-05-03,2027-05-23,2330.78,47399.4,Monthly,Active,0,2026-08-01
POL0004613,CUST000305,AGT0005,Motor,2026-05-21,2027-05-28,1293.41,31275.6,Annual,Active,0,2026-08-01
POL0004614,CUST005359,AGT0050,Life,2026-05-02,2027-04-28,5817.36,124703.81,Semi-Annual,Active,0,2026-08-01
POL0004615,CUST003763,AGT0031,Motor,2025-10-20,2026-11-15,1262.6,87614.75,Monthly,Active,0,2026-08-01
POL0004616,CUST001873,AGT0029,Medical,2023-10-22,2024-09-18,3607.24,98535.96,Quarterly,Expired,0,2026-08-01
POL0004617,CUST003208,AGT0064,Motor,2023-07-29,2024-08-24,1018.23,66736.2,Monthly,Expired,0,2026-08-01
POL0004618,CUST005456,AGT0062,Travel,2024-07-29,2024-10-27,391.39,133610.89,Quarterly,Expired,0,2026-08-01
POL0004619,CUST005037,AGT0044,Life,2025-01-12,2026-01-04,6462.94,169089.69,Semi-Annual,Expired,0,2026-08-01
POL0004620,CUST001787,AGT0070,Life,2023-09-17,2024-08-29,1315.6,1215483.31,Annual,Renewed,1,2026-08-01
POL0004621,CUST004787,AGT0015,Motor,2023-07-10,2024-08-08,1076.75,81059.95,Quarterly,Cancelled,0,2026-08-01
POL0004622,CUST000048,AGT0007,Life,2024-03-08,2025-02-26,4907.32,676640.05,Monthly,Expired,0,2026-08-01
POL0004623,CUST002596,AGT0019,Motor,2024-04-03,2025-03-24,2230.9,175626.5,Annual,Expired,0,2026-08-01
POL0004624,CUST003291,AGT0008,Life,2023-10-19,2024-10-23,3734.97,895870.57,Semi-Annual,Expired,0,2026-08-01
POL0004625,CUST003954,AGT0068,Motor,2024-08-26,2025-08-07,2172.47,25861.75,Semi-Annual,Renewed,1,2026-08-01
POL0004626,CUST000006,AGT0042,Motor,2024-10-31,2025-10-18,2551.86,147012.43,Monthly,Renewed,1,2026-08-01
POL0004627,CUST001820,AGT0035,Motor,2023-05-07,2024-04-14,2051.87,108723.99,Monthly,Renewed,1,2026-08-01
POL0004628,CUST001543,AGT0040,Motor,2023-01-01,2024-01-13,1597.17,144330.49,Semi-Annual,Renewed,1,2026-08-01
POL0004629,CUST002328,AGT0008,Motor,2023-02-17,2024-01-20,1934.32,44194.44,Annual,Expired,0,2026-08-01
POL0004630,CUST004151,AGT0052,Motor,2025-10-31,2026-11-08,1351.74,62002.92,Monthly,Active,0,2026-08-01
POL0004631,CUST000469,AGT0078,Travel,2025-11-19,2025-11-27,135.55,138368.62,Semi-Annual,Renewed,1,2026-08-01
POL0004632,CUST004500,AGT0012,Medical,2023-07-27,2024-06-28,1609.54,243440.71,Monthly,Renewed,1,2026-08-01
POL0004633,CUST000605,AGT0021,Life,2026-05-16,2027-06-13,3737.99,814963.44,Annual,Active,0,2026-08-01
POL0004634,CUST003042,AGT0063,Motor,2023-12-25,2024-12-11,1309.9,122900.57,Annual,Expired,0,2026-08-01
POL0004635,CUST004913,AGT0064,Motor,2026-03-16,2027-03-02,880.33,104526.95,Monthly,Active,0,2026-08-01
POL0004636,CUST005274,AGT0023,Home,2023-08-17,2024-07-17,866.87,695508.84,Monthly,Renewed,1,2026-08-01
POL0004637,CUST005832,AGT0002,Motor,2025-12-04,2026-12-29,2334.13,55707.36,Quarterly,Active,0,2026-08-01
POL0004638,CUST002590,AGT0058,Travel,2024-04-07,2024-04-25,124.2,139709.1,Semi-Annual,Renewed,1,2026-08-01
POL0004639,CUST002936,AGT0021,Life,2025-10-19,2026-09-21,6431.82,175155.81,Monthly,Active,0,2026-08-01
POL0004640,CUST005407,AGT0065,Medical,2023-04-11,2024-03-24,1669.21,274775.11,Monthly,Expired,0,2026-08-01
POL0004641,CUST000768,AGT0027,Life,2025-01-18,2025-12-23,3862.04,1496713.69,Monthly,Cancelled,0,2026-08-01
POL0004642,CUST005457,AGT0079,Travel,2026-01-27,2026-02-25,764.01,105642.58,Annual,Expired,0,2026-08-01
POL0004643,CUST000531,AGT0069,Travel,2023-06-16,2023-09-11,121.03,82682.5,Monthly,Expired,0,2026-08-01
POL0004644,CUST000547,AGT0006,Medical,2024-06-26,2025-06-16,3456.93,478643.22,Quarterly,Expired,0,2026-08-01
POL0004645,CUST000273,AGT0060,Motor,2026-03-11,2027-03-12,2153.54,32477.87,Semi-Annual,Active,0,2026-08-01
POL0004646,CUST001383,AGT0058,Life,2026-04-22,2027-05-20,4542.03,691332.68,Monthly,Active,0,2026-08-01
POL0004647,CUST005273,AGT0025,Motor,2024-10-15,2025-11-14,873.64,164569.06,Annual,Expired,0,2026-08-01
POL0004648,CUST001246,AGT0074,Medical,2023-03-03,2024-02-24,3292.92,356110.36,Monthly,Expired,0,2026-08-01
POL0004649,CUST002654,AGT0063,Life,2026-05-17,2027-04-25,2056.57,615810.71,Annual,Active,0,2026-08-01
POL0004650,CUST004833,AGT0022,Motor,2023-08-14,2024-08-15,1528.77,176408.81,Quarterly,Renewed,1,2026-08-01
POL0004651,CUST005283,AGT0065,Travel,2024-06-20,2024-06-30,237.09,118687.84,Quarterly,Expired,0,2026-08-01
POL0004652,CUST002633,AGT0057,Home,2025-12-28,2026-12-22,1434.64,881400.69,Quarterly,Active,0,2026-08-01
POL0004653,CUST002177,AGT0041,Motor,2023-05-24,2024-06-13,2252.94,113388.92,Monthly,Expired,0,2026-08-01
POL0004654,CUST002787,AGT0072,Motor,2024-08-29,2025-08-21,1171.81,21308.37,Quarterly,Renewed,1,2026-08-01
POL0004655,CUST003529,AGT0041,Medical,2025-03-24,2026-03-24,3693.11,487373.15,Monthly,Renewed,1,2026-08-01
POL0004656,CUST001933,AGT0022,Motor,2023-03-19,2024-03-19,2253.05,151851.28,Annual,Renewed,1,2026-08-01
POL0004657,CUST004044,AGT0041,Motor,2024-09-24,2025-09-11,1584.55,108047.25,Annual,Expired,0,2026-08-01
POL0004658,CUST004845,AGT0039,Home,2023-03-03,2024-03-26,1675.67,211930.77,Monthly,Expired,0,2026-08-01
POL0004659,CUST000301,AGT0014,Motor,2025-04-24,2026-04-16,1192.4,160950.07,Annual,Renewed,1,2026-08-01
POL0004660,CUST004929,AGT0046,Motor,2026-03-15,2027-03-19,1027.53,121976.67,Semi-Annual,Active,0,2026-08-01
POL0004661,CUST004090,AGT0066,Medical,2023-09-23,2024-10-05,1643.11,51365.27,Monthly,Expired,0,2026-08-01
POL0004662,CUST000352,AGT0071,Motor,2023-12-09,2024-12-27,2443.05,99004.67,Monthly,Renewed,1,2026-08-01
POL0004663,CUST004799,AGT0058,Travel,2023-06-19,2023-08-31,549.97,147701.25,Quarterly,Expired,0,2026-08-01
POL0004664,CUST002974,AGT0040,Travel,2024-06-21,2024-09-19,152.2,96179.9,Monthly,Renewed,1,2026-08-01
POL0004665,CUST000133,AGT0068,Medical,2023-01-06,2024-01-14,2633.78,369827.54,Semi-Annual,Expired,0,2026-08-01
POL0004666,CUST000491,AGT0075,Motor,2026-03-18,2027-02-17,1351.43,125288.01,Monthly,Active,0,2026-08-01
POL0004667,CUST000353,AGT0066,Travel,2023-05-05,2023-07-07,752.82,87436.05,Annual,Expired,0,2026-08-01
POL0004668,CUST002442,AGT0064,Life,2025-05-22,2026-06-21,3256.39,1068924.81,Annual,Renewed,1,2026-08-01
POL0004669,CUST003133,AGT0063,Medical,2024-02-23,2025-01-21,1359.45,138093.89,Quarterly,Renewed,1,2026-08-01
POL0004670,CUST001443,AGT0040,Medical,2025-10-03,2026-08-30,1046.1,202066.81,Semi-Annual,Active,0,2026-08-01
POL0004671,CUST005829,AGT0063,Medical,2023-03-08,2024-03-21,3399.19,450240.58,Monthly,Renewed,1,2026-08-01
POL0004672,CUST000188,AGT0031,Motor,2024-09-08,2025-09-19,1071.84,63175.79,Annual,Expired,0,2026-08-01
POL0004673,CUST005840,AGT0076,Medical,2023-05-02,2024-05-28,5169.35,237536.14,Annual,Renewed,1,2026-08-01
POL0004674,CUST000907,AGT0071,Life,2025-06-27,2026-05-31,6459.09,244733.98,Semi-Annual,Renewed,1,2026-08-01
POL0004675,CUST000658,AGT0049,Medical,2023-09-09,2024-08-09,3183.01,468720.25,Monthly,Expired,0,2026-08-01
POL0004676,CUST002951,AGT0058,Life,2025-02-02,2026-01-22,5256.69,477051.95,Quarterly,Expired,0,2026-08-01
POL0004677,CUST004566,AGT0067,Life,2024-06-15,2025-05-16,2352.62,913352.13,Semi-Annual,Cancelled,0,2026-08-01
POL0004678,CUST003966,AGT0047,Life,2023-08-11,2024-09-03,1317.52,658280.4,Annual,Expired,0,2026-08-01
POL0004679,CUST004760,AGT0065,Life,2023-09-09,2024-09-13,1352.96,585411.94,Annual,Expired,0,2026-08-01
POL0004680,CUST002719,AGT0060,Motor,2025-01-18,2026-01-27,1820.3,46911.91,Annual,Expired,0,2026-08-01
POL0004681,CUST005262,AGT0022,Life,2023-10-09,2024-10-17,2184.67,1494433.98,Monthly,Expired,0,2026-08-01
POL0004682,CUST004585,AGT0013,Travel,2026-04-24,2026-06-08,624.67,57594.47,Quarterly,Renewed,1,2026-08-01
POL0004683,CUST000262,AGT0046,Motor,2025-09-24,2026-09-19,2063.7,83428.52,Annual,Active,0,2026-08-01
POL0004684,CUST003012,AGT0001,Travel,2024-03-27,2024-05-16,820.21,45054.81,Monthly,Cancelled,0,2026-08-01
POL0004685,CUST005835,AGT0059,Home,2024-05-27,2025-06-22,1457.74,594612.02,Semi-Annual,Renewed,1,2026-08-01
POL0004686,CUST004358,AGT0055,Life,2024-10-07,2025-10-08,4468.96,220640.68,Annual,Renewed,1,2026-08-01
POL0004687,CUST004931,AGT0009,Motor,2025-11-14,2026-10-18,1422.28,126071.13,Monthly,Active,0,2026-08-01
POL0004688,CUST004320,AGT0025,Life,2024-06-27,2025-06-03,6754.62,804322.24,Monthly,Renewed,1,2026-08-01
POL0004689,CUST003647,AGT0043,Medical,2024-06-20,2025-05-23,1783.71,341368.32,Annual,Expired,0,2026-08-01
POL0004690,CUST002009,AGT0059,Motor,2025-06-19,2026-07-13,1159.49,20750.21,Annual,Cancelled,0,2026-08-01
POL0004691,CUST000401,AGT0001,Motor,2023-12-02,2024-10-27,1934.95,127757.59,Quarterly,Renewed,1,2026-08-01
POL0004692,CUST001810,AGT0045,Life,2025-03-30,2026-04-25,6923.68,163949.31,Annual,Expired,0,2026-08-01
POL0004693,CUST001441,AGT0020,Life,2024-05-17,2025-06-05,1681.21,1384497.5,Quarterly,Expired,0,2026-08-01
POL0004694,CUST004347,AGT0032,Medical,2024-09-15,2025-08-20,5157.55,407040.65,Monthly,Expired,0,2026-08-01
POL0004695,CUST002080,AGT0039,Medical,2025-10-09,2026-09-09,2648.37,105756.34,Monthly,Active,0,2026-08-01
POL0004696,CUST002123,AGT0016,Medical,2023-03-03,2024-03-28,3683.81,300318.53,Annual,Renewed,1,2026-08-01
POL0004697,CUST005145,AGT0025,Medical,2025-05-01,2026-05-05,3874.38,480586.95,Quarterly,Renewed,1,2026-08-01
POL0004698,CUST001174,AGT0033,Medical,2023-12-12,2025-01-05,3339.56,159179.49,Monthly,Renewed,1,2026-08-01
POL0004699,CUST004567,AGT0062,Motor,2023-01-13,2024-02-08,2452.49,31630.08,Quarterly,Renewed,1,2026-08-01
POL0004700,CUST002115,AGT0023,Medical,2024-02-16,2025-01-11,2357.1,240137.5,Monthly,Expired,0,2026-08-01
POL0004701,CUST005645,AGT0051,Motor,2025-10-14,2026-09-12,2123.67,42113.27,Monthly,Active,0,2026-08-01
POL0004702,CUST005732,AGT0029,Travel,2025-08-15,2025-09-24,489.28,121080.93,Semi-Annual,Expired,0,2026-08-01
POL0004703,CUST002536,AGT0022,Medical,2023-12-02,2024-11-03,4220.83,460467.11,Semi-Annual,Expired,0,2026-08-01
POL0004704,CUST004692,AGT0009,Travel,2024-06-01,2024-06-30,743.42,78448.87,Quarterly,Renewed,1,2026-08-01
POL0004705,CUST005501,AGT0002,Medical,2026-02-11,2027-03-05,2642.63,499058.79,Semi-Annual,Active,0,2026-08-01
POL0004706,CUST003620,AGT0028,Motor,2024-05-09,2025-05-06,819.0,50413.65,Quarterly,Renewed,1,2026-08-01
POL0004707,CUST005375,AGT0021,Motor,2023-11-29,2024-11-11,2217.65,166843.69,Monthly,Expired,0,2026-08-01
POL0004708,CUST004100,AGT0061,Motor,2024-08-05,2025-09-04,1040.0,71756.87,Semi-Annual,Renewed,1,2026-08-01
POL0004709,CUST000111,AGT0042,Medical,2025-10-21,2026-10-13,2179.71,455849.26,Annual,Active,0,2026-08-01
POL0004710,CUST003649,AGT0005,Travel,2024-07-18,2024-08-03,514.18,137582.02,Quarterly,Expired,0,2026-08-01
POL0004711,CUST001436,AGT0061,Motor,2024-11-04,2025-11-07,1138.33,75819.49,Semi-Annual,Renewed,1,2026-08-01
POL0004712,CUST003546,AGT0032,Medical,2025-07-26,2026-07-13,4591.91,59127.25,Monthly,Renewed,1,2026-08-01
POL0004713,CUST004800,AGT0049,Motor,2026-01-30,2027-02-11,1308.71,68419.96,Monthly,Active,0,2026-08-01
POL0004714,CUST001189,AGT0011,Medical,2025-05-26,2026-06-25,2384.91,246350.1,Quarterly,Renewed,1,2026-08-01
POL0004715,CUST003991,AGT0005,Life,2024-06-14,2025-05-22,5394.34,1477331.38,Monthly,Expired,0,2026-08-01
POL0004716,CUST003249,AGT0009,Motor,2025-09-24,2026-09-05,1008.58,130354.7,Monthly,Active,0,2026-08-01
POL0004717,CUST001338,AGT0038,Motor,2025-10-16,2026-11-07,1987.89,121575.71,Annual,Active,0,2026-08-01
POL0004718,CUST004557,AGT0071,Life,2023-09-29,2024-10-18,1358.76,1003252.49,Semi-Annual,Renewed,1,2026-08-01
POL0004719,CUST004689,AGT0077,Medical,2025-06-28,2026-07-14,3895.02,228318.6,Monthly,Expired,0,2026-08-01
POL0004720,CUST000041,AGT0065,Medical,2025-08-27,2026-08-01,2667.8,360332.51,Annual,Active,0,2026-08-01
POL0004721,CUST001900,AGT0073,Life,2024-01-30,2024-12-30,5630.47,491539.44,Quarterly,Expired,0,2026-08-01
POL0004722,CUST000441,AGT0062,Motor,2024-01-23,2025-01-06,892.61,140367.65,Annual,Renewed,1,2026-08-01
POL0004723,CUST003613,AGT0060,Travel,2025-05-31,2025-07-17,778.61,104738.86,Quarterly,Expired,0,2026-08-01
POL0004724,CUST005290,AGT0034,Travel,2023-01-01,2023-01-23,334.59,117021.82,Quarterly,Renewed,1,2026-08-01
POL0004725,CUST005608,AGT0023,Medical,2024-01-15,2025-01-25,2634.33,118111.15,Annual,Expired,0,2026-08-01
POL0004726,CUST002378,AGT0051,Medical,2025-04-15,2026-04-27,1721.79,298528.75,Quarterly,Expired,0,2026-08-01
POL0004727,CUST001438,AGT0002,Medical,2024-08-16,2025-08-12,1541.53,136274.0,Semi-Annual,Expired,0,2026-08-01
POL0004728,CUST001883,AGT0015,Travel,2023-01-16,2023-02-03,103.01,60541.83,Quarterly,Renewed,1,2026-08-01
POL0004729,CUST000333,AGT0037,Motor,2023-06-16,2024-06-09,993.48,146703.07,Annual,Expired,0,2026-08-01
POL0004730,CUST002099,AGT0051,Life,2023-05-09,2024-05-19,4415.63,684331.0,Annual,Expired,0,2026-08-01
POL0004731,CUST003961,AGT0030,Motor,2024-11-24,2025-11-03,2111.65,27974.34,Annual,Expired,0,2026-08-01
POL0004732,CUST000110,AGT0062,Travel,2023-02-23,2023-03-03,140.65,135963.93,Annual,Renewed,1,2026-08-01
POL0004733,CUST004371,AGT0055,Home,2025-09-23,2026-10-05,493.56,168011.67,Annual,Active,0,2026-08-01
POL0004734,CUST005063,AGT0021,Motor,2025-03-03,2026-03-09,963.39,99566.91,Monthly,Expired,0,2026-08-01
POL0004735,CUST001876,AGT0006,Medical,2024-10-20,2025-09-22,3054.2,263907.29,Semi-Annual,Expired,0,2026-08-01
POL0004736,CUST004608,AGT0022,Medical,2023-09-29,2024-10-02,1930.4,229601.9,Semi-Annual,Expired,0,2026-08-01
POL0004737,CUST002811,AGT0074,Medical,2023-09-01,2024-08-20,1613.56,52333.32,Monthly,Expired,0,2026-08-01
POL0004738,CUST005931,AGT0019,Motor,2025-11-23,2026-12-18,1557.21,60664.61,Monthly,Active,0,2026-08-01
POL0004739,CUST003007,AGT0059,Life,2025-03-15,2026-03-27,4635.39,317802.11,Monthly,Renewed,1,2026-08-01
POL0004740,CUST003599,AGT0055,Life,2024-04-10,2025-04-06,2231.49,329019.11,Quarterly,Renewed,1,2026-08-01
POL0004741,CUST004896,AGT0078,Home,2023-10-01,2024-10-29,1465.94,183654.02,Annual,Expired,0,2026-08-01
POL0004742,CUST001644,AGT0074,Life,2024-03-14,2025-03-25,4657.17,1253667.69,Monthly,Renewed,1,2026-08-01
POL0004743,CUST004159,AGT0070,Life,2024-01-29,2025-01-07,5608.43,241332.03,Annual,Expired,0,2026-08-01
POL0004744,CUST005107,AGT0025,Motor,2024-11-03,2025-11-08,1393.31,73283.71,Annual,Renewed,1,2026-08-01
POL0004745,CUST001638,AGT0035,Motor,2023-12-12,2024-12-17,1507.12,112773.0,Semi-Annual,Renewed,1,2026-08-01
POL0004746,CUST004841,AGT0040,Life,2025-10-09,2026-10-26,6887.71,157246.98,Annual,Active,0,2026-08-01
POL0004747,CUST001639,AGT0053,Life,2023-03-17,2024-02-14,4708.11,835040.81,Monthly,Expired,0,2026-08-01
POL0004748,CUST003660,AGT0012,Travel,2025-06-29,2025-08-21,179.79,80294.74,Monthly,Expired,0,2026-08-01
POL0004749,CUST001950,AGT0068,Medical,2023-01-09,2023-12-22,3999.96,436139.3,Monthly,Renewed,1,2026-08-01
POL0004750,CUST003773,AGT0052,Motor,2023-09-27,2024-09-24,2138.74,38571.87,Monthly,Expired,0,2026-08-01
POL0004751,CUST000876,AGT0017,Motor,2026-05-10,2027-04-11,2536.51,29353.76,Annual,Active,0,2026-08-01
POL0004752,CUST004859,AGT0004,Medical,2025-09-24,2026-08-30,3299.15,116212.5,Quarterly,Active,0,2026-08-01
POL0004753,CUST000806,AGT0001,Medical,2026-07-08,2027-07-27,3475.93,264327.46,Annual,Active,0,2026-08-01
POL0004754,CUST002011,AGT0029,Motor,2024-10-24,2025-11-07,1349.39,36796.71,Monthly,Cancelled,0,2026-08-01
POL0004755,CUST004905,AGT0025,Motor,2023-06-30,2024-06-21,1801.88,118515.57,Annual,Cancelled,0,2026-08-01
POL0004756,CUST000578,AGT0013,Medical,2026-07-14,2027-06-14,1163.14,407038.37,Semi-Annual,Active,0,2026-08-01
POL0004757,CUST004991,AGT0035,Medical,2025-09-20,2026-10-13,4458.36,299975.08,Monthly,Active,0,2026-08-01
POL0004758,CUST002405,AGT0002,Home,2024-11-06,2025-10-13,1342.15,373918.21,Semi-Annual,Expired,0,2026-08-01
POL0004759,CUST001561,AGT0050,Travel,2025-10-01,2025-10-23,599.3,78068.27,Annual,Expired,0,2026-08-01
POL0004760,CUST004989,AGT0036,Motor,2024-01-10,2024-12-20,2025.4,58791.34,Monthly,Renewed,1,2026-08-01
POL0004761,CUST005103,AGT0022,Life,2025-10-28,2026-11-08,2460.89,1292911.64,Quarterly,Active,0,2026-08-01
POL0004762,CUST005170,AGT0037,Medical,2025-09-21,2026-09-05,1185.47,195582.96,Monthly,Active,0,2026-08-01
POL0004763,CUST003425,AGT0036,Home,2023-07-01,2024-06-28,1091.77,784076.36,Semi-Annual,Cancelled,0,2026-08-01
POL0004764,CUST001188,AGT0068,Life,2023-02-08,2024-01-11,4332.86,1452269.91,Monthly,Renewed,1,2026-08-01
POL0004765,CUST004273,AGT0052,Motor,2026-01-11,2027-01-21,2335.69,60907.95,Quarterly,Active,0,2026-08-01
POL0004766,CUST004221,AGT0019,Motor,2025-08-05,2026-09-02,2021.11,157264.83,Monthly,Active,0,2026-08-01
POL0004767,CUST005283,AGT0066,Home,2024-01-19,2025-02-15,792.75,765890.85,Monthly,Expired,0,2026-08-01
POL0004768,CUST004423,AGT0027,Home,2024-12-10,2026-01-03,1077.24,581296.18,Annual,Expired,0,2026-08-01
POL0004769,CUST001851,AGT0019,Medical,2023-02-08,2024-03-08,3233.97,425226.09,Monthly,Renewed,1,2026-08-01
POL0004770,CUST002686,AGT0059,Life,2023-08-18,2024-09-06,5261.89,695722.69,Monthly,Renewed,1,2026-08-01
POL0004771,CUST003974,AGT0064,Medical,2023-04-26,2024-05-14,4164.64,321295.1,Monthly,Expired,0,2026-08-01
POL0004772,CUST004664,AGT0001,Travel,2023-02-01,2023-04-21,547.41,72743.06,Quarterly,Renewed,1,2026-08-01
POL0004773,CUST001852,AGT0076,Medical,2023-06-29,2024-06-06,4588.1,499497.37,Monthly,Renewed,1,2026-08-01
POL0004774,CUST001560,AGT0051,Motor,2023-03-02,2024-02-07,1374.61,105097.01,Quarterly,Expired,0,2026-08-01
POL0004775,CUST005418,AGT0033,Medical,2026-05-18,2027-06-02,4442.83,156759.79,Monthly,Active,0,2026-08-01
POL0004776,CUST005953,AGT0061,Life,2023-04-17,2024-03-30,1404.85,1038191.65,Monthly,Renewed,1,2026-08-01
POL0004777,CUST001798,AGT0045,Medical,2023-06-21,2024-07-18,4508.55,391118.33,Quarterly,Renewed,1,2026-08-01
POL0004778,CUST000392,AGT0077,Travel,2024-09-29,2024-11-18,304.45,131974.22,Monthly,Cancelled,0,2026-08-01
POL0004779,CUST003753,AGT0001,Home,2025-02-25,2026-02-12,1341.88,90405.3,Monthly,Renewed,1,2026-08-01
POL0004780,CUST000096,AGT0043,Motor,2025-07-13,2026-07-12,2080.44,139566.59,Annual,Renewed,1,2026-08-01
POL0004781,CUST001147,AGT0057,Travel,2023-05-08,2023-06-14,357.06,88973.73,Semi-Annual,Renewed,1,2026-08-01
POL0004782,CUST003160,AGT0003,Life,2023-06-24,2024-06-03,2529.75,1117061.43,Monthly,Expired,0,2026-08-01
POL0004783,CUST002219,AGT0070,Life,2023-01-22,2024-01-18,5572.43,838317.18,Monthly,Cancelled,0,2026-08-01
POL0004784,CUST000294,AGT0028,Motor,2023-07-27,2024-07-30,1353.1,72748.49,Monthly,Cancelled,0,2026-08-01
POL0004785,CUST002109,AGT0002,Medical,2023-09-07,2024-09-16,2358.29,65805.66,Annual,Expired,0,2026-08-01
POL0004786,CUST004047,AGT0031,Home,2025-11-29,2026-11-17,1267.31,342688.59,Annual,Active,0,2026-08-01
POL0004787,CUST004502,AGT0068,Life,2025-02-11,2026-01-23,5208.81,1018383.34,Monthly,Expired,0,2026-08-01
POL0004788,CUST004515,AGT0077,Life,2023-10-25,2024-09-29,1230.04,113598.55,Semi-Annual,Renewed,1,2026-08-01
POL0004789,CUST001720,AGT0012,Motor,2023-06-04,2024-05-09,1703.44,167435.5,Monthly,Expired,0,2026-08-01
POL0004790,CUST003979,AGT0032,Medical,2025-12-18,2026-12-21,4457.82,229692.59,Annual,Cancelled,0,2026-08-01
POL0004791,CUST001965,AGT0068,Medical,2025-07-21,2026-07-04,2693.75,78305.83,Annual,Renewed,1,2026-08-01
POL0004792,CUST003906,AGT0002,Life,2023-05-05,2024-05-09,3236.18,1334772.59,Monthly,Renewed,1,2026-08-01
POL0004793,CUST000057,AGT0044,Travel,2024-12-31,2025-03-03,550.04,43492.38,Monthly,Expired,0,2026-08-01
POL0004794,CUST002457,AGT0044,Medical,2025-12-29,2027-01-17,1806.49,76231.22,Annual,Active,0,2026-08-01
POL0004795,CUST001896,AGT0030,Motor,2023-12-20,2024-11-16,2465.84,32552.84,Quarterly,Renewed,1,2026-08-01
POL0004796,CUST004004,AGT0026,Motor,2025-08-15,2026-09-08,1219.92,104481.02,Quarterly,Active,0,2026-08-01
POL0004797,CUST001633,AGT0076,Motor,2024-05-21,2025-06-16,2050.59,65745.4,Monthly,Expired,0,2026-08-01
POL0004798,CUST001800,AGT0029,Motor,2023-07-13,2024-07-06,2017.76,154690.05,Monthly,Expired,0,2026-08-01
POL0004799,CUST003268,AGT0049,Motor,2024-01-05,2025-01-05,2083.37,107291.36,Quarterly,Renewed,1,2026-08-01
POL0004800,CUST003922,AGT0061,Travel,2024-03-17,2024-05-26,723.08,56151.55,Monthly,Cancelled,0,2026-08-01
POL0004801,CUST002411,AGT0004,Medical,2023-02-21,2024-01-24,3195.48,312915.52,Monthly,Cancelled,0,2026-08-01
POL0004802,CUST005354,AGT0067,Travel,2024-03-11,2024-05-14,773.53,142723.62,Monthly,Cancelled,0,2026-08-01
POL0004803,CUST005883,AGT0062,Home,2026-06-16,2027-06-28,1216.72,787153.31,Annual,Active,0,2026-08-01
POL0004804,CUST003638,AGT0016,Motor,2023-06-24,2024-07-04,2533.75,41839.39,Monthly,Cancelled,0,2026-08-01
POL0004805,CUST003277,AGT0015,Life,2023-01-15,2023-12-29,1729.82,1320720.29,Semi-Annual,Cancelled,0,2026-08-01
POL0004806,CUST003125,AGT0046,Motor,2024-05-07,2025-06-06,2318.26,78598.75,Annual,Cancelled,0,2026-08-01
POL0004807,CUST000437,AGT0074,Motor,2026-06-11,2027-06-26,1929.67,81513.26,Annual,Active,0,2026-08-01
POL0004808,CUST002470,AGT0072,Motor,2025-06-04,2026-07-01,2397.98,100650.92,Semi-Annual,Expired,0,2026-08-01
POL0004809,CUST004857,AGT0014,Motor,2024-11-02,2025-11-25,1431.27,142913.89,Monthly,Renewed,1,2026-08-01
POL0004810,CUST004160,AGT0049,Life,2025-08-12,2026-08-21,4988.05,691530.28,Quarterly,Active,0,2026-08-01
POL0004811,CUST000320,AGT0040,Life,2023-01-14,2024-01-12,4177.13,1025485.52,Quarterly,Expired,0,2026-08-01
POL0004812,CUST000831,AGT0056,Life,2023-09-23,2024-09-12,5611.72,338181.55,Annual,Renewed,1,2026-08-01
POL0004813,CUST005024,AGT0042,Life,2026-01-06,2026-12-14,5018.96,513131.81,Annual,Active,0,2026-08-01
POL0004814,CUST004409,AGT0046,Travel,2025-08-01,2025-08-18,765.41,143218.74,Annual,Renewed,1,2026-08-01
POL0004815,CUST002433,AGT0046,Travel,2024-08-25,2024-10-08,399.43,74608.14,Monthly,Expired,0,2026-08-01
POL0004816,CUST005651,AGT0002,Travel,2023-12-15,2024-03-08,519.91,114429.73,Annual,Renewed,1,2026-08-01
POL0004817,CUST000371,AGT0043,Life,2023-10-25,2024-10-26,6131.22,211336.21,Semi-Annual,Expired,0,2026-08-01
POL0004818,CUST004570,AGT0012,Medical,2023-02-25,2024-02-21,3340.57,63638.95,Annual,Expired,0,2026-08-01
POL0004819,CUST005865,AGT0036,Medical,2026-02-27,2027-02-15,2794.41,73698.37,Annual,Active,0,2026-08-01
POL0004820,CUST002624,AGT0044,Medical,2023-09-12,2024-09-02,2963.04,365644.27,Annual,Renewed,1,2026-08-01
POL0004821,CUST002973,AGT0058,Motor,2025-11-30,2026-12-15,2190.46,29076.16,Monthly,Active,0,2026-08-01
POL0004822,CUST001275,AGT0068,Travel,2024-03-23,2024-05-11,802.42,98262.86,Monthly,Renewed,1,2026-08-01
POL0004823,CUST005129,AGT0013,Home,2026-04-03,2027-03-16,605.89,285566.35,Monthly,Active,0,2026-08-01
POL0004824,CUST004354,AGT0047,Home,2023-02-16,2024-02-23,674.82,195099.38,Quarterly,Renewed,1,2026-08-01
POL0004825,CUST002524,AGT0063,Motor,2024-11-06,2025-11-26,1147.36,130837.33,Annual,Expired,0,2026-08-01
POL0004826,CUST001408,AGT0027,Motor,2023-05-05,2024-04-25,1139.45,107027.61,Monthly,Expired,0,2026-08-01
POL0004827,CUST002770,AGT0003,Motor,2023-01-03,2023-12-27,911.87,162598.36,Annual,Renewed,1,2026-08-01
POL0004828,CUST002712,AGT0075,Travel,2024-04-10,2024-06-27,690.14,114539.17,Semi-Annual,Expired,0,2026-08-01
POL0004829,CUST002175,AGT0068,Life,2025-04-12,2026-04-15,3168.46,551812.96,Annual,Renewed,1,2026-08-01
POL0004830,CUST005036,AGT0057,Life,2026-04-23,2027-05-18,3662.99,277188.94,Annual,Active,0,2026-08-01
POL0004831,CUST002214,AGT0060,Home,2023-07-17,2024-06-14,1598.27,602542.74,Quarterly,Renewed,1,2026-08-01
POL0004832,CUST000686,AGT0025,Motor,2025-04-10,2026-04-29,2448.59,75589.15,Monthly,Renewed,1,2026-08-01
POL0004833,CUST004761,AGT0064,Medical,2025-11-14,2026-10-23,3290.33,124485.69,Quarterly,Cancelled,0,2026-08-01
POL0004834,CUST004382,AGT0080,Travel,2026-05-06,2026-07-24,136.94,94494.78,Quarterly,Renewed,1,2026-08-01
POL0004835,CUST000185,AGT0024,Motor,2023-12-31,2024-12-23,1621.35,125873.8,Annual,Expired,0,2026-08-01
POL0004836,CUST004174,AGT0038,Medical,2023-02-18,2024-02-16,4836.51,178499.88,Monthly,Expired,0,2026-08-01
POL0004837,CUST002940,AGT0068,Medical,2026-06-04,2027-06-17,4787.36,374759.92,Monthly,Cancelled,0,2026-08-01
POL0004838,CUST004042,AGT0018,Life,2026-02-08,2027-01-15,3085.56,195311.88,Annual,Cancelled,0,2026-08-01
POL0004839,CUST001594,AGT0056,Home,2023-11-28,2024-12-26,1756.5,678349.38,Annual,Renewed,1,2026-08-01
POL0004840,CUST001069,AGT0003,Motor,2023-06-27,2024-07-16,1383.8,36909.01,Annual,Renewed,1,2026-08-01
POL0004841,CUST003341,AGT0078,Medical,2024-11-28,2025-10-28,4419.8,360814.61,Annual,Renewed,1,2026-08-01
POL0004842,CUST000326,AGT0006,Home,2023-11-06,2024-11-07,1704.37,436864.61,Quarterly,Expired,0,2026-08-01
POL0004843,CUST001292,AGT0002,Medical,2025-01-06,2026-02-01,1545.79,118333.29,Annual,Renewed,1,2026-08-01
POL0004844,CUST000267,AGT0034,Life,2023-05-12,2024-04-08,2894.81,129527.36,Annual,Expired,0,2026-08-01
POL0004845,CUST002093,AGT0064,Home,2026-04-27,2027-04-12,1141.4,773184.78,Monthly,Active,0,2026-08-01
POL0004846,CUST005438,AGT0017,Motor,2024-06-21,2025-06-16,1463.84,160756.77,Semi-Annual,Renewed,1,2026-08-01
POL0004847,CUST003200,AGT0050,Motor,2023-07-03,2024-07-31,2562.62,79201.44,Quarterly,Renewed,1,2026-08-01
POL0004848,CUST004432,AGT0028,Motor,2023-09-22,2024-09-22,1525.72,125492.38,Annual,Renewed,1,2026-08-01
POL0004849,CUST004451,AGT0080,Motor,2025-05-18,2026-04-15,2308.38,159152.67,Monthly,Renewed,1,2026-08-01
POL0004850,CUST000759,AGT0038,Medical,2025-08-24,2026-08-30,1830.97,90310.41,Annual,Active,0,2026-08-01
POL0004851,CUST005676,AGT0036,Motor,2023-05-19,2024-05-16,2569.63,100957.87,Quarterly,Renewed,1,2026-08-01
POL0004852,CUST000926,AGT0002,Medical,2025-09-13,2026-09-17,4066.28,241198.15,Monthly,Active,0,2026-08-01
POL0004853,CUST001459,AGT0023,Life,2026-05-07,2027-05-23,1280.9,401772.35,Annual,Active,0,2026-08-01
POL0004854,CUST003934,AGT0002,Motor,2024-01-15,2024-12-16,1110.26,60125.07,Monthly,Renewed,1,2026-08-01
POL0004855,CUST002898,AGT0071,Medical,2025-03-17,2026-03-05,1429.42,463076.32,Annual,Renewed,1,2026-08-01
POL0004856,CUST001290,AGT0039,Motor,2025-11-11,2026-10-15,1864.78,131185.51,Annual,Active,0,2026-08-01
POL0004857,CUST002092,AGT0027,Life,2026-05-16,2027-06-14,6036.26,974303.3,Monthly,Active,0,2026-08-01
POL0004858,CUST002452,AGT0020,Medical,2023-08-02,2024-08-27,4297.88,341262.78,Monthly,Expired,0,2026-08-01
POL0004859,CUST003637,AGT0057,Motor,2026-03-07,2027-04-02,1840.78,86114.34,Annual,Active,0,2026-08-01
POL0004860,CUST004744,AGT0052,Home,2023-02-22,2024-02-04,1225.7,725819.84,Quarterly,Cancelled,0,2026-08-01
POL0004861,CUST002199,AGT0027,Travel,2024-12-25,2025-01-17,805.12,116957.12,Monthly,Renewed,1,2026-08-01
POL0004862,CUST002355,AGT0023,Life,2023-08-04,2024-07-29,3824.03,710790.22,Quarterly,Renewed,1,2026-08-01
POL0004863,CUST000582,AGT0076,Life,2023-05-29,2024-04-23,5552.74,305432.1,Monthly,Renewed,1,2026-08-01
POL0004864,CUST005731,AGT0005,Medical,2023-11-18,2024-12-08,1408.04,93852.78,Monthly,Renewed,1,2026-08-01
POL0004865,CUST003687,AGT0043,Motor,2023-07-24,2024-06-29,952.12,147186.76,Monthly,Renewed,1,2026-08-01
POL0004866,CUST001560,AGT0078,Medical,2023-03-07,2024-03-16,1721.49,366253.9,Annual,Cancelled,0,2026-08-01
POL0004867,CUST000214,AGT0026,Travel,2024-01-28,2024-02-04,816.75,78477.36,Annual,Cancelled,0,2026-08-01
POL0004868,CUST005698,AGT0005,Home,2023-05-24,2024-04-26,1439.49,191602.31,Annual,Renewed,1,2026-08-01
POL0004869,CUST000259,AGT0066,Life,2024-05-15,2025-05-24,6487.06,1182746.26,Monthly,Renewed,1,2026-08-01
POL0004870,CUST001093,AGT0073,Medical,2024-01-31,2024-12-29,2427.65,211615.54,Annual,Cancelled,0,2026-08-01
POL0004871,CUST005306,AGT0005,Life,2024-11-11,2025-10-16,2171.3,1187403.43,Semi-Annual,Cancelled,0,2026-08-01
POL0004872,CUST002029,AGT0031,Life,2026-01-19,2026-12-28,1547.56,1078925.58,Semi-Annual,Active,0,2026-08-01
POL0004873,CUST005222,AGT0008,Motor,2023-07-03,2024-06-28,1588.23,168809.85,Monthly,Expired,0,2026-08-01
POL0004874,CUST003303,AGT0072,Medical,2026-01-23,2027-01-02,5081.83,80532.35,Monthly,Active,0,2026-08-01
POL0004875,CUST003377,AGT0067,Motor,2024-12-05,2025-11-12,875.61,122941.46,Monthly,Expired,0,2026-08-01
POL0004876,CUST005593,AGT0066,Medical,2026-07-22,2027-06-29,4894.05,406646.76,Monthly,Active,0,2026-08-01
POL0004877,CUST000109,AGT0026,Travel,2024-06-16,2024-08-13,278.05,57891.74,Quarterly,Renewed,1,2026-08-01
POL0004878,CUST002087,AGT0058,Medical,2023-05-09,2024-05-26,1240.91,381617.13,Monthly,Renewed,1,2026-08-01
POL0004879,CUST002059,AGT0015,Life,2023-10-02,2024-09-15,2202.47,516875.81,Quarterly,Renewed,1,2026-08-01
POL0004880,CUST004397,AGT0012,Medical,2023-01-03,2024-01-10,1415.73,335729.14,Annual,Expired,0,2026-08-01
POL0004881,CUST002078,AGT0047,Motor,2026-02-06,2027-02-17,2023.93,128884.89,Quarterly,Active,0,2026-08-01
POL0004882,CUST005283,AGT0078,Life,2025-01-09,2025-12-21,6743.28,1353124.42,Quarterly,Expired,0,2026-08-01
POL0004883,CUST004326,AGT0021,Life,2026-02-26,2027-03-01,6933.39,1431263.2,Annual,Active,0,2026-08-01
POL0004884,CUST005447,AGT0038,Travel,2025-02-27,2025-05-11,115.99,149587.47,Semi-Annual,Cancelled,0,2026-08-01
POL0004885,CUST004872,AGT0079,Life,2026-05-05,2027-04-24,4373.51,1071397.87,Semi-Annual,Active,0,2026-08-01
POL0004886,CUST004483,AGT0035,Travel,2023-11-05,2023-11-29,403.46,95260.81,Monthly,Expired,0,2026-08-01
POL0004887,CUST002126,AGT0066,Motor,2024-03-09,2025-03-24,1303.13,129253.31,Semi-Annual,Renewed,1,2026-08-01
POL0004888,CUST004366,AGT0055,Life,2025-11-07,2026-10-27,4322.89,1146196.97,Quarterly,Active,0,2026-08-01
POL0004889,CUST002531,AGT0072,Medical,2025-12-10,2026-11-12,2030.75,417086.02,Annual,Active,0,2026-08-01
POL0004890,CUST002060,AGT0027,Life,2026-06-03,2027-06-14,2591.55,507300.82,Annual,Active,0,2026-08-01
POL0004891,CUST001348,AGT0067,Life,2026-03-05,2027-03-16,6740.19,1092418.95,Annual,Active,0,2026-08-01
POL0004892,CUST005376,AGT0066,Motor,2024-03-09,2025-02-08,2147.5,50727.57,Semi-Annual,Renewed,1,2026-08-01
POL0004893,CUST004368,AGT0071,Medical,2025-06-01,2026-05-08,4215.8,96375.67,Monthly,Renewed,1,2026-08-01
POL0004894,CUST000296,AGT0073,Life,2026-05-21,2027-05-04,4164.04,1210485.43,Semi-Annual,Active,0,2026-08-01
POL0004895,CUST002095,AGT0028,Motor,2023-12-13,2024-11-12,1565.04,112832.11,Annual,Expired,0,2026-08-01
POL0004896,CUST003482,AGT0067,Life,2023-05-17,2024-06-01,3420.88,766371.16,Monthly,Expired,0,2026-08-01
POL0004897,CUST004233,AGT0054,Travel,2024-10-19,2025-01-11,167.95,71770.46,Monthly,Renewed,1,2026-08-01
POL0004898,CUST001842,AGT0008,Motor,2024-09-13,2025-10-03,2551.25,60903.66,Monthly,Renewed,1,2026-08-01
POL0004899,CUST004242,AGT0073,Life,2025-06-26,2026-06-02,5117.94,920673.22,Annual,Renewed,1,2026-08-01
POL0004900,CUST001635,AGT0058,Travel,2023-09-15,2023-10-05,461.11,31073.68,Monthly,Renewed,1,2026-08-01
POL0004901,CUST000938,AGT0055,Motor,2024-08-09,2025-07-22,1933.9,131472.4,Annual,Renewed,1,2026-08-01
POL0004902,CUST000524,AGT0006,Motor,2025-02-02,2026-01-28,2594.95,98014.72,Annual,Expired,0,2026-08-01
POL0004903,CUST005313,AGT0080,Life,2025-01-31,2025-12-27,2651.33,982786.87,Semi-Annual,Renewed,1,2026-08-01
POL0004904,CUST003946,AGT0078,Life,2023-04-03,2024-03-12,6296.71,144226.77,Monthly,Renewed,1,2026-08-01
POL0004905,CUST004948,AGT0070,Travel,2023-05-14,2023-07-05,139.32,68662.6,Quarterly,Renewed,1,2026-08-01
POL0004906,CUST003218,AGT0027,Life,2024-10-21,2025-10-29,1232.43,659502.93,Monthly,Renewed,1,2026-08-01
POL0004907,CUST003499,AGT0006,Life,2024-04-29,2025-05-14,6490.46,908922.06,Quarterly,Renewed,1,2026-08-01
POL0004908,CUST001747,AGT0060,Medical,2023-08-15,2024-08-06,1363.69,455844.17,Monthly,Expired,0,2026-08-01
POL0004909,CUST000518,AGT0041,Motor,2025-11-18,2026-10-15,2035.18,134675.98,Quarterly,Active,0,2026-08-01
POL0004910,CUST004291,AGT0021,Life,2024-06-29,2025-07-28,3976.95,1228545.28,Monthly,Expired,0,2026-08-01
POL0004911,CUST001004,AGT0023,Motor,2025-01-26,2026-01-25,1539.53,141396.66,Quarterly,Expired,0,2026-08-01
POL0004912,CUST005249,AGT0054,Home,2025-06-18,2026-07-13,1784.72,240398.94,Quarterly,Expired,0,2026-08-01
POL0004913,CUST000554,AGT0071,Motor,2025-08-05,2026-08-25,1381.67,102157.68,Annual,Cancelled,0,2026-08-01
POL0004914,CUST005862,AGT0047,Motor,2024-03-12,2025-02-13,968.07,137601.51,Annual,Renewed,1,2026-08-01
POL0004915,CUST002782,AGT0075,Travel,2023-02-01,2023-03-30,253.01,89657.85,Semi-Annual,Renewed,1,2026-08-01
POL0004916,CUST001697,AGT0046,Motor,2024-12-07,2025-12-14,2534.57,171910.07,Monthly,Expired,0,2026-08-01
POL0004917,CUST001594,AGT0046,Medical,2023-11-10,2024-11-27,4929.01,283141.29,Monthly,Renewed,1,2026-08-01
POL0004918,CUST004067,AGT0029,Home,2026-06-23,2027-07-04,738.01,529233.29,Annual,Cancelled,0,2026-08-01
POL0004919,CUST004985,AGT0005,Travel,2026-03-15,2026-05-19,491.34,35579.79,Semi-Annual,Expired,0,2026-08-01
POL0004920,CUST002853,AGT0021,Motor,2026-02-18,2027-01-20,1864.12,32659.08,Semi-Annual,Active,0,2026-08-01
POL0004921,CUST002616,AGT0028,Motor,2025-10-19,2026-10-02,2563.16,29417.44,Monthly,Active,0,2026-08-01
POL0004922,CUST005273,AGT0050,Life,2026-07-27,2027-07-05,4814.49,309503.81,Annual,Active,0,2026-08-01
POL0004923,CUST002713,AGT0016,Medical,2026-06-03,2027-06-02,4568.4,352356.03,Monthly,Active,0,2026-08-01
POL0004924,CUST001985,AGT0041,Motor,2023-08-20,2024-09-18,1060.7,48495.06,Quarterly,Expired,0,2026-08-01
POL0004925,CUST005532,AGT0043,Motor,2025-03-14,2026-03-12,1688.37,37287.62,Monthly,Cancelled,0,2026-08-01
POL0004926,CUST004816,AGT0041,Travel,2024-10-07,2024-11-18,663.6,99663.35,Monthly,Expired,0,2026-08-01
POL0004927,CUST003467,AGT0079,Medical,2023-02-11,2024-02-25,1175.99,436255.85,Monthly,Renewed,1,2026-08-01
POL0004928,CUST000067,AGT0016,Travel,2025-10-22,2025-12-21,401.14,24291.89,Monthly,Expired,0,2026-08-01
POL0004929,CUST002325,AGT0028,Motor,2023-05-24,2024-06-17,2501.03,100983.37,Monthly,Renewed,1,2026-08-01
POL0004930,CUST005866,AGT0030,Life,2026-04-29,2027-04-22,5725.46,368371.79,Monthly,Active,0,2026-08-01
POL0004931,CUST005901,AGT0059,Medical,2025-06-28,2026-07-10,1583.92,461480.11,Monthly,Renewed,1,2026-08-01
POL0004932,CUST004040,AGT0053,Medical,2023-11-11,2024-10-11,3054.91,238329.97,Quarterly,Renewed,1,2026-08-01
POL0004933,CUST002775,AGT0067,Life,2023-02-17,2024-02-13,3866.57,1006145.08,Monthly,Expired,0,2026-08-01
POL0004934,CUST005158,AGT0043,Motor,2026-07-14,2027-07-07,1016.85,89557.7,Monthly,Active,0,2026-08-01
POL0004935,CUST003479,AGT0067,Travel,2025-11-22,2025-12-21,304.03,126316.66,Monthly,Cancelled,0,2026-08-01
POL0004936,CUST000360,AGT0003,Life,2024-07-30,2025-08-14,2247.93,789768.56,Quarterly,Renewed,1,2026-08-01
POL0004937,CUST002293,AGT0012,Motor,2025-11-17,2026-10-13,2579.09,171342.83,Semi-Annual,Active,0,2026-08-01
POL0004938,CUST001944,AGT0049,Life,2025-10-06,2026-09-21,4126.84,602508.59,Monthly,Cancelled,0,2026-08-01
POL0004939,CUST004016,AGT0019,Home,2025-03-10,2026-03-04,530.85,671603.21,Quarterly,Renewed,1,2026-08-01
POL0004940,CUST001318,AGT0024,Medical,2024-11-08,2025-11-15,2963.07,89879.54,Annual,Expired,0,2026-08-01
POL0004941,CUST004655,AGT0018,Medical,2023-02-27,2024-01-30,1378.67,122934.55,Quarterly,Cancelled,0,2026-08-01
POL0004942,CUST001460,AGT0012,Travel,2024-01-24,2024-02-07,724.88,88849.81,Quarterly,Renewed,1,2026-08-01
POL0004943,CUST003772,AGT0024,Motor,2024-02-10,2025-02-22,1950.85,61490.51,Quarterly,Renewed,1,2026-08-01
POL0004944,CUST001806,AGT0074,Life,2023-05-23,2024-05-22,4220.87,182541.49,Monthly,Expired,0,2026-08-01
POL0004945,CUST001491,AGT0004,Motor,2025-07-15,2026-07-31,2113.82,59630.26,Quarterly,Cancelled,0,2026-08-01
POL0004946,CUST004231,AGT0080,Life,2023-07-31,2024-07-28,2992.92,479240.43,Monthly,Expired,0,2026-08-01
POL0004947,CUST005654,AGT0044,Medical,2023-12-05,2025-01-03,2709.46,330418.58,Monthly,Renewed,1,2026-08-01
POL0004948,CUST004800,AGT0062,Motor,2025-04-26,2026-03-25,962.8,46588.58,Annual,Renewed,1,2026-08-01
POL0004949,CUST003071,AGT0060,Travel,2024-11-10,2024-11-25,250.78,140686.18,Monthly,Renewed,1,2026-08-01
POL0004950,CUST005488,AGT0005,Medical,2024-12-24,2026-01-05,1136.82,179143.44,Quarterly,Expired,0,2026-08-01
POL0004951,CUST004957,AGT0021,Medical,2026-01-21,2026-12-22,1438.22,483619.91,Semi-Annual,Active,0,2026-08-01
POL0004952,CUST005508,AGT0070,Life,2024-07-19,2025-07-28,4995.2,692951.76,Annual,Expired,0,2026-08-01
POL0004953,CUST000053,AGT0052,Medical,2025-03-18,2026-02-20,1948.16,379505.88,Semi-Annual,Expired,0,2026-08-01
POL0004954,CUST004880,AGT0030,Motor,2025-03-29,2026-04-02,812.14,128524.68,Annual,Renewed,1,2026-08-01
POL0004955,CUST003107,AGT0044,Life,2023-06-13,2024-07-06,2335.31,493474.99,Monthly,Renewed,1,2026-08-01
POL0004956,CUST004191,AGT0035,Home,2024-10-25,2025-10-06,761.34,443737.14,Monthly,Renewed,1,2026-08-01
POL0004957,CUST005614,AGT0008,Motor,2024-12-18,2025-11-25,1054.44,56686.0,Quarterly,Expired,0,2026-08-01
POL0004958,CUST003118,AGT0075,Travel,2023-07-04,2023-09-20,228.29,134993.88,Quarterly,Expired,0,2026-08-01
POL0004959,CUST004130,AGT0020,Life,2023-06-17,2024-06-04,6859.74,1340858.7,Monthly,Expired,0,2026-08-01
POL0004960,CUST005897,AGT0070,Motor,2023-12-08,2024-12-24,843.26,77565.56,Annual,Renewed,1,2026-08-01
POL0004961,CUST000686,AGT0020,Life,2024-07-10,2025-06-13,4476.37,672146.69,Quarterly,Cancelled,0,2026-08-01
POL0004962,CUST004454,AGT0049,Medical,2024-07-18,2025-08-04,4292.1,186236.34,Semi-Annual,Renewed,1,2026-08-01
POL0004963,CUST004260,AGT0040,Travel,2023-10-26,2023-11-21,835.37,58871.92,Annual,Expired,0,2026-08-01
POL0004964,CUST001143,AGT0071,Life,2024-06-03,2025-06-17,3279.51,222490.28,Monthly,Expired,0,2026-08-01
POL0004965,CUST000091,AGT0051,Motor,2024-01-16,2024-12-30,1348.37,122379.49,Monthly,Expired,0,2026-08-01
POL0004966,CUST003796,AGT0048,Motor,2026-03-25,2027-04-06,1562.1,142896.04,Annual,Active,0,2026-08-01
POL0004967,CUST002213,AGT0025,Medical,2025-05-07,2026-04-26,3637.1,203338.67,Quarterly,Expired,0,2026-08-01
POL0004968,CUST001881,AGT0070,Medical,2026-05-16,2027-05-09,2848.88,275798.29,Annual,Active,0,2026-08-01
POL0004969,CUST001421,AGT0011,Home,2025-04-28,2026-05-12,794.5,98030.74,Monthly,Cancelled,0,2026-08-01
POL0004970,CUST003268,AGT0041,Travel,2024-11-29,2025-02-02,780.54,101896.4,Quarterly,Renewed,1,2026-08-01
POL0004971,CUST001512,AGT0022,Travel,2024-10-02,2024-11-03,384.73,62246.59,Annual,Expired,0,2026-08-01
POL0004972,CUST000447,AGT0037,Medical,2023-12-14,2025-01-11,1781.32,116497.76,Semi-Annual,Expired,0,2026-08-01
POL0004973,CUST000249,AGT0004,Motor,2023-08-21,2024-08-24,2593.12,21780.28,Monthly,Cancelled,0,2026-08-01
POL0004974,CUST001558,AGT0056,Life,2025-11-10,2026-11-30,4483.82,697706.34,Semi-Annual,Active,0,2026-08-01
POL0004975,CUST003703,AGT0060,Motor,2024-05-24,2025-04-22,2331.23,127166.02,Quarterly,Expired,0,2026-08-01
POL0004976,CUST003169,AGT0056,Motor,2023-08-26,2024-08-03,1377.6,58398.26,Annual,Expired,0,2026-08-01
POL0004977,CUST004452,AGT0056,Motor,2024-06-29,2025-06-08,1216.58,46867.6,Semi-Annual,Renewed,1,2026-08-01
POL0004978,CUST003594,AGT0003,Home,2024-10-05,2025-09-21,585.01,582657.1,Monthly,Renewed,1,2026-08-01
POL0004979,CUST001752,AGT0054,Life,2025-05-26,2026-05-09,5580.47,930936.16,Quarterly,Renewed,1,2026-08-01
POL0004980,CUST005507,AGT0027,Motor,2026-07-23,2027-08-03,2539.99,68794.44,Monthly,Active,0,2026-08-01
POL0004981,CUST003522,AGT0050,Home,2026-06-27,2027-07-27,1712.12,777567.03,Annual,Active,0,2026-08-01
POL0004982,CUST003713,AGT0052,Travel,2026-02-17,2026-03-22,618.66,97615.71,Annual,Renewed,1,2026-08-01
POL0004983,CUST002985,AGT0024,Life,2025-12-17,2026-11-26,5393.34,1241381.21,Semi-Annual,Active,0,2026-08-01
POL0004984,CUST002540,AGT0011,Motor,2026-04-29,2027-05-25,1276.92,167812.11,Quarterly,Active,0,2026-08-01
POL0004985,CUST005959,AGT0010,Medical,2025-07-24,2026-07-13,2576.22,353809.12,Monthly,Expired,0,2026-08-01
POL0004986,CUST002337,AGT0036,Motor,2023-05-08,2024-05-18,919.28,66766.09,Monthly,Expired,0,2026-08-01
POL0004987,CUST004874,AGT0048,Life,2023-11-09,2024-10-16,4464.72,1048291.82,Annual,Expired,0,2026-08-01
POL0004988,CUST000504,AGT0001,Life,2024-08-27,2025-09-20,6759.7,689428.12,Monthly,Expired,0,2026-08-01
POL0004989,CUST005677,AGT0059,Motor,2025-10-22,2026-10-18,1995.63,49026.08,Annual,Active,0,2026-08-01
POL0004990,CUST004542,AGT0020,Medical,2025-10-02,2026-10-24,2814.75,128445.72,Annual,Active,0,2026-08-01
POL0004991,CUST004946,AGT0065,Medical,2026-02-21,2027-01-17,2284.63,119141.19,Monthly,Active,0,2026-08-01
POL0004992,CUST001917,AGT0056,Travel,2023-07-23,2023-10-21,450.16,80453.22,Annual,Renewed,1,2026-08-01
POL0004993,CUST003947,AGT0059,Motor,2025-02-19,2026-03-09,1422.24,115108.33,Monthly,Cancelled,0,2026-08-01
POL0004994,CUST004534,AGT0017,Life,2025-10-02,2026-09-06,6564.16,1464367.08,Annual,Active,0,2026-08-01
POL0004995,CUST000427,AGT0053,Home,2024-05-29,2025-06-21,1364.47,632065.0,Monthly,Renewed,1,2026-08-01
POL0004996,CUST003896,AGT0055,Life,2024-03-22,2025-04-07,2711.81,424835.61,Annual,Renewed,1,2026-08-01
POL0004997,CUST005148,AGT0066,Medical,2025-05-13,2026-05-10,2830.05,425872.42,Quarterly,Renewed,1,2026-08-01
POL0004998,CUST005088,AGT0046,Life,2026-03-05,2027-03-30,1274.11,1477478.84,Quarterly,Active,0,2026-08-01
POL0004999,CUST004567,AGT0061,Travel,2024-08-17,2024-11-09,77.23,73680.11,Semi-Annual,Renewed,1,2026-08-01
POL0005000,CUST005361,AGT0037,Travel,2024-06-29,2024-09-11,411.76,134416.9,Annual,Renewed,1,2026-08-01
POL0005001,CUST001693,AGT0076,Motor,2023-04-10,2024-03-05,1586.13,139073.51,Monthly,Renewed,1,2026-08-01
POL0005002,CUST004134,AGT0057,Motor,2023-11-24,2024-11-03,821.27,70577.24,Annual,Renewed,1,2026-08-01
POL0005003,CUST001617,AGT0001,Motor,2023-04-15,2024-04-07,1460.58,21082.57,Annual,Renewed,1,2026-08-01
POL0005004,CUST005178,AGT0064,Motor,2026-04-13,2027-04-23,1289.27,131722.28,Monthly,Active,0,2026-08-01
POL0005005,CUST003146,AGT0012,Life,2026-01-07,2026-12-14,2821.96,1451474.28,Monthly,Active,0,2026-08-01
POL0005006,CUST004967,AGT0006,Motor,2025-07-20,2026-07-04,1406.16,41693.1,Monthly,Expired,0,2026-08-01
POL0005007,CUST001699,AGT0047,Life,2023-10-08,2024-09-27,4668.13,1381192.56,Quarterly,Expired,0,2026-08-01
POL0005008,CUST001842,AGT0040,Life,2024-08-28,2025-08-27,5401.74,389774.81,Annual,Expired,0,2026-08-01
POL0005009,CUST005824,AGT0033,Medical,2023-01-16,2024-01-08,2645.04,293682.91,Annual,Expired,0,2026-08-01
POL0005010,CUST005426,AGT0034,Motor,2026-06-10,2027-06-03,2566.91,108414.47,Monthly,Active,0,2026-08-01
POL0005011,CUST001162,AGT0028,Motor,2023-03-11,2024-03-19,1847.54,55326.31,Monthly,Renewed,1,2026-08-01
POL0005012,CUST002321,AGT0074,Motor,2025-02-26,2026-03-07,2047.95,23832.34,Annual,Renewed,1,2026-08-01
POL0005013,CUST000921,AGT0060,Home,2024-10-10,2025-10-27,978.65,222452.5,Monthly,Renewed,1,2026-08-01
POL0005014,CUST003818,AGT0064,Motor,2025-02-06,2026-03-05,2491.22,82481.62,Semi-Annual,Cancelled,0,2026-08-01
POL0005015,CUST000262,AGT0043,Motor,2023-04-19,2024-05-15,1769.76,50270.58,Quarterly,Cancelled,0,2026-08-01
POL0005016,CUST000156,AGT0060,Motor,2024-04-17,2025-05-08,2140.83,127355.64,Semi-Annual,Renewed,1,2026-08-01
POL0005017,CUST003316,AGT0043,Life,2025-12-18,2026-12-02,4220.4,783265.98,Monthly,Active,0,2026-08-01
POL0005018,CUST005372,AGT0073,Life,2025-12-26,2027-01-04,6230.34,595689.39,Monthly,Active,0,2026-08-01
POL0005019,CUST004442,AGT0004,Home,2024-06-11,2025-06-21,1447.22,270942.92,Monthly,Expired,0,2026-08-01
POL0005020,CUST004175,AGT0064,Motor,2025-02-03,2026-02-12,2285.14,125964.98,Annual,Expired,0,2026-08-01
POL0005021,CUST003519,AGT0037,Motor,2025-11-12,2026-12-02,913.53,162700.24,Annual,Active,0,2026-08-01
POL0005022,CUST001086,AGT0026,Travel,2025-03-23,2025-06-10,512.16,104600.61,Annual,Cancelled,0,2026-08-01
POL0005023,CUST001250,AGT0049,Motor,2024-06-30,2025-06-21,1741.11,85434.02,Semi-Annual,Cancelled,0,2026-08-01
POL0005024,CUST003703,AGT0074,Medical,2026-05-08,2027-04-17,2636.58,62566.65,Quarterly,Active,0,2026-08-01
POL0005025,CUST005541,AGT0023,Home,2026-07-23,2027-07-25,716.62,728006.88,Monthly,Active,0,2026-08-01
POL0005026,CUST000287,AGT0039,Life,2023-12-19,2024-12-22,5941.81,834567.27,Semi-Annual,Renewed,1,2026-08-01
POL0005027,CUST002276,AGT0020,Medical,2023-03-05,2024-03-14,2215.72,79447.89,Monthly,Cancelled,0,2026-08-01
POL0005028,CUST001132,AGT0066,Home,2025-10-30,2026-09-28,1150.98,676378.22,Semi-Annual,Active,0,2026-08-01
POL0005029,CUST000845,AGT0045,Motor,2023-05-21,2024-04-20,1694.55,56809.6,Monthly,Renewed,1,2026-08-01
POL0005030,CUST002121,AGT0024,Motor,2025-11-25,2026-12-08,1718.04,67820.86,Monthly,Active,0,2026-08-01
POL0005031,CUST001147,AGT0073,Motor,2025-10-15,2026-10-21,2480.84,124178.29,Semi-Annual,Active,0,2026-08-01
POL0005032,CUST001472,AGT0019,Motor,2023-03-24,2024-04-05,2407.95,50196.14,Annual,Renewed,1,2026-08-01
POL0005033,CUST002630,AGT0010,Medical,2024-12-17,2025-12-17,3474.11,194841.04,Quarterly,Expired,0,2026-08-01
POL0005034,CUST004460,AGT0021,Travel,2025-08-02,2025-08-27,220.28,110696.77,Monthly,Expired,0,2026-08-01
POL0005035,CUST003267,AGT0025,Home,2023-04-16,2024-03-31,577.34,338501.19,Annual,Renewed,1,2026-08-01
POL0005036,CUST003262,AGT0021,Life,2025-12-21,2026-12-20,1833.1,228391.63,Quarterly,Active,0,2026-08-01
POL0005037,CUST003609,AGT0005,Home,2023-05-23,2024-06-21,992.91,162037.72,Annual,Expired,0,2026-08-01
POL0005038,CUST001353,AGT0079,Medical,2024-12-02,2025-12-31,1796.46,293560.47,Annual,Renewed,1,2026-08-01
POL0005039,CUST000440,AGT0027,Motor,2023-01-27,2023-12-28,1600.71,179743.63,Monthly,Expired,0,2026-08-01
POL0005040,CUST000170,AGT0077,Motor,2023-05-26,2024-04-28,1428.61,103709.08,Monthly,Expired,0,2026-08-01
POL0005041,CUST005205,AGT0056,Medical,2025-08-17,2026-09-13,1132.66,489834.69,Quarterly,Active,0,2026-08-01
POL0005042,CUST005257,AGT0065,Medical,2023-04-14,2024-04-16,4313.95,457950.02,Monthly,Renewed,1,2026-08-01
POL0005043,CUST002019,AGT0026,Motor,2026-03-20,2027-03-27,2510.72,160383.6,Monthly,Active,0,2026-08-01
POL0005044,CUST004705,AGT0053,Home,2023-01-31,2023-12-27,909.27,446687.96,Quarterly,Expired,0,2026-08-01
POL0005045,CUST001557,AGT0032,Motor,2025-03-30,2026-02-26,1364.46,110437.74,Monthly,Expired,0,2026-08-01
POL0005046,CUST001831,AGT0030,Life,2024-04-23,2025-05-03,1485.54,989010.0,Monthly,Expired,0,2026-08-01
POL0005047,CUST004126,AGT0075,Motor,2025-03-02,2026-02-06,832.21,21365.7,Semi-Annual,Renewed,1,2026-08-01
POL0005048,CUST005565,AGT0069,Medical,2025-03-22,2026-04-07,3664.54,69668.97,Annual,Renewed,1,2026-08-01
POL0005049,CUST003682,AGT0028,Life,2025-04-21,2026-05-07,4329.58,1443323.67,Annual,Expired,0,2026-08-01
POL0005050,CUST005757,AGT0001,Motor,2025-01-15,2026-02-12,2212.41,90361.01,Quarterly,Cancelled,0,2026-08-01
POL0005051,CUST005957,AGT0044,Motor,2026-06-02,2027-05-10,1780.19,153704.75,Semi-Annual,Active,0,2026-08-01
POL0005052,CUST000178,AGT0077,Life,2024-10-28,2025-10-17,2321.41,271572.33,Monthly,Renewed,1,2026-08-01
POL0005053,CUST002463,AGT0075,Life,2026-01-18,2026-12-17,6205.05,460779.92,Annual,Active,0,2026-08-01
POL0005054,CUST002830,AGT0038,Medical,2024-06-29,2025-06-29,4727.65,73569.77,Quarterly,Cancelled,0,2026-08-01
POL0005055,CUST001100,AGT0041,Medical,2025-03-09,2026-03-10,4278.25,393097.04,Monthly,Expired,0,2026-08-01
POL0005056,CUST001280,AGT0069,Motor,2025-06-08,2026-05-10,2512.78,61384.37,Quarterly,Expired,0,2026-08-01
POL0005057,CUST005837,AGT0014,Motor,2024-05-21,2025-06-20,2376.48,146549.31,Annual,Renewed,1,2026-08-01
POL0005058,CUST001076,AGT0022,Travel,2026-02-28,2026-04-01,430.0,121268.18,Monthly,Renewed,1,2026-08-01
POL0005059,CUST002893,AGT0012,Motor,2023-12-21,2024-12-10,2315.08,36458.07,Annual,Renewed,1,2026-08-01
POL0005060,CUST002890,AGT0048,Medical,2025-12-16,2027-01-02,4071.04,178598.5,Monthly,Active,0,2026-08-01
POL0005061,CUST003970,AGT0072,Life,2023-09-06,2024-08-30,4058.66,849968.12,Annual,Expired,0,2026-08-01
POL0005062,CUST003287,AGT0026,Travel,2025-07-23,2025-08-12,384.31,124868.64,Quarterly,Expired,0,2026-08-01
POL0005063,CUST000254,AGT0071,Motor,2025-12-23,2027-01-08,2054.29,147661.63,Annual,Active,0,2026-08-01
POL0005064,CUST002706,AGT0041,Life,2024-01-18,2025-02-05,1612.11,854742.07,Annual,Expired,0,2026-08-01
POL0005065,CUST002016,AGT0021,Life,2023-12-01,2024-12-04,5128.73,1073346.33,Monthly,Renewed,1,2026-08-01
POL0005066,CUST000771,AGT0077,Motor,2026-05-14,2027-04-28,1555.57,170268.94,Semi-Annual,Active,0,2026-08-01
POL0005067,CUST005924,AGT0050,Motor,2025-04-08,2026-03-21,1487.44,85720.96,Monthly,Renewed,1,2026-08-01
POL0005068,CUST003243,AGT0044,Travel,2026-01-30,2026-04-21,431.45,37052.56,Annual,Renewed,1,2026-08-01
POL0005069,CUST005787,AGT0014,Medical,2026-05-24,2027-05-25,4926.26,111211.54,Quarterly,Active,0,2026-08-01
POL0005070,CUST005495,AGT0045,Motor,2026-05-23,2027-05-24,2560.94,79970.84,Monthly,Active,0,2026-08-01
POL0005071,CUST005905,AGT0019,Life,2025-12-07,2026-12-02,6860.13,262698.29,Semi-Annual,Cancelled,0,2026-08-01
POL0005072,CUST001422,AGT0034,Medical,2025-03-20,2026-03-22,3713.39,446479.14,Semi-Annual,Expired,0,2026-08-01
POL0005073,CUST004944,AGT0074,Motor,2026-05-23,2027-04-19,2254.78,106523.83,Quarterly,Active,0,2026-08-01
POL0005074,CUST000242,AGT0080,Motor,2024-03-11,2025-03-16,1099.98,143053.78,Annual,Renewed,1,2026-08-01
POL0005075,CUST003004,AGT0033,Medical,2024-12-13,2025-11-15,3221.34,497104.03,Annual,Cancelled,0,2026-08-01
POL0005076,CUST005212,AGT0026,Life,2024-08-13,2025-08-14,3006.61,665591.4,Quarterly,Renewed,1,2026-08-01
POL0005077,CUST003433,AGT0017,Medical,2024-03-20,2025-03-24,1719.88,410977.7,Annual,Renewed,1,2026-08-01
POL0005078,CUST001211,AGT0017,Motor,2024-03-03,2025-03-30,2067.06,137505.67,Monthly,Expired,0,2026-08-01
POL0005079,CUST000450,AGT0042,Life,2026-06-24,2027-05-29,1252.68,456084.08,Monthly,Active,0,2026-08-01
POL0005080,CUST002751,AGT0078,Life,2024-04-03,2025-04-25,6219.64,262039.27,Annual,Expired,0,2026-08-01
POL0005081,CUST004760,AGT0069,Medical,2023-05-19,2024-06-02,5167.01,54458.87,Monthly,Renewed,1,2026-08-01
POL0005082,CUST005520,AGT0024,Motor,2024-07-10,2025-07-25,1376.74,152292.34,Monthly,Renewed,1,2026-08-01
POL0005083,CUST004495,AGT0067,Motor,2024-05-04,2025-05-01,1038.59,176773.87,Semi-Annual,Renewed,1,2026-08-01
POL0005084,CUST002655,AGT0038,Home,2026-05-07,2027-05-27,1485.29,397362.41,Monthly,Active,0,2026-08-01
POL0005085,CUST004250,AGT0053,Motor,2025-10-16,2026-09-16,2241.45,105385.7,Annual,Active,0,2026-08-01
POL0005086,CUST004704,AGT0021,Motor,2024-10-12,2025-10-09,2207.24,51357.08,Annual,Renewed,1,2026-08-01
POL0005087,CUST002296,AGT0066,Life,2025-12-18,2027-01-14,5292.76,1187957.35,Monthly,Active,0,2026-08-01
POL0005088,CUST001583,AGT0038,Travel,2024-06-12,2024-07-25,683.42,22720.78,Annual,Renewed,1,2026-08-01
POL0005089,CUST001596,AGT0063,Home,2023-10-19,2024-11-07,1594.37,190607.19,Semi-Annual,Renewed,1,2026-08-01
POL0005090,CUST004475,AGT0020,Medical,2025-04-15,2026-04-17,1144.5,472715.49,Quarterly,Cancelled,0,2026-08-01
POL0005091,CUST004860,AGT0078,Home,2025-03-23,2026-03-30,1787.37,330102.27,Quarterly,Cancelled,0,2026-08-01
POL0005092,CUST001167,AGT0034,Motor,2024-01-10,2025-01-21,2176.55,106470.97,Annual,Renewed,1,2026-08-01
POL0005093,CUST005848,AGT0053,Travel,2023-08-12,2023-11-10,490.54,77891.15,Monthly,Cancelled,0,2026-08-01
POL0005094,CUST000114,AGT0043,Motor,2023-01-12,2024-01-05,1518.58,48398.36,Monthly,Cancelled,0,2026-08-01
POL0005095,CUST002541,AGT0048,Home,2024-05-17,2025-05-25,1782.17,659225.26,Monthly,Renewed,1,2026-08-01
POL0005096,CUST002897,AGT0021,Travel,2025-08-11,2025-11-04,133.35,137466.64,Quarterly,Expired,0,2026-08-01
POL0005097,CUST000334,AGT0073,Travel,2025-11-17,2026-02-09,666.84,93691.96,Semi-Annual,Renewed,1,2026-08-01
POL0005098,CUST004347,AGT0017,Life,2024-03-10,2025-02-09,1986.94,471452.75,Monthly,Expired,0,2026-08-01
POL0005099,CUST005405,AGT0029,Motor,2025-05-16,2026-05-21,1806.54,155908.88,Semi-Annual,Expired,0,2026-08-01
POL0005100,CUST001426,AGT0035,Medical,2023-11-07,2024-11-09,2956.08,182633.22,Annual,Expired,0,2026-08-01
POL0005101,CUST004137,AGT0040,Motor,2023-09-03,2024-08-14,993.56,150617.69,Quarterly,Renewed,1,2026-08-01
POL0005102,CUST005708,AGT0019,Life,2024-11-30,2025-11-24,2235.26,1300314.9,Quarterly,Renewed,1,2026-08-01
POL0005103,CUST004029,AGT0069,Motor,2024-02-12,2025-03-10,1450.69,156126.57,Monthly,Renewed,1,2026-08-01
POL0005104,CUST002711,AGT0050,Motor,2023-07-30,2024-08-16,1385.05,135396.81,Annual,Renewed,1,2026-08-01
POL0005105,CUST005666,AGT0079,Motor,2023-11-10,2024-10-31,1222.79,173468.32,Semi-Annual,Expired,0,2026-08-01
POL0005106,CUST002410,AGT0029,Travel,2023-12-30,2024-03-13,444.31,136309.69,Semi-Annual,Renewed,1,2026-08-01
POL0005107,CUST004023,AGT0034,Medical,2024-02-15,2025-02-25,3498.74,470142.3,Annual,Renewed,1,2026-08-01
POL0005108,CUST004621,AGT0046,Medical,2024-10-31,2025-11-12,4004.72,243019.1,Monthly,Renewed,1,2026-08-01
POL0005109,CUST003706,AGT0048,Motor,2026-02-13,2027-01-18,1381.61,58800.21,Quarterly,Active,0,2026-08-01
POL0005110,CUST001886,AGT0014,Medical,2026-06-27,2027-06-10,3726.57,498847.34,Annual,Active,0,2026-08-01
POL0005111,CUST004261,AGT0068,Medical,2025-01-21,2026-01-17,3554.05,112808.41,Annual,Expired,0,2026-08-01
POL0005112,CUST001859,AGT0080,Motor,2023-11-15,2024-12-08,2066.3,113230.87,Semi-Annual,Renewed,1,2026-08-01
POL0005113,CUST002904,AGT0042,Life,2023-09-12,2024-08-13,6746.07,1067901.7,Semi-Annual,Expired,0,2026-08-01
POL0005114,CUST003271,AGT0031,Medical,2024-09-02,2025-09-14,4783.85,210505.01,Monthly,Cancelled,0,2026-08-01
POL0005115,CUST001722,AGT0033,Home,2025-05-31,2026-05-22,1556.17,309102.12,Monthly,Renewed,1,2026-08-01
POL0005116,CUST004603,AGT0005,Motor,2024-11-21,2025-11-12,2079.32,43712.73,Monthly,Expired,0,2026-08-01
POL0005117,CUST001511,AGT0006,Medical,2023-06-22,2024-06-22,2181.76,68287.17,Semi-Annual,Expired,0,2026-08-01
POL0005118,CUST000966,AGT0030,Home,2025-07-20,2026-06-28,520.23,881278.15,Quarterly,Expired,0,2026-08-01
POL0005119,CUST004358,AGT0017,Travel,2024-02-11,2024-03-24,608.97,76962.33,Annual,Cancelled,0,2026-08-01
POL0005120,CUST005281,AGT0024,Medical,2024-11-13,2025-11-10,3474.41,180547.15,Monthly,Expired,0,2026-08-01
POL0005121,CUST001456,AGT0027,Motor,2026-01-28,2027-01-19,1820.66,49589.55,Semi-Annual,Active,0,2026-08-01
POL0005122,CUST003108,AGT0015,Medical,2025-08-16,2026-07-21,3972.36,154345.93,Monthly,Expired,0,2026-08-01
POL0005123,CUST005587,AGT0033,Life,2024-11-19,2025-10-25,4846.2,836226.96,Quarterly,Renewed,1,2026-08-01
POL0005124,CUST002220,AGT0003,Motor,2026-02-03,2027-01-12,1215.02,59140.08,Annual,Active,0,2026-08-01
POL0005125,CUST002418,AGT0063,Motor,2023-09-20,2024-09-27,2444.11,63507.33,Monthly,Expired,0,2026-08-01
POL0005126,CUST004189,AGT0056,Medical,2024-01-05,2024-12-25,4699.06,494204.02,Quarterly,Expired,0,2026-08-01
POL0005127,CUST003802,AGT0014,Motor,2023-12-18,2024-11-12,1026.82,114833.19,Annual,Renewed,1,2026-08-01
POL0005128,CUST000761,AGT0014,Travel,2025-12-28,2026-01-11,530.66,33308.21,Monthly,Expired,0,2026-08-01
POL0005129,CUST000257,AGT0006,Motor,2026-01-01,2027-01-19,2437.6,140666.2,Monthly,Active,0,2026-08-01
POL0005130,CUST002185,AGT0015,Home,2023-12-10,2024-12-20,1301.2,144532.06,Annual,Expired,0,2026-08-01
POL0005131,CUST002694,AGT0048,Medical,2023-09-08,2024-09-16,3197.82,193377.03,Quarterly,Renewed,1,2026-08-01
POL0005132,CUST003679,AGT0007,Home,2025-11-23,2026-12-01,1669.68,358196.41,Annual,Active,0,2026-08-01
POL0005133,CUST002398,AGT0001,Life,2024-08-11,2025-08-27,5672.08,1070676.13,Annual,Expired,0,2026-08-01
POL0005134,CUST000792,AGT0046,Motor,2025-04-12,2026-05-08,1983.23,32075.29,Annual,Cancelled,0,2026-08-01
POL0005135,CUST004528,AGT0075,Motor,2023-09-16,2024-10-14,1578.26,112569.76,Annual,Expired,0,2026-08-01
POL0005136,CUST002592,AGT0038,Motor,2025-01-13,2025-12-28,2197.02,104495.93,Quarterly,Renewed,1,2026-08-01
POL0005137,CUST000333,AGT0021,Life,2025-06-13,2026-05-30,6251.0,569912.32,Monthly,Expired,0,2026-08-01
POL0005138,CUST003582,AGT0067,Motor,2024-08-29,2025-08-05,1095.82,97034.16,Monthly,Expired,0,2026-08-01
POL0005139,CUST002415,AGT0067,Life,2025-12-08,2026-12-08,5241.78,752328.8,Annual,Active,0,2026-08-01
POL0005140,CUST003215,AGT0067,Travel,2024-12-13,2025-01-31,611.46,146662.39,Semi-Annual,Expired,0,2026-08-01
POL0005141,CUST005149,AGT0031,Medical,2024-12-04,2025-12-10,1616.13,352004.57,Semi-Annual,Expired,0,2026-08-01
POL0005142,CUST001148,AGT0004,Life,2023-11-03,2024-11-07,6117.76,514205.75,Monthly,Renewed,1,2026-08-01
POL0005143,CUST004011,AGT0080,Travel,2025-05-22,2025-06-08,743.77,123484.68,Annual,Expired,0,2026-08-01
POL0005144,CUST000712,AGT0072,Life,2024-10-12,2025-09-08,1984.29,729773.54,Semi-Annual,Renewed,1,2026-08-01
POL0005145,CUST004665,AGT0041,Motor,2025-04-28,2026-05-04,2117.51,35408.52,Annual,Cancelled,0,2026-08-01
POL0005146,CUST002194,AGT0063,Motor,2025-03-06,2026-02-08,1223.85,42559.24,Annual,Expired,0,2026-08-01
POL0005147,CUST004580,AGT0078,Medical,2024-04-26,2025-05-23,1970.88,304978.98,Quarterly,Expired,0,2026-08-01
POL0005148,CUST000247,AGT0005,Motor,2024-05-13,2025-04-10,1027.35,46156.06,Monthly,Renewed,1,2026-08-01
POL0005149,CUST003972,AGT0038,Medical,2024-02-12,2025-02-07,3886.26,424924.87,Monthly,Renewed,1,2026-08-01
POL0005150,CUST001506,AGT0069,Home,2024-05-14,2025-05-05,1661.38,212834.29,Monthly,Renewed,1,2026-08-01
POL0005151,CUST002348,AGT0058,Medical,2026-01-09,2027-01-30,3412.21,216733.77,Annual,Active,0,2026-08-01
POL0005152,CUST001403,AGT0009,Motor,2024-03-30,2025-02-23,1265.14,109002.86,Monthly,Renewed,1,2026-08-01
POL0005153,CUST002397,AGT0006,Motor,2023-06-09,2024-06-14,1140.63,179554.86,Monthly,Renewed,1,2026-08-01
POL0005154,CUST004749,AGT0027,Home,2025-12-04,2026-12-23,551.07,118622.46,Annual,Active,0,2026-08-01
POL0005155,CUST000308,AGT0036,Motor,2023-10-12,2024-10-27,1168.9,121222.06,Annual,Expired,0,2026-08-01
POL0005156,CUST003614,AGT0010,Motor,2024-05-17,2025-05-01,1796.06,99632.07,Monthly,Expired,0,2026-08-01
POL0005157,CUST001170,AGT0022,Medical,2023-09-22,2024-09-07,5178.88,253520.6,Monthly,Renewed,1,2026-08-01
POL0005158,CUST002382,AGT0041,Medical,2025-01-28,2026-01-06,4925.83,157122.09,Monthly,Expired,0,2026-08-01
POL0005159,CUST003349,AGT0064,Medical,2023-12-15,2024-11-30,1394.46,53587.21,Quarterly,Expired,0,2026-08-01
POL0005160,CUST000580,AGT0046,Life,2026-06-24,2027-06-17,2370.14,1230876.88,Annual,Active,0,2026-08-01
POL0005161,CUST005371,AGT0043,Life,2024-07-12,2025-08-07,5152.09,1155023.18,Semi-Annual,Renewed,1,2026-08-01
POL0005162,CUST004087,AGT0060,Motor,2023-02-09,2024-03-03,2041.44,37809.01,Monthly,Expired,0,2026-08-01
POL0005163,CUST003674,AGT0052,Medical,2024-12-23,2026-01-11,1882.96,295993.32,Monthly,Renewed,1,2026-08-01
POL0005164,CUST005581,AGT0019,Life,2023-10-15,2024-10-05,6747.03,570599.76,Annual,Renewed,1,2026-08-01
POL0005165,CUST002323,AGT0021,Medical,2024-04-03,2025-04-01,3465.21,98555.73,Quarterly,Expired,0,2026-08-01
POL0005166,CUST000842,AGT0010,Home,2026-04-24,2027-04-22,1093.38,456756.95,Annual,Active,0,2026-08-01
POL0005167,CUST004992,AGT0010,Motor,2023-08-23,2024-08-17,2281.09,20707.65,Annual,Renewed,1,2026-08-01
POL0005168,CUST003809,AGT0067,Medical,2025-07-25,2026-07-03,2576.11,261360.11,Annual,Cancelled,0,2026-08-01
POL0005169,CUST002693,AGT0055,Life,2025-06-20,2026-06-01,5344.01,298801.3,Semi-Annual,Cancelled,0,2026-08-01
POL0005170,CUST000510,AGT0052,Medical,2024-05-07,2025-05-10,4857.03,208834.94,Annual,Renewed,1,2026-08-01
POL0005171,CUST001560,AGT0036,Motor,2024-08-02,2025-07-11,2508.6,80232.67,Quarterly,Expired,0,2026-08-01
POL0005172,CUST003500,AGT0008,Medical,2023-04-28,2024-03-27,1167.08,82619.93,Semi-Annual,Renewed,1,2026-08-01
POL0005173,CUST000481,AGT0034,Home,2024-09-16,2025-08-26,409.23,586669.74,Annual,Expired,0,2026-08-01
POL0005174,CUST003290,AGT0013,Medical,2024-11-02,2025-11-27,3974.85,280062.92,Annual,Expired,0,2026-08-01
POL0005175,CUST004972,AGT0078,Motor,2025-02-21,2026-03-20,808.0,125609.46,Monthly,Expired,0,2026-08-01
POL0005176,CUST002697,AGT0033,Motor,2025-10-21,2026-09-19,1993.84,151868.1,Monthly,Active,0,2026-08-01
POL0005177,CUST003696,AGT0010,Medical,2026-04-29,2027-04-11,4453.5,195793.64,Monthly,Active,0,2026-08-01
POL0005178,CUST001299,AGT0023,Motor,2024-07-06,2025-07-24,961.86,100976.7,Annual,Renewed,1,2026-08-01
POL0005179,CUST003485,AGT0052,Travel,2026-02-27,2026-04-29,78.52,120898.61,Quarterly,Expired,0,2026-08-01
POL0005180,CUST001097,AGT0037,Home,2026-01-08,2026-12-17,1062.77,370270.88,Quarterly,Active,0,2026-08-01
POL0005181,CUST004325,AGT0005,Home,2024-02-06,2025-02-15,1780.98,535408.07,Monthly,Expired,0,2026-08-01
POL0005182,CUST003195,AGT0029,Medical,2024-01-15,2025-01-22,3246.9,302444.67,Monthly,Expired,0,2026-08-01
POL0005183,CUST003631,AGT0055,Medical,2024-12-02,2025-12-09,5095.82,166273.84,Monthly,Renewed,1,2026-08-01
POL0005184,CUST001923,AGT0043,Medical,2024-10-09,2025-09-29,3947.04,289862.29,Monthly,Expired,0,2026-08-01
POL0005185,CUST002104,AGT0045,Motor,2024-05-01,2025-05-16,1344.4,58835.8,Annual,Expired,0,2026-08-01
POL0005186,CUST003955,AGT0053,Medical,2023-04-28,2024-04-07,2014.82,116870.43,Semi-Annual,Renewed,1,2026-08-01
POL0005187,CUST003706,AGT0059,Motor,2025-11-04,2026-10-25,1890.5,147640.02,Semi-Annual,Active,0,2026-08-01
POL0005188,CUST004151,AGT0035,Motor,2024-11-17,2025-12-11,1398.58,157922.86,Semi-Annual,Expired,0,2026-08-01
POL0005189,CUST000841,AGT0061,Travel,2023-08-19,2023-09-11,248.58,124345.58,Semi-Annual,Renewed,1,2026-08-01
POL0005190,CUST001128,AGT0073,Travel,2026-01-30,2026-02-09,371.62,100347.37,Annual,Expired,0,2026-08-01
POL0005191,CUST001778,AGT0011,Home,2026-04-24,2027-04-22,1099.07,141200.0,Annual,Active,0,2026-08-01
POL0005192,CUST002323,AGT0059,Medical,2023-07-18,2024-07-26,4878.47,288862.47,Monthly,Cancelled,0,2026-08-01
POL0005193,CUST003224,AGT0022,Travel,2024-11-18,2025-01-23,814.98,143719.57,Monthly,Cancelled,0,2026-08-01
POL0005194,CUST003121,AGT0009,Medical,2025-03-07,2026-02-17,4067.48,457765.04,Monthly,Renewed,1,2026-08-01
POL0005195,CUST000415,AGT0021,Motor,2023-11-06,2024-12-05,1235.2,149074.6,Annual,Renewed,1,2026-08-01
POL0005196,CUST000212,AGT0075,Medical,2024-02-15,2025-02-27,2935.24,362465.57,Annual,Expired,0,2026-08-01
POL0005197,CUST004931,AGT0049,Medical,2024-05-19,2025-05-22,1412.08,277461.08,Annual,Expired,0,2026-08-01
POL0005198,CUST003480,AGT0037,Medical,2024-04-06,2025-04-19,3395.83,247477.64,Monthly,Renewed,1,2026-08-01
POL0005199,CUST000268,AGT0021,Travel,2025-06-01,2025-08-13,566.12,96867.66,Semi-Annual,Expired,0,2026-08-01
POL0005200,CUST005119,AGT0043,Medical,2023-01-12,2024-01-14,2669.66,262992.81,Monthly,Renewed,1,2026-08-01
POL0005201,CUST002235,AGT0042,Home,2025-04-30,2026-05-26,628.05,418449.47,Monthly,Renewed,1,2026-08-01
POL0005202,CUST003974,AGT0033,Motor,2024-11-27,2025-11-10,2577.03,115706.04,Annual,Expired,0,2026-08-01
POL0005203,CUST002727,AGT0036,Life,2025-09-18,2026-08-14,1429.82,1383968.96,Semi-Annual,Active,0,2026-08-01
POL0005204,CUST001153,AGT0058,Home,2026-07-11,2027-07-14,1397.19,259262.95,Quarterly,Active,0,2026-08-01
POL0005205,CUST004085,AGT0047,Medical,2024-07-18,2025-06-29,3887.55,111010.76,Monthly,Renewed,1,2026-08-01
POL0005206,CUST002180,AGT0003,Travel,2023-07-11,2023-08-25,502.97,40469.81,Monthly,Renewed,1,2026-08-01
POL0005207,CUST000930,AGT0029,Life,2024-07-24,2025-06-19,2285.12,1078858.67,Monthly,Renewed,1,2026-08-01
POL0005208,CUST001336,AGT0005,Motor,2023-11-03,2024-11-18,2337.45,159206.47,Quarterly,Expired,0,2026-08-01
POL0005209,CUST004929,AGT0074,Life,2024-10-27,2025-11-20,4740.17,1173375.73,Monthly,Expired,0,2026-08-01
POL0005210,CUST003122,AGT0026,Life,2023-10-23,2024-11-17,5132.96,665545.22,Monthly,Expired,0,2026-08-01
POL0005211,CUST002557,AGT0078,Motor,2023-01-14,2024-01-04,2076.09,110436.66,Semi-Annual,Expired,0,2026-08-01
POL0005212,CUST004688,AGT0020,Medical,2025-01-04,2026-01-22,1505.24,70873.59,Semi-Annual,Renewed,1,2026-08-01
POL0005213,CUST001507,AGT0029,Motor,2024-02-25,2025-02-27,1639.37,94347.98,Monthly,Renewed,1,2026-08-01
POL0005214,CUST000904,AGT0033,Motor,2023-09-06,2024-08-02,2220.98,139290.42,Monthly,Expired,0,2026-08-01
POL0005215,CUST000591,AGT0074,Home,2023-01-04,2023-12-31,896.79,729451.43,Annual,Renewed,1,2026-08-01
POL0005216,CUST000612,AGT0008,Home,2026-05-28,2027-06-09,1397.12,581661.32,Monthly,Active,0,2026-08-01
POL0005217,CUST005552,AGT0064,Life,2026-01-01,2027-01-15,3379.58,1264882.37,Monthly,Active,0,2026-08-01
POL0005218,CUST005406,AGT0053,Medical,2025-06-29,2026-06-19,4375.09,205366.36,Monthly,Renewed,1,2026-08-01
POL0005219,CUST002421,AGT0019,Medical,2024-04-29,2025-04-18,4551.56,89519.9,Monthly,Expired,0,2026-08-01
POL0005220,CUST002834,AGT0068,Motor,2025-03-28,2026-04-04,2300.62,102577.29,Monthly,Expired,0,2026-08-01
POL0005221,CUST002289,AGT0046,Medical,2024-12-03,2025-10-29,3743.08,496709.9,Monthly,Expired,0,2026-08-01
POL0005222,CUST003290,AGT0041,Travel,2023-01-06,2023-02-14,458.45,135766.41,Monthly,Expired,0,2026-08-01
POL0005223,CUST001082,AGT0031,Medical,2026-04-07,2027-03-26,4589.36,444300.25,Monthly,Active,0,2026-08-01
POL0005224,CUST003957,AGT0034,Medical,2024-09-07,2025-09-10,2593.08,322640.76,Semi-Annual,Renewed,1,2026-08-01
POL0005225,CUST003039,AGT0065,Motor,2024-08-30,2025-08-26,2532.13,172642.38,Quarterly,Renewed,1,2026-08-01
POL0005226,CUST005481,AGT0078,Home,2025-11-23,2026-11-14,1546.6,538649.27,Monthly,Active,0,2026-08-01
POL0005227,CUST001920,AGT0072,Motor,2025-07-19,2026-07-10,1283.94,89740.93,Monthly,Renewed,1,2026-08-01
POL0005228,CUST004568,AGT0027,Medical,2024-10-24,2025-11-09,2578.28,346384.18,Quarterly,Expired,0,2026-08-01
POL0005229,CUST000996,AGT0050,Medical,2026-01-17,2026-12-31,4762.95,299272.22,Monthly,Active,0,2026-08-01
POL0005230,CUST000555,AGT0080,Medical,2025-08-22,2026-09-18,2060.93,364116.04,Annual,Active,0,2026-08-01
POL0005231,CUST004518,AGT0051,Life,2025-01-22,2025-12-24,1676.38,628720.54,Monthly,Expired,0,2026-08-01
POL0005232,CUST005330,AGT0001,Life,2025-06-10,2026-06-02,1654.27,1462725.39,Semi-Annual,Renewed,1,2026-08-01
POL0005233,CUST005390,AGT0058,Life,2023-08-03,2024-06-29,6225.66,1419365.45,Monthly,Expired,0,2026-08-01
POL0005234,CUST000353,AGT0046,Motor,2026-04-29,2027-04-20,1467.99,148477.48,Monthly,Active,0,2026-08-01
POL0005235,CUST002114,AGT0040,Home,2026-02-26,2027-03-23,616.77,108284.08,Monthly,Active,0,2026-08-01
POL0005236,CUST002840,AGT0003,Life,2024-04-24,2025-04-25,2749.61,468711.08,Monthly,Expired,0,2026-08-01
POL0005237,CUST001719,AGT0038,Travel,2023-02-21,2023-05-22,528.26,141591.12,Monthly,Renewed,1,2026-08-01
POL0005238,CUST001792,AGT0064,Motor,2025-12-14,2026-12-23,1553.91,149812.25,Semi-Annual,Active,0,2026-08-01
POL0005239,CUST002241,AGT0046,Home,2024-10-21,2025-10-12,513.79,287460.22,Monthly,Expired,0,2026-08-01
POL0005240,CUST000149,AGT0022,Life,2023-12-07,2024-11-09,4052.51,901063.16,Monthly,Expired,0,2026-08-01
POL0005241,CUST005550,AGT0066,Medical,2026-07-26,2027-06-26,3745.23,62105.63,Monthly,Active,0,2026-08-01
POL0005242,CUST001806,AGT0036,Motor,2024-12-29,2025-12-23,1510.58,152608.88,Semi-Annual,Expired,0,2026-08-01
POL0005243,CUST003502,AGT0052,Motor,2023-09-25,2024-08-27,1910.31,99072.5,Monthly,Renewed,1,2026-08-01
POL0005244,CUST004738,AGT0002,Travel,2025-03-18,2025-04-25,614.69,83757.74,Semi-Annual,Expired,0,2026-08-01
POL0005245,CUST000996,AGT0012,Medical,2025-09-21,2026-09-28,3732.29,112886.71,Semi-Annual,Active,0,2026-08-01
POL0005246,CUST001237,AGT0017,Life,2024-08-01,2025-08-24,2026.05,147654.12,Monthly,Renewed,1,2026-08-01
POL0005247,CUST003795,AGT0012,Life,2025-06-14,2026-07-09,3730.83,1421694.75,Semi-Annual,Renewed,1,2026-08-01
POL0005248,CUST005964,AGT0035,Travel,2023-05-14,2023-07-20,778.22,115022.53,Monthly,Renewed,1,2026-08-01
POL0005249,CUST002408,AGT0034,Medical,2023-12-27,2024-12-13,1666.35,167890.56,Monthly,Renewed,1,2026-08-01
POL0005250,CUST005469,AGT0007,Home,2024-07-21,2025-07-02,1612.5,100161.49,Monthly,Renewed,1,2026-08-01
POL0005251,CUST000105,AGT0053,Motor,2023-05-30,2024-06-12,1603.62,121748.97,Annual,Expired,0,2026-08-01
POL0005252,CUST004422,AGT0039,Travel,2023-09-15,2023-09-24,536.57,132956.44,Monthly,Expired,0,2026-08-01
POL0005253,CUST005820,AGT0032,Medical,2024-12-05,2025-12-21,2322.29,261632.63,Annual,Renewed,1,2026-08-01
POL0005254,CUST004475,AGT0020,Motor,2024-09-28,2025-10-17,2108.77,126569.83,Quarterly,Cancelled,0,2026-08-01
POL0005255,CUST000690,AGT0031,Medical,2024-04-16,2025-04-23,1752.17,479054.65,Annual,Expired,0,2026-08-01
POL0005256,CUST000068,AGT0014,Travel,2023-01-27,2023-03-29,662.58,82872.67,Annual,Expired,0,2026-08-01
POL0005257,CUST002481,AGT0072,Life,2024-06-03,2025-06-25,2028.32,1237369.8,Monthly,Expired,0,2026-08-01
POL0005258,CUST003354,AGT0042,Motor,2024-09-23,2025-09-21,1110.21,75533.66,Quarterly,Cancelled,0,2026-08-01
POL0005259,CUST003946,AGT0070,Motor,2026-07-12,2027-06-19,815.43,21974.73,Monthly,Active,0,2026-08-01
POL0005260,CUST005569,AGT0069,Life,2024-05-08,2025-04-10,6206.51,1294018.7,Monthly,Renewed,1,2026-08-01
POL0005261,CUST003517,AGT0039,Motor,2024-11-03,2025-10-03,2319.5,171880.23,Annual,Renewed,1,2026-08-01
POL0005262,CUST001608,AGT0032,Motor,2023-01-18,2023-12-20,1503.68,29257.18,Monthly,Renewed,1,2026-08-01
POL0005263,CUST000026,AGT0058,Life,2023-08-23,2024-08-17,1218.21,1009069.37,Monthly,Cancelled,0,2026-08-01
POL0005264,CUST005594,AGT0031,Medical,2025-03-24,2026-03-27,4918.9,368511.36,Quarterly,Renewed,1,2026-08-01
POL0005265,CUST003648,AGT0037,Motor,2024-09-24,2025-09-24,1108.47,158586.86,Annual,Renewed,1,2026-08-01
POL0005266,CUST004072,AGT0033,Medical,2024-02-14,2025-02-02,1626.11,353497.09,Monthly,Renewed,1,2026-08-01
POL0005267,CUST004364,AGT0049,Life,2024-05-31,2025-05-20,2424.84,1250269.95,Quarterly,Expired,0,2026-08-01
POL0005268,CUST004801,AGT0005,Life,2025-01-31,2026-01-30,2692.1,1127445.59,Annual,Expired,0,2026-08-01
POL0005269,CUST005096,AGT0022,Motor,2024-07-16,2025-08-10,2476.36,81139.51,Monthly,Renewed,1,2026-08-01
POL0005270,CUST005218,AGT0055,Medical,2026-03-03,2027-03-15,3637.8,110154.56,Annual,Active,0,2026-08-01
POL0005271,CUST001104,AGT0040,Medical,2023-10-14,2024-09-16,2432.79,452537.36,Annual,Expired,0,2026-08-01
POL0005272,CUST001778,AGT0056,Medical,2026-02-03,2027-01-17,4208.41,478253.48,Annual,Active,0,2026-08-01
POL0005273,CUST000221,AGT0052,Motor,2026-04-21,2027-05-17,2191.3,23803.6,Annual,Cancelled,0,2026-08-01
POL0005274,CUST000731,AGT0027,Motor,2024-10-20,2025-11-10,1243.48,132709.77,Semi-Annual,Renewed,1,2026-08-01
POL0005275,CUST005667,AGT0036,Life,2023-08-15,2024-08-06,2211.24,237088.57,Quarterly,Renewed,1,2026-08-01
POL0005276,CUST002539,AGT0006,Motor,2024-09-07,2025-08-19,1074.62,133317.78,Annual,Renewed,1,2026-08-01
POL0005277,CUST004083,AGT0061,Home,2026-03-29,2027-04-17,834.66,255466.45,Semi-Annual,Active,0,2026-08-01
POL0005278,CUST003391,AGT0036,Home,2024-11-28,2025-12-17,342.33,881573.33,Monthly,Renewed,1,2026-08-01
POL0005279,CUST002730,AGT0022,Medical,2025-03-31,2026-03-20,2852.16,384524.0,Monthly,Expired,0,2026-08-01
POL0005280,CUST000975,AGT0043,Life,2024-05-25,2025-04-26,2366.67,1083135.48,Monthly,Renewed,1,2026-08-01
POL0005281,CUST004351,AGT0002,Life,2025-01-30,2026-01-28,5650.74,406158.5,Annual,Expired,0,2026-08-01
POL0005282,CUST004512,AGT0034,Motor,2024-01-21,2025-01-25,1393.58,58134.26,Monthly,Renewed,1,2026-08-01
POL0005283,CUST000943,AGT0074,Medical,2023-12-11,2024-12-20,3734.18,300016.08,Semi-Annual,Renewed,1,2026-08-01
POL0005284,CUST001928,AGT0031,Home,2023-07-26,2024-08-18,1323.59,211700.84,Quarterly,Renewed,1,2026-08-01
POL0005285,CUST005751,AGT0029,Motor,2025-07-02,2026-06-28,2231.85,70803.91,Monthly,Expired,0,2026-08-01
POL0005286,CUST005126,AGT0036,Life,2026-04-11,2027-05-06,3956.42,1381702.04,Semi-Annual,Cancelled,0,2026-08-01
POL0005287,CUST003926,AGT0021,Life,2024-04-13,2025-05-05,3519.27,736675.3,Annual,Expired,0,2026-08-01
POL0005288,CUST005757,AGT0018,Motor,2023-03-22,2024-02-17,1262.95,74622.39,Monthly,Renewed,1,2026-08-01
POL0005289,CUST005262,AGT0039,Medical,2024-06-11,2025-06-11,1040.43,435875.38,Semi-Annual,Expired,0,2026-08-01
POL0005290,CUST003690,AGT0053,Home,2024-03-27,2025-03-01,536.2,628006.93,Monthly,Expired,0,2026-08-01
POL0005291,CUST003341,AGT0020,Motor,2025-03-22,2026-02-16,1199.69,92169.52,Monthly,Expired,0,2026-08-01
POL0005292,CUST003893,AGT0017,Motor,2023-08-06,2024-07-03,1984.95,143240.37,Monthly,Expired,0,2026-08-01
POL0005293,CUST004805,AGT0059,Motor,2025-10-21,2026-11-07,2223.83,53961.87,Monthly,Active,0,2026-08-01
POL0005294,CUST005763,AGT0041,Life,2023-03-21,2024-04-11,3861.07,248305.42,Monthly,Renewed,1,2026-08-01
POL0005295,CUST001967,AGT0025,Life,2024-05-17,2025-05-14,5966.28,505065.05,Semi-Annual,Renewed,1,2026-08-01
POL0005296,CUST001801,AGT0068,Medical,2023-08-14,2024-09-11,2570.04,192250.48,Annual,Renewed,1,2026-08-01
POL0005297,CUST000799,AGT0080,Travel,2026-02-14,2026-03-23,576.9,137034.74,Monthly,Expired,0,2026-08-01
POL0005298,CUST000063,AGT0068,Home,2024-08-18,2025-07-17,1135.76,874466.32,Monthly,Renewed,1,2026-08-01
POL0005299,CUST002123,AGT0023,Motor,2026-04-05,2027-03-22,1070.37,28691.78,Monthly,Active,0,2026-08-01
POL0005300,CUST001498,AGT0079,Travel,2024-12-31,2025-03-24,425.07,135891.19,Quarterly,Renewed,1,2026-08-01
POL0005301,CUST005382,AGT0029,Medical,2025-09-17,2026-09-28,5064.22,422164.54,Monthly,Active,0,2026-08-01
POL0005302,CUST002927,AGT0007,Motor,2026-03-14,2027-03-26,1069.98,50264.66,Annual,Active,0,2026-08-01
POL0005303,CUST004189,AGT0044,Motor,2025-12-13,2026-12-25,1530.37,95808.88,Monthly,Active,0,2026-08-01
POL0005304,CUST001246,AGT0077,Medical,2025-06-12,2026-06-17,2396.2,268132.9,Quarterly,Cancelled,0,2026-08-01
POL0005305,CUST002738,AGT0001,Travel,2025-11-03,2025-12-10,649.51,46822.93,Annual,Expired,0,2026-08-01
POL0005306,CUST004856,AGT0001,Medical,2025-11-14,2026-11-18,1161.8,221916.69,Annual,Active,0,2026-08-01
POL0005307,CUST001412,AGT0001,Life,2025-05-25,2026-05-14,3827.91,325672.96,Semi-Annual,Renewed,1,2026-08-01
POL0005308,CUST002362,AGT0068,Motor,2024-12-24,2025-12-01,1276.1,109635.67,Semi-Annual,Expired,0,2026-08-01
POL0005309,CUST003589,AGT0019,Motor,2024-10-28,2025-10-07,1335.99,74308.73,Annual,Renewed,1,2026-08-01
POL0005310,CUST001206,AGT0040,Home,2023-09-21,2024-09-13,910.9,458793.39,Quarterly,Renewed,1,2026-08-01
POL0005311,CUST003558,AGT0007,Travel,2025-01-22,2025-04-13,290.41,84402.53,Quarterly,Expired,0,2026-08-01
POL0005312,CUST003688,AGT0076,Medical,2026-01-15,2026-12-17,3384.52,286387.66,Monthly,Active,0,2026-08-01
POL0005313,CUST003186,AGT0061,Motor,2026-01-17,2027-01-27,1316.94,49440.77,Annual,Active,0,2026-08-01
POL0005314,CUST000995,AGT0046,Motor,2024-09-12,2025-09-03,2451.22,22079.55,Annual,Expired,0,2026-08-01
POL0005315,CUST004427,AGT0070,Home,2024-09-26,2025-09-22,971.13,549947.43,Semi-Annual,Renewed,1,2026-08-01
POL0005316,CUST005027,AGT0017,Motor,2025-10-05,2026-10-15,1079.15,68605.0,Quarterly,Active,0,2026-08-01
POL0005317,CUST001457,AGT0034,Motor,2026-07-04,2027-07-25,1320.43,30333.05,Quarterly,Active,0,2026-08-01
POL0005318,CUST000660,AGT0078,Life,2023-01-09,2024-01-11,5824.28,625849.16,Monthly,Expired,0,2026-08-01
POL0005319,CUST003066,AGT0042,Home,2025-07-04,2026-08-01,463.39,890674.19,Semi-Annual,Active,0,2026-08-01
POL0005320,CUST001046,AGT0025,Motor,2024-08-05,2025-08-16,1483.5,118885.44,Annual,Renewed,1,2026-08-01
POL0005321,CUST001851,AGT0050,Travel,2023-10-29,2023-11-27,809.53,113996.99,Semi-Annual,Renewed,1,2026-08-01
POL0005322,CUST003943,AGT0075,Medical,2024-03-18,2025-03-10,1004.94,429676.14,Monthly,Renewed,1,2026-08-01
POL0005323,CUST001234,AGT0008,Life,2026-07-23,2027-06-26,6833.23,1047420.53,Monthly,Cancelled,0,2026-08-01
POL0005324,CUST002200,AGT0080,Motor,2024-01-24,2025-01-04,1446.35,90459.91,Monthly,Renewed,1,2026-08-01
POL0005325,CUST001997,AGT0038,Travel,2024-10-19,2025-01-15,226.74,132837.1,Annual,Renewed,1,2026-08-01
POL0005326,CUST004293,AGT0008,Life,2025-06-01,2026-05-19,5987.92,527227.62,Quarterly,Expired,0,2026-08-01
POL0005327,CUST004818,AGT0077,Home,2023-12-12,2024-11-25,1003.9,288628.3,Annual,Expired,0,2026-08-01
POL0005328,CUST005232,AGT0046,Medical,2025-12-13,2026-12-11,1443.69,166920.66,Annual,Active,0,2026-08-01
POL0005329,CUST000684,AGT0017,Travel,2023-04-05,2023-04-25,586.76,65384.4,Quarterly,Expired,0,2026-08-01
POL0005330,CUST004620,AGT0015,Medical,2026-02-03,2027-01-06,4267.78,399803.54,Monthly,Active,0,2026-08-01
POL0005331,CUST001653,AGT0007,Medical,2025-06-28,2026-07-14,2893.97,98562.75,Quarterly,Expired,0,2026-08-01
POL0005332,CUST005368,AGT0043,Motor,2025-11-12,2026-11-14,2086.06,103741.39,Monthly,Active,0,2026-08-01
POL0005333,CUST003199,AGT0023,Travel,2023-05-01,2023-06-11,144.64,98046.67,Monthly,Renewed,1,2026-08-01
POL0005334,CUST005530,AGT0026,Medical,2025-11-26,2026-12-13,1133.8,468647.42,Monthly,Active,0,2026-08-01
POL0005335,CUST002406,AGT0044,Life,2024-01-02,2024-12-25,2469.95,637656.39,Monthly,Expired,0,2026-08-01
POL0005336,CUST001924,AGT0077,Life,2025-12-27,2027-01-04,6888.89,768478.96,Annual,Active,0,2026-08-01
POL0005337,CUST004967,AGT0070,Travel,2024-04-03,2024-06-14,198.59,109464.76,Annual,Renewed,1,2026-08-01
POL0005338,CUST002140,AGT0009,Life,2025-06-25,2026-05-30,6534.29,331730.47,Annual,Cancelled,0,2026-08-01
POL0005339,CUST004676,AGT0029,Life,2026-07-22,2027-06-30,2923.15,670510.99,Monthly,Active,0,2026-08-01
POL0005340,CUST000308,AGT0018,Medical,2025-09-20,2026-08-28,3064.87,64281.18,Monthly,Active,0,2026-08-01
POL0005341,CUST004068,AGT0028,Life,2023-04-17,2024-04-17,5284.39,102540.99,Monthly,Renewed,1,2026-08-01
POL0005342,CUST005448,AGT0073,Medical,2023-10-17,2024-11-14,1713.56,241023.74,Quarterly,Expired,0,2026-08-01
POL0005343,CUST001695,AGT0028,Travel,2023-06-17,2023-08-13,217.73,126099.39,Annual,Expired,0,2026-08-01
POL0005344,CUST005916,AGT0052,Travel,2026-06-05,2026-06-13,259.93,69913.89,Annual,Renewed,1,2026-08-01
POL0005345,CUST000128,AGT0068,Medical,2024-02-27,2025-01-26,3003.68,298902.55,Monthly,Renewed,1,2026-08-01
POL0005346,CUST000754,AGT0022,Motor,2024-10-19,2025-10-06,1422.9,95399.72,Monthly,Renewed,1,2026-08-01
POL0005347,CUST001884,AGT0038,Medical,2025-01-24,2026-01-17,1360.99,243436.04,Quarterly,Renewed,1,2026-08-01
POL0005348,CUST001882,AGT0066,Travel,2023-12-10,2024-01-03,271.13,99585.49,Monthly,Cancelled,0,2026-08-01
POL0005349,CUST003606,AGT0027,Home,2024-04-27,2025-05-22,1541.17,858678.07,Semi-Annual,Renewed,1,2026-08-01
POL0005350,CUST005206,AGT0054,Motor,2024-08-17,2025-08-05,1729.79,108140.07,Quarterly,Renewed,1,2026-08-01
POL0005351,CUST000609,AGT0015,Home,2023-01-19,2023-12-15,1721.14,775934.98,Quarterly,Renewed,1,2026-08-01
POL0005352,CUST004493,AGT0074,Motor,2025-12-12,2026-12-04,1299.28,73604.5,Annual,Active,0,2026-08-01
POL0005353,CUST004942,AGT0011,Home,2026-03-29,2027-04-04,693.03,308561.73,Annual,Active,0,2026-08-01
POL0005354,CUST003490,AGT0056,Home,2025-06-24,2026-06-14,938.54,145020.1,Quarterly,Cancelled,0,2026-08-01
POL0005355,CUST005920,AGT0078,Medical,2024-07-24,2025-08-15,1333.54,312689.01,Monthly,Renewed,1,2026-08-01
POL0005356,CUST000580,AGT0012,Home,2023-07-19,2024-08-04,774.39,684134.38,Annual,Expired,0,2026-08-01
POL0005357,CUST004426,AGT0039,Medical,2024-03-04,2025-02-25,2513.97,332908.64,Monthly,Renewed,1,2026-08-01
POL0005358,CUST002503,AGT0076,Medical,2024-07-27,2025-08-20,3610.91,432660.16,Monthly,Renewed,1,2026-08-01
POL0005359,CUST002488,AGT0006,Travel,2023-09-17,2023-12-11,172.16,47416.69,Monthly,Renewed,1,2026-08-01
POL0005360,CUST003601,AGT0025,Motor,2025-09-13,2026-10-09,2399.58,126405.4,Monthly,Active,0,2026-08-01
POL0005361,CUST004784,AGT0073,Motor,2024-08-12,2025-08-24,2377.2,99324.01,Monthly,Cancelled,0,2026-08-01
POL0005362,CUST002890,AGT0011,Motor,2025-06-26,2026-06-01,1753.57,70562.13,Monthly,Renewed,1,2026-08-01
POL0005363,CUST001636,AGT0077,Life,2024-11-04,2025-10-24,3640.9,782268.8,Semi-Annual,Renewed,1,2026-08-01
POL0005364,CUST001598,AGT0060,Life,2023-09-05,2024-09-12,5251.55,1110115.09,Monthly,Cancelled,0,2026-08-01
POL0005365,CUST005725,AGT0019,Travel,2025-05-02,2025-06-03,221.08,135796.49,Annual,Renewed,1,2026-08-01
POL0005366,CUST002487,AGT0017,Travel,2025-08-28,2025-09-28,505.55,98062.7,Annual,Renewed,1,2026-08-01
POL0005367,CUST002200,AGT0026,Travel,2024-07-09,2024-10-04,286.83,106186.04,Monthly,Renewed,1,2026-08-01
POL0005368,CUST003395,AGT0043,Life,2025-06-01,2026-06-26,6552.43,1407874.38,Annual,Expired,0,2026-08-01
POL0005369,CUST004140,AGT0077,Home,2026-07-08,2027-08-05,1020.69,687062.47,Annual,Active,0,2026-08-01
POL0005370,CUST000223,AGT0064,Motor,2023-11-16,2024-10-17,1710.89,55369.27,Monthly,Cancelled,0,2026-08-01
POL0005371,CUST000114,AGT0002,Life,2026-03-08,2027-03-22,5622.74,1173470.76,Quarterly,Active,0,2026-08-01
POL0005372,CUST003441,AGT0048,Motor,2024-02-07,2025-02-15,2211.77,40536.39,Annual,Renewed,1,2026-08-01
POL0005373,CUST003785,AGT0026,Motor,2023-02-26,2024-01-31,1223.55,41463.08,Monthly,Renewed,1,2026-08-01
POL0005374,CUST002948,AGT0043,Motor,2024-07-02,2025-07-10,1897.35,172144.79,Annual,Expired,0,2026-08-01
POL0005375,CUST001777,AGT0035,Motor,2025-12-07,2026-11-21,2358.7,37932.14,Monthly,Cancelled,0,2026-08-01
POL0005376,CUST004699,AGT0048,Home,2025-05-30,2026-06-17,919.66,759361.44,Monthly,Renewed,1,2026-08-01
POL0005377,CUST000613,AGT0062,Medical,2024-03-10,2025-04-03,1466.67,354131.53,Semi-Annual,Renewed,1,2026-08-01
POL0005378,CUST003840,AGT0020,Home,2026-05-28,2027-04-23,1602.73,699166.63,Monthly,Active,0,2026-08-01
POL0005379,CUST002602,AGT0030,Medical,2026-07-10,2027-07-29,4762.65,302454.02,Annual,Active,0,2026-08-01
POL0005380,CUST002201,AGT0004,Life,2026-07-24,2027-08-22,2087.84,1161419.46,Semi-Annual,Active,0,2026-08-01
POL0005381,CUST000636,AGT0028,Medical,2024-12-24,2025-12-12,1902.56,479593.24,Annual,Renewed,1,2026-08-01
POL0005382,CUST004019,AGT0080,Home,2025-06-19,2026-07-18,658.72,688478.05,Monthly,Cancelled,0,2026-08-01
POL0005383,CUST001111,AGT0059,Motor,2024-11-24,2025-12-05,2302.95,71180.3,Monthly,Renewed,1,2026-08-01
POL0005384,CUST003242,AGT0055,Life,2024-06-23,2025-06-25,6743.5,1351797.74,Quarterly,Renewed,1,2026-08-01
POL0005385,CUST005371,AGT0068,Home,2024-11-17,2025-10-19,892.38,472461.05,Annual,Renewed,1,2026-08-01
POL0005386,CUST004453,AGT0046,Travel,2023-03-31,2023-05-08,798.13,40685.59,Quarterly,Cancelled,0,2026-08-01
POL0005387,CUST000381,AGT0008,Travel,2023-08-01,2023-10-01,76.31,137675.05,Monthly,Renewed,1,2026-08-01
POL0005388,CUST005894,AGT0053,Motor,2025-02-14,2026-01-29,1513.68,86160.54,Monthly,Cancelled,0,2026-08-01
POL0005389,CUST003750,AGT0012,Medical,2024-07-01,2025-07-25,1487.65,161937.85,Monthly,Renewed,1,2026-08-01
POL0005390,CUST004988,AGT0016,Motor,2024-09-21,2025-08-24,2573.81,122371.11,Monthly,Expired,0,2026-08-01
POL0005391,CUST000362,AGT0053,Medical,2026-04-11,2027-04-11,1825.02,497965.27,Monthly,Active,0,2026-08-01
POL0005392,CUST005489,AGT0074,Motor,2025-05-26,2026-06-24,2481.67,154980.11,Monthly,Renewed,1,2026-08-01
POL0005393,CUST004309,AGT0026,Travel,2023-04-05,2023-05-08,673.5,52624.34,Semi-Annual,Renewed,1,2026-08-01
POL0005394,CUST005306,AGT0025,Home,2026-06-14,2027-05-22,1636.16,664442.96,Annual,Active,0,2026-08-01
POL0005395,CUST005868,AGT0054,Life,2026-02-02,2027-01-30,4147.06,456279.35,Monthly,Active,0,2026-08-01
POL0005396,CUST005050,AGT0026,Travel,2023-08-07,2023-09-28,464.36,86601.61,Quarterly,Expired,0,2026-08-01
POL0005397,CUST002578,AGT0014,Medical,2026-01-17,2027-01-12,1619.74,113240.09,Annual,Active,0,2026-08-01
POL0005398,CUST005031,AGT0019,Motor,2024-04-29,2025-04-08,1024.66,66190.72,Annual,Expired,0,2026-08-01
POL0005399,CUST005809,AGT0065,Life,2024-05-01,2025-05-31,5032.93,1486667.48,Monthly,Expired,0,2026-08-01
POL0005400,CUST005447,AGT0050,Motor,2025-01-23,2025-12-26,1294.17,92818.02,Annual,Expired,0,2026-08-01
POL0005401,CUST003849,AGT0026,Medical,2026-03-29,2027-02-22,2993.92,383884.28,Quarterly,Active,0,2026-08-01
POL0005402,CUST005749,AGT0080,Home,2024-04-03,2025-03-15,483.97,439440.22,Semi-Annual,Expired,0,2026-08-01
POL0005403,CUST003573,AGT0027,Medical,2025-01-22,2026-02-04,3475.53,50793.14,Quarterly,Expired,0,2026-08-01
POL0005404,CUST002668,AGT0055,Motor,2023-08-19,2024-07-22,940.03,124682.22,Annual,Renewed,1,2026-08-01
POL0005405,CUST001028,AGT0015,Motor,2023-04-22,2024-05-05,1113.55,87062.2,Annual,Renewed,1,2026-08-01
POL0005406,CUST002794,AGT0076,Life,2025-02-21,2026-02-12,2052.32,466003.05,Quarterly,Renewed,1,2026-08-01
POL0005407,CUST005715,AGT0017,Motor,2023-11-04,2024-11-19,1047.73,51308.52,Annual,Renewed,1,2026-08-01
POL0005408,CUST000714,AGT0035,Life,2023-02-21,2024-01-31,4826.22,780484.0,Annual,Renewed,1,2026-08-01
POL0005409,CUST005170,AGT0048,Medical,2023-01-12,2024-01-28,1153.47,453915.85,Monthly,Renewed,1,2026-08-01
POL0005410,CUST003857,AGT0042,Travel,2024-05-07,2024-07-21,591.91,64341.76,Monthly,Renewed,1,2026-08-01
POL0005411,CUST000791,AGT0047,Travel,2023-11-22,2024-01-03,592.31,93503.18,Monthly,Expired,0,2026-08-01
POL0005412,CUST001356,AGT0062,Motor,2026-06-25,2027-05-22,1158.98,28213.9,Monthly,Active,0,2026-08-01
POL0005413,CUST000172,AGT0066,Travel,2024-09-17,2024-10-02,433.71,113901.35,Semi-Annual,Renewed,1,2026-08-01
POL0005414,CUST004444,AGT0028,Motor,2024-09-17,2025-09-28,1116.89,145252.84,Monthly,Expired,0,2026-08-01
POL0005415,CUST002155,AGT0051,Motor,2023-07-23,2024-06-20,1336.67,80392.6,Quarterly,Expired,0,2026-08-01
POL0005416,CUST001116,AGT0046,Medical,2023-05-13,2024-06-06,4267.67,247746.16,Annual,Renewed,1,2026-08-01
POL0005417,CUST000957,AGT0035,Medical,2024-01-27,2025-02-23,3127.3,81196.98,Monthly,Renewed,1,2026-08-01
POL0005418,CUST003029,AGT0041,Home,2025-12-26,2027-01-05,1747.05,834848.12,Monthly,Active,0,2026-08-01
POL0005419,CUST002017,AGT0065,Travel,2025-03-22,2025-05-15,801.18,91624.3,Monthly,Expired,0,2026-08-01
POL0005420,CUST005431,AGT0055,Travel,2023-08-23,2023-11-01,231.22,38159.24,Monthly,Renewed,1,2026-08-01
POL0005421,CUST005751,AGT0002,Motor,2023-02-18,2024-02-03,2263.52,139043.95,Monthly,Expired,0,2026-08-01
POL0005422,CUST001202,AGT0006,Life,2023-11-24,2024-12-01,3184.4,1190004.74,Monthly,Expired,0,2026-08-01
POL0005423,CUST005172,AGT0057,Life,2023-12-23,2024-11-27,3423.96,381851.0,Monthly,Renewed,1,2026-08-01
POL0005424,CUST000363,AGT0043,Motor,2026-06-11,2027-06-16,1872.01,92555.94,Monthly,Cancelled,0,2026-08-01
POL0005425,CUST002641,AGT0044,Travel,2023-08-11,2023-09-25,458.37,77635.5,Monthly,Renewed,1,2026-08-01
POL0005426,CUST003467,AGT0068,Travel,2025-10-10,2025-12-26,798.98,68448.43,Annual,Renewed,1,2026-08-01
POL0005427,CUST001655,AGT0018,Home,2024-05-19,2025-05-05,1658.46,789128.5,Semi-Annual,Renewed,1,2026-08-01
POL0005428,CUST003897,AGT0021,Home,2024-02-25,2025-02-06,971.72,659819.72,Monthly,Expired,0,2026-08-01
POL0005429,CUST003467,AGT0051,Motor,2023-10-01,2024-09-18,2288.17,161382.53,Monthly,Renewed,1,2026-08-01
POL0005430,CUST005605,AGT0063,Travel,2025-04-25,2025-06-29,781.97,88891.29,Monthly,Expired,0,2026-08-01
POL0005431,CUST005625,AGT0079,Home,2025-06-21,2026-06-12,1385.73,743688.61,Semi-Annual,Renewed,1,2026-08-01
POL0005432,CUST004902,AGT0075,Life,2024-09-29,2025-10-09,5247.94,431540.42,Monthly,Renewed,1,2026-08-01
POL0005433,CUST004744,AGT0028,Motor,2026-05-23,2027-06-01,1815.56,64730.58,Quarterly,Active,0,2026-08-01
POL0005434,CUST002026,AGT0015,Medical,2026-03-12,2027-03-16,3907.49,272133.81,Semi-Annual,Active,0,2026-08-01
POL0005435,CUST005207,AGT0052,Motor,2025-10-27,2026-11-25,1066.86,98585.61,Monthly,Active,0,2026-08-01
POL0005436,CUST002173,AGT0015,Motor,2025-01-02,2025-11-30,1170.95,26956.81,Monthly,Renewed,1,2026-08-01
POL0005437,CUST004567,AGT0036,Home,2024-11-11,2025-11-10,851.58,560246.44,Quarterly,Expired,0,2026-08-01
POL0005438,CUST002915,AGT0025,Home,2025-05-13,2026-06-11,1715.1,92785.83,Annual,Renewed,1,2026-08-01
POL0005439,CUST003022,AGT0032,Home,2025-01-31,2026-03-02,748.04,238262.32,Monthly,Expired,0,2026-08-01
POL0005440,CUST004858,AGT0071,Motor,2023-07-14,2024-07-07,1031.64,70256.92,Monthly,Renewed,1,2026-08-01
POL0005441,CUST000850,AGT0025,Life,2025-05-05,2026-04-03,3884.9,1272875.16,Monthly,Expired,0,2026-08-01
POL0005442,CUST005108,AGT0069,Medical,2023-11-23,2024-11-10,2424.99,138175.32,Monthly,Expired,0,2026-08-01
POL0005443,CUST004912,AGT0019,Medical,2025-08-24,2026-08-13,5160.05,225830.97,Semi-Annual,Active,0,2026-08-01
POL0005444,CUST002828,AGT0024,Medical,2023-02-04,2024-01-24,2625.87,340868.4,Monthly,Expired,0,2026-08-01
POL0005445,CUST003906,AGT0019,Home,2023-03-06,2024-01-31,1144.67,202698.73,Monthly,Renewed,1,2026-08-01
POL0005446,CUST001589,AGT0060,Travel,2025-02-07,2025-03-31,822.74,29617.35,Monthly,Renewed,1,2026-08-01
POL0005447,CUST004637,AGT0062,Travel,2025-10-23,2025-12-25,763.92,20912.66,Monthly,Renewed,1,2026-08-01
POL0005448,CUST000715,AGT0003,Motor,2025-01-05,2025-12-26,2424.83,174023.08,Annual,Expired,0,2026-08-01
POL0005449,CUST004405,AGT0026,Medical,2023-08-10,2024-09-07,4327.12,67792.7,Annual,Renewed,1,2026-08-01
POL0005450,CUST004070,AGT0075,Life,2024-02-07,2025-02-27,3301.62,1013562.18,Monthly,Expired,0,2026-08-01
POL0005451,CUST001477,AGT0043,Life,2024-08-02,2025-07-12,5688.64,105916.04,Semi-Annual,Expired,0,2026-08-01
POL0005452,CUST004889,AGT0015,Travel,2023-10-31,2024-01-27,532.85,127463.91,Quarterly,Renewed,1,2026-08-01
POL0005453,CUST001715,AGT0018,Motor,2026-06-12,2027-06-24,1453.37,127148.01,Semi-Annual,Active,0,2026-08-01
POL0005454,CUST003253,AGT0038,Motor,2024-08-15,2025-09-06,1755.97,176768.24,Annual,Renewed,1,2026-08-01
POL0005455,CUST005139,AGT0017,Travel,2026-03-11,2026-06-05,742.99,141698.22,Monthly,Renewed,1,2026-08-01
POL0005456,CUST000357,AGT0035,Medical,2023-05-16,2024-06-03,1275.54,484348.22,Quarterly,Expired,0,2026-08-01
POL0005457,CUST002444,AGT0047,Medical,2024-08-31,2025-08-02,4774.57,84525.18,Monthly,Renewed,1,2026-08-01
POL0005458,CUST003763,AGT0038,Travel,2026-01-19,2026-03-16,620.99,96099.35,Monthly,Expired,0,2026-08-01
POL0005459,CUST001067,AGT0047,Life,2024-01-02,2024-12-25,3095.94,1145220.13,Quarterly,Expired,0,2026-08-01
POL0005460,CUST003082,AGT0005,Life,2025-12-23,2026-12-26,3534.24,273138.67,Monthly,Active,0,2026-08-01
POL0005461,CUST003857,AGT0041,Motor,2025-09-16,2026-08-21,1577.78,53501.98,Monthly,Active,0,2026-08-01
POL0005462,CUST005229,AGT0005,Life,2025-02-18,2026-01-18,3711.97,671435.01,Quarterly,Renewed,1,2026-08-01
POL0005463,CUST001790,AGT0056,Medical,2023-02-27,2024-02-15,1086.56,432218.5,Monthly,Renewed,1,2026-08-01
POL0005464,CUST004992,AGT0042,Life,2026-03-24,2027-04-04,2249.82,1242555.42,Annual,Active,0,2026-08-01
POL0005465,CUST003857,AGT0051,Life,2024-09-15,2025-10-03,3727.74,1242852.0,Semi-Annual,Expired,0,2026-08-01
POL0005466,CUST003059,AGT0027,Motor,2025-03-12,2026-03-30,963.4,64014.67,Quarterly,Renewed,1,2026-08-01
POL0005467,CUST003541,AGT0017,Medical,2025-06-19,2026-06-03,1589.62,394530.19,Quarterly,Renewed,1,2026-08-01
POL0005468,CUST005931,AGT0055,Medical,2024-10-03,2025-09-17,4900.01,92585.64,Monthly,Expired,0,2026-08-01
POL0005469,CUST003979,AGT0005,Medical,2023-07-28,2024-08-22,3377.47,476789.01,Quarterly,Expired,0,2026-08-01
POL0005470,CUST002585,AGT0039,Motor,2025-02-23,2026-01-29,2427.56,99394.11,Monthly,Expired,0,2026-08-01
POL0005471,CUST005961,AGT0022,Travel,2025-02-22,2025-04-26,573.22,113203.63,Annual,Expired,0,2026-08-01
POL0005472,CUST004153,AGT0029,Medical,2023-04-22,2024-03-17,2495.24,488169.46,Monthly,Renewed,1,2026-08-01
POL0005473,CUST001664,AGT0035,Medical,2023-09-18,2024-08-30,4407.53,236690.11,Monthly,Expired,0,2026-08-01
POL0005474,CUST003665,AGT0037,Life,2023-10-12,2024-09-18,4552.32,524965.64,Monthly,Renewed,1,2026-08-01
POL0005475,CUST005854,AGT0017,Life,2024-04-18,2025-04-11,4252.68,541615.34,Annual,Renewed,1,2026-08-01
POL0005476,CUST004195,AGT0011,Medical,2024-12-30,2025-12-02,1385.86,91688.59,Quarterly,Expired,0,2026-08-01
POL0005477,CUST004581,AGT0039,Motor,2025-03-12,2026-03-17,1169.73,128258.7,Quarterly,Expired,0,2026-08-01
POL0005478,CUST003971,AGT0023,Motor,2023-05-27,2024-05-20,872.97,179370.47,Monthly,Expired,0,2026-08-01
POL0005479,CUST005133,AGT0003,Motor,2026-01-27,2027-02-01,953.83,159683.27,Monthly,Active,0,2026-08-01
POL0005480,CUST000488,AGT0069,Motor,2025-11-24,2026-12-06,2403.93,174701.65,Semi-Annual,Active,0,2026-08-01
POL0005481,CUST004815,AGT0039,Life,2023-05-01,2024-05-02,5788.83,395184.26,Semi-Annual,Cancelled,0,2026-08-01
POL0005482,CUST005406,AGT0008,Medical,2023-08-11,2024-08-09,1931.29,81254.25,Quarterly,Cancelled,0,2026-08-01
POL0005483,CUST000138,AGT0029,Motor,2026-01-02,2026-12-22,1235.77,64156.46,Annual,Active,0,2026-08-01
POL0005484,CUST004729,AGT0010,Life,2024-06-30,2025-07-08,4043.3,953007.91,Annual,Cancelled,0,2026-08-01
POL0005485,CUST003023,AGT0077,Motor,2024-08-02,2025-08-29,1394.65,137151.66,Monthly,Expired,0,2026-08-01
POL0005486,CUST002314,AGT0039,Home,2024-09-25,2025-08-30,1132.22,721651.26,Monthly,Expired,0,2026-08-01
POL0005487,CUST000635,AGT0071,Life,2026-07-19,2027-06-19,2457.6,165250.02,Semi-Annual,Active,0,2026-08-01
POL0005488,CUST001911,AGT0028,Life,2023-07-26,2024-08-11,3562.91,949811.76,Annual,Renewed,1,2026-08-01
POL0005489,CUST004041,AGT0077,Motor,2026-05-15,2027-05-21,2448.91,62409.95,Annual,Active,0,2026-08-01
POL0005490,CUST003084,AGT0075,Medical,2023-11-13,2024-11-15,2929.27,168166.26,Semi-Annual,Expired,0,2026-08-01
POL0005491,CUST000358,AGT0053,Medical,2026-03-20,2027-02-15,4676.28,402657.16,Quarterly,Active,0,2026-08-01
POL0005492,CUST001838,AGT0034,Home,2024-09-25,2025-09-18,1097.19,813300.58,Monthly,Renewed,1,2026-08-01
POL0005493,CUST000200,AGT0078,Motor,2025-09-18,2026-09-19,1568.35,115663.24,Annual,Active,0,2026-08-01
POL0005494,CUST002181,AGT0046,Medical,2023-05-20,2024-06-02,3143.87,58469.23,Annual,Cancelled,0,2026-08-01
POL0005495,CUST005441,AGT0016,Travel,2024-04-22,2024-07-03,645.42,62589.55,Monthly,Renewed,1,2026-08-01
POL0005496,CUST004548,AGT0006,Medical,2023-09-02,2024-09-05,5193.62,473014.51,Quarterly,Expired,0,2026-08-01
POL0005497,CUST005503,AGT0043,Life,2025-01-19,2025-12-20,1371.48,969702.87,Monthly,Renewed,1,2026-08-01
POL0005498,CUST001000,AGT0020,Home,2023-01-31,2024-02-18,1075.42,764071.19,Annual,Expired,0,2026-08-01
POL0005499,CUST003743,AGT0060,Medical,2024-05-12,2025-04-10,3822.61,264987.44,Quarterly,Renewed,1,2026-08-01
POL0005500,CUST001808,AGT0044,Motor,2024-10-23,2025-10-25,1528.43,91479.23,Annual,Renewed,1,2026-08-01
POL0005501,CUST002760,AGT0039,Home,2024-09-16,2025-10-14,1157.41,534254.1,Semi-Annual,Expired,0,2026-08-01
POL0005502,CUST005808,AGT0023,Motor,2025-12-10,2026-11-28,896.4,154958.11,Quarterly,Active,0,2026-08-01
POL0005503,CUST004971,AGT0018,Travel,2025-03-04,2025-04-25,281.52,143147.95,Annual,Renewed,1,2026-08-01
POL0005504,CUST004181,AGT0017,Motor,2025-11-25,2026-12-02,1478.96,105502.32,Monthly,Active,0,2026-08-01
POL0005505,CUST005786,AGT0053,Motor,2024-10-15,2025-10-03,1531.26,173186.09,Monthly,Expired,0,2026-08-01
POL0005506,CUST002994,AGT0063,Medical,2024-04-08,2025-04-16,3862.68,402661.69,Semi-Annual,Renewed,1,2026-08-01
POL0005507,CUST000326,AGT0078,Travel,2024-01-18,2024-01-31,772.87,120909.0,Annual,Renewed,1,2026-08-01
POL0005508,CUST005474,AGT0055,Motor,2025-06-17,2026-06-05,909.93,171144.77,Monthly,Renewed,1,2026-08-01
POL0005509,CUST000622,AGT0042,Motor,2026-04-19,2027-03-16,1608.65,42464.06,Monthly,Active,0,2026-08-01
POL0005510,CUST001600,AGT0056,Motor,2026-07-17,2027-07-06,1516.03,27811.25,Monthly,Active,0,2026-08-01
POL0005511,CUST005431,AGT0020,Motor,2023-10-31,2024-11-25,2536.61,39114.76,Annual,Expired,0,2026-08-01
POL0005512,CUST005323,AGT0071,Motor,2024-07-07,2025-08-06,2070.77,110622.26,Annual,Cancelled,0,2026-08-01
POL0005513,CUST000597,AGT0004,Home,2025-03-22,2026-02-16,1732.33,784377.34,Annual,Expired,0,2026-08-01
POL0005514,CUST005137,AGT0073,Life,2026-04-09,2027-03-17,4118.91,172626.31,Annual,Active,0,2026-08-01
POL0005515,CUST004286,AGT0009,Medical,2024-02-09,2025-03-05,3636.46,279103.4,Monthly,Expired,0,2026-08-01
POL0005516,CUST000647,AGT0076,Motor,2025-10-14,2026-11-02,2337.95,120233.32,Monthly,Active,0,2026-08-01
POL0005517,CUST003322,AGT0063,Motor,2026-01-03,2026-12-01,865.96,117486.03,Semi-Annual,Active,0,2026-08-01
POL0005518,CUST001590,AGT0034,Medical,2023-08-20,2024-08-12,4886.26,180868.89,Annual,Expired,0,2026-08-01
POL0005519,CUST003130,AGT0039,Motor,2024-02-14,2025-02-05,1657.15,58669.48,Quarterly,Renewed,1,2026-08-01
POL0005520,CUST001111,AGT0024,Home,2024-08-03,2025-09-01,1742.08,98544.76,Monthly,Renewed,1,2026-08-01
POL0005521,CUST000586,AGT0017,Motor,2026-01-14,2027-01-30,816.84,45502.05,Annual,Cancelled,0,2026-08-01
POL0005522,CUST003904,AGT0026,Medical,2026-05-01,2027-05-16,1394.7,55821.93,Monthly,Active,0,2026-08-01
POL0005523,CUST004373,AGT0069,Life,2023-08-06,2024-07-02,1634.13,783314.1,Annual,Expired,0,2026-08-01
POL0005524,CUST001148,AGT0021,Medical,2023-08-07,2024-08-16,1235.2,348310.49,Monthly,Renewed,1,2026-08-01
POL0005525,CUST003613,AGT0035,Travel,2024-05-17,2024-07-09,165.63,99418.64,Semi-Annual,Expired,0,2026-08-01
POL0005526,CUST002952,AGT0055,Life,2023-03-17,2024-03-08,3132.48,1105326.74,Quarterly,Renewed,1,2026-08-01
POL0005527,CUST005574,AGT0064,Motor,2024-11-04,2025-10-31,1041.39,33207.02,Quarterly,Renewed,1,2026-08-01
POL0005528,CUST003395,AGT0025,Travel,2023-12-16,2024-02-23,174.65,93617.78,Monthly,Renewed,1,2026-08-01
POL0005529,CUST002886,AGT0065,Medical,2024-05-20,2025-05-16,2889.99,141681.18,Semi-Annual,Renewed,1,2026-08-01
POL0005530,CUST000050,AGT0015,Motor,2023-01-07,2023-12-25,1927.96,123278.01,Annual,Expired,0,2026-08-01
POL0005531,CUST005475,AGT0058,Life,2023-10-30,2024-10-06,1460.73,1230840.41,Monthly,Renewed,1,2026-08-01
POL0005532,CUST003970,AGT0009,Life,2023-06-16,2024-07-15,4531.99,992868.09,Monthly,Renewed,1,2026-08-01
POL0005533,CUST001104,AGT0078,Motor,2023-10-20,2024-09-29,1847.45,83235.5,Annual,Expired,0,2026-08-01
POL0005534,CUST000036,AGT0008,Medical,2024-07-11,2025-06-18,2347.79,223906.34,Monthly,Expired,0,2026-08-01
POL0005535,CUST001224,AGT0072,Travel,2023-11-03,2024-01-23,208.92,92627.2,Monthly,Expired,0,2026-08-01
POL0005536,CUST003023,AGT0061,Life,2025-09-26,2026-09-01,4868.69,1349225.47,Monthly,Active,0,2026-08-01
POL0005537,CUST005694,AGT0011,Medical,2024-08-13,2025-07-09,4281.48,345395.21,Annual,Renewed,1,2026-08-01
POL0005538,CUST003722,AGT0062,Medical,2023-10-07,2024-10-09,2193.09,94172.0,Monthly,Expired,0,2026-08-01
POL0005539,CUST000597,AGT0028,Life,2025-03-27,2026-03-13,4157.1,1198735.62,Quarterly,Expired,0,2026-08-01
POL0005540,CUST001154,AGT0079,Life,2026-01-15,2027-01-25,1773.59,174213.28,Monthly,Active,0,2026-08-01
POL0005541,CUST001420,AGT0077,Motor,2024-10-13,2025-09-29,2207.36,79726.48,Quarterly,Expired,0,2026-08-01
POL0005542,CUST000455,AGT0075,Medical,2026-07-15,2027-06-16,3783.38,219911.43,Quarterly,Active,0,2026-08-01
POL0005543,CUST000849,AGT0053,Medical,2024-04-10,2025-03-23,2799.15,330778.62,Monthly,Expired,0,2026-08-01
POL0005544,CUST000550,AGT0072,Life,2024-08-29,2025-08-20,4710.45,1270526.73,Quarterly,Renewed,1,2026-08-01
POL0005545,CUST004259,AGT0036,Life,2024-07-08,2025-06-23,6739.42,486774.47,Monthly,Expired,0,2026-08-01
POL0005546,CUST004100,AGT0005,Life,2026-07-20,2027-07-24,4459.11,988583.53,Annual,Active,0,2026-08-01
POL0005547,CUST004682,AGT0069,Life,2025-07-31,2026-07-04,3677.6,909785.46,Annual,Renewed,1,2026-08-01
POL0005548,CUST001098,AGT0004,Medical,2025-01-25,2026-02-01,2901.41,324491.53,Quarterly,Renewed,1,2026-08-01
POL0005549,CUST005409,AGT0052,Travel,2024-04-22,2024-06-22,203.71,22459.44,Monthly,Renewed,1,2026-08-01
POL0005550,CUST002242,AGT0044,Home,2023-03-20,2024-03-23,1664.97,499751.97,Monthly,Expired,0,2026-08-01
POL0005551,CUST000881,AGT0030,Travel,2026-03-25,2026-04-30,495.23,141689.82,Annual,Renewed,1,2026-08-01
POL0005552,CUST000947,AGT0060,Travel,2023-05-25,2023-07-30,372.04,52051.62,Monthly,Expired,0,2026-08-01
POL0005553,CUST001931,AGT0022,Home,2025-08-07,2026-08-09,1704.42,724023.41,Monthly,Active,0,2026-08-01
POL0005554,CUST000528,AGT0075,Motor,2024-11-01,2025-11-29,1791.77,135384.31,Annual,Expired,0,2026-08-01
POL0005555,CUST001904,AGT0069,Medical,2025-07-03,2026-07-29,1614.08,493674.52,Quarterly,Renewed,1,2026-08-01
POL0005556,CUST003966,AGT0074,Medical,2026-04-19,2027-05-03,3912.22,193013.77,Quarterly,Active,0,2026-08-01
POL0005557,CUST005841,AGT0068,Medical,2023-09-13,2024-09-12,5061.52,433490.2,Annual,Renewed,1,2026-08-01
POL0005558,CUST000031,AGT0067,Travel,2023-05-09,2023-08-06,713.19,55894.57,Quarterly,Expired,0,2026-08-01
POL0005559,CUST003498,AGT0074,Medical,2024-04-29,2025-04-22,2597.7,256245.05,Quarterly,Renewed,1,2026-08-01
POL0005560,CUST001408,AGT0074,Motor,2025-01-17,2026-01-02,2255.6,97141.6,Monthly,Expired,0,2026-08-01
POL0005561,CUST002025,AGT0063,Motor,2023-03-29,2024-02-28,1666.28,132354.18,Semi-Annual,Expired,0,2026-08-01
POL0005562,CUST003864,AGT0064,Motor,2025-11-25,2026-11-21,1528.41,59627.58,Annual,Active,0,2026-08-01
POL0005563,CUST001793,AGT0015,Medical,2025-03-02,2026-03-15,3333.32,201485.07,Monthly,Renewed,1,2026-08-01
POL0005564,CUST002632,AGT0014,Motor,2026-07-08,2027-07-29,938.22,176102.7,Annual,Active,0,2026-08-01
POL0005565,CUST001915,AGT0032,Motor,2024-01-10,2025-01-03,1275.65,124513.32,Quarterly,Cancelled,0,2026-08-01
POL0005566,CUST002172,AGT0030,Medical,2026-04-01,2027-04-11,3432.83,297579.74,Quarterly,Active,0,2026-08-01
POL0005567,CUST004274,AGT0027,Life,2024-05-16,2025-05-31,1880.21,177587.07,Annual,Renewed,1,2026-08-01
POL0005568,CUST001755,AGT0024,Life,2023-05-19,2024-04-28,3579.44,1496881.43,Monthly,Renewed,1,2026-08-01
POL0005569,CUST003296,AGT0021,Motor,2026-01-01,2026-12-09,2289.51,142489.68,Quarterly,Active,0,2026-08-01
POL0005570,CUST004756,AGT0046,Home,2023-04-11,2024-04-12,1640.76,881254.55,Quarterly,Renewed,1,2026-08-01
POL0005571,CUST003742,AGT0064,Motor,2025-07-20,2026-07-25,1128.68,73794.82,Semi-Annual,Renewed,1,2026-08-01
POL0005572,CUST004559,AGT0065,Life,2023-09-26,2024-08-24,6678.82,277129.03,Monthly,Renewed,1,2026-08-01
POL0005573,CUST002824,AGT0010,Travel,2025-05-26,2025-06-13,428.96,116977.17,Monthly,Expired,0,2026-08-01
POL0005574,CUST002790,AGT0044,Travel,2024-01-01,2024-03-30,180.13,115836.4,Monthly,Renewed,1,2026-08-01
POL0005575,CUST000158,AGT0039,Medical,2023-04-16,2024-04-03,4152.36,441663.28,Annual,Expired,0,2026-08-01
POL0005576,CUST004229,AGT0064,Motor,2026-02-05,2027-01-31,953.52,21152.28,Monthly,Active,0,2026-08-01
POL0005577,CUST004123,AGT0070,Travel,2024-04-05,2024-04-12,637.99,96324.73,Semi-Annual,Renewed,1,2026-08-01
POL0005578,CUST003064,AGT0027,Life,2025-04-23,2026-05-05,5250.75,299418.12,Monthly,Expired,0,2026-08-01
POL0005579,CUST004345,AGT0064,Travel,2023-02-21,2023-05-21,563.61,82260.07,Semi-Annual,Expired,0,2026-08-01
POL0005580,CUST003951,AGT0048,Medical,2026-05-16,2027-06-05,4476.89,499674.5,Monthly,Active,0,2026-08-01
POL0005581,CUST001082,AGT0022,Home,2025-03-22,2026-03-04,1534.48,691180.49,Semi-Annual,Expired,0,2026-08-01
POL0005582,CUST001344,AGT0045,Home,2024-07-01,2025-07-22,961.18,296739.51,Annual,Renewed,1,2026-08-01
POL0005583,CUST003897,AGT0003,Life,2026-03-22,2027-02-25,4194.0,974871.51,Annual,Active,0,2026-08-01
POL0005584,CUST000588,AGT0005,Home,2024-06-20,2025-06-08,926.62,474753.63,Annual,Renewed,1,2026-08-01
POL0005585,CUST005266,AGT0034,Medical,2024-03-06,2025-02-23,3576.63,253971.43,Annual,Expired,0,2026-08-01
POL0005586,CUST002092,AGT0077,Motor,2024-01-01,2024-12-07,1740.6,30454.17,Annual,Renewed,1,2026-08-01
POL0005587,CUST003617,AGT0048,Life,2025-05-03,2026-04-03,2919.19,1002943.8,Monthly,Renewed,1,2026-08-01
POL0005588,CUST003132,AGT0054,Life,2024-07-25,2025-06-20,3653.91,957610.23,Monthly,Renewed,1,2026-08-01
POL0005589,CUST004012,AGT0069,Medical,2025-01-13,2026-02-01,3372.2,90759.45,Quarterly,Renewed,1,2026-08-01
POL0005590,CUST002134,AGT0036,Motor,2025-10-30,2026-10-02,2240.24,40647.93,Monthly,Active,0,2026-08-01
POL0005591,CUST004205,AGT0043,Life,2025-05-06,2026-05-19,1982.4,744956.46,Annual,Renewed,1,2026-08-01
POL0005592,CUST001040,AGT0023,Motor,2025-06-29,2026-05-26,1812.12,106128.25,Monthly,Renewed,1,2026-08-01
POL0005593,CUST001947,AGT0022,Life,2025-03-08,2026-03-30,6642.83,367793.98,Annual,Renewed,1,2026-08-01
POL0005594,CUST000238,AGT0074,Home,2025-10-29,2026-10-10,913.03,762055.43,Quarterly,Active,0,2026-08-01
POL0005595,CUST000926,AGT0056,Motor,2025-08-02,2026-08-29,923.31,133399.5,Monthly,Active,0,2026-08-01
POL0005596,CUST000333,AGT0011,Travel,2025-12-21,2026-01-24,731.17,49290.39,Annual,Renewed,1,2026-08-01
POL0005597,CUST002836,AGT0033,Motor,2025-04-06,2026-04-08,1182.02,148655.89,Semi-Annual,Renewed,1,2026-08-01
POL0005598,CUST000440,AGT0062,Medical,2023-01-06,2024-01-02,3929.25,313555.52,Monthly,Expired,0,2026-08-01
POL0005599,CUST001391,AGT0067,Home,2026-04-03,2027-04-17,992.64,340022.79,Annual,Active,0,2026-08-01
POL0005600,CUST002901,AGT0053,Motor,2023-11-07,2024-10-16,2493.48,152548.75,Quarterly,Renewed,1,2026-08-01
POL0005601,CUST004122,AGT0002,Motor,2025-07-29,2026-07-26,2192.93,101946.42,Monthly,Renewed,1,2026-08-01
POL0005602,CUST000149,AGT0030,Home,2025-05-05,2026-04-16,1502.95,438544.38,Annual,Renewed,1,2026-08-01
POL0005603,CUST004290,AGT0034,Motor,2025-05-13,2026-05-29,1881.7,22545.93,Annual,Expired,0,2026-08-01
POL0005604,CUST003116,AGT0015,Medical,2024-08-06,2025-08-27,1585.55,419565.07,Monthly,Renewed,1,2026-08-01
POL0005605,CUST000050,AGT0034,Medical,2024-08-13,2025-08-13,1711.83,174288.03,Monthly,Expired,0,2026-08-01
POL0005606,CUST000584,AGT0030,Motor,2023-06-03,2024-06-08,879.71,66468.57,Annual,Renewed,1,2026-08-01
POL0005607,CUST005726,AGT0048,Motor,2023-11-17,2024-11-29,1933.1,153679.25,Monthly,Expired,0,2026-08-01
POL0005608,CUST002700,AGT0026,Travel,2023-03-26,2023-04-17,605.33,31216.65,Quarterly,Expired,0,2026-08-01
POL0005609,CUST005551,AGT0029,Medical,2026-04-01,2027-03-15,1864.87,479535.94,Monthly,Active,0,2026-08-01
POL0005610,CUST003092,AGT0070,Medical,2026-05-17,2027-06-13,4607.95,199048.87,Annual,Active,0,2026-08-01
POL0005611,CUST000792,AGT0033,Life,2023-05-21,2024-05-30,3250.26,566913.81,Monthly,Renewed,1,2026-08-01
POL0005612,CUST004373,AGT0016,Medical,2026-01-13,2026-12-10,1920.52,364604.03,Semi-Annual,Active,0,2026-08-01
POL0005613,CUST002867,AGT0059,Medical,2025-06-08,2026-06-11,4153.51,212422.61,Annual,Expired,0,2026-08-01
POL0005614,CUST002270,AGT0022,Home,2024-02-21,2025-02-14,1239.86,302113.23,Semi-Annual,Expired,0,2026-08-01
POL0005615,CUST001255,AGT0014,Travel,2023-07-26,2023-09-02,217.74,40715.35,Quarterly,Cancelled,0,2026-08-01
POL0005616,CUST002664,AGT0062,Medical,2025-04-15,2026-05-02,4497.11,199370.19,Monthly,Renewed,1,2026-08-01
POL0005617,CUST005784,AGT0020,Medical,2023-02-06,2024-02-16,1440.61,487627.24,Annual,Expired,0,2026-08-01
POL0005618,CUST001310,AGT0001,Travel,2023-07-11,2023-08-13,210.16,37046.09,Semi-Annual,Renewed,1,2026-08-01
POL0005619,CUST003397,AGT0009,Life,2023-05-18,2024-05-06,5651.39,1410569.26,Annual,Expired,0,2026-08-01
POL0005620,CUST000197,AGT0060,Medical,2023-06-26,2024-06-04,3270.72,308441.39,Monthly,Expired,0,2026-08-01
POL0005621,CUST004201,AGT0021,Medical,2023-01-09,2024-01-15,2818.29,353635.35,Annual,Renewed,1,2026-08-01
POL0005622,CUST005346,AGT0032,Motor,2024-03-12,2025-04-02,1073.59,147308.06,Monthly,Renewed,1,2026-08-01
POL0005623,CUST005868,AGT0041,Home,2025-11-13,2026-11-21,434.32,116238.95,Monthly,Active,0,2026-08-01
POL0005624,CUST004867,AGT0023,Life,2024-01-03,2024-11-28,3722.83,1464118.36,Semi-Annual,Expired,0,2026-08-01
POL0005625,CUST004039,AGT0016,Medical,2023-11-20,2024-11-28,5132.3,391862.85,Annual,Renewed,1,2026-08-01
POL0005626,CUST003497,AGT0006,Medical,2026-07-04,2027-06-27,3613.79,410909.74,Quarterly,Active,0,2026-08-01
POL0005627,CUST005225,AGT0006,Home,2024-09-21,2025-10-01,776.85,429056.78,Monthly,Renewed,1,2026-08-01
POL0005628,CUST000059,AGT0074,Medical,2023-02-01,2024-01-22,5196.35,318720.14,Monthly,Renewed,1,2026-08-01
POL0005629,CUST001444,AGT0080,Life,2025-02-07,2026-01-30,6986.77,885917.89,Annual,Expired,0,2026-08-01
POL0005630,CUST000269,AGT0052,Travel,2024-12-16,2025-03-11,326.85,32752.74,Monthly,Renewed,1,2026-08-01
POL0005631,CUST001377,AGT0037,Home,2024-07-08,2025-07-14,626.3,238777.31,Semi-Annual,Renewed,1,2026-08-01
POL0005632,CUST001339,AGT0065,Medical,2026-01-21,2027-02-10,1815.33,395909.16,Annual,Active,0,2026-08-01
POL0005633,CUST002648,AGT0067,Travel,2025-06-10,2025-07-19,524.39,84248.91,Annual,Renewed,1,2026-08-01
POL0005634,CUST004146,AGT0036,Medical,2024-05-02,2025-04-08,2319.44,133527.22,Monthly,Renewed,1,2026-08-01
POL0005635,CUST005289,AGT0060,Home,2024-12-24,2025-11-23,1469.66,783073.17,Annual,Renewed,1,2026-08-01
POL0005636,CUST003595,AGT0008,Motor,2025-05-15,2026-06-03,1437.84,47282.07,Annual,Renewed,1,2026-08-01
POL0005637,CUST000235,AGT0014,Life,2024-05-11,2025-05-27,4732.34,1392670.26,Annual,Expired,0,2026-08-01
POL0005638,CUST000593,AGT0068,Medical,2024-08-04,2025-07-18,2045.18,389665.92,Quarterly,Renewed,1,2026-08-01
POL0005639,CUST002649,AGT0041,Travel,2023-10-10,2023-11-19,439.95,126022.68,Monthly,Cancelled,0,2026-08-01
POL0005640,CUST003679,AGT0066,Motor,2025-02-23,2026-01-27,1984.54,100866.85,Semi-Annual,Expired,0,2026-08-01
POL0005641,CUST004950,AGT0046,Motor,2023-11-04,2024-10-29,2583.11,100345.71,Annual,Expired,0,2026-08-01
POL0005642,CUST002245,AGT0010,Travel,2024-09-30,2024-10-15,300.3,35595.18,Monthly,Renewed,1,2026-08-01
POL0005643,CUST001065,AGT0013,Medical,2025-11-30,2026-11-05,4170.93,470265.02,Semi-Annual,Active,0,2026-08-01
POL0005644,CUST000850,AGT0043,Medical,2026-04-12,2027-04-30,3542.89,225280.15,Annual,Active,0,2026-08-01
POL0005645,CUST003695,AGT0009,Motor,2024-08-30,2025-09-15,2158.98,111280.6,Monthly,Cancelled,0,2026-08-01
POL0005646,CUST005990,AGT0068,Home,2023-09-29,2024-09-27,1218.97,139518.43,Quarterly,Expired,0,2026-08-01
POL0005647,CUST000420,AGT0022,Life,2023-03-01,2024-01-27,1827.08,377745.71,Annual,Expired,0,2026-08-01
POL0005648,CUST000056,AGT0056,Life,2026-01-09,2026-12-14,2579.71,1317872.66,Annual,Active,0,2026-08-01
POL0005649,CUST000063,AGT0021,Travel,2024-06-18,2024-08-05,623.03,76730.82,Semi-Annual,Renewed,1,2026-08-01
POL0005650,CUST003277,AGT0062,Travel,2023-09-04,2023-10-16,646.34,69942.47,Quarterly,Expired,0,2026-08-01
POL0005651,CUST001914,AGT0023,Medical,2025-12-03,2026-11-24,3644.1,168301.88,Annual,Active,0,2026-08-01
POL0005652,CUST004949,AGT0042,Motor,2024-09-21,2025-10-09,1155.96,173520.11,Annual,Renewed,1,2026-08-01
POL0005653,CUST004834,AGT0021,Life,2025-06-19,2026-06-01,1823.81,1045577.52,Annual,Expired,0,2026-08-01
POL0005654,CUST003015,AGT0071,Life,2023-03-25,2024-04-22,5470.31,791252.86,Quarterly,Expired,0,2026-08-01
POL0005655,CUST000249,AGT0044,Motor,2026-06-02,2027-06-30,1947.31,172789.52,Annual,Active,0,2026-08-01
POL0005656,CUST003422,AGT0042,Travel,2024-02-16,2024-05-16,501.17,94778.26,Quarterly,Renewed,1,2026-08-01
POL0005657,CUST002189,AGT0024,Medical,2025-10-07,2026-09-21,1079.54,468725.12,Annual,Active,0,2026-08-01
POL0005658,CUST005019,AGT0015,Medical,2024-01-24,2025-02-22,3601.27,121810.84,Annual,Renewed,1,2026-08-01
POL0005659,CUST004372,AGT0062,Medical,2023-08-12,2024-07-20,4271.54,234754.47,Annual,Cancelled,0,2026-08-01
POL0005660,CUST005751,AGT0005,Home,2024-06-20,2025-07-12,996.54,528558.0,Quarterly,Expired,0,2026-08-01
POL0005661,CUST002215,AGT0005,Motor,2023-03-29,2024-03-21,891.81,48593.88,Quarterly,Expired,0,2026-08-01
POL0005662,CUST001939,AGT0053,Medical,2024-10-25,2025-11-15,2217.52,335661.05,Annual,Renewed,1,2026-08-01
POL0005663,CUST002873,AGT0050,Medical,2024-08-27,2025-08-11,1731.4,381690.57,Monthly,Renewed,1,2026-08-01
POL0005664,CUST004951,AGT0027,Home,2023-04-11,2024-04-22,1227.68,276064.69,Quarterly,Expired,0,2026-08-01
POL0005665,CUST003003,AGT0062,Medical,2024-08-04,2025-08-17,1511.6,226816.84,Monthly,Expired,0,2026-08-01
POL0005666,CUST002016,AGT0005,Medical,2025-01-15,2026-01-04,1172.0,467626.37,Semi-Annual,Expired,0,2026-08-01
POL0005667,CUST005448,AGT0035,Home,2024-12-16,2025-11-12,1527.3,563051.72,Quarterly,Renewed,1,2026-08-01
POL0005668,CUST002349,AGT0073,Life,2023-04-05,2024-03-19,6547.07,1074189.76,Semi-Annual,Expired,0,2026-08-01
POL0005669,CUST005256,AGT0026,Motor,2025-05-27,2026-06-06,2319.11,147294.62,Monthly,Renewed,1,2026-08-01
POL0005670,CUST003831,AGT0063,Motor,2024-03-09,2025-03-26,1850.6,55249.65,Annual,Expired,0,2026-08-01
POL0005671,CUST000382,AGT0025,Life,2023-11-29,2024-11-20,3268.32,1106084.38,Semi-Annual,Renewed,1,2026-08-01
POL0005672,CUST002958,AGT0019,Medical,2026-01-20,2027-02-12,1337.37,448789.96,Monthly,Active,0,2026-08-01
POL0005673,CUST004154,AGT0027,Motor,2026-07-15,2027-07-31,1502.7,172486.15,Annual,Active,0,2026-08-01
POL0005674,CUST005491,AGT0024,Medical,2023-05-29,2024-04-29,1770.94,94498.95,Semi-Annual,Renewed,1,2026-08-01
POL0005675,CUST003258,AGT0010,Home,2024-10-08,2025-09-25,1512.15,251090.9,Quarterly,Renewed,1,2026-08-01
POL0005676,CUST000088,AGT0073,Life,2023-12-12,2024-12-10,6035.25,108661.99,Monthly,Expired,0,2026-08-01
POL0005677,CUST002128,AGT0047,Medical,2025-07-23,2026-06-19,2972.69,228283.14,Monthly,Expired,0,2026-08-01
POL0005678,CUST005812,AGT0077,Motor,2025-03-05,2026-02-16,1353.29,68154.58,Monthly,Expired,0,2026-08-01
POL0005679,CUST002956,AGT0050,Medical,2024-06-17,2025-07-02,3936.78,314399.01,Monthly,Expired,0,2026-08-01
POL0005680,CUST002308,AGT0072,Home,2025-09-03,2026-09-24,1241.23,280271.68,Quarterly,Active,0,2026-08-01
POL0005681,CUST005279,AGT0032,Life,2025-06-13,2026-05-17,4569.28,1080144.68,Annual,Expired,0,2026-08-01
POL0005682,CUST002503,AGT0016,Motor,2026-04-27,2027-05-01,2465.95,173564.52,Semi-Annual,Active,0,2026-08-01
POL0005683,CUST004639,AGT0077,Life,2026-07-09,2027-07-05,2822.78,241627.04,Monthly,Active,0,2026-08-01
POL0005684,CUST000125,AGT0067,Motor,2024-06-24,2025-07-15,1395.79,54342.49,Annual,Expired,0,2026-08-01
POL0005685,CUST003409,AGT0073,Medical,2023-07-20,2024-08-07,1229.1,137433.76,Monthly,Expired,0,2026-08-01
POL0005686,CUST000142,AGT0074,Motor,2026-04-20,2027-05-17,1195.54,176633.55,Semi-Annual,Active,0,2026-08-01
POL0005687,CUST001054,AGT0024,Travel,2024-07-23,2024-10-02,430.96,95528.81,Monthly,Cancelled,0,2026-08-01
POL0005688,CUST003269,AGT0044,Life,2026-03-07,2027-03-20,5959.06,536872.21,Monthly,Active,0,2026-08-01
POL0005689,CUST003712,AGT0059,Medical,2025-06-30,2026-06-11,1794.06,221311.64,Annual,Expired,0,2026-08-01
POL0005690,CUST000711,AGT0071,Medical,2024-11-15,2025-10-27,3196.82,415902.09,Semi-Annual,Renewed,1,2026-08-01
POL0005691,CUST002989,AGT0010,Travel,2026-01-24,2026-04-10,304.04,117823.39,Quarterly,Expired,0,2026-08-01
POL0005692,CUST002438,AGT0075,Motor,2025-09-12,2026-09-23,2213.87,86984.61,Monthly,Active,0,2026-08-01
POL0005693,CUST002682,AGT0061,Motor,2025-04-12,2026-04-28,1948.48,65569.97,Annual,Expired,0,2026-08-01
POL0005694,CUST004863,AGT0038,Travel,2024-11-08,2024-11-21,103.35,144475.06,Annual,Renewed,1,2026-08-01
POL0005695,CUST005663,AGT0059,Travel,2023-10-30,2024-01-17,188.58,128722.93,Annual,Renewed,1,2026-08-01
POL0005696,CUST000449,AGT0023,Motor,2023-10-04,2024-09-09,2174.82,21035.44,Monthly,Expired,0,2026-08-01
POL0005697,CUST005956,AGT0029,Motor,2025-04-23,2026-05-11,2021.17,101490.74,Monthly,Renewed,1,2026-08-01
POL0005698,CUST000306,AGT0016,Life,2024-05-17,2025-05-04,1874.31,159785.22,Monthly,Renewed,1,2026-08-01
POL0005699,CUST005709,AGT0031,Motor,2025-03-24,2026-02-22,1343.41,107654.38,Monthly,Expired,0,2026-08-01
POL0005700,CUST003695,AGT0025,Life,2025-07-25,2026-08-13,2777.63,1420465.92,Monthly,Active,0,2026-08-01
POL0005701,CUST004434,AGT0047,Life,2023-02-27,2024-03-25,3934.15,127939.79,Monthly,Renewed,1,2026-08-01
POL0005702,CUST001459,AGT0035,Life,2023-04-23,2024-05-21,1350.46,528563.43,Annual,Cancelled,0,2026-08-01
POL0005703,CUST003594,AGT0023,Medical,2025-03-04,2026-01-29,3226.97,276141.38,Semi-Annual,Cancelled,0,2026-08-01
POL0005704,CUST003555,AGT0031,Travel,2026-06-30,2026-08-02,191.45,53278.28,Monthly,Active,0,2026-08-01
POL0005705,CUST001917,AGT0046,Home,2024-11-27,2025-11-14,1401.72,179254.4,Annual,Renewed,1,2026-08-01
POL0005706,CUST003020,AGT0064,Life,2025-05-31,2026-05-18,4378.65,479290.4,Semi-Annual,Renewed,1,2026-08-01
POL0005707,CUST005684,AGT0072,Medical,2024-01-14,2025-01-03,4306.49,224138.14,Quarterly,Cancelled,0,2026-08-01
POL0005708,CUST000646,AGT0022,Home,2023-10-10,2024-09-05,1244.89,335294.92,Monthly,Renewed,1,2026-08-01
POL0005709,CUST002734,AGT0036,Medical,2023-11-09,2024-11-05,4819.49,497291.74,Semi-Annual,Expired,0,2026-08-01
POL0005710,CUST002021,AGT0058,Motor,2026-05-14,2027-04-13,2518.72,173865.26,Annual,Cancelled,0,2026-08-01
POL0005711,CUST001210,AGT0017,Motor,2025-09-30,2026-09-10,1920.66,121332.38,Monthly,Active,0,2026-08-01
POL0005712,CUST002873,AGT0059,Medical,2024-04-10,2025-04-22,3635.05,74541.54,Monthly,Expired,0,2026-08-01
POL0005713,CUST000665,AGT0045,Motor,2023-03-26,2024-02-27,1439.69,32555.92,Monthly,Renewed,1,2026-08-01
POL0005714,CUST000728,AGT0012,Travel,2026-01-27,2026-04-01,797.79,110940.71,Annual,Cancelled,0,2026-08-01
POL0005715,CUST005015,AGT0053,Motor,2024-01-07,2025-01-26,2266.53,126923.58,Annual,Renewed,1,2026-08-01
POL0005716,CUST001914,AGT0013,Medical,2023-11-08,2024-12-06,2047.09,130928.7,Monthly,Renewed,1,2026-08-01
POL0005717,CUST001969,AGT0043,Travel,2025-07-05,2025-08-11,268.33,134936.18,Annual,Expired,0,2026-08-01
POL0005718,CUST003964,AGT0025,Motor,2023-06-10,2024-07-02,2135.27,135152.03,Annual,Renewed,1,2026-08-01
POL0005719,CUST004598,AGT0002,Life,2023-10-01,2024-09-26,3236.3,383029.3,Annual,Expired,0,2026-08-01
POL0005720,CUST005194,AGT0055,Home,2024-10-16,2025-11-09,1533.88,822175.18,Semi-Annual,Expired,0,2026-08-01
POL0005721,CUST003765,AGT0054,Motor,2023-06-03,2024-06-18,2450.04,137852.5,Annual,Renewed,1,2026-08-01
POL0005722,CUST001588,AGT0022,Medical,2026-04-09,2027-05-04,1484.91,458543.93,Annual,Active,0,2026-08-01
POL0005723,CUST001702,AGT0003,Motor,2026-07-08,2027-08-02,1737.51,162556.53,Monthly,Active,0,2026-08-01
POL0005724,CUST004244,AGT0071,Life,2025-12-22,2027-01-01,6349.68,104807.42,Quarterly,Active,0,2026-08-01
POL0005725,CUST005105,AGT0034,Medical,2025-01-09,2025-12-19,3316.62,292227.78,Monthly,Renewed,1,2026-08-01
POL0005726,CUST005513,AGT0069,Home,2024-12-13,2025-11-11,518.26,163152.14,Annual,Expired,0,2026-08-01
POL0005727,CUST005070,AGT0034,Life,2023-12-18,2024-12-03,5789.72,576464.87,Quarterly,Expired,0,2026-08-01
POL0005728,CUST003762,AGT0060,Life,2023-07-15,2024-06-28,2390.88,517513.08,Annual,Expired,0,2026-08-01
POL0005729,CUST001031,AGT0068,Home,2023-07-21,2024-08-15,1043.1,500362.95,Annual,Expired,0,2026-08-01
POL0005730,CUST002497,AGT0055,Motor,2023-07-15,2024-06-11,2541.96,155438.64,Monthly,Cancelled,0,2026-08-01
POL0005731,CUST000731,AGT0070,Travel,2023-01-10,2023-03-13,762.79,38887.25,Quarterly,Renewed,1,2026-08-01
POL0005732,CUST002635,AGT0006,Life,2025-08-29,2026-09-28,4735.31,753499.65,Monthly,Active,0,2026-08-01
POL0005733,CUST003604,AGT0063,Life,2025-09-06,2026-08-20,2110.24,1295348.37,Monthly,Active,0,2026-08-01
POL0005734,CUST004048,AGT0058,Life,2025-08-10,2026-08-13,3439.61,754462.54,Semi-Annual,Active,0,2026-08-01
POL0005735,CUST001401,AGT0066,Motor,2024-04-12,2025-03-18,1226.79,63035.22,Monthly,Expired,0,2026-08-01
POL0005736,CUST004177,AGT0051,Travel,2023-05-14,2023-08-07,594.12,92945.51,Monthly,Expired,0,2026-08-01
POL0005737,CUST001994,AGT0018,Life,2023-09-12,2024-10-11,5614.9,122968.92,Annual,Renewed,1,2026-08-01
POL0005738,CUST004175,AGT0049,Travel,2025-12-07,2026-01-02,553.09,79039.61,Semi-Annual,Expired,0,2026-08-01
POL0005739,CUST005621,AGT0058,Travel,2026-03-26,2026-06-07,540.46,88280.0,Quarterly,Renewed,1,2026-08-01
POL0005740,CUST001737,AGT0080,Medical,2023-03-16,2024-04-13,2314.58,149329.53,Annual,Cancelled,0,2026-08-01
POL0005741,CUST001054,AGT0060,Home,2025-06-29,2026-07-20,978.8,286036.81,Quarterly,Expired,0,2026-08-01
POL0005742,CUST005805,AGT0068,Motor,2026-03-17,2027-02-28,2568.39,36577.38,Semi-Annual,Active,0,2026-08-01
POL0005743,CUST002823,AGT0063,Motor,2025-11-25,2026-12-01,2436.31,162948.39,Monthly,Active,0,2026-08-01
POL0005744,CUST001389,AGT0009,Medical,2023-11-21,2024-11-27,3993.96,72077.05,Monthly,Renewed,1,2026-08-01
POL0005745,CUST001770,AGT0064,Motor,2025-05-07,2026-05-01,2361.3,162687.16,Monthly,Renewed,1,2026-08-01
POL0005746,CUST002809,AGT0057,Medical,2025-12-06,2026-11-13,3973.74,481990.66,Semi-Annual,Active,0,2026-08-01
POL0005747,CUST002088,AGT0014,Motor,2026-04-13,2027-05-04,1950.19,112001.78,Semi-Annual,Cancelled,0,2026-08-01
POL0005748,CUST005431,AGT0016,Life,2025-06-08,2026-05-14,5590.6,1348620.33,Monthly,Cancelled,0,2026-08-01
POL0005749,CUST002221,AGT0021,Home,2024-03-26,2025-03-14,670.57,506945.98,Annual,Expired,0,2026-08-01
POL0005750,CUST002834,AGT0047,Travel,2025-05-24,2025-06-17,821.63,24444.38,Monthly,Renewed,1,2026-08-01
POL0005751,CUST001560,AGT0063,Medical,2023-07-24,2024-08-07,2823.61,161585.45,Semi-Annual,Expired,0,2026-08-01
POL0005752,CUST004236,AGT0071,Home,2023-04-26,2024-03-27,366.12,876354.08,Monthly,Expired,0,2026-08-01
POL0005753,CUST004581,AGT0012,Travel,2023-01-09,2023-03-20,208.13,125743.49,Annual,Expired,0,2026-08-01
POL0005754,CUST003387,AGT0079,Travel,2024-12-19,2025-03-08,583.1,147794.17,Monthly,Expired,0,2026-08-01
POL0005755,CUST004872,AGT0010,Motor,2023-02-14,2024-03-09,1996.56,88481.62,Monthly,Renewed,1,2026-08-01
POL0005756,CUST001647,AGT0047,Life,2023-06-27,2024-06-04,4343.77,417726.21,Monthly,Expired,0,2026-08-01
POL0005757,CUST003238,AGT0079,Motor,2026-01-20,2027-01-18,1703.79,62574.03,Quarterly,Active,0,2026-08-01
POL0005758,CUST004378,AGT0034,Motor,2024-06-18,2025-06-15,1940.89,152183.16,Quarterly,Cancelled,0,2026-08-01
POL0005759,CUST005396,AGT0078,Motor,2025-03-14,2026-02-28,2098.66,52309.94,Monthly,Cancelled,0,2026-08-01
POL0005760,CUST001964,AGT0051,Life,2024-07-29,2025-08-15,2370.79,951039.69,Annual,Renewed,1,2026-08-01
POL0005761,CUST000820,AGT0027,Motor,2023-03-01,2024-03-12,1170.03,163934.12,Monthly,Cancelled,0,2026-08-01
POL0005762,CUST004699,AGT0071,Medical,2025-02-14,2026-01-15,1152.09,416593.48,Annual,Renewed,1,2026-08-01
POL0005763,CUST003040,AGT0001,Life,2023-05-20,2024-06-09,4702.94,691880.48,Quarterly,Renewed,1,2026-08-01
POL0005764,CUST000335,AGT0062,Motor,2025-05-28,2026-05-17,1471.76,82370.12,Quarterly,Renewed,1,2026-08-01
POL0005765,CUST004971,AGT0032,Medical,2025-06-29,2026-07-20,4933.47,317514.55,Annual,Expired,0,2026-08-01
POL0005766,CUST002995,AGT0058,Travel,2025-07-22,2025-10-01,324.85,76879.77,Annual,Expired,0,2026-08-01
POL0005767,CUST003726,AGT0003,Home,2024-05-18,2025-05-14,1147.35,305213.1,Annual,Renewed,1,2026-08-01
POL0005768,CUST002155,AGT0073,Travel,2024-09-17,2024-12-15,333.31,34706.75,Monthly,Renewed,1,2026-08-01
POL0005769,CUST005911,AGT0012,Life,2025-10-09,2026-10-03,3266.09,536179.04,Annual,Active,0,2026-08-01
POL0005770,CUST002585,AGT0049,Motor,2024-07-28,2025-08-13,1453.16,42521.72,Monthly,Expired,0,2026-08-01
POL0005771,CUST003575,AGT0018,Motor,2026-05-09,2027-04-13,1898.48,30018.27,Semi-Annual,Active,0,2026-08-01
POL0005772,CUST003217,AGT0074,Medical,2025-04-29,2026-05-03,2539.48,453098.74,Monthly,Cancelled,0,2026-08-01
POL0005773,CUST005761,AGT0068,Home,2025-09-15,2026-08-13,521.79,621048.34,Monthly,Active,0,2026-08-01
POL0005774,CUST003672,AGT0067,Motor,2025-05-20,2026-06-01,1097.03,174313.59,Annual,Expired,0,2026-08-01
POL0005775,CUST000593,AGT0031,Motor,2023-08-26,2024-09-20,1748.99,139486.93,Annual,Expired,0,2026-08-01
POL0005776,CUST005143,AGT0015,Travel,2024-08-29,2024-10-22,402.86,114947.25,Monthly,Renewed,1,2026-08-01
POL0005777,CUST000256,AGT0001,Life,2025-04-29,2026-05-11,6262.98,768478.79,Monthly,Expired,0,2026-08-01
POL0005778,CUST003155,AGT0017,Medical,2024-11-06,2025-11-25,1176.45,328677.82,Monthly,Expired,0,2026-08-01
POL0005779,CUST002140,AGT0051,Travel,2025-02-17,2025-03-25,269.22,32463.39,Annual,Expired,0,2026-08-01
POL0005780,CUST002890,AGT0028,Life,2026-03-31,2027-04-05,5213.85,1029843.14,Monthly,Active,0,2026-08-01
POL0005781,CUST005049,AGT0006,Home,2026-01-13,2027-01-16,1326.42,606900.84,Semi-Annual,Active,0,2026-08-01
POL0005782,CUST000651,AGT0080,Medical,2023-10-08,2024-10-03,1321.63,270123.34,Monthly,Expired,0,2026-08-01
POL0005783,CUST000304,AGT0072,Medical,2023-09-19,2024-08-15,2036.77,345369.31,Semi-Annual,Expired,0,2026-08-01
POL0005784,CUST005411,AGT0036,Motor,2023-07-10,2024-06-09,1210.3,149070.22,Annual,Renewed,1,2026-08-01
POL0005785,CUST001514,AGT0020,Medical,2025-07-28,2026-07-22,5029.62,237243.4,Monthly,Renewed,1,2026-08-01
POL0005786,CUST002654,AGT0036,Motor,2024-10-09,2025-09-22,2457.54,72286.21,Semi-Annual,Cancelled,0,2026-08-01
POL0005787,CUST005911,AGT0020,Motor,2025-02-22,2026-03-19,2567.49,66988.12,Annual,Expired,0,2026-08-01
POL0005788,CUST004352,AGT0006,Motor,2026-02-07,2027-03-09,1063.53,160059.98,Monthly,Active,0,2026-08-01
POL0005789,CUST003846,AGT0032,Medical,2024-09-16,2025-09-11,3920.68,485098.03,Annual,Expired,0,2026-08-01
POL0005790,CUST000043,AGT0014,Motor,2025-04-03,2026-04-13,1740.8,148821.23,Semi-Annual,Renewed,1,2026-08-01
POL0005791,CUST002359,AGT0009,Motor,2024-01-16,2025-01-18,2152.46,130825.07,Monthly,Expired,0,2026-08-01
POL0005792,CUST003120,AGT0079,Medical,2025-12-20,2026-12-01,1888.4,428454.79,Monthly,Active,0,2026-08-01
POL0005793,CUST000468,AGT0002,Motor,2023-02-04,2024-01-24,853.56,142471.12,Annual,Renewed,1,2026-08-01
POL0005794,CUST003882,AGT0067,Motor,2025-01-24,2026-01-14,1003.85,68023.58,Monthly,Cancelled,0,2026-08-01
POL0005795,CUST004532,AGT0074,Home,2025-11-18,2026-10-20,1058.28,296439.1,Annual,Active,0,2026-08-01
POL0005796,CUST002207,AGT0035,Medical,2025-07-24,2026-06-20,5114.23,442137.36,Monthly,Renewed,1,2026-08-01
POL0005797,CUST005552,AGT0070,Travel,2023-05-21,2023-07-11,87.67,131535.29,Annual,Renewed,1,2026-08-01
POL0005798,CUST005605,AGT0041,Motor,2026-01-20,2027-02-13,1857.11,65701.12,Monthly,Active,0,2026-08-01
POL0005799,CUST004450,AGT0074,Medical,2024-05-08,2025-04-08,1829.67,172689.36,Annual,Renewed,1,2026-08-01
POL0005800,CUST001886,AGT0067,Motor,2024-11-10,2025-11-09,930.24,174347.76,Annual,Expired,0,2026-08-01
POL0005801,CUST000699,AGT0055,Medical,2024-10-10,2025-10-13,3620.58,308981.76,Monthly,Renewed,1,2026-08-01
POL0005802,CUST004183,AGT0046,Travel,2024-03-26,2024-06-21,356.15,118286.99,Annual,Expired,0,2026-08-01
POL0005803,CUST003192,AGT0002,Travel,2024-03-06,2024-05-03,647.14,25306.81,Annual,Renewed,1,2026-08-01
POL0005804,CUST004305,AGT0023,Medical,2026-04-09,2027-03-30,2548.36,279077.89,Annual,Active,0,2026-08-01
POL0005805,CUST002417,AGT0078,Motor,2025-05-15,2026-05-03,980.15,84470.63,Monthly,Cancelled,0,2026-08-01
POL0005806,CUST000917,AGT0074,Life,2026-07-21,2027-07-19,5449.89,470940.28,Annual,Active,0,2026-08-01
POL0005807,CUST005425,AGT0057,Life,2024-03-05,2025-03-26,4987.91,546958.18,Annual,Cancelled,0,2026-08-01
POL0005808,CUST005780,AGT0040,Medical,2024-01-24,2025-01-26,4793.78,433824.53,Monthly,Expired,0,2026-08-01
POL0005809,CUST004574,AGT0034,Medical,2024-11-05,2025-10-03,3925.44,58729.63,Annual,Expired,0,2026-08-01
POL0005810,CUST000141,AGT0034,Medical,2025-03-08,2026-03-02,1053.87,364018.76,Monthly,Renewed,1,2026-08-01
POL0005811,CUST004812,AGT0059,Medical,2023-05-05,2024-05-02,4481.67,279513.87,Monthly,Renewed,1,2026-08-01
POL0005812,CUST005976,AGT0022,Medical,2024-04-17,2025-05-10,3322.94,219139.27,Monthly,Renewed,1,2026-08-01
POL0005813,CUST002483,AGT0046,Motor,2024-07-21,2025-07-29,820.61,163106.91,Annual,Expired,0,2026-08-01
POL0005814,CUST003016,AGT0051,Life,2023-04-22,2024-04-30,5853.64,1163310.46,Annual,Expired,0,2026-08-01
POL0005815,CUST000150,AGT0054,Medical,2025-01-31,2026-01-17,4236.29,322219.48,Annual,Renewed,1,2026-08-01
POL0005816,CUST003609,AGT0014,Medical,2023-06-07,2024-06-18,5198.52,237946.53,Monthly,Renewed,1,2026-08-01
POL0005817,CUST004557,AGT0066,Medical,2026-01-31,2027-01-02,3027.4,461462.18,Annual,Active,0,2026-08-01
POL0005818,CUST001210,AGT0035,Life,2024-11-08,2025-10-16,5716.85,1414054.69,Semi-Annual,Expired,0,2026-08-01
POL0005819,CUST003800,AGT0075,Medical,2023-08-26,2024-08-04,3995.52,380112.63,Monthly,Expired,0,2026-08-01
POL0005820,CUST001566,AGT0036,Motor,2024-11-14,2025-11-09,1691.13,87913.79,Monthly,Renewed,1,2026-08-01
POL0005821,CUST000849,AGT0064,Medical,2024-03-18,2025-02-15,1730.42,492441.44,Monthly,Expired,0,2026-08-01
POL0005822,CUST000136,AGT0009,Motor,2024-07-28,2025-07-27,1599.39,27152.24,Quarterly,Renewed,1,2026-08-01
POL0005823,CUST004541,AGT0072,Medical,2023-12-05,2024-12-27,1656.67,432254.28,Quarterly,Cancelled,0,2026-08-01
POL0005824,CUST001272,AGT0003,Medical,2024-07-08,2025-06-29,2279.44,183533.27,Monthly,Expired,0,2026-08-01
POL0005825,CUST000896,AGT0046,Medical,2023-07-19,2024-06-13,4664.93,269368.1,Monthly,Expired,0,2026-08-01
POL0005826,CUST005771,AGT0060,Medical,2024-01-16,2024-12-29,2064.64,88618.64,Annual,Expired,0,2026-08-01
POL0005827,CUST004439,AGT0028,Motor,2024-05-19,2025-04-18,2287.69,94636.37,Monthly,Expired,0,2026-08-01
POL0005828,CUST001542,AGT0077,Medical,2025-10-15,2026-10-22,1135.88,153263.93,Semi-Annual,Active,0,2026-08-01
POL0005829,CUST004282,AGT0054,Motor,2026-04-02,2027-04-19,1679.32,70523.01,Quarterly,Active,0,2026-08-01
POL0005830,CUST002998,AGT0073,Home,2026-02-18,2027-02-02,1411.17,544239.72,Monthly,Active,0,2026-08-01
POL0005831,CUST000046,AGT0045,Medical,2024-05-02,2025-04-16,4635.15,487464.0,Annual,Renewed,1,2026-08-01
POL0005832,CUST001622,AGT0057,Life,2024-04-28,2025-04-14,1345.89,415402.38,Annual,Expired,0,2026-08-01
POL0005833,CUST004649,AGT0005,Motor,2023-12-22,2024-12-10,2233.41,74855.36,Quarterly,Renewed,1,2026-08-01
POL0005834,CUST004315,AGT0006,Home,2024-10-30,2025-11-09,1636.95,276625.31,Quarterly,Expired,0,2026-08-01
POL0005835,CUST002446,AGT0047,Life,2026-06-06,2027-05-22,2090.28,807043.73,Monthly,Active,0,2026-08-01
POL0005836,CUST005919,AGT0030,Medical,2023-11-19,2024-11-08,1219.81,170409.79,Annual,Renewed,1,2026-08-01
POL0005837,CUST003040,AGT0034,Life,2025-07-24,2026-08-16,2384.68,369109.72,Annual,Active,0,2026-08-01
POL0005838,CUST000077,AGT0050,Motor,2023-11-28,2024-12-12,1226.34,124334.21,Annual,Expired,0,2026-08-01
POL0005839,CUST005789,AGT0030,Home,2024-04-28,2025-05-24,585.44,224098.91,Annual,Renewed,1,2026-08-01
POL0005840,CUST000137,AGT0080,Motor,2024-11-15,2025-11-03,1863.27,110113.22,Semi-Annual,Expired,0,2026-08-01
POL0005841,CUST005520,AGT0058,Travel,2025-09-06,2025-09-25,259.9,27033.44,Annual,Renewed,1,2026-08-01
POL0005842,CUST000451,AGT0049,Home,2026-01-03,2026-12-18,1381.94,668883.22,Annual,Active,0,2026-08-01
POL0005843,CUST002297,AGT0071,Medical,2025-04-14,2026-03-30,3163.29,50217.13,Annual,Expired,0,2026-08-01
POL0005844,CUST000326,AGT0002,Travel,2025-03-02,2025-04-30,420.57,108276.87,Monthly,Expired,0,2026-08-01
POL0005845,CUST004258,AGT0016,Motor,2026-01-22,2026-12-31,2362.4,43185.43,Annual,Active,0,2026-08-01
POL0005846,CUST001841,AGT0067,Life,2025-03-27,2026-04-15,4655.52,1083949.15,Monthly,Expired,0,2026-08-01
POL0005847,CUST003079,AGT0064,Medical,2023-05-26,2024-06-13,2110.62,86527.54,Annual,Renewed,1,2026-08-01
POL0005848,CUST001139,AGT0047,Medical,2023-03-10,2024-04-04,1375.42,193578.26,Monthly,Expired,0,2026-08-01
POL0005849,CUST004934,AGT0014,Medical,2024-12-06,2025-12-27,3262.78,369701.96,Quarterly,Renewed,1,2026-08-01
POL0005850,CUST002775,AGT0024,Life,2023-01-13,2024-02-01,5534.7,966888.67,Annual,Expired,0,2026-08-01
POL0005851,CUST001918,AGT0047,Life,2025-07-06,2026-06-24,5110.25,505637.27,Semi-Annual,Cancelled,0,2026-08-01
POL0005852,CUST000137,AGT0007,Motor,2025-10-13,2026-10-14,2248.76,93194.32,Monthly,Active,0,2026-08-01
POL0005853,CUST002826,AGT0068,Medical,2026-07-27,2027-07-30,4270.1,199968.59,Annual,Active,0,2026-08-01
POL0005854,CUST004353,AGT0027,Motor,2023-01-30,2024-01-14,1735.15,21936.97,Monthly,Expired,0,2026-08-01
POL0005855,CUST000675,AGT0073,Life,2025-02-25,2026-02-15,2735.65,886177.49,Annual,Renewed,1,2026-08-01
POL0005856,CUST003053,AGT0043,Motor,2026-05-06,2027-05-27,2284.35,178366.54,Monthly,Active,0,2026-08-01
POL0005857,CUST005561,AGT0025,Medical,2023-07-03,2024-05-28,2846.72,281031.27,Quarterly,Renewed,1,2026-08-01
POL0005858,CUST005204,AGT0004,Home,2025-10-11,2026-09-11,508.53,385254.95,Monthly,Active,0,2026-08-01
POL0005859,CUST005405,AGT0066,Home,2026-06-23,2027-06-15,1639.55,485809.75,Annual,Active,0,2026-08-01
POL0005860,CUST005381,AGT0053,Medical,2023-04-02,2024-04-16,1863.38,371865.24,Semi-Annual,Renewed,1,2026-08-01
POL0005861,CUST001657,AGT0071,Motor,2024-08-22,2025-09-15,1099.84,35818.21,Monthly,Renewed,1,2026-08-01
POL0005862,CUST000958,AGT0018,Life,2023-04-05,2024-04-14,2307.72,725860.76,Annual,Expired,0,2026-08-01
POL0005863,CUST003498,AGT0014,Medical,2024-09-30,2025-10-21,1873.06,128045.06,Annual,Expired,0,2026-08-01
POL0005864,CUST004300,AGT0019,Motor,2026-01-21,2026-12-26,1298.28,123584.01,Annual,Active,0,2026-08-01
POL0005865,CUST002271,AGT0031,Home,2023-11-27,2024-10-28,1149.24,860633.82,Monthly,Expired,0,2026-08-01
POL0005866,CUST001397,AGT0031,Medical,2025-11-02,2026-10-31,1894.09,154810.48,Annual,Active,0,2026-08-01
POL0005867,CUST000935,AGT0063,Medical,2025-11-29,2026-11-14,4631.97,225828.61,Annual,Active,0,2026-08-01
POL0005868,CUST003057,AGT0077,Medical,2023-01-17,2024-02-09,2805.06,171959.17,Annual,Expired,0,2026-08-01
POL0005869,CUST000271,AGT0002,Travel,2024-11-22,2025-02-03,433.46,70288.82,Annual,Expired,0,2026-08-01
POL0005870,CUST004107,AGT0043,Travel,2023-11-25,2023-12-25,605.18,79695.55,Annual,Cancelled,0,2026-08-01
POL0005871,CUST004937,AGT0051,Motor,2026-06-26,2027-06-10,901.38,144595.16,Annual,Active,0,2026-08-01
POL0005872,CUST004975,AGT0020,Life,2025-06-28,2026-07-02,3029.79,886643.63,Monthly,Expired,0,2026-08-01
POL0005873,CUST001735,AGT0034,Travel,2024-11-09,2025-01-13,602.15,85146.32,Annual,Renewed,1,2026-08-01
POL0005874,CUST000598,AGT0059,Life,2025-04-30,2026-05-27,3422.87,142461.58,Annual,Renewed,1,2026-08-01
POL0005875,CUST003093,AGT0042,Motor,2023-08-24,2024-07-22,966.9,26758.2,Monthly,Expired,0,2026-08-01
POL0005876,CUST004442,AGT0006,Medical,2024-10-21,2025-09-20,3061.42,437383.99,Quarterly,Renewed,1,2026-08-01
POL0005877,CUST005417,AGT0034,Travel,2025-10-03,2025-10-11,231.76,127755.82,Monthly,Cancelled,0,2026-08-01
POL0005878,CUST000724,AGT0027,Motor,2026-05-19,2027-05-18,2387.18,42256.31,Semi-Annual,Active,0,2026-08-01
POL0005879,CUST000120,AGT0016,Medical,2023-07-13,2024-08-01,1500.38,445877.82,Monthly,Cancelled,0,2026-08-01
POL0005880,CUST000848,AGT0009,Life,2026-03-29,2027-03-24,1640.64,1470785.45,Monthly,Active,0,2026-08-01
POL0005881,CUST003285,AGT0028,Life,2024-01-06,2025-01-31,4448.15,1101661.9,Annual,Renewed,1,2026-08-01
POL0005882,CUST000997,AGT0069,Motor,2026-02-04,2027-01-31,1161.06,94257.69,Annual,Active,0,2026-08-01
POL0005883,CUST005733,AGT0069,Motor,2026-05-12,2027-05-26,2347.37,55407.7,Quarterly,Active,0,2026-08-01
POL0005884,CUST002076,AGT0013,Medical,2025-11-04,2026-12-04,1747.26,449717.11,Semi-Annual,Active,0,2026-08-01
POL0005885,CUST004856,AGT0049,Motor,2026-06-30,2027-07-15,1652.92,76695.43,Annual,Cancelled,0,2026-08-01
POL0005886,CUST001952,AGT0059,Medical,2024-12-26,2025-12-08,4157.31,158194.6,Quarterly,Renewed,1,2026-08-01
POL0005887,CUST001316,AGT0039,Medical,2025-10-12,2026-10-28,1213.56,309172.16,Semi-Annual,Active,0,2026-08-01
POL0005888,CUST000513,AGT0003,Motor,2026-04-01,2027-03-22,2599.38,164966.88,Monthly,Active,0,2026-08-01
POL0005889,CUST001206,AGT0057,Medical,2023-09-28,2024-10-06,4221.99,441750.67,Annual,Renewed,1,2026-08-01
POL0005890,CUST004505,AGT0014,Home,2025-07-20,2026-07-28,803.9,743867.44,Monthly,Expired,0,2026-08-01
POL0005891,CUST004575,AGT0015,Medical,2025-08-27,2026-08-03,2978.93,189211.16,Quarterly,Active,0,2026-08-01
POL0005892,CUST004007,AGT0023,Motor,2024-10-05,2025-09-18,1080.21,142278.7,Annual,Renewed,1,2026-08-01
POL0005893,CUST000479,AGT0007,Motor,2025-02-15,2026-01-22,1508.63,163696.69,Monthly,Renewed,1,2026-08-01
POL0005894,CUST001924,AGT0075,Medical,2025-05-06,2026-04-05,2321.27,427094.29,Monthly,Renewed,1,2026-08-01
POL0005895,CUST003597,AGT0044,Medical,2024-08-06,2025-08-04,2291.37,325306.37,Annual,Renewed,1,2026-08-01
POL0005896,CUST005622,AGT0066,Travel,2025-02-17,2025-04-24,668.84,93577.41,Monthly,Expired,0,2026-08-01
POL0005897,CUST001405,AGT0001,Life,2024-08-06,2025-08-16,5848.22,1281300.9,Annual,Expired,0,2026-08-01
POL0005898,CUST001120,AGT0016,Medical,2024-09-06,2025-08-17,2537.57,285580.02,Monthly,Cancelled,0,2026-08-01
POL0005899,CUST005036,AGT0012,Medical,2024-08-15,2025-07-12,1487.36,160652.7,Monthly,Expired,0,2026-08-01
POL0005900,CUST002809,AGT0006,Medical,2024-08-28,2025-08-02,1182.0,253164.07,Monthly,Expired,0,2026-08-01
POL0005901,CUST002277,AGT0058,Motor,2024-02-26,2025-02-26,2512.92,155873.76,Monthly,Renewed,1,2026-08-01
POL0005902,CUST002305,AGT0014,Medical,2023-05-20,2024-04-22,1433.31,58467.08,Quarterly,Expired,0,2026-08-01
POL0005903,CUST002490,AGT0073,Motor,2024-12-04,2025-12-27,1976.25,86308.31,Annual,Renewed,1,2026-08-01
POL0005904,CUST002910,AGT0060,Medical,2024-07-07,2025-07-21,1379.85,436144.07,Annual,Renewed,1,2026-08-01
POL0005905,CUST004767,AGT0023,Medical,2023-02-17,2024-01-21,4333.79,294295.82,Monthly,Cancelled,0,2026-08-01
POL0005906,CUST004135,AGT0022,Travel,2024-11-22,2025-02-11,344.93,71198.71,Monthly,Renewed,1,2026-08-01
POL0005907,CUST000529,AGT0031,Motor,2026-01-13,2026-12-29,1392.85,134086.22,Monthly,Active,0,2026-08-01
POL0005908,CUST000796,AGT0044,Home,2023-12-01,2024-12-24,337.07,583575.61,Annual,Renewed,1,2026-08-01
POL0005909,CUST003606,AGT0055,Medical,2026-03-18,2027-04-17,5050.99,303285.29,Annual,Active,0,2026-08-01
POL0005910,CUST005032,AGT0036,Life,2024-12-07,2025-11-18,4008.08,423951.72,Monthly,Expired,0,2026-08-01
POL0005911,CUST005776,AGT0065,Life,2024-05-25,2025-05-11,2067.62,1389409.5,Monthly,Renewed,1,2026-08-01
POL0005912,CUST005367,AGT0062,Travel,2026-02-12,2026-02-24,160.51,30954.14,Annual,Renewed,1,2026-08-01
POL0005913,CUST003903,AGT0021,Life,2026-05-24,2027-04-20,5152.02,1068430.22,Monthly,Active,0,2026-08-01
POL0005914,CUST001427,AGT0032,Motor,2026-04-23,2027-04-21,1173.65,127099.13,Semi-Annual,Active,0,2026-08-01
POL0005915,CUST000491,AGT0067,Medical,2025-10-11,2026-10-21,3081.65,108564.46,Monthly,Active,0,2026-08-01
POL0005916,CUST004416,AGT0059,Home,2025-03-29,2026-03-30,590.39,161925.7,Quarterly,Renewed,1,2026-08-01
POL0005917,CUST005452,AGT0078,Medical,2026-01-13,2027-02-11,2610.49,203970.04,Quarterly,Active,0,2026-08-01
POL0005918,CUST002431,AGT0008,Travel,2026-01-26,2026-04-10,665.05,30521.24,Semi-Annual,Renewed,1,2026-08-01
POL0005919,CUST000774,AGT0008,Travel,2026-03-10,2026-04-15,81.92,143962.71,Semi-Annual,Renewed,1,2026-08-01
POL0005920,CUST004390,AGT0041,Medical,2025-12-20,2027-01-12,1959.54,436690.87,Quarterly,Active,0,2026-08-01
POL0005921,CUST002214,AGT0018,Travel,2024-03-20,2024-05-20,787.89,143271.53,Annual,Renewed,1,2026-08-01
POL0005922,CUST003830,AGT0060,Medical,2026-06-18,2027-06-06,3767.48,496209.03,Annual,Active,0,2026-08-01
POL0005923,CUST001091,AGT0059,Motor,2025-11-28,2026-11-21,2390.14,55220.7,Monthly,Active,0,2026-08-01
POL0005924,CUST002139,AGT0036,Life,2026-02-05,2027-01-15,1340.8,1178292.99,Quarterly,Active,0,2026-08-01
POL0005925,CUST004332,AGT0003,Travel,2023-07-09,2023-08-01,753.53,79343.56,Quarterly,Renewed,1,2026-08-01
POL0005926,CUST005142,AGT0029,Medical,2023-01-17,2024-02-03,4281.61,69429.59,Quarterly,Renewed,1,2026-08-01
POL0005927,CUST001590,AGT0023,Motor,2026-06-30,2027-07-18,1026.55,102352.12,Monthly,Active,0,2026-08-01
POL0005928,CUST004798,AGT0032,Life,2025-03-17,2026-03-12,3766.91,215054.11,Semi-Annual,Expired,0,2026-08-01
POL0005929,CUST001567,AGT0068,Life,2025-02-17,2026-03-19,3448.46,1480982.2,Monthly,Renewed,1,2026-08-01
POL0005930,CUST004416,AGT0060,Life,2025-07-06,2026-06-21,6211.35,1265325.2,Monthly,Expired,0,2026-08-01
POL0005931,CUST002482,AGT0055,Medical,2025-06-26,2026-07-14,3783.6,421815.72,Semi-Annual,Cancelled,0,2026-08-01
POL0005932,CUST004210,AGT0002,Medical,2023-02-23,2024-03-16,4100.8,85062.17,Annual,Renewed,1,2026-08-01
POL0005933,CUST001717,AGT0052,Medical,2024-02-05,2025-01-19,4838.65,53467.92,Monthly,Renewed,1,2026-08-01
POL0005934,CUST000496,AGT0042,Motor,2024-12-07,2025-11-05,1363.73,62815.1,Annual,Expired,0,2026-08-01
POL0005935,CUST004708,AGT0049,Travel,2023-02-11,2023-02-26,113.91,128091.51,Semi-Annual,Expired,0,2026-08-01
POL0005936,CUST000045,AGT0033,Motor,2026-03-03,2027-02-01,1583.83,112787.98,Monthly,Active,0,2026-08-01
POL0005937,CUST003161,AGT0041,Medical,2023-08-02,2024-08-07,4945.69,343569.05,Semi-Annual,Renewed,1,2026-08-01
POL0005938,CUST000351,AGT0027,Travel,2024-07-15,2024-09-29,593.67,36727.12,Quarterly,Renewed,1,2026-08-01
POL0005939,CUST003336,AGT0062,Medical,2023-07-05,2024-07-01,1152.99,257332.77,Semi-Annual,Expired,0,2026-08-01
POL0005940,CUST000654,AGT0033,Travel,2023-03-23,2023-06-04,837.43,80451.06,Quarterly,Expired,0,2026-08-01
POL0005941,CUST000970,AGT0070,Motor,2024-08-01,2025-08-07,1771.87,176710.01,Quarterly,Renewed,1,2026-08-01
POL0005942,CUST005911,AGT0075,Medical,2025-10-12,2026-10-16,2663.57,398386.34,Monthly,Active,0,2026-08-01
POL0005943,CUST005481,AGT0064,Life,2024-01-18,2025-01-11,4068.33,287785.82,Monthly,Renewed,1,2026-08-01
POL0005944,CUST002679,AGT0043,Travel,2024-08-22,2024-10-18,484.33,79676.04,Monthly,Renewed,1,2026-08-01
POL0005945,CUST002094,AGT0039,Life,2026-05-19,2027-05-25,6537.29,1180007.04,Monthly,Active,0,2026-08-01
POL0005946,CUST004174,AGT0042,Motor,2024-05-05,2025-05-08,1454.55,145559.56,Monthly,Cancelled,0,2026-08-01
POL0005947,CUST002265,AGT0063,Motor,2026-01-04,2027-01-17,1991.25,92795.19,Annual,Active,0,2026-08-01
POL0005948,CUST000909,AGT0069,Travel,2026-07-14,2026-07-31,150.49,127084.14,Monthly,Expired,0,2026-08-01
POL0005949,CUST001455,AGT0061,Medical,2024-12-06,2025-11-01,2781.0,263937.66,Monthly,Renewed,1,2026-08-01
POL0005950,CUST003704,AGT0058,Motor,2025-03-10,2026-02-05,2471.88,25349.66,Annual,Expired,0,2026-08-01
POL0005951,CUST005762,AGT0037,Medical,2026-01-19,2027-01-24,4205.42,415393.8,Quarterly,Active,0,2026-08-01
POL0005952,CUST003914,AGT0021,Motor,2025-06-07,2026-06-21,2472.84,179084.07,Annual,Renewed,1,2026-08-01
POL0005953,CUST003643,AGT0027,Motor,2025-02-03,2026-01-09,1031.75,64480.24,Monthly,Expired,0,2026-08-01
POL0005954,CUST004710,AGT0080,Home,2026-03-01,2027-01-28,999.65,626117.02,Quarterly,Cancelled,0,2026-08-01
POL0005955,CUST000366,AGT0033,Medical,2026-04-17,2027-04-04,3203.75,232469.3,Monthly,Active,0,2026-08-01
POL0005956,CUST003738,AGT0039,Motor,2024-02-02,2025-02-18,969.53,84972.85,Monthly,Renewed,1,2026-08-01
POL0005957,CUST001156,AGT0040,Travel,2025-08-31,2025-10-01,471.47,139262.52,Annual,Renewed,1,2026-08-01
POL0005958,CUST002525,AGT0029,Home,2023-12-06,2024-12-14,869.48,867189.25,Annual,Renewed,1,2026-08-01
POL0005959,CUST002883,AGT0012,Travel,2025-08-18,2025-09-29,67.09,34141.62,Quarterly,Renewed,1,2026-08-01
POL0005960,CUST004379,AGT0018,Life,2023-04-24,2024-04-22,1832.79,1117871.5,Monthly,Renewed,1,2026-08-01
POL0005961,CUST001128,AGT0018,Home,2023-12-26,2024-12-11,1032.66,227594.49,Annual,Renewed,1,2026-08-01
POL0005962,CUST005727,AGT0016,Motor,2025-11-01,2026-09-29,995.04,104961.6,Monthly,Active,0,2026-08-01
POL0005963,CUST003631,AGT0009,Travel,2025-11-04,2025-12-10,375.46,124111.58,Quarterly,Expired,0,2026-08-01
POL0005964,CUST002090,AGT0075,Medical,2024-09-05,2025-09-19,5147.58,150550.18,Monthly,Renewed,1,2026-08-01
POL0005965,CUST001848,AGT0006,Motor,2025-10-06,2026-09-23,1591.47,72020.44,Quarterly,Active,0,2026-08-01
POL0005966,CUST000611,AGT0010,Motor,2024-09-27,2025-10-03,1817.32,171107.77,Monthly,Cancelled,0,2026-08-01
POL0005967,CUST002098,AGT0046,Motor,2023-04-16,2024-03-26,1551.33,86832.02,Monthly,Expired,0,2026-08-01
POL0005968,CUST000703,AGT0074,Travel,2025-11-27,2025-12-14,144.61,29971.5,Annual,Renewed,1,2026-08-01
POL0005969,CUST004720,AGT0056,Travel,2023-03-17,2023-04-20,699.02,74141.15,Monthly,Renewed,1,2026-08-01
POL0005970,CUST004764,AGT0011,Motor,2025-11-13,2026-10-22,2121.19,92248.03,Monthly,Active,0,2026-08-01
POL0005971,CUST003147,AGT0050,Travel,2026-02-25,2026-05-23,411.06,121232.53,Monthly,Renewed,1,2026-08-01
POL0005972,CUST005788,AGT0048,Life,2023-01-03,2023-11-30,2306.28,587724.23,Annual,Cancelled,0,2026-08-01
POL0005973,CUST000679,AGT0059,Motor,2026-07-03,2027-07-22,2115.67,40268.99,Quarterly,Cancelled,0,2026-08-01
POL0005974,CUST005272,AGT0024,Life,2025-03-17,2026-02-14,3110.14,1189385.52,Annual,Expired,0,2026-08-01
POL0005975,CUST002232,AGT0033,Motor,2025-03-01,2026-02-26,1677.63,80051.75,Quarterly,Expired,0,2026-08-01
POL0005976,CUST004549,AGT0078,Motor,2024-02-29,2025-02-01,1259.95,24992.14,Semi-Annual,Expired,0,2026-08-01
POL0005977,CUST005379,AGT0064,Medical,2023-08-12,2024-08-21,2771.34,424557.45,Quarterly,Expired,0,2026-08-01
POL0005978,CUST000766,AGT0021,Home,2023-01-30,2024-01-20,1667.45,872560.64,Annual,Expired,0,2026-08-01
POL0005979,CUST005077,AGT0060,Motor,2024-07-04,2025-07-21,1337.67,174041.31,Monthly,Expired,0,2026-08-01
POL0005980,CUST005953,AGT0069,Medical,2025-10-30,2026-09-30,2628.32,329262.14,Monthly,Active,0,2026-08-01
POL0005981,CUST004560,AGT0057,Life,2023-01-28,2024-01-19,4144.17,469275.34,Monthly,Expired,0,2026-08-01
POL0005982,CUST000877,AGT0051,Life,2023-10-19,2024-10-09,2848.35,1314023.66,Quarterly,Cancelled,0,2026-08-01
POL0005983,CUST005062,AGT0062,Home,2025-12-09,2026-12-03,1753.12,225895.78,Monthly,Active,0,2026-08-01
POL0005984,CUST001667,AGT0044,Medical,2024-07-26,2025-07-09,1439.62,387188.98,Monthly,Expired,0,2026-08-01
POL0005985,CUST000550,AGT0019,Travel,2023-05-15,2023-07-12,157.0,133394.9,Annual,Expired,0,2026-08-01
POL0005986,CUST003863,AGT0039,Life,2026-07-08,2027-08-04,4845.58,1398559.61,Monthly,Active,0,2026-08-01
POL0005987,CUST000734,AGT0046,Motor,2024-03-14,2025-03-26,1896.31,111080.38,Monthly,Renewed,1,2026-08-01
POL0005988,CUST003413,AGT0061,Life,2023-08-20,2024-08-14,2850.62,1439953.51,Quarterly,Expired,0,2026-08-01
POL0005989,CUST000112,AGT0062,Medical,2025-01-05,2026-01-24,1319.58,66151.53,Annual,Renewed,1,2026-08-01
POL0005990,CUST004443,AGT0011,Life,2023-04-22,2024-03-21,1963.01,153326.74,Monthly,Renewed,1,2026-08-01
POL0005991,CUST000751,AGT0008,Motor,2025-07-01,2026-07-03,1199.98,141849.95,Quarterly,Renewed,1,2026-08-01
POL0005992,CUST004024,AGT0013,Motor,2025-04-23,2026-05-02,1519.97,179644.16,Monthly,Expired,0,2026-08-01
POL0005993,CUST004942,AGT0020,Home,2026-03-31,2027-02-26,1140.09,201144.74,Monthly,Active,0,2026-08-01
POL0005994,CUST000584,AGT0023,Home,2024-01-20,2025-01-30,1229.4,387070.25,Monthly,Expired,0,2026-08-01
POL0005995,CUST000228,AGT0040,Medical,2024-07-05,2025-07-16,3921.32,493731.02,Annual,Expired,0,2026-08-01
POL0005996,CUST005268,AGT0058,Travel,2025-05-24,2025-07-01,98.45,133331.74,Monthly,Renewed,1,2026-08-01
POL0005997,CUST002792,AGT0034,Home,2023-09-07,2024-09-15,1120.14,416922.06,Monthly,Renewed,1,2026-08-01
POL0005998,CUST003034,AGT0037,Motor,2024-04-18,2025-05-15,879.52,162496.82,Monthly,Renewed,1,2026-08-01
POL0005999,CUST001483,AGT0074,Life,2023-05-23,2024-05-09,4978.74,731492.73,Annual,Expired,0,2026-08-01
POL0006000,CUST002854,AGT0061,Motor,2025-07-05,2026-06-14,1373.67,74289.01,Quarterly,Renewed,1,2026-08-01
POL0006001,CUST004995,AGT0061,Travel,2025-05-10,2025-06-03,540.12,96385.92,Quarterly,Renewed,1,2026-08-01
POL0006002,CUST005064,AGT0061,Motor,2023-05-03,2024-05-29,1658.6,64573.03,Annual,Expired,0,2026-08-01
POL0006003,CUST004818,AGT0004,Travel,2023-06-18,2023-07-27,704.17,105404.94,Quarterly,Expired,0,2026-08-01
POL0006004,CUST001738,AGT0059,Motor,2024-06-07,2025-07-03,975.99,66511.23,Annual,Renewed,1,2026-08-01
POL0006005,CUST004596,AGT0038,Medical,2025-05-10,2026-05-27,3243.5,278420.57,Monthly,Renewed,1,2026-08-01
POL0006006,CUST002700,AGT0051,Travel,2025-10-29,2025-12-05,306.3,120484.52,Monthly,Renewed,1,2026-08-01
POL0006007,CUST002270,AGT0062,Motor,2024-08-19,2025-08-28,822.69,158011.16,Quarterly,Expired,0,2026-08-01
POL0006008,CUST001958,AGT0005,Home,2025-11-16,2026-12-08,1107.18,112966.97,Monthly,Active,0,2026-08-01
POL0006009,CUST005554,AGT0054,Motor,2024-06-28,2025-06-27,2207.84,136094.22,Monthly,Expired,0,2026-08-01
POL0006010,CUST001040,AGT0071,Medical,2025-02-13,2026-01-29,3578.06,449813.89,Quarterly,Renewed,1,2026-08-01
POL0006011,CUST005376,AGT0044,Life,2023-12-08,2024-12-25,1472.43,1131085.64,Monthly,Expired,0,2026-08-01
POL0006012,CUST005473,AGT0053,Motor,2025-04-18,2026-03-17,1965.86,56861.48,Quarterly,Renewed,1,2026-08-01
POL0006013,CUST003905,AGT0007,Life,2026-03-24,2027-04-14,5357.9,1145363.92,Annual,Active,0,2026-08-01
POL0006014,CUST000159,AGT0061,Medical,2024-01-09,2024-12-09,1302.76,412106.93,Monthly,Expired,0,2026-08-01
POL0006015,CUST003676,AGT0074,Life,2025-07-25,2026-06-23,3437.2,351523.56,Quarterly,Renewed,1,2026-08-01
POL0006016,CUST000693,AGT0029,Life,2024-08-16,2025-08-15,2931.6,1376387.28,Monthly,Renewed,1,2026-08-01
POL0006017,CUST002022,AGT0034,Medical,2024-11-16,2025-10-16,4148.17,172594.01,Monthly,Expired,0,2026-08-01
POL0006018,CUST000452,AGT0042,Motor,2025-01-25,2026-02-06,1462.83,171433.54,Monthly,Renewed,1,2026-08-01
POL0006019,CUST004416,AGT0012,Motor,2024-07-07,2025-07-03,1174.31,99927.85,Monthly,Renewed,1,2026-08-01
POL0006020,CUST002903,AGT0008,Home,2025-05-20,2026-06-02,1096.56,186097.3,Quarterly,Renewed,1,2026-08-01
POL0006021,CUST005631,AGT0007,Medical,2024-04-16,2025-05-02,4189.82,368348.5,Quarterly,Renewed,1,2026-08-01
POL0006022,CUST004102,AGT0013,Motor,2023-08-02,2024-08-18,1506.41,110762.03,Annual,Expired,0,2026-08-01
POL0006023,CUST001898,AGT0063,Motor,2024-06-05,2025-05-08,2413.71,142051.4,Monthly,Renewed,1,2026-08-01
POL0006024,CUST004651,AGT0051,Life,2024-07-30,2025-08-20,4974.64,518275.81,Annual,Expired,0,2026-08-01
POL0006025,CUST001716,AGT0050,Medical,2026-01-20,2027-02-10,1487.95,75660.49,Monthly,Active,0,2026-08-01
POL0006026,CUST001615,AGT0007,Motor,2025-04-18,2026-04-16,2557.33,47568.98,Quarterly,Renewed,1,2026-08-01
POL0006027,CUST001582,AGT0021,Travel,2024-07-04,2024-09-14,631.58,82054.69,Monthly,Renewed,1,2026-08-01
POL0006028,CUST004265,AGT0075,Home,2026-01-19,2027-02-01,654.02,117522.3,Monthly,Active,0,2026-08-01
POL0006029,CUST005899,AGT0043,Travel,2023-01-06,2023-03-16,304.63,105689.56,Annual,Expired,0,2026-08-01
POL0006030,CUST005123,AGT0007,Life,2025-06-17,2026-05-21,3937.32,806694.35,Quarterly,Expired,0,2026-08-01
POL0006031,CUST003242,AGT0076,Medical,2026-04-21,2027-05-09,1090.97,144346.2,Annual,Active,0,2026-08-01
POL0006032,CUST000064,AGT0046,Motor,2025-06-27,2026-07-07,2410.87,147821.85,Quarterly,Renewed,1,2026-08-01
POL0006033,CUST005806,AGT0040,Medical,2025-02-13,2026-01-12,1337.75,344286.04,Annual,Renewed,1,2026-08-01
POL0006034,CUST002301,AGT0048,Life,2024-11-25,2025-11-30,2193.03,868963.35,Annual,Renewed,1,2026-08-01
POL0006035,CUST003705,AGT0032,Motor,2023-08-05,2024-08-25,1764.87,135670.15,Monthly,Renewed,1,2026-08-01
POL0006036,CUST002541,AGT0055,Medical,2023-07-20,2024-08-16,4347.19,316782.0,Monthly,Renewed,1,2026-08-01
POL0006037,CUST001761,AGT0025,Life,2023-06-15,2024-07-04,6642.92,113357.96,Annual,Renewed,1,2026-08-01
POL0006038,CUST001820,AGT0029,Life,2026-05-06,2027-05-27,1869.43,865924.42,Monthly,Active,0,2026-08-01
POL0006039,CUST003519,AGT0015,Motor,2024-05-07,2025-04-11,827.9,60251.85,Quarterly,Cancelled,0,2026-08-01
POL0006040,CUST002578,AGT0016,Travel,2026-06-15,2026-08-04,612.32,119955.06,Monthly,Active,0,2026-08-01
POL0006041,CUST000933,AGT0073,Medical,2025-03-11,2026-02-17,2135.72,349584.83,Annual,Renewed,1,2026-08-01
POL0006042,CUST002268,AGT0017,Life,2025-09-11,2026-10-04,1966.92,930972.4,Monthly,Active,0,2026-08-01
POL0006043,CUST002689,AGT0014,Home,2026-05-12,2027-06-02,306.41,518126.13,Semi-Annual,Active,0,2026-08-01
POL0006044,CUST003754,AGT0039,Motor,2024-11-01,2025-10-02,2535.24,61170.83,Quarterly,Cancelled,0,2026-08-01
POL0006045,CUST002658,AGT0005,Travel,2023-03-13,2023-05-12,639.72,105101.26,Semi-Annual,Renewed,1,2026-08-01
POL0006046,CUST001171,AGT0033,Travel,2025-12-12,2025-12-20,331.21,123248.54,Semi-Annual,Expired,0,2026-08-01
POL0006047,CUST003460,AGT0012,Home,2024-04-06,2025-04-02,1196.77,401907.16,Monthly,Cancelled,0,2026-08-01
POL0006048,CUST005021,AGT0021,Medical,2023-07-21,2024-07-25,4739.23,207947.97,Monthly,Expired,0,2026-08-01
POL0006049,CUST002324,AGT0015,Motor,2023-12-03,2024-11-05,2441.32,170101.28,Monthly,Expired,0,2026-08-01
POL0006050,CUST003805,AGT0070,Motor,2026-07-20,2027-07-10,1762.58,148210.95,Annual,Active,0,2026-08-01
POL0006051,CUST002731,AGT0034,Travel,2024-07-04,2024-07-17,801.54,28234.73,Quarterly,Expired,0,2026-08-01
POL0006052,CUST001785,AGT0001,Motor,2025-01-23,2026-01-11,2164.0,64286.16,Semi-Annual,Expired,0,2026-08-01
POL0006053,CUST005257,AGT0073,Motor,2025-11-01,2026-10-19,1784.63,156367.14,Monthly,Active,0,2026-08-01
POL0006054,CUST005783,AGT0080,Home,2025-01-27,2026-01-21,871.86,698489.15,Monthly,Renewed,1,2026-08-01
POL0006055,CUST001083,AGT0011,Medical,2023-07-27,2024-08-01,4934.13,137314.97,Quarterly,Renewed,1,2026-08-01
POL0006056,CUST003736,AGT0008,Motor,2023-04-22,2024-03-24,1150.46,98262.25,Monthly,Expired,0,2026-08-01
POL0006057,CUST005536,AGT0012,Life,2026-05-07,2027-05-19,4356.57,362133.78,Annual,Active,0,2026-08-01
POL0006058,CUST003225,AGT0022,Motor,2023-09-20,2024-08-22,1039.09,114400.25,Annual,Renewed,1,2026-08-01
POL0006059,CUST003232,AGT0035,Medical,2023-12-02,2024-12-06,1560.87,89740.67,Semi-Annual,Cancelled,0,2026-08-01
POL0006060,CUST005758,AGT0064,Motor,2023-02-23,2024-02-01,907.86,62171.93,Monthly,Expired,0,2026-08-01
POL0006061,CUST003774,AGT0073,Medical,2025-09-10,2026-10-03,2302.35,87640.76,Semi-Annual,Active,0,2026-08-01
POL0006062,CUST005094,AGT0069,Motor,2024-10-24,2025-10-10,2238.31,167882.43,Quarterly,Expired,0,2026-08-01
POL0006063,CUST000626,AGT0075,Travel,2025-04-15,2025-06-29,205.47,43392.52,Annual,Renewed,1,2026-08-01
POL0006064,CUST003538,AGT0005,Medical,2023-08-30,2024-07-31,4496.3,284779.66,Quarterly,Renewed,1,2026-08-01
POL0006065,CUST000872,AGT0077,Medical,2024-12-16,2025-12-06,5173.46,130943.84,Monthly,Expired,0,2026-08-01
POL0006066,CUST001224,AGT0053,Home,2024-12-21,2026-01-18,1088.13,184935.19,Semi-Annual,Expired,0,2026-08-01
POL0006067,CUST004396,AGT0011,Travel,2026-01-07,2026-03-07,682.25,20491.84,Quarterly,Renewed,1,2026-08-01
POL0006068,CUST005220,AGT0080,Medical,2025-07-20,2026-07-17,3805.61,86935.02,Monthly,Renewed,1,2026-08-01
POL0006069,CUST005404,AGT0057,Home,2025-03-04,2026-03-18,989.35,514107.86,Semi-Annual,Expired,0,2026-08-01
POL0006070,CUST004590,AGT0061,Motor,2025-05-26,2026-05-06,1312.75,104187.41,Quarterly,Renewed,1,2026-08-01
POL0006071,CUST003114,AGT0052,Life,2025-10-19,2026-10-28,5094.24,456611.82,Quarterly,Active,0,2026-08-01
POL0006072,CUST002605,AGT0063,Home,2023-10-18,2024-10-09,645.95,845265.07,Annual,Renewed,1,2026-08-01
POL0006073,CUST001006,AGT0003,Life,2025-02-09,2026-03-04,3337.76,716149.16,Quarterly,Expired,0,2026-08-01
POL0006074,CUST004718,AGT0045,Motor,2026-05-16,2027-05-25,1078.31,149118.39,Quarterly,Active,0,2026-08-01
POL0006075,CUST004782,AGT0054,Travel,2025-07-30,2025-10-20,516.43,86250.22,Annual,Renewed,1,2026-08-01
POL0006076,CUST000766,AGT0070,Motor,2025-12-29,2026-12-23,1096.38,58992.85,Annual,Active,0,2026-08-01
POL0006077,CUST005506,AGT0056,Motor,2023-03-04,2024-03-24,2243.74,45467.46,Monthly,Expired,0,2026-08-01
POL0006078,CUST001973,AGT0020,Life,2026-01-01,2026-12-21,3958.75,345281.04,Quarterly,Active,0,2026-08-01
POL0006079,CUST004022,AGT0053,Motor,2025-04-23,2026-04-23,2084.53,127989.97,Monthly,Renewed,1,2026-08-01
POL0006080,CUST000767,AGT0020,Motor,2023-08-26,2024-09-15,1617.51,139809.5,Semi-Annual,Expired,0,2026-08-01
POL0006081,CUST001098,AGT0018,Medical,2026-03-07,2027-02-10,4252.76,125218.49,Monthly,Active,0,2026-08-01
POL0006082,CUST003633,AGT0050,Medical,2026-02-21,2027-03-13,4717.5,494634.69,Semi-Annual,Active,0,2026-08-01
POL0006083,CUST002475,AGT0027,Medical,2025-04-29,2026-05-18,2966.82,461429.03,Quarterly,Expired,0,2026-08-01
POL0006084,CUST000163,AGT0027,Life,2026-06-10,2027-06-10,3342.29,440035.92,Quarterly,Active,0,2026-08-01
POL0006085,CUST005640,AGT0045,Life,2025-12-05,2026-11-15,5371.7,539539.15,Annual,Active,0,2026-08-01
POL0006086,CUST005323,AGT0016,Life,2024-07-03,2025-06-07,6800.2,1460306.67,Annual,Expired,0,2026-08-01
POL0006087,CUST001150,AGT0012,Motor,2026-07-19,2027-08-03,1117.07,179615.98,Annual,Active,0,2026-08-01
POL0006088,CUST003900,AGT0035,Medical,2024-09-13,2025-09-02,4135.13,234937.0,Semi-Annual,Renewed,1,2026-08-01
POL0006089,CUST001025,AGT0013,Home,2023-07-24,2024-07-23,305.29,767013.88,Annual,Cancelled,0,2026-08-01
POL0006090,CUST004305,AGT0059,Medical,2023-06-01,2024-05-01,5121.05,464342.47,Monthly,Cancelled,0,2026-08-01
POL0006091,CUST004211,AGT0056,Motor,2025-06-19,2026-06-17,2234.37,160817.1,Monthly,Renewed,1,2026-08-01
POL0006092,CUST004475,AGT0076,Home,2023-07-04,2024-06-02,1719.2,629154.98,Monthly,Expired,0,2026-08-01
POL0006093,CUST003259,AGT0014,Medical,2026-03-18,2027-03-18,1449.5,238249.88,Monthly,Active,0,2026-08-01
POL0006094,CUST000144,AGT0060,Medical,2026-04-29,2027-05-19,1214.74,277091.21,Monthly,Active,0,2026-08-01
POL0006095,CUST001229,AGT0002,Motor,2023-02-07,2024-03-07,1586.33,134135.35,Quarterly,Cancelled,0,2026-08-01
POL0006096,CUST005946,AGT0050,Life,2023-08-08,2024-08-27,1544.16,462530.49,Quarterly,Renewed,1,2026-08-01
POL0006097,CUST003700,AGT0015,Motor,2023-08-15,2024-08-17,897.74,133569.51,Semi-Annual,Expired,0,2026-08-01
POL0006098,CUST002055,AGT0058,Life,2025-07-11,2026-07-25,1731.93,836159.09,Annual,Renewed,1,2026-08-01
POL0006099,CUST005621,AGT0007,Life,2023-11-23,2024-10-20,1556.8,914360.39,Annual,Renewed,1,2026-08-01
POL0006100,CUST002582,AGT0004,Life,2025-05-26,2026-06-05,1765.94,1270322.46,Semi-Annual,Renewed,1,2026-08-01
POL0006101,CUST005132,AGT0023,Motor,2026-02-24,2027-03-24,1459.86,170886.51,Annual,Cancelled,0,2026-08-01
POL0006102,CUST004834,AGT0029,Motor,2025-05-12,2026-04-17,1702.76,68879.26,Monthly,Expired,0,2026-08-01
POL0006103,CUST000040,AGT0061,Travel,2026-07-01,2026-08-20,141.94,119146.92,Quarterly,Active,0,2026-08-01
POL0006104,CUST005588,AGT0016,Home,2024-09-28,2025-10-28,1261.0,571485.4,Annual,Renewed,1,2026-08-01
POL0006105,CUST005261,AGT0063,Motor,2026-04-08,2027-04-04,1894.54,66509.49,Annual,Active,0,2026-08-01
POL0006106,CUST005954,AGT0040,Medical,2025-10-10,2026-10-22,2240.77,341165.54,Annual,Active,0,2026-08-01
POL0006107,CUST003762,AGT0006,Life,2024-09-11,2025-09-30,2960.62,1016802.96,Annual,Expired,0,2026-08-01
POL0006108,CUST004190,AGT0077,Travel,2024-01-08,2024-02-26,837.95,126624.35,Monthly,Expired,0,2026-08-01
POL0006109,CUST001603,AGT0046,Home,2025-05-22,2026-04-22,750.38,412663.28,Annual,Expired,0,2026-08-01
POL0006110,CUST000910,AGT0069,Life,2025-10-11,2026-09-29,6453.44,1235868.43,Monthly,Active,0,2026-08-01
POL0006111,CUST000561,AGT0008,Motor,2023-05-16,2024-04-25,1167.57,59106.54,Annual,Cancelled,0,2026-08-01
POL0006112,CUST001059,AGT0037,Travel,2024-02-17,2024-03-31,201.84,79961.56,Monthly,Renewed,1,2026-08-01
POL0006113,CUST005828,AGT0015,Travel,2026-07-03,2026-08-22,739.59,100495.7,Annual,Active,0,2026-08-01
POL0006114,CUST001652,AGT0042,Medical,2023-06-26,2024-07-17,3549.49,319285.33,Annual,Renewed,1,2026-08-01
POL0006115,CUST000175,AGT0063,Medical,2026-05-18,2027-04-20,4215.85,71950.84,Monthly,Cancelled,0,2026-08-01
POL0006116,CUST004120,AGT0068,Motor,2023-06-22,2024-06-30,1835.94,76437.49,Monthly,Renewed,1,2026-08-01
POL0006117,CUST001108,AGT0078,Motor,2025-02-18,2026-02-17,2551.31,70986.32,Annual,Expired,0,2026-08-01
POL0006118,CUST003065,AGT0021,Travel,2024-02-14,2024-04-28,82.91,145856.17,Quarterly,Renewed,1,2026-08-01
POL0006119,CUST004028,AGT0022,Motor,2023-07-07,2024-06-13,1070.33,174990.73,Monthly,Renewed,1,2026-08-01
POL0006120,CUST003441,AGT0062,Travel,2023-10-19,2023-12-23,147.74,67141.41,Monthly,Expired,0,2026-08-01
POL0006121,CUST004548,AGT0063,Motor,2026-05-23,2027-05-11,2008.35,145787.58,Monthly,Active,0,2026-08-01
POL0006122,CUST000110,AGT0027,Motor,2023-12-26,2024-12-13,1365.04,108354.03,Annual,Expired,0,2026-08-01
POL0006123,CUST001600,AGT0028,Life,2026-03-16,2027-04-02,5762.55,654059.42,Annual,Active,0,2026-08-01
POL0006124,CUST002436,AGT0016,Motor,2025-04-10,2026-03-18,1023.37,145116.62,Monthly,Expired,0,2026-08-01
POL0006125,CUST004423,AGT0063,Life,2026-07-18,2027-08-15,2534.7,1432947.02,Quarterly,Active,0,2026-08-01
POL0006126,CUST003252,AGT0009,Medical,2024-08-28,2025-07-25,1276.25,211827.54,Annual,Expired,0,2026-08-01
POL0006127,CUST004592,AGT0046,Life,2024-10-25,2025-10-27,6960.83,336025.6,Monthly,Renewed,1,2026-08-01
POL0006128,CUST004449,AGT0031,Home,2023-04-16,2024-04-14,1376.25,859047.31,Annual,Renewed,1,2026-08-01
POL0006129,CUST004817,AGT0044,Medical,2024-03-31,2025-03-19,1457.67,368675.37,Monthly,Expired,0,2026-08-01
POL0006130,CUST003648,AGT0074,Motor,2025-02-15,2026-01-18,1964.5,54488.24,Annual,Renewed,1,2026-08-01
POL0006131,CUST004524,AGT0065,Travel,2024-05-07,2024-07-24,407.32,21108.55,Monthly,Renewed,1,2026-08-01
POL0006132,CUST004077,AGT0073,Motor,2023-08-14,2024-07-27,2449.14,126103.54,Monthly,Renewed,1,2026-08-01
POL0006133,CUST000196,AGT0056,Motor,2024-10-11,2025-10-02,1041.36,119660.06,Quarterly,Renewed,1,2026-08-01
POL0006134,CUST001687,AGT0035,Travel,2026-07-01,2026-08-09,82.02,49095.84,Monthly,Active,0,2026-08-01
POL0006135,CUST005354,AGT0078,Motor,2026-04-07,2027-04-25,1077.2,122788.27,Annual,Active,0,2026-08-01
POL0006136,CUST000549,AGT0045,Life,2024-04-24,2025-05-23,6637.57,316192.34,Annual,Renewed,1,2026-08-01
POL0006137,CUST003377,AGT0030,Motor,2023-06-18,2024-07-01,2472.42,84640.47,Monthly,Renewed,1,2026-08-01
POL0006138,CUST004597,AGT0069,Life,2023-01-18,2024-02-06,1597.9,535939.68,Monthly,Renewed,1,2026-08-01
POL0006139,CUST002587,AGT0077,Life,2025-04-27,2026-04-15,4234.93,1309555.35,Quarterly,Expired,0,2026-08-01
POL0006140,CUST001078,AGT0039,Medical,2025-06-18,2026-07-09,3874.63,181432.18,Annual,Renewed,1,2026-08-01
POL0006141,CUST000147,AGT0067,Medical,2026-04-11,2027-03-18,1017.98,176754.5,Annual,Active,0,2026-08-01
POL0006142,CUST003961,AGT0040,Motor,2025-01-27,2026-01-31,829.52,140672.6,Monthly,Expired,0,2026-08-01
POL0006143,CUST003545,AGT0040,Motor,2023-12-24,2024-12-23,919.48,22771.15,Monthly,Cancelled,0,2026-08-01
POL0006144,CUST004146,AGT0043,Travel,2023-02-03,2023-04-13,616.4,113457.86,Annual,Expired,0,2026-08-01
POL0006145,CUST000977,AGT0041,Travel,2024-11-17,2025-01-27,802.64,26117.05,Monthly,Expired,0,2026-08-01
POL0006146,CUST002810,AGT0072,Travel,2024-01-12,2024-03-21,113.86,27272.07,Annual,Renewed,1,2026-08-01
POL0006147,CUST003287,AGT0073,Life,2025-11-04,2026-11-06,2034.62,786826.03,Monthly,Active,0,2026-08-01
POL0006148,CUST005029,AGT0064,Medical,2025-04-22,2026-04-17,2962.66,481001.61,Annual,Cancelled,0,2026-08-01
POL0006149,CUST001136,AGT0047,Life,2024-11-03,2025-11-03,3767.08,327711.99,Monthly,Expired,0,2026-08-01
POL0006150,CUST004174,AGT0010,Life,2025-08-28,2026-08-15,2431.21,525741.6,Monthly,Active,0,2026-08-01
POL0006151,CUST004128,AGT0028,Motor,2024-11-20,2025-12-01,1160.63,128966.66,Annual,Expired,0,2026-08-01
POL0006152,CUST003564,AGT0012,Medical,2025-04-27,2026-05-01,1586.17,451712.04,Monthly,Expired,0,2026-08-01
POL0006153,CUST000534,AGT0004,Motor,2025-09-28,2026-09-01,1251.0,99227.25,Annual,Active,0,2026-08-01
POL0006154,CUST000712,AGT0051,Medical,2023-04-02,2024-03-26,4534.08,273803.77,Monthly,Expired,0,2026-08-01
POL0006155,CUST003603,AGT0024,Life,2023-08-04,2024-08-08,3853.6,535884.06,Quarterly,Renewed,1,2026-08-01
POL0006156,CUST003737,AGT0007,Medical,2024-09-18,2025-08-20,4854.74,219819.96,Annual,Cancelled,0,2026-08-01
POL0006157,CUST003863,AGT0018,Life,2025-07-23,2026-06-23,6081.89,297466.77,Annual,Expired,0,2026-08-01
POL0006158,CUST004641,AGT0006,Home,2024-06-30,2025-06-30,1093.33,179552.17,Annual,Renewed,1,2026-08-01
POL0006159,CUST002372,AGT0011,Home,2026-04-09,2027-03-15,1536.44,682864.57,Annual,Active,0,2026-08-01
POL0006160,CUST001777,AGT0040,Travel,2026-07-02,2026-09-20,189.83,82986.71,Annual,Active,0,2026-08-01
POL0006161,CUST005503,AGT0054,Travel,2023-05-14,2023-07-12,566.23,121059.06,Monthly,Expired,0,2026-08-01
POL0006162,CUST004155,AGT0064,Medical,2025-05-17,2026-06-07,4949.7,341815.54,Monthly,Renewed,1,2026-08-01
POL0006163,CUST003160,AGT0032,Life,2023-03-20,2024-03-24,4793.43,104829.76,Semi-Annual,Renewed,1,2026-08-01
POL0006164,CUST003349,AGT0060,Life,2025-10-20,2026-10-26,4045.99,805265.01,Semi-Annual,Active,0,2026-08-01
POL0006165,CUST004504,AGT0008,Home,2023-04-25,2024-05-22,1283.44,530622.14,Semi-Annual,Renewed,1,2026-08-01
POL0006166,CUST001861,AGT0011,Life,2023-05-14,2024-05-19,1992.85,291807.07,Monthly,Renewed,1,2026-08-01
POL0006167,CUST002668,AGT0027,Medical,2025-08-19,2026-07-24,2236.84,480273.72,Monthly,Renewed,1,2026-08-01
POL0006168,CUST000259,AGT0051,Travel,2024-06-01,2024-07-09,259.26,123762.31,Semi-Annual,Expired,0,2026-08-01
POL0006169,CUST004751,AGT0012,Life,2024-05-26,2025-05-22,1886.13,1359769.18,Quarterly,Renewed,1,2026-08-01
POL0006170,CUST003005,AGT0001,Motor,2024-07-17,2025-07-26,2074.5,115568.5,Semi-Annual,Renewed,1,2026-08-01
POL0006171,CUST005385,AGT0048,Life,2024-08-30,2025-09-22,4878.27,1265592.2,Monthly,Expired,0,2026-08-01
POL0006172,CUST001782,AGT0033,Life,2025-05-27,2026-05-23,6261.44,352475.91,Quarterly,Expired,0,2026-08-01
POL0006173,CUST002478,AGT0035,Life,2025-08-09,2026-08-30,5248.66,1296043.44,Monthly,Active,0,2026-08-01
POL0006174,CUST000328,AGT0034,Home,2026-05-31,2027-06-27,1517.75,834728.03,Monthly,Active,0,2026-08-01
POL0006175,CUST005805,AGT0075,Life,2024-11-14,2025-11-06,2007.3,126647.92,Monthly,Renewed,1,2026-08-01
POL0006176,CUST002057,AGT0010,Travel,2026-01-08,2026-01-29,111.78,103316.3,Monthly,Renewed,1,2026-08-01
POL0006177,CUST000919,AGT0049,Medical,2025-02-23,2026-03-09,2556.27,92720.18,Quarterly,Renewed,1,2026-08-01
POL0006178,CUST003674,AGT0062,Motor,2023-03-31,2024-04-16,1035.75,123507.44,Monthly,Expired,0,2026-08-01
POL0006179,CUST005078,AGT0062,Medical,2026-01-16,2026-12-14,4224.23,453181.02,Quarterly,Active,0,2026-08-01
POL0006180,CUST000668,AGT0007,Medical,2024-07-28,2025-08-24,2820.06,131172.64,Monthly,Renewed,1,2026-08-01
POL0006181,CUST003156,AGT0027,Travel,2024-08-12,2024-09-07,801.43,84205.98,Quarterly,Expired,0,2026-08-01
POL0006182,CUST002843,AGT0077,Life,2025-12-30,2026-12-07,1710.91,234168.86,Monthly,Active,0,2026-08-01
POL0006183,CUST000831,AGT0061,Medical,2026-02-17,2027-03-01,4973.82,342711.33,Quarterly,Active,0,2026-08-01
POL0006184,CUST001658,AGT0074,Medical,2026-07-25,2027-08-04,4054.83,103313.7,Monthly,Active,0,2026-08-01
POL0006185,CUST003752,AGT0059,Home,2024-11-14,2025-11-17,1505.49,876888.81,Semi-Annual,Renewed,1,2026-08-01
POL0006186,CUST005937,AGT0006,Motor,2024-08-02,2025-08-04,1686.58,71296.56,Monthly,Expired,0,2026-08-01
POL0006187,CUST000788,AGT0080,Motor,2024-06-09,2025-05-12,1455.37,49563.5,Monthly,Expired,0,2026-08-01
POL0006188,CUST003781,AGT0067,Life,2024-03-16,2025-04-11,5401.95,1434020.06,Annual,Renewed,1,2026-08-01
POL0006189,CUST005325,AGT0053,Life,2023-12-08,2024-11-21,6878.62,1001900.75,Semi-Annual,Renewed,1,2026-08-01
POL0006190,CUST004537,AGT0001,Medical,2024-02-21,2025-02-04,1109.7,269333.69,Annual,Renewed,1,2026-08-01
POL0006191,CUST004896,AGT0074,Motor,2025-08-12,2026-07-19,1874.85,140577.55,Monthly,Expired,0,2026-08-01
POL0006192,CUST005500,AGT0072,Medical,2024-01-24,2025-01-01,2039.15,439590.06,Semi-Annual,Cancelled,0,2026-08-01
POL0006193,CUST003926,AGT0070,Motor,2025-03-23,2026-02-19,1520.15,149457.83,Quarterly,Renewed,1,2026-08-01
POL0006194,CUST000226,AGT0024,Motor,2023-11-15,2024-12-03,1834.0,76912.44,Annual,Renewed,1,2026-08-01
POL0006195,CUST001398,AGT0074,Medical,2025-11-22,2026-12-16,1910.95,228274.54,Semi-Annual,Active,0,2026-08-01
POL0006196,CUST002482,AGT0001,Motor,2024-07-03,2025-06-01,818.84,104272.37,Monthly,Renewed,1,2026-08-01
POL0006197,CUST005777,AGT0046,Medical,2024-12-15,2025-11-21,1289.09,313823.86,Monthly,Renewed,1,2026-08-01
POL0006198,CUST001257,AGT0062,Travel,2026-06-24,2026-07-21,80.32,59141.69,Monthly,Renewed,1,2026-08-01
POL0006199,CUST005119,AGT0018,Motor,2026-02-06,2027-01-15,881.02,41784.87,Semi-Annual,Active,0,2026-08-01
POL0006200,CUST003807,AGT0078,Medical,2024-03-11,2025-02-17,1693.8,247483.08,Quarterly,Renewed,1,2026-08-01
POL0006201,CUST004292,AGT0047,Medical,2024-01-11,2025-01-21,2865.24,416843.64,Annual,Renewed,1,2026-08-01
POL0006202,CUST000629,AGT0014,Motor,2024-12-16,2026-01-08,1614.27,64211.44,Annual,Expired,0,2026-08-01
POL0006203,CUST002193,AGT0074,Life,2025-08-12,2026-07-29,1269.58,624633.61,Monthly,Cancelled,0,2026-08-01
POL0006204,CUST002785,AGT0011,Motor,2026-06-19,2027-06-18,847.83,63840.99,Annual,Active,0,2026-08-01
POL0006205,CUST002906,AGT0078,Home,2024-05-29,2025-05-20,679.47,580004.58,Annual,Expired,0,2026-08-01
POL0006206,CUST005265,AGT0079,Life,2025-01-28,2026-01-17,1487.47,1432551.92,Monthly,Renewed,1,2026-08-01
POL0006207,CUST002029,AGT0076,Motor,2023-05-29,2024-04-26,1169.59,48826.49,Annual,Renewed,1,2026-08-01
POL0006208,CUST005213,AGT0026,Home,2025-08-12,2026-08-23,352.72,719203.71,Semi-Annual,Active,0,2026-08-01
POL0006209,CUST005097,AGT0036,Medical,2024-11-21,2025-12-17,1363.61,349080.53,Monthly,Renewed,1,2026-08-01
POL0006210,CUST003854,AGT0061,Motor,2025-04-27,2026-05-12,1989.09,177977.88,Monthly,Cancelled,0,2026-08-01
POL0006211,CUST001854,AGT0065,Medical,2023-10-30,2024-11-28,1565.62,94814.7,Annual,Renewed,1,2026-08-01
POL0006212,CUST000594,AGT0017,Life,2024-07-15,2025-08-03,3787.34,1371936.58,Monthly,Cancelled,0,2026-08-01
POL0006213,CUST001430,AGT0040,Life,2023-03-22,2024-03-10,5884.4,1230520.54,Quarterly,Expired,0,2026-08-01
POL0006214,CUST003641,AGT0031,Life,2024-04-09,2025-04-28,1536.5,1367950.95,Annual,Renewed,1,2026-08-01
POL0006215,CUST001287,AGT0056,Home,2024-04-19,2025-03-29,705.44,695762.82,Annual,Renewed,1,2026-08-01
POL0006216,CUST005412,AGT0062,Home,2024-08-19,2025-08-10,1238.37,310644.16,Quarterly,Renewed,1,2026-08-01
POL0006217,CUST002407,AGT0035,Motor,2026-07-01,2027-07-12,1112.24,86732.84,Monthly,Active,0,2026-08-01
POL0006218,CUST001693,AGT0072,Home,2025-03-17,2026-03-01,1079.97,169114.5,Semi-Annual,Renewed,1,2026-08-01
POL0006219,CUST003738,AGT0025,Motor,2026-03-14,2027-03-29,2047.43,20334.34,Semi-Annual,Active,0,2026-08-01
POL0006220,CUST000936,AGT0061,Home,2023-09-20,2024-08-27,1723.37,856568.87,Monthly,Cancelled,0,2026-08-01
POL0006221,CUST004990,AGT0036,Motor,2026-07-04,2027-06-09,2553.45,152320.81,Annual,Active,0,2026-08-01
POL0006222,CUST003299,AGT0009,Motor,2025-02-28,2026-03-14,1093.66,33025.48,Monthly,Expired,0,2026-08-01
POL0006223,CUST005549,AGT0025,Medical,2023-02-07,2024-02-04,4679.53,254618.4,Monthly,Expired,0,2026-08-01
POL0006224,CUST005128,AGT0068,Motor,2026-02-02,2027-02-28,894.23,66171.03,Monthly,Active,0,2026-08-01
POL0006225,CUST000481,AGT0034,Travel,2023-07-19,2023-10-01,415.67,58651.97,Semi-Annual,Renewed,1,2026-08-01
POL0006226,CUST005389,AGT0064,Motor,2025-11-18,2026-11-30,1645.61,163146.74,Monthly,Active,0,2026-08-01
POL0006227,CUST000284,AGT0055,Medical,2023-11-04,2024-10-14,1354.02,496501.78,Annual,Expired,0,2026-08-01
POL0006228,CUST004760,AGT0034,Home,2025-06-04,2026-05-31,773.98,426092.41,Semi-Annual,Renewed,1,2026-08-01
POL0006229,CUST002177,AGT0017,Life,2025-08-20,2026-08-17,5709.65,1240321.18,Annual,Active,0,2026-08-01
POL0006230,CUST002067,AGT0058,Life,2023-06-05,2024-06-25,2442.03,332117.95,Monthly,Expired,0,2026-08-01
POL0006231,CUST004861,AGT0055,Home,2026-07-02,2027-06-23,1234.62,711171.42,Monthly,Active,0,2026-08-01
POL0006232,CUST001649,AGT0026,Motor,2026-03-05,2027-02-21,2533.74,28128.93,Annual,Active,0,2026-08-01
POL0006233,CUST005445,AGT0006,Medical,2024-06-15,2025-06-11,1221.66,203942.56,Annual,Renewed,1,2026-08-01
POL0006234,CUST000243,AGT0032,Motor,2023-11-22,2024-12-20,826.77,110990.25,Monthly,Expired,0,2026-08-01
POL0006235,CUST001011,AGT0001,Motor,2025-02-01,2026-01-22,1278.04,30070.63,Annual,Renewed,1,2026-08-01
POL0006236,CUST002146,AGT0062,Motor,2025-10-31,2026-11-01,974.25,38872.52,Annual,Active,0,2026-08-01
POL0006237,CUST001715,AGT0019,Life,2023-04-26,2024-03-25,1686.76,546569.97,Monthly,Renewed,1,2026-08-01
POL0006238,CUST005225,AGT0032,Motor,2023-07-19,2024-07-22,1541.14,95995.83,Monthly,Renewed,1,2026-08-01
POL0006239,CUST005412,AGT0017,Life,2025-04-02,2026-03-03,4982.3,400417.57,Quarterly,Expired,0,2026-08-01
POL0006240,CUST002526,AGT0074,Life,2024-01-11,2024-12-06,5506.26,544684.52,Annual,Expired,0,2026-08-01
POL0006241,CUST003455,AGT0067,Medical,2026-03-22,2027-03-04,1456.87,126163.95,Monthly,Active,0,2026-08-01
POL0006242,CUST002032,AGT0075,Medical,2024-12-09,2025-11-16,3398.5,95583.94,Monthly,Renewed,1,2026-08-01
POL0006243,CUST002447,AGT0061,Motor,2025-05-11,2026-05-10,2090.41,87186.06,Quarterly,Renewed,1,2026-08-01
POL0006244,CUST002020,AGT0010,Life,2024-04-02,2025-03-11,4773.27,409398.5,Monthly,Expired,0,2026-08-01
POL0006245,CUST001462,AGT0054,Medical,2025-05-03,2026-04-12,2950.8,343336.4,Quarterly,Cancelled,0,2026-08-01
POL0006246,CUST004167,AGT0037,Travel,2023-12-02,2024-02-20,408.42,49573.67,Monthly,Expired,0,2026-08-01
POL0006247,CUST000678,AGT0057,Medical,2024-09-29,2025-10-05,4272.95,135613.57,Semi-Annual,Renewed,1,2026-08-01
POL0006248,CUST001743,AGT0056,Life,2023-01-30,2023-12-26,2539.09,614862.81,Monthly,Renewed,1,2026-08-01
POL0006249,CUST000651,AGT0054,Medical,2024-08-11,2025-08-26,1780.22,96594.15,Annual,Renewed,1,2026-08-01
POL0006250,CUST002711,AGT0051,Medical,2025-09-27,2026-10-09,1251.15,68625.72,Annual,Active,0,2026-08-01
POL0006251,CUST004045,AGT0067,Medical,2024-04-28,2025-05-21,2689.89,394286.25,Annual,Renewed,1,2026-08-01
POL0006252,CUST003108,AGT0070,Life,2023-03-18,2024-03-17,5054.2,341802.31,Monthly,Expired,0,2026-08-01
POL0006253,CUST004323,AGT0043,Medical,2025-12-07,2027-01-03,3202.19,325229.04,Quarterly,Active,0,2026-08-01
POL0006254,CUST003449,AGT0001,Travel,2024-01-14,2024-03-07,127.0,59610.28,Annual,Renewed,1,2026-08-01
POL0006255,CUST002195,AGT0002,Motor,2025-04-22,2026-04-11,2586.48,72215.51,Annual,Renewed,1,2026-08-01
POL0006256,CUST005472,AGT0003,Home,2025-07-27,2026-06-27,856.98,209620.09,Monthly,Cancelled,0,2026-08-01
POL0006257,CUST003637,AGT0070,Home,2024-01-27,2025-02-22,304.23,268468.45,Monthly,Expired,0,2026-08-01
POL0006258,CUST000230,AGT0037,Motor,2024-01-20,2025-01-27,1890.42,111548.05,Monthly,Renewed,1,2026-08-01
POL0006259,CUST000937,AGT0038,Motor,2024-11-07,2025-11-29,813.27,114030.57,Quarterly,Cancelled,0,2026-08-01
POL0006260,CUST004030,AGT0023,Life,2024-08-31,2025-07-31,6428.81,501439.76,Monthly,Expired,0,2026-08-01
POL0006261,CUST000126,AGT0075,Motor,2023-06-01,2024-05-16,1881.25,53644.85,Annual,Renewed,1,2026-08-01
POL0006262,CUST001035,AGT0020,Motor,2023-04-18,2024-03-13,1392.64,74937.69,Annual,Renewed,1,2026-08-01
POL0006263,CUST000599,AGT0072,Medical,2023-03-01,2024-02-18,2409.65,89541.92,Monthly,Renewed,1,2026-08-01
POL0006264,CUST004858,AGT0054,Life,2024-02-17,2025-03-02,1800.85,841096.55,Annual,Expired,0,2026-08-01
POL0006265,CUST000636,AGT0032,Motor,2023-06-28,2024-06-03,1557.35,151726.56,Monthly,Expired,0,2026-08-01
POL0006266,CUST001209,AGT0053,Home,2025-09-16,2026-09-05,1052.55,596434.56,Monthly,Active,0,2026-08-01
POL0006267,CUST005909,AGT0075,Motor,2026-02-07,2027-03-01,1073.28,23501.15,Quarterly,Cancelled,0,2026-08-01
POL0006268,CUST000722,AGT0006,Motor,2025-11-06,2026-10-22,2021.03,63646.89,Annual,Active,0,2026-08-01
POL0006269,CUST001417,AGT0005,Motor,2023-12-03,2024-12-01,1373.56,95432.54,Monthly,Renewed,1,2026-08-01
POL0006270,CUST004883,AGT0014,Home,2024-03-12,2025-03-05,402.03,826335.6,Quarterly,Expired,0,2026-08-01
POL0006271,CUST000805,AGT0053,Travel,2026-06-12,2026-08-12,255.47,42151.28,Annual,Active,0,2026-08-01
POL0006272,CUST001378,AGT0042,Motor,2023-06-24,2024-07-19,865.03,31861.26,Semi-Annual,Renewed,1,2026-08-01
POL0006273,CUST004773,AGT0055,Life,2024-03-18,2025-04-05,6476.58,841379.27,Monthly,Renewed,1,2026-08-01
POL0006274,CUST000003,AGT0033,Motor,2024-08-03,2025-07-24,1628.56,109507.84,Monthly,Renewed,1,2026-08-01
POL0006275,CUST002200,AGT0068,Motor,2024-06-19,2025-07-10,2527.66,177127.11,Monthly,Renewed,1,2026-08-01
POL0006276,CUST001540,AGT0038,Motor,2026-05-14,2027-05-11,1906.02,106575.07,Monthly,Active,0,2026-08-01
POL0006277,CUST001238,AGT0038,Travel,2025-11-27,2026-01-02,93.59,22193.04,Monthly,Renewed,1,2026-08-01
POL0006278,CUST002355,AGT0039,Medical,2026-07-08,2027-06-22,1724.11,351163.6,Annual,Active,0,2026-08-01
POL0006279,CUST001323,AGT0020,Medical,2023-10-20,2024-10-10,3233.61,142505.57,Quarterly,Expired,0,2026-08-01
POL0006280,CUST004645,AGT0079,Motor,2023-03-30,2024-04-24,815.3,150235.22,Monthly,Expired,0,2026-08-01
POL0006281,CUST000835,AGT0004,Home,2026-04-03,2027-03-13,1218.08,441959.72,Quarterly,Active,0,2026-08-01
POL0006282,CUST002396,AGT0003,Home,2023-06-30,2024-06-21,1610.93,787591.65,Monthly,Renewed,1,2026-08-01
POL0006283,CUST000480,AGT0038,Motor,2025-05-04,2026-05-19,1373.71,48088.76,Quarterly,Expired,0,2026-08-01
POL0006284,CUST000634,AGT0056,Life,2026-03-10,2027-02-24,6068.82,935303.83,Semi-Annual,Active,0,2026-08-01
POL0006285,CUST004081,AGT0037,Life,2023-03-23,2024-04-06,6561.94,1083075.12,Monthly,Renewed,1,2026-08-01
POL0006286,CUST002711,AGT0064,Home,2025-03-22,2026-03-12,680.89,115472.6,Annual,Cancelled,0,2026-08-01
POL0006287,CUST002640,AGT0029,Medical,2026-06-04,2027-06-02,2982.06,263451.15,Monthly,Active,0,2026-08-01
POL0006288,CUST001629,AGT0019,Motor,2026-06-08,2027-07-08,1364.56,128796.59,Monthly,Active,0,2026-08-01
POL0006289,CUST000891,AGT0051,Medical,2024-01-11,2025-01-24,2197.72,330399.73,Annual,Renewed,1,2026-08-01
POL0006290,CUST005265,AGT0020,Life,2023-12-03,2024-12-27,1252.98,248892.2,Annual,Expired,0,2026-08-01
POL0006291,CUST004755,AGT0043,Medical,2023-10-31,2024-10-08,1968.58,64999.31,Monthly,Renewed,1,2026-08-01
POL0006292,CUST002773,AGT0051,Motor,2025-02-19,2026-03-11,2227.76,54744.84,Monthly,Expired,0,2026-08-01
POL0006293,CUST000115,AGT0010,Travel,2026-03-19,2026-03-31,770.52,51210.52,Annual,Cancelled,0,2026-08-01
POL0006294,CUST005389,AGT0019,Travel,2026-04-07,2026-06-11,291.86,97750.78,Monthly,Cancelled,0,2026-08-01
POL0006295,CUST002584,AGT0004,Medical,2024-03-01,2025-02-15,1149.58,60717.38,Annual,Expired,0,2026-08-01
POL0006296,CUST001137,AGT0017,Medical,2024-11-05,2025-11-18,4153.91,172641.73,Semi-Annual,Expired,0,2026-08-01
POL0006297,CUST000764,AGT0072,Medical,2025-08-02,2026-09-01,3949.94,154908.83,Annual,Active,0,2026-08-01
POL0006298,CUST005977,AGT0001,Medical,2025-06-02,2026-05-30,2189.98,426264.05,Quarterly,Expired,0,2026-08-01
POL0006299,CUST000167,AGT0060,Motor,2023-02-14,2024-02-07,2265.82,76790.38,Quarterly,Renewed,1,2026-08-01
POL0006300,CUST002227,AGT0015,Medical,2026-03-04,2027-03-03,4182.83,374361.37,Monthly,Active,0,2026-08-01
POL0006301,CUST003304,AGT0038,Medical,2026-04-18,2027-03-27,1388.83,421296.65,Annual,Active,0,2026-08-01
POL0006302,CUST001762,AGT0001,Home,2025-04-12,2026-04-14,1030.61,660528.07,Monthly,Renewed,1,2026-08-01
POL0006303,CUST000933,AGT0040,Motor,2024-06-18,2025-05-26,1101.19,37992.74,Monthly,Renewed,1,2026-08-01
POL0006304,CUST003867,AGT0075,Medical,2025-10-31,2026-11-10,1705.55,382529.19,Monthly,Active,0,2026-08-01
POL0006305,CUST000412,AGT0010,Medical,2023-08-22,2024-09-20,2573.08,432060.72,Quarterly,Expired,0,2026-08-01
POL0006306,CUST005848,AGT0025,Travel,2023-10-17,2023-12-30,185.16,68753.05,Monthly,Renewed,1,2026-08-01
POL0006307,CUST002873,AGT0022,Medical,2026-07-06,2027-08-05,4484.89,449469.45,Semi-Annual,Active,0,2026-08-01
POL0006308,CUST004413,AGT0057,Motor,2024-04-02,2025-03-27,1599.72,130313.69,Annual,Renewed,1,2026-08-01
POL0006309,CUST005062,AGT0066,Medical,2025-08-27,2026-09-13,4659.72,369662.54,Monthly,Active,0,2026-08-01
POL0006310,CUST004738,AGT0022,Motor,2024-06-08,2025-06-10,1785.69,107429.53,Quarterly,Renewed,1,2026-08-01
POL0006311,CUST002914,AGT0011,Medical,2025-11-03,2026-10-30,3522.44,222550.36,Quarterly,Active,0,2026-08-01
POL0006312,CUST000462,AGT0072,Life,2025-11-16,2026-11-22,4504.44,549470.52,Monthly,Active,0,2026-08-01
POL0006313,CUST000478,AGT0009,Medical,2024-10-16,2025-10-24,1775.0,409337.84,Quarterly,Expired,0,2026-08-01
POL0006314,CUST002135,AGT0069,Life,2024-05-11,2025-04-09,1991.18,1275212.68,Semi-Annual,Expired,0,2026-08-01
POL0006315,CUST001827,AGT0045,Motor,2025-06-18,2026-06-29,1338.52,73101.32,Annual,Cancelled,0,2026-08-01
POL0006316,CUST005322,AGT0063,Life,2023-09-24,2024-09-22,5089.81,984089.4,Monthly,Expired,0,2026-08-01
POL0006317,CUST002677,AGT0068,Home,2024-01-16,2024-12-19,1597.37,672905.79,Annual,Expired,0,2026-08-01
POL0006318,CUST005983,AGT0056,Medical,2023-03-06,2024-02-10,1646.99,146502.09,Semi-Annual,Expired,0,2026-08-01
POL0006319,CUST001687,AGT0031,Travel,2024-11-08,2024-12-08,125.47,101931.42,Monthly,Renewed,1,2026-08-01
POL0006320,CUST005802,AGT0026,Medical,2025-04-19,2026-05-08,4555.89,202706.83,Monthly,Expired,0,2026-08-01
POL0006321,CUST002026,AGT0052,Life,2024-05-12,2025-05-03,3280.43,482371.44,Monthly,Renewed,1,2026-08-01
POL0006322,CUST005996,AGT0042,Motor,2025-09-06,2026-08-30,1254.11,70551.9,Annual,Active,0,2026-08-01
POL0006323,CUST003002,AGT0073,Home,2024-07-09,2025-06-28,312.69,347343.93,Monthly,Renewed,1,2026-08-01
POL0006324,CUST000113,AGT0062,Motor,2023-10-01,2024-10-12,1161.48,99213.48,Annual,Cancelled,0,2026-08-01
POL0006325,CUST005655,AGT0072,Motor,2023-01-06,2024-01-01,876.27,76735.74,Semi-Annual,Expired,0,2026-08-01
POL0006326,CUST001234,AGT0032,Motor,2026-01-18,2027-02-17,2046.73,135075.39,Annual,Active,0,2026-08-01
POL0006327,CUST004830,AGT0038,Medical,2025-11-25,2026-11-09,1288.68,454770.34,Monthly,Active,0,2026-08-01
POL0006328,CUST004919,AGT0071,Life,2024-08-10,2025-09-06,5559.44,1181909.01,Quarterly,Expired,0,2026-08-01
POL0006329,CUST001227,AGT0024,Life,2023-10-12,2024-10-16,5179.83,870887.81,Monthly,Renewed,1,2026-08-01
POL0006330,CUST003413,AGT0067,Motor,2025-02-11,2026-02-18,859.86,129133.78,Monthly,Cancelled,0,2026-08-01
POL0006331,CUST004712,AGT0046,Life,2024-09-10,2025-09-24,6956.28,1356589.34,Monthly,Expired,0,2026-08-01
POL0006332,CUST005678,AGT0034,Motor,2024-04-05,2025-04-27,2562.48,114725.78,Semi-Annual,Renewed,1,2026-08-01
POL0006333,CUST002368,AGT0074,Life,2025-05-11,2026-06-02,6694.78,174930.55,Annual,Renewed,1,2026-08-01
POL0006334,CUST002461,AGT0022,Motor,2023-10-27,2024-11-18,1242.51,67633.7,Annual,Renewed,1,2026-08-01
POL0006335,CUST004895,AGT0055,Medical,2023-02-15,2024-02-07,3806.51,198798.42,Annual,Expired,0,2026-08-01
POL0006336,CUST002948,AGT0029,Medical,2023-08-05,2024-08-20,2882.42,492716.53,Monthly,Renewed,1,2026-08-01
POL0006337,CUST003703,AGT0077,Medical,2024-03-23,2025-03-07,2401.73,382146.35,Annual,Renewed,1,2026-08-01
POL0006338,CUST000695,AGT0044,Life,2025-12-17,2026-12-14,3662.79,699268.39,Monthly,Active,0,2026-08-01
POL0006339,CUST004074,AGT0047,Home,2023-12-11,2024-11-14,1343.77,368733.95,Annual,Expired,0,2026-08-01
POL0006340,CUST002002,AGT0026,Medical,2026-06-10,2027-06-03,1455.18,482766.27,Monthly,Active,0,2026-08-01
POL0006341,CUST002173,AGT0002,Medical,2023-06-23,2024-06-23,2866.86,394493.08,Quarterly,Expired,0,2026-08-01
POL0006342,CUST005406,AGT0080,Motor,2026-07-29,2027-08-18,2485.71,52817.49,Annual,Active,0,2026-08-01
POL0006343,CUST004280,AGT0036,Life,2025-11-29,2026-10-27,4744.18,764257.91,Monthly,Active,0,2026-08-01
POL0006344,CUST003345,AGT0053,Medical,2023-03-31,2024-04-03,4853.28,151636.99,Quarterly,Expired,0,2026-08-01
POL0006345,CUST003395,AGT0073,Travel,2024-12-08,2025-02-15,80.35,148686.63,Semi-Annual,Renewed,1,2026-08-01
POL0006346,CUST005136,AGT0029,Life,2025-06-08,2026-06-24,4494.16,900884.7,Monthly,Renewed,1,2026-08-01
POL0006347,CUST003712,AGT0003,Medical,2024-08-19,2025-08-15,3928.31,86634.49,Annual,Expired,0,2026-08-01
POL0006348,CUST001257,AGT0063,Home,2026-07-06,2027-06-28,807.53,335196.14,Monthly,Active,0,2026-08-01
POL0006349,CUST003283,AGT0050,Motor,2023-06-23,2024-06-27,1022.35,105008.85,Monthly,Renewed,1,2026-08-01
POL0006350,CUST003755,AGT0052,Life,2024-12-05,2025-12-16,1721.25,818132.37,Annual,Renewed,1,2026-08-01
POL0006351,CUST000335,AGT0031,Medical,2024-11-02,2025-10-24,3268.56,149179.96,Quarterly,Renewed,1,2026-08-01
POL0006352,CUST000799,AGT0073,Motor,2025-03-08,2026-03-08,1146.52,129646.58,Annual,Renewed,1,2026-08-01
POL0006353,CUST002846,AGT0033,Motor,2023-12-16,2024-11-10,890.03,57328.23,Semi-Annual,Renewed,1,2026-08-01
POL0006354,CUST003452,AGT0003,Life,2024-09-28,2025-09-13,6013.81,1476154.32,Annual,Expired,0,2026-08-01
POL0006355,CUST000308,AGT0046,Motor,2023-06-15,2024-07-01,2248.71,151925.44,Monthly,Expired,0,2026-08-01
POL0006356,CUST002724,AGT0063,Travel,2023-06-11,2023-08-05,650.19,78153.06,Annual,Renewed,1,2026-08-01
POL0006357,CUST001012,AGT0033,Medical,2024-11-19,2025-11-15,3300.14,214905.45,Monthly,Renewed,1,2026-08-01
POL0006358,CUST004002,AGT0037,Medical,2025-08-18,2026-09-13,3167.98,129491.61,Semi-Annual,Cancelled,0,2026-08-01
POL0006359,CUST002854,AGT0074,Life,2025-06-10,2026-06-01,4386.79,217906.65,Quarterly,Cancelled,0,2026-08-01
POL0006360,CUST000564,AGT0048,Motor,2026-06-04,2027-05-28,2190.84,140751.04,Monthly,Active,0,2026-08-01
POL0006361,CUST002438,AGT0025,Motor,2023-03-16,2024-03-30,1989.18,161919.07,Annual,Renewed,1,2026-08-01
POL0006362,CUST005586,AGT0029,Medical,2024-07-20,2025-08-09,1605.59,274675.89,Monthly,Renewed,1,2026-08-01
POL0006363,CUST000288,AGT0061,Medical,2023-03-15,2024-03-01,2461.61,452875.51,Annual,Renewed,1,2026-08-01
POL0006364,CUST002428,AGT0060,Medical,2024-04-16,2025-03-23,3870.07,477162.81,Quarterly,Expired,0,2026-08-01
POL0006365,CUST000824,AGT0008,Medical,2025-08-23,2026-08-30,3314.38,315664.09,Semi-Annual,Active,0,2026-08-01
POL0006366,CUST005415,AGT0062,Life,2025-02-16,2026-01-18,6602.74,456037.84,Monthly,Renewed,1,2026-08-01
POL0006367,CUST002792,AGT0027,Travel,2023-09-28,2023-10-20,280.02,126216.92,Semi-Annual,Renewed,1,2026-08-01
POL0006368,CUST003762,AGT0011,Medical,2023-04-02,2024-03-28,4033.34,148503.24,Semi-Annual,Renewed,1,2026-08-01
POL0006369,CUST005806,AGT0013,Travel,2023-07-20,2023-09-27,621.62,140808.7,Monthly,Expired,0,2026-08-01
POL0006370,CUST000303,AGT0071,Motor,2024-07-06,2025-06-20,2160.16,50521.54,Annual,Expired,0,2026-08-01
POL0006371,CUST002919,AGT0018,Medical,2026-06-11,2027-06-26,3697.01,209713.53,Annual,Active,0,2026-08-01
POL0006372,CUST000405,AGT0042,Medical,2024-05-24,2025-04-19,4729.85,104373.67,Annual,Renewed,1,2026-08-01
POL0006373,CUST004636,AGT0046,Medical,2023-08-24,2024-07-20,4280.65,177406.07,Annual,Expired,0,2026-08-01
POL0006374,CUST003521,AGT0040,Motor,2023-12-14,2024-12-07,2268.21,100660.92,Monthly,Expired,0,2026-08-01
POL0006375,CUST002659,AGT0028,Motor,2025-06-13,2026-06-19,1602.58,82126.52,Annual,Renewed,1,2026-08-01
POL0006376,CUST001749,AGT0003,Motor,2023-12-30,2024-12-05,925.57,120598.2,Quarterly,Expired,0,2026-08-01
POL0006377,CUST001151,AGT0004,Motor,2025-12-01,2026-12-06,1784.4,78554.86,Monthly,Active,0,2026-08-01
POL0006378,CUST005483,AGT0039,Medical,2023-02-20,2024-02-28,3013.95,306272.72,Semi-Annual,Renewed,1,2026-08-01
POL0006379,CUST000128,AGT0070,Medical,2024-03-05,2025-02-06,4900.0,333242.51,Semi-Annual,Renewed,1,2026-08-01
POL0006380,CUST000774,AGT0068,Motor,2023-11-28,2024-12-18,2019.81,168095.24,Quarterly,Renewed,1,2026-08-01
POL0006381,CUST002253,AGT0055,Life,2024-08-28,2025-09-11,5790.28,1334960.01,Monthly,Renewed,1,2026-08-01
POL0006382,CUST002351,AGT0023,Medical,2024-06-02,2025-05-19,3933.73,169147.0,Semi-Annual,Renewed,1,2026-08-01
POL0006383,CUST005517,AGT0077,Motor,2024-12-25,2025-12-14,1945.38,95360.03,Monthly,Renewed,1,2026-08-01
POL0006384,CUST001869,AGT0031,Motor,2024-03-05,2025-02-15,2444.56,35907.76,Monthly,Renewed,1,2026-08-01
POL0006385,CUST001949,AGT0065,Life,2023-09-20,2024-09-25,1589.94,411259.18,Annual,Expired,0,2026-08-01
POL0006386,CUST001405,AGT0011,Life,2025-04-21,2026-05-01,6267.8,511671.46,Semi-Annual,Expired,0,2026-08-01
POL0006387,CUST002212,AGT0045,Travel,2024-01-22,2024-04-19,695.12,144063.9,Monthly,Renewed,1,2026-08-01
POL0006388,CUST001616,AGT0018,Motor,2026-02-19,2027-02-20,2587.69,140939.56,Quarterly,Active,0,2026-08-01
POL0006389,CUST004157,AGT0037,Life,2026-06-12,2027-05-19,1987.37,1355282.46,Monthly,Active,0,2026-08-01
POL0006390,CUST004791,AGT0063,Medical,2023-10-30,2024-10-21,4539.26,184384.47,Annual,Renewed,1,2026-08-01
POL0006391,CUST004422,AGT0076,Travel,2023-12-24,2024-02-20,252.95,131648.45,Monthly,Renewed,1,2026-08-01
POL0006392,CUST004823,AGT0006,Life,2026-05-30,2027-05-19,1558.47,1180787.65,Monthly,Cancelled,0,2026-08-01
POL0006393,CUST003651,AGT0034,Motor,2025-11-27,2026-11-05,1252.37,43270.31,Monthly,Active,0,2026-08-01
POL0006394,CUST004128,AGT0006,Home,2024-08-07,2025-07-04,523.52,343698.05,Annual,Expired,0,2026-08-01
POL0006395,CUST002030,AGT0044,Medical,2024-11-30,2025-12-30,2204.12,370090.05,Monthly,Expired,0,2026-08-01
POL0006396,CUST005977,AGT0080,Home,2023-11-13,2024-11-03,1672.38,347448.44,Annual,Renewed,1,2026-08-01
POL0006397,CUST005672,AGT0027,Motor,2025-04-23,2026-05-05,1980.46,60271.95,Annual,Expired,0,2026-08-01
POL0006398,CUST000346,AGT0031,Medical,2026-05-10,2027-05-31,3398.1,496130.0,Monthly,Active,0,2026-08-01
POL0006399,CUST002116,AGT0023,Medical,2024-08-20,2025-07-18,4662.59,267857.82,Monthly,Expired,0,2026-08-01
POL0006400,CUST004160,AGT0068,Motor,2024-07-21,2025-07-12,2417.8,75715.45,Annual,Cancelled,0,2026-08-01
POL0006401,CUST001753,AGT0068,Life,2025-02-07,2026-01-28,6788.52,599573.44,Quarterly,Expired,0,2026-08-01
POL0006402,CUST003077,AGT0065,Motor,2025-12-09,2026-12-15,2378.54,118915.28,Monthly,Active,0,2026-08-01
POL0006403,CUST005059,AGT0020,Motor,2024-12-06,2025-12-31,2272.67,123198.78,Monthly,Cancelled,0,2026-08-01
POL0006404,CUST005313,AGT0018,Motor,2024-07-31,2025-08-09,857.83,158466.6,Quarterly,Cancelled,0,2026-08-01
POL0006405,CUST005612,AGT0012,Home,2024-09-21,2025-09-25,1135.87,618950.44,Quarterly,Renewed,1,2026-08-01
POL0006406,CUST003897,AGT0016,Home,2023-01-18,2023-12-28,888.37,848602.55,Quarterly,Renewed,1,2026-08-01
POL0006407,CUST005740,AGT0059,Medical,2025-11-15,2026-11-11,1263.4,308472.8,Monthly,Active,0,2026-08-01
POL0006408,CUST003896,AGT0044,Medical,2024-04-11,2025-04-24,1381.31,272034.36,Quarterly,Cancelled,0,2026-08-01
POL0006409,CUST003200,AGT0068,Motor,2026-02-24,2027-02-24,1571.58,145675.85,Annual,Active,0,2026-08-01
POL0006410,CUST001203,AGT0053,Medical,2024-04-29,2025-05-04,4971.38,145980.01,Annual,Renewed,1,2026-08-01
POL0006411,CUST005217,AGT0075,Home,2023-12-01,2024-11-15,981.65,600280.59,Semi-Annual,Renewed,1,2026-08-01
POL0006412,CUST001548,AGT0005,Travel,2026-03-02,2026-05-02,670.66,72051.68,Quarterly,Renewed,1,2026-08-01
POL0006413,CUST001103,AGT0054,Life,2023-06-27,2024-06-16,2431.29,287619.59,Annual,Expired,0,2026-08-01
POL0006414,CUST004587,AGT0010,Motor,2025-10-13,2026-10-10,1224.95,70876.88,Monthly,Cancelled,0,2026-08-01
POL0006415,CUST005334,AGT0028,Travel,2025-11-26,2025-12-23,725.88,102214.39,Annual,Expired,0,2026-08-01
POL0006416,CUST005856,AGT0037,Home,2023-10-18,2024-10-24,735.44,852283.74,Monthly,Cancelled,0,2026-08-01
POL0006417,CUST004550,AGT0041,Home,2023-10-04,2024-10-14,1273.72,532636.78,Monthly,Expired,0,2026-08-01
POL0006418,CUST005761,AGT0017,Life,2024-03-11,2025-03-26,1214.39,678136.75,Semi-Annual,Renewed,1,2026-08-01
POL0006419,CUST002396,AGT0015,Motor,2026-02-06,2027-01-17,850.34,163192.98,Semi-Annual,Active,0,2026-08-01
POL0006420,CUST000638,AGT0012,Home,2024-03-26,2025-03-18,1012.25,243351.27,Annual,Expired,0,2026-08-01
POL0006421,CUST001472,AGT0017,Medical,2023-05-15,2024-05-07,3476.67,86513.27,Quarterly,Expired,0,2026-08-01
POL0006422,CUST000958,AGT0056,Motor,2024-06-13,2025-07-06,941.69,71704.3,Quarterly,Renewed,1,2026-08-01
POL0006423,CUST004558,AGT0072,Motor,2023-04-29,2024-05-24,2217.9,33963.5,Monthly,Expired,0,2026-08-01
POL0006424,CUST002540,AGT0028,Life,2024-11-27,2025-11-23,1579.11,687342.75,Semi-Annual,Renewed,1,2026-08-01
POL0006425,CUST002584,AGT0068,Travel,2023-08-26,2023-10-28,580.59,51345.08,Annual,Renewed,1,2026-08-01
POL0006426,CUST005530,AGT0066,Home,2023-12-31,2024-11-26,1311.26,233794.69,Monthly,Expired,0,2026-08-01
POL0006427,CUST005872,AGT0023,Home,2023-01-16,2024-01-03,958.81,237880.77,Semi-Annual,Expired,0,2026-08-01
POL0006428,CUST000874,AGT0016,Life,2023-01-27,2023-12-27,3881.44,448428.78,Monthly,Expired,0,2026-08-01
POL0006429,CUST005128,AGT0031,Home,2025-09-04,2026-08-27,303.47,522838.78,Annual,Active,0,2026-08-01
POL0006430,CUST003833,AGT0010,Motor,2026-04-21,2027-04-11,1761.44,20273.13,Monthly,Active,0,2026-08-01
POL0006431,CUST004743,AGT0077,Motor,2024-06-03,2025-05-15,1344.03,118725.08,Quarterly,Expired,0,2026-08-01
POL0006432,CUST005696,AGT0065,Motor,2023-01-24,2024-02-22,1208.35,132635.8,Annual,Renewed,1,2026-08-01
POL0006433,CUST002003,AGT0032,Travel,2026-05-20,2026-07-26,145.25,112928.8,Annual,Expired,0,2026-08-01
POL0006434,CUST004844,AGT0041,Home,2024-06-18,2025-06-25,1220.15,496350.11,Annual,Renewed,1,2026-08-01
POL0006435,CUST004270,AGT0027,Travel,2024-04-22,2024-07-04,736.14,80349.78,Monthly,Expired,0,2026-08-01
POL0006436,CUST003953,AGT0001,Home,2025-11-02,2026-10-20,487.37,573474.87,Quarterly,Active,0,2026-08-01
POL0006437,CUST004536,AGT0017,Medical,2025-07-07,2026-06-18,4061.72,184536.15,Quarterly,Expired,0,2026-08-01
POL0006438,CUST004610,AGT0004,Travel,2025-08-22,2025-10-09,439.29,34886.69,Quarterly,Renewed,1,2026-08-01
POL0006439,CUST002457,AGT0033,Medical,2025-06-11,2026-06-03,1041.84,278715.7,Quarterly,Renewed,1,2026-08-01
POL0006440,CUST005559,AGT0034,Travel,2023-01-25,2023-03-08,446.62,132729.12,Monthly,Expired,0,2026-08-01
POL0006441,CUST000568,AGT0030,Life,2024-02-29,2025-02-28,6105.6,780610.73,Semi-Annual,Expired,0,2026-08-01
POL0006442,CUST001121,AGT0055,Medical,2025-06-03,2026-04-30,5022.91,175811.91,Semi-Annual,Renewed,1,2026-08-01
POL0006443,CUST004412,AGT0059,Motor,2026-03-12,2027-04-03,1640.23,53809.17,Quarterly,Active,0,2026-08-01
POL0006444,CUST002767,AGT0045,Motor,2025-04-07,2026-03-04,1609.62,30583.6,Annual,Expired,0,2026-08-01
POL0006445,CUST001767,AGT0028,Travel,2024-06-04,2024-07-03,331.5,140215.02,Quarterly,Renewed,1,2026-08-01
POL0006446,CUST003059,AGT0028,Life,2026-03-12,2027-03-26,3395.81,558805.9,Quarterly,Active,0,2026-08-01
POL0006447,CUST000797,AGT0037,Medical,2024-12-21,2025-12-24,2999.48,454173.04,Monthly,Renewed,1,2026-08-01
POL0006448,CUST000015,AGT0059,Home,2023-06-22,2024-07-10,419.37,854932.91,Monthly,Renewed,1,2026-08-01
POL0006449,CUST000257,AGT0026,Medical,2024-06-04,2025-07-01,3721.54,250061.51,Quarterly,Expired,0,2026-08-01
POL0006450,CUST005357,AGT0058,Medical,2026-01-10,2027-01-21,2498.51,239922.37,Monthly,Active,0,2026-08-01
POL0006451,CUST001964,AGT0026,Travel,2024-07-22,2024-07-31,581.89,61053.89,Quarterly,Expired,0,2026-08-01
POL0006452,CUST005428,AGT0044,Medical,2024-12-21,2025-11-16,3657.09,337116.51,Semi-Annual,Expired,0,2026-08-01
POL0006453,CUST003060,AGT0021,Medical,2023-03-13,2024-03-25,4721.99,146243.08,Quarterly,Renewed,1,2026-08-01
POL0006454,CUST001826,AGT0008,Life,2025-05-10,2026-04-26,2831.1,573099.15,Quarterly,Renewed,1,2026-08-01
POL0006455,CUST000231,AGT0040,Medical,2024-02-10,2025-02-17,4929.46,182509.16,Annual,Cancelled,0,2026-08-01
POL0006456,CUST000647,AGT0057,Medical,2023-05-02,2024-04-29,3768.85,218481.27,Monthly,Expired,0,2026-08-01
POL0006457,CUST003381,AGT0035,Motor,2026-05-24,2027-04-28,1919.08,31912.8,Monthly,Active,0,2026-08-01
POL0006458,CUST003695,AGT0063,Travel,2024-06-18,2024-07-09,498.44,88767.78,Monthly,Expired,0,2026-08-01
POL0006459,CUST005373,AGT0005,Medical,2025-12-22,2027-01-20,1857.78,91208.36,Semi-Annual,Active,0,2026-08-01
POL0006460,CUST001165,AGT0004,Travel,2025-07-05,2025-08-08,65.68,121869.64,Monthly,Expired,0,2026-08-01
POL0006461,CUST003588,AGT0075,Life,2026-02-24,2027-03-12,4435.1,688353.67,Monthly,Active,0,2026-08-01
POL0006462,CUST000512,AGT0046,Motor,2024-07-19,2025-07-30,2446.75,137769.41,Monthly,Renewed,1,2026-08-01
POL0006463,CUST003148,AGT0028,Medical,2025-07-20,2026-07-13,4558.95,108649.45,Annual,Renewed,1,2026-08-01
POL0006464,CUST001057,AGT0052,Medical,2026-05-10,2027-05-25,1324.61,310419.81,Monthly,Active,0,2026-08-01
POL0006465,CUST001394,AGT0061,Life,2025-05-03,2026-05-04,3002.77,367777.8,Monthly,Expired,0,2026-08-01
POL0006466,CUST002495,AGT0071,Medical,2025-05-15,2026-05-21,3007.34,310856.49,Quarterly,Expired,0,2026-08-01
POL0006467,CUST002636,AGT0073,Life,2026-03-20,2027-03-08,4032.55,691671.76,Monthly,Active,0,2026-08-01
POL0006468,CUST000698,AGT0029,Life,2024-04-07,2025-05-04,2273.66,1005137.69,Annual,Renewed,1,2026-08-01
POL0006469,CUST003604,AGT0001,Motor,2024-12-03,2025-11-15,2028.31,34516.79,Semi-Annual,Renewed,1,2026-08-01
POL0006470,CUST002405,AGT0033,Travel,2025-08-12,2025-10-21,442.78,137233.64,Quarterly,Cancelled,0,2026-08-01
POL0006471,CUST005191,AGT0010,Medical,2026-04-12,2027-05-06,4610.18,267044.25,Annual,Active,0,2026-08-01
POL0006472,CUST003653,AGT0042,Life,2025-11-08,2026-11-19,2655.11,1042138.52,Annual,Active,0,2026-08-01
POL0006473,CUST005292,AGT0016,Motor,2024-06-26,2025-06-29,2437.05,61067.62,Monthly,Renewed,1,2026-08-01
POL0006474,CUST000104,AGT0054,Motor,2025-10-26,2026-09-26,2285.25,135706.12,Quarterly,Active,0,2026-08-01
POL0006475,CUST002712,AGT0071,Life,2025-02-20,2026-02-09,3603.88,1415974.43,Quarterly,Expired,0,2026-08-01
POL0006476,CUST005042,AGT0017,Medical,2024-08-18,2025-08-12,4400.36,480481.36,Annual,Renewed,1,2026-08-01
POL0006477,CUST001102,AGT0044,Travel,2024-09-08,2024-09-26,561.42,123653.84,Quarterly,Renewed,1,2026-08-01
POL0006478,CUST001329,AGT0077,Life,2025-09-19,2026-10-10,3829.76,660273.88,Semi-Annual,Active,0,2026-08-01
POL0006479,CUST004245,AGT0025,Life,2023-01-25,2024-01-19,4165.69,356963.55,Monthly,Expired,0,2026-08-01
POL0006480,CUST000107,AGT0064,Medical,2026-05-26,2027-05-14,3304.35,169656.54,Quarterly,Active,0,2026-08-01
POL0006481,CUST005704,AGT0004,Home,2023-09-18,2024-08-25,641.37,696918.08,Monthly,Renewed,1,2026-08-01
POL0006482,CUST005654,AGT0051,Home,2025-06-27,2026-06-23,529.87,312146.03,Quarterly,Renewed,1,2026-08-01
POL0006483,CUST005748,AGT0003,Motor,2026-04-27,2027-04-02,2216.14,64963.01,Annual,Active,0,2026-08-01
POL0006484,CUST004680,AGT0006,Medical,2023-09-30,2024-09-04,1364.57,173249.63,Annual,Renewed,1,2026-08-01
POL0006485,CUST005974,AGT0047,Home,2025-02-20,2026-03-19,1333.36,343179.63,Monthly,Expired,0,2026-08-01
POL0006486,CUST005845,AGT0070,Motor,2024-12-02,2025-12-02,2382.45,107179.94,Quarterly,Renewed,1,2026-08-01
POL0006487,CUST001514,AGT0057,Motor,2023-03-02,2024-02-20,1585.59,131353.22,Annual,Renewed,1,2026-08-01
POL0006488,CUST000926,AGT0034,Home,2025-04-24,2026-04-16,1462.29,399236.55,Monthly,Cancelled,0,2026-08-01
POL0006489,CUST005022,AGT0031,Medical,2026-06-18,2027-06-09,4629.86,223750.08,Monthly,Active,0,2026-08-01
POL0006490,CUST002730,AGT0038,Home,2026-03-12,2027-04-01,724.68,761243.46,Monthly,Active,0,2026-08-01
POL0006491,CUST000311,AGT0024,Medical,2026-04-27,2027-04-27,2051.86,139248.52,Quarterly,Active,0,2026-08-01
POL0006492,CUST002678,AGT0002,Medical,2024-09-30,2025-10-07,3231.99,324837.13,Annual,Expired,0,2026-08-01
POL0006493,CUST000091,AGT0065,Medical,2025-07-19,2026-07-22,4813.68,299991.41,Annual,Renewed,1,2026-08-01
POL0006494,CUST003466,AGT0043,Medical,2023-11-07,2024-11-08,3917.51,256936.43,Monthly,Renewed,1,2026-08-01
POL0006495,CUST004043,AGT0070,Home,2024-01-06,2024-12-29,575.36,819758.18,Annual,Cancelled,0,2026-08-01
POL0006496,CUST000293,AGT0047,Life,2026-05-01,2027-05-16,3520.63,116331.9,Monthly,Active,0,2026-08-01
POL0006497,CUST000720,AGT0031,Home,2024-01-21,2025-02-15,1169.35,738160.2,Semi-Annual,Expired,0,2026-08-01
POL0006498,CUST005430,AGT0005,Medical,2025-08-02,2026-07-20,2561.58,233518.04,Annual,Expired,0,2026-08-01
POL0006499,CUST002331,AGT0060,Home,2026-02-04,2027-01-21,588.66,755906.42,Monthly,Cancelled,0,2026-08-01
POL0006500,CUST000304,AGT0049,Life,2025-04-02,2026-04-17,5906.97,733070.33,Monthly,Expired,0,2026-08-01
POL0006501,CUST000075,AGT0070,Motor,2023-03-21,2024-02-21,2040.78,49074.53,Semi-Annual,Expired,0,2026-08-01
POL0006502,CUST002397,AGT0020,Medical,2026-05-27,2027-05-21,4300.36,304199.31,Annual,Active,0,2026-08-01
POL0006503,CUST000521,AGT0031,Motor,2023-11-07,2024-12-06,1091.82,175726.49,Quarterly,Renewed,1,2026-08-01
POL0006504,CUST000809,AGT0020,Motor,2026-07-19,2027-07-30,1075.68,37271.19,Annual,Active,0,2026-08-01
POL0006505,CUST001252,AGT0013,Home,2023-08-06,2024-07-15,443.53,805532.98,Semi-Annual,Renewed,1,2026-08-01
POL0006506,CUST004213,AGT0072,Home,2024-03-28,2025-03-20,1282.99,590803.41,Monthly,Expired,0,2026-08-01
POL0006507,CUST003327,AGT0030,Motor,2025-07-25,2026-08-21,2424.92,151530.13,Annual,Active,0,2026-08-01
POL0006508,CUST004653,AGT0001,Motor,2023-03-11,2024-03-09,2336.51,151966.03,Annual,Renewed,1,2026-08-01
POL0006509,CUST001992,AGT0005,Motor,2024-05-13,2025-06-02,1266.5,39643.58,Semi-Annual,Cancelled,0,2026-08-01
POL0006510,CUST000475,AGT0028,Travel,2026-03-23,2026-05-29,325.86,71666.63,Monthly,Expired,0,2026-08-01
POL0006511,CUST003384,AGT0003,Life,2026-04-12,2027-04-28,3983.9,902021.55,Monthly,Active,0,2026-08-01
POL0006512,CUST005797,AGT0072,Life,2024-12-09,2025-12-16,1312.54,1244818.86,Monthly,Renewed,1,2026-08-01
POL0006513,CUST003894,AGT0066,Life,2025-11-15,2026-10-19,5101.05,520160.41,Monthly,Active,0,2026-08-01
POL0006514,CUST001466,AGT0073,Home,2025-11-03,2026-10-18,626.28,870371.8,Monthly,Cancelled,0,2026-08-01
POL0006515,CUST000021,AGT0069,Motor,2026-07-10,2027-06-07,2265.67,26827.62,Semi-Annual,Active,0,2026-08-01
POL0006516,CUST000483,AGT0004,Motor,2024-07-19,2025-07-12,1728.85,111498.38,Quarterly,Renewed,1,2026-08-01
POL0006517,CUST005087,AGT0052,Life,2024-01-26,2025-01-01,2099.52,1008637.72,Monthly,Expired,0,2026-08-01
POL0006518,CUST001749,AGT0069,Home,2026-02-20,2027-02-24,1424.36,552035.52,Annual,Active,0,2026-08-01
POL0006519,CUST000347,AGT0069,Life,2024-09-12,2025-09-03,5888.9,183627.28,Semi-Annual,Renewed,1,2026-08-01
POL0006520,CUST002033,AGT0037,Travel,2025-02-22,2025-03-03,735.61,79021.29,Monthly,Cancelled,0,2026-08-01
POL0006521,CUST005239,AGT0075,Travel,2025-05-12,2025-07-19,143.61,45023.07,Monthly,Expired,0,2026-08-01
POL0006522,CUST002538,AGT0014,Motor,2025-11-13,2026-10-23,1646.3,107047.32,Monthly,Active,0,2026-08-01
POL0006523,CUST005857,AGT0055,Life,2026-06-27,2027-06-17,1500.16,612245.85,Quarterly,Active,0,2026-08-01
POL0006524,CUST003013,AGT0022,Travel,2024-04-27,2024-07-16,817.12,127392.19,Annual,Expired,0,2026-08-01
POL0006525,CUST005422,AGT0073,Motor,2024-03-26,2025-02-21,1640.67,30223.1,Quarterly,Renewed,1,2026-08-01
POL0006526,CUST001209,AGT0072,Life,2026-02-23,2027-03-07,5626.57,697632.76,Monthly,Active,0,2026-08-01
POL0006527,CUST003254,AGT0074,Motor,2024-03-03,2025-01-31,1250.05,157400.07,Semi-Annual,Expired,0,2026-08-01
POL0006528,CUST002860,AGT0006,Travel,2025-04-29,2025-06-12,226.02,105207.65,Monthly,Expired,0,2026-08-01
POL0006529,CUST004618,AGT0022,Motor,2025-03-30,2026-03-25,1666.86,48174.51,Annual,Renewed,1,2026-08-01
POL0006530,CUST000810,AGT0032,Medical,2024-07-27,2025-07-21,3553.64,413602.93,Quarterly,Expired,0,2026-08-01
POL0006531,CUST001037,AGT0076,Life,2025-05-19,2026-04-15,2781.21,569778.09,Semi-Annual,Renewed,1,2026-08-01
POL0006532,CUST001339,AGT0054,Medical,2025-07-30,2026-08-05,2463.18,284888.03,Annual,Active,0,2026-08-01
POL0006533,CUST005623,AGT0079,Motor,2023-09-04,2024-09-17,1547.58,113850.89,Annual,Renewed,1,2026-08-01
POL0006534,CUST005381,AGT0070,Motor,2023-09-02,2024-08-24,818.08,38884.07,Quarterly,Cancelled,0,2026-08-01
POL0006535,CUST000140,AGT0023,Travel,2024-08-16,2024-09-03,249.81,105990.0,Quarterly,Expired,0,2026-08-01
POL0006536,CUST002529,AGT0016,Home,2026-01-30,2027-03-01,1459.9,640887.7,Annual,Active,0,2026-08-01
POL0006537,CUST003309,AGT0051,Life,2024-05-08,2025-05-05,5915.35,988117.32,Monthly,Expired,0,2026-08-01
POL0006538,CUST005352,AGT0063,Motor,2024-09-04,2025-09-12,2125.5,128279.29,Quarterly,Expired,0,2026-08-01
POL0006539,CUST002768,AGT0018,Life,2024-07-04,2025-07-21,2008.89,436460.93,Quarterly,Renewed,1,2026-08-01
POL0006540,CUST004632,AGT0054,Life,2025-10-29,2026-11-01,2022.84,422438.42,Annual,Active,0,2026-08-01
POL0006541,CUST004782,AGT0032,Medical,2023-07-03,2024-07-03,2304.7,161927.92,Monthly,Expired,0,2026-08-01
POL0006542,CUST003073,AGT0063,Motor,2025-02-28,2026-03-10,1185.35,62195.51,Semi-Annual,Expired,0,2026-08-01
POL0006543,CUST004471,AGT0050,Motor,2025-04-27,2026-05-20,840.72,77986.07,Semi-Annual,Renewed,1,2026-08-01
POL0006544,CUST000424,AGT0056,Motor,2023-09-26,2024-10-05,1198.53,60015.9,Annual,Expired,0,2026-08-01
POL0006545,CUST001982,AGT0003,Life,2023-09-03,2024-09-22,4014.92,1454039.01,Annual,Expired,0,2026-08-01
POL0006546,CUST005121,AGT0068,Medical,2025-07-12,2026-06-25,3553.34,87626.12,Quarterly,Renewed,1,2026-08-01
POL0006547,CUST000982,AGT0052,Medical,2023-02-03,2024-01-10,1376.27,431845.22,Monthly,Renewed,1,2026-08-01
POL0006548,CUST003062,AGT0017,Medical,2023-10-08,2024-09-08,2577.67,210549.88,Annual,Expired,0,2026-08-01
POL0006549,CUST004766,AGT0039,Life,2024-10-10,2025-09-06,3384.67,950560.04,Monthly,Cancelled,0,2026-08-01
POL0006550,CUST003096,AGT0023,Life,2023-01-05,2023-12-30,1971.57,543595.7,Annual,Renewed,1,2026-08-01
POL0006551,CUST005865,AGT0010,Medical,2023-02-20,2024-03-13,4980.93,455919.19,Quarterly,Expired,0,2026-08-01
POL0006552,CUST005124,AGT0039,Motor,2025-04-03,2026-03-03,2588.64,30598.2,Monthly,Renewed,1,2026-08-01
POL0006553,CUST000588,AGT0055,Motor,2025-05-20,2026-05-28,1003.76,62287.71,Monthly,Renewed,1,2026-08-01
POL0006554,CUST003177,AGT0063,Life,2026-06-01,2027-06-18,2784.56,1445400.28,Monthly,Active,0,2026-08-01
POL0006555,CUST004398,AGT0076,Medical,2025-02-15,2026-03-12,1048.91,211036.05,Monthly,Expired,0,2026-08-01
POL0006556,CUST004491,AGT0051,Medical,2023-05-30,2024-06-16,4315.64,163174.91,Monthly,Renewed,1,2026-08-01
POL0006557,CUST003095,AGT0001,Medical,2025-01-10,2025-12-11,2760.0,183552.38,Monthly,Expired,0,2026-08-01
POL0006558,CUST002410,AGT0032,Motor,2023-02-02,2024-01-07,2566.94,38388.84,Annual,Renewed,1,2026-08-01
POL0006559,CUST001872,AGT0036,Motor,2023-05-05,2024-06-03,1691.66,74345.52,Quarterly,Renewed,1,2026-08-01
POL0006560,CUST002134,AGT0079,Life,2023-10-11,2024-09-11,1596.32,545770.0,Monthly,Renewed,1,2026-08-01
POL0006561,CUST000087,AGT0011,Medical,2023-06-11,2024-07-09,4446.38,175532.27,Monthly,Renewed,1,2026-08-01
POL0006562,CUST005156,AGT0071,Life,2026-06-26,2027-07-23,5745.34,213964.17,Semi-Annual,Active,0,2026-08-01
POL0006563,CUST004345,AGT0017,Motor,2025-05-19,2026-05-01,1162.38,115119.04,Semi-Annual,Cancelled,0,2026-08-01
POL0006564,CUST001723,AGT0054,Travel,2025-02-04,2025-05-02,203.52,109270.41,Annual,Renewed,1,2026-08-01
POL0006565,CUST000793,AGT0040,Medical,2023-02-12,2024-01-11,4920.2,366165.78,Semi-Annual,Expired,0,2026-08-01
POL0006566,CUST003143,AGT0078,Life,2023-07-02,2024-06-04,6973.71,326030.02,Semi-Annual,Renewed,1,2026-08-01
POL0006567,CUST005105,AGT0024,Medical,2023-06-01,2024-05-20,4008.42,341252.24,Annual,Expired,0,2026-08-01
POL0006568,CUST005969,AGT0039,Medical,2025-03-24,2026-03-04,1717.96,450139.19,Monthly,Renewed,1,2026-08-01
POL0006569,CUST001588,AGT0052,Travel,2025-09-25,2025-11-30,216.24,147143.7,Semi-Annual,Renewed,1,2026-08-01
POL0006570,CUST002630,AGT0015,Motor,2025-03-09,2026-02-19,1999.27,163050.29,Monthly,Expired,0,2026-08-01
POL0006571,CUST003555,AGT0022,Motor,2023-08-07,2024-07-19,954.22,41932.11,Monthly,Expired,0,2026-08-01
POL0006572,CUST003568,AGT0061,Motor,2023-12-09,2024-11-26,1158.67,172607.01,Annual,Expired,0,2026-08-01
POL0006573,CUST001706,AGT0063,Home,2024-10-09,2025-09-07,312.97,345728.3,Annual,Renewed,1,2026-08-01
POL0006574,CUST004896,AGT0054,Home,2024-07-30,2025-08-09,1111.5,104413.48,Monthly,Expired,0,2026-08-01
POL0006575,CUST004214,AGT0015,Life,2023-05-09,2024-05-30,4774.66,609955.88,Quarterly,Cancelled,0,2026-08-01
POL0006576,CUST004988,AGT0018,Medical,2024-07-15,2025-07-06,5069.72,188272.74,Annual,Renewed,1,2026-08-01
POL0006577,CUST000703,AGT0073,Motor,2023-11-04,2024-10-12,972.37,128167.08,Annual,Renewed,1,2026-08-01
POL0006578,CUST004053,AGT0073,Travel,2023-09-13,2023-11-15,783.95,147903.2,Semi-Annual,Expired,0,2026-08-01
POL0006579,CUST002059,AGT0033,Motor,2026-02-23,2027-03-17,1349.15,136318.58,Annual,Active,0,2026-08-01
POL0006580,CUST004580,AGT0045,Motor,2023-06-11,2024-06-05,2386.56,128456.02,Monthly,Expired,0,2026-08-01
POL0006581,CUST003054,AGT0005,Travel,2025-09-11,2025-10-25,595.53,42024.52,Monthly,Renewed,1,2026-08-01
POL0006582,CUST003112,AGT0053,Motor,2023-03-10,2024-03-23,1394.15,135136.15,Annual,Renewed,1,2026-08-01
POL0006583,CUST003513,AGT0008,Travel,2023-09-04,2023-11-15,758.68,55357.9,Monthly,Expired,0,2026-08-01
POL0006584,CUST001332,AGT0007,Travel,2026-03-02,2026-04-19,530.91,56251.03,Quarterly,Renewed,1,2026-08-01
POL0006585,CUST003478,AGT0043,Travel,2023-10-08,2023-11-27,576.54,76303.41,Monthly,Renewed,1,2026-08-01
POL0006586,CUST005287,AGT0068,Life,2023-03-19,2024-04-08,6371.33,1350530.35,Monthly,Expired,0,2026-08-01
POL0006587,CUST000477,AGT0073,Medical,2024-09-11,2025-08-13,2908.36,147666.78,Monthly,Renewed,1,2026-08-01
POL0006588,CUST001002,AGT0035,Life,2023-11-16,2024-10-27,1853.07,1349183.87,Quarterly,Expired,0,2026-08-01
POL0006589,CUST000203,AGT0042,Travel,2025-04-06,2025-04-17,123.83,84523.64,Semi-Annual,Renewed,1,2026-08-01
POL0006590,CUST002896,AGT0044,Life,2024-12-26,2026-01-13,3074.68,196478.81,Monthly,Renewed,1,2026-08-01
POL0006591,CUST001424,AGT0037,Travel,2025-01-31,2025-04-19,737.45,107563.82,Quarterly,Renewed,1,2026-08-01
POL0006592,CUST003544,AGT0058,Home,2023-02-22,2024-03-15,1725.0,630427.85,Annual,Renewed,1,2026-08-01
POL0006593,CUST000227,AGT0062,Life,2024-01-08,2024-12-23,4469.34,1452116.33,Quarterly,Expired,0,2026-08-01
POL0006594,CUST000644,AGT0038,Home,2023-02-21,2024-01-30,1155.58,342228.97,Monthly,Expired,0,2026-08-01
POL0006595,CUST001324,AGT0019,Motor,2026-05-22,2027-05-13,1245.0,35786.1,Monthly,Active,0,2026-08-01
POL0006596,CUST003947,AGT0068,Home,2023-05-03,2024-05-06,1624.45,443943.85,Monthly,Renewed,1,2026-08-01
POL0006597,CUST000356,AGT0055,Home,2025-12-27,2026-12-31,885.93,310881.58,Semi-Annual,Active,0,2026-08-01
POL0006598,CUST003157,AGT0033,Motor,2026-02-15,2027-01-28,1668.23,107541.11,Annual,Active,0,2026-08-01
POL0006599,CUST003165,AGT0018,Life,2025-05-01,2026-05-07,6768.32,895901.74,Annual,Expired,0,2026-08-01
POL0006600,CUST001906,AGT0033,Medical,2025-11-22,2026-10-19,4346.03,204240.49,Monthly,Active,0,2026-08-01
POL0006601,CUST000628,AGT0068,Travel,2026-04-01,2026-05-06,663.46,143919.84,Annual,Expired,0,2026-08-01
POL0006602,CUST004279,AGT0027,Motor,2026-03-20,2027-03-01,1612.31,47789.4,Quarterly,Active,0,2026-08-01
POL0006603,CUST002492,AGT0071,Medical,2024-01-20,2025-02-15,1606.7,147681.43,Annual,Cancelled,0,2026-08-01
POL0006604,CUST003588,AGT0020,Medical,2025-09-27,2026-10-08,2464.8,223322.45,Monthly,Active,0,2026-08-01
POL0006605,CUST004618,AGT0016,Medical,2024-01-27,2024-12-25,2818.44,292693.36,Quarterly,Expired,0,2026-08-01
POL0006606,CUST000076,AGT0006,Home,2023-06-18,2024-05-17,1496.31,519500.14,Annual,Renewed,1,2026-08-01
POL0006607,CUST004635,AGT0012,Medical,2024-02-08,2025-02-27,4230.79,367591.75,Monthly,Renewed,1,2026-08-01
POL0006608,CUST000521,AGT0021,Medical,2026-05-18,2027-05-16,4864.91,89040.88,Monthly,Active,0,2026-08-01
POL0006609,CUST003374,AGT0058,Travel,2023-07-29,2023-09-23,116.79,142708.92,Annual,Cancelled,0,2026-08-01
POL0006610,CUST000542,AGT0043,Motor,2025-01-31,2026-01-16,1594.53,28816.45,Annual,Renewed,1,2026-08-01
POL0006611,CUST000185,AGT0053,Motor,2023-07-02,2024-06-15,2294.67,121944.01,Monthly,Expired,0,2026-08-01
POL0006612,CUST002480,AGT0008,Motor,2024-09-09,2025-08-15,1641.52,104076.96,Monthly,Renewed,1,2026-08-01
POL0006613,CUST003221,AGT0050,Home,2026-04-03,2027-04-07,647.37,283381.68,Annual,Active,0,2026-08-01
POL0006614,CUST001865,AGT0052,Travel,2026-05-27,2026-06-29,690.28,69091.31,Monthly,Cancelled,0,2026-08-01
POL0006615,CUST001516,AGT0041,Life,2026-01-26,2027-01-27,1493.14,787084.59,Monthly,Active,0,2026-08-01
POL0006616,CUST001086,AGT0052,Medical,2025-12-27,2027-01-22,2520.14,74406.23,Monthly,Active,0,2026-08-01
POL0006617,CUST003411,AGT0011,Medical,2024-12-18,2025-12-27,3883.24,212436.22,Monthly,Renewed,1,2026-08-01
POL0006618,CUST002401,AGT0040,Life,2023-02-16,2024-03-13,2129.63,683049.48,Monthly,Expired,0,2026-08-01
POL0006619,CUST005451,AGT0058,Medical,2025-05-13,2026-05-26,4523.22,271445.35,Monthly,Renewed,1,2026-08-01
POL0006620,CUST002610,AGT0012,Motor,2024-08-09,2025-07-13,1515.14,97216.06,Monthly,Renewed,1,2026-08-01
POL0006621,CUST003594,AGT0013,Motor,2023-11-08,2024-11-05,1485.82,175864.44,Quarterly,Cancelled,0,2026-08-01
POL0006622,CUST005744,AGT0060,Home,2025-07-09,2026-08-07,1723.69,803713.69,Monthly,Active,0,2026-08-01
POL0006623,CUST005644,AGT0044,Life,2023-01-30,2024-02-11,2051.44,1082002.91,Monthly,Renewed,1,2026-08-01
POL0006624,CUST002992,AGT0018,Motor,2023-07-20,2024-06-21,1585.46,176267.37,Quarterly,Cancelled,0,2026-08-01
POL0006625,CUST001252,AGT0028,Home,2024-07-31,2025-07-09,1066.81,349504.16,Monthly,Renewed,1,2026-08-01
POL0006626,CUST002373,AGT0071,Medical,2023-08-28,2024-07-28,1406.7,186403.42,Monthly,Expired,0,2026-08-01
POL0006627,CUST001610,AGT0027,Life,2025-05-25,2026-06-04,3030.62,750126.91,Monthly,Expired,0,2026-08-01
POL0006628,CUST002922,AGT0029,Motor,2025-11-10,2026-11-03,1758.41,128986.05,Annual,Cancelled,0,2026-08-01
POL0006629,CUST000893,AGT0067,Home,2025-06-07,2026-05-31,1683.27,659083.13,Monthly,Renewed,1,2026-08-01
POL0006630,CUST002417,AGT0017,Motor,2023-06-17,2024-07-15,1645.92,124393.27,Quarterly,Renewed,1,2026-08-01
POL0006631,CUST000470,AGT0037,Home,2025-02-28,2026-03-27,1137.97,237831.21,Quarterly,Expired,0,2026-08-01
POL0006632,CUST005842,AGT0025,Life,2026-05-11,2027-04-12,5116.14,405118.22,Monthly,Active,0,2026-08-01
POL0006633,CUST000064,AGT0040,Motor,2026-04-24,2027-05-15,1062.33,70086.2,Annual,Active,0,2026-08-01
POL0006634,CUST005333,AGT0022,Motor,2023-08-02,2024-08-27,1064.82,89523.99,Annual,Renewed,1,2026-08-01
POL0006635,CUST005568,AGT0072,Travel,2023-10-01,2023-10-18,437.87,67298.48,Quarterly,Expired,0,2026-08-01
POL0006636,CUST005760,AGT0011,Motor,2023-08-18,2024-09-11,1923.61,126704.55,Annual,Expired,0,2026-08-01
POL0006637,CUST002711,AGT0045,Motor,2023-12-11,2024-12-25,1371.39,126837.86,Monthly,Expired,0,2026-08-01
POL0006638,CUST004640,AGT0051,Life,2026-03-31,2027-03-14,1671.55,546158.88,Annual,Active,0,2026-08-01
POL0006639,CUST005634,AGT0065,Motor,2023-04-15,2024-04-18,2159.77,139233.68,Quarterly,Expired,0,2026-08-01
POL0006640,CUST005028,AGT0008,Medical,2024-12-31,2025-11-28,3937.46,215428.12,Quarterly,Renewed,1,2026-08-01
POL0006641,CUST005185,AGT0070,Life,2026-05-08,2027-05-20,6468.33,148423.07,Annual,Active,0,2026-08-01
POL0006642,CUST002939,AGT0020,Motor,2025-12-14,2026-12-01,2225.02,124523.49,Annual,Cancelled,0,2026-08-01
POL0006643,CUST004464,AGT0056,Medical,2024-08-17,2025-07-30,4110.62,404861.96,Monthly,Expired,0,2026-08-01
POL0006644,CUST001266,AGT0005,Motor,2024-11-30,2025-12-17,1741.17,128480.8,Monthly,Expired,0,2026-08-01
POL0006645,CUST005508,AGT0012,Home,2024-06-09,2025-06-26,1706.87,234327.37,Monthly,Expired,0,2026-08-01
POL0006646,CUST002847,AGT0043,Motor,2025-05-22,2026-05-10,2038.79,88893.23,Quarterly,Expired,0,2026-08-01
POL0006647,CUST001585,AGT0010,Life,2026-07-12,2027-06-16,1847.38,1219965.06,Semi-Annual,Active,0,2026-08-01
POL0006648,CUST001781,AGT0036,Life,2025-01-31,2026-02-13,5709.86,202755.34,Annual,Expired,0,2026-08-01
POL0006649,CUST005139,AGT0035,Travel,2024-07-13,2024-07-29,237.73,142715.76,Annual,Renewed,1,2026-08-01
POL0006650,CUST001151,AGT0038,Medical,2026-03-25,2027-04-16,4391.8,68010.81,Quarterly,Active,0,2026-08-01
POL0006651,CUST004080,AGT0006,Motor,2024-03-13,2025-03-06,2582.29,49924.56,Monthly,Renewed,1,2026-08-01
POL0006652,CUST001659,AGT0059,Medical,2023-03-25,2024-03-23,1546.6,325922.52,Annual,Cancelled,0,2026-08-01
POL0006653,CUST003598,AGT0025,Life,2023-09-30,2024-09-01,1666.52,762810.36,Annual,Expired,0,2026-08-01
POL0006654,CUST003218,AGT0058,Life,2025-05-04,2026-04-20,5728.29,940642.3,Monthly,Cancelled,0,2026-08-01
POL0006655,CUST003712,AGT0017,Motor,2024-07-28,2025-08-08,2237.24,92490.54,Semi-Annual,Renewed,1,2026-08-01
POL0006656,CUST001361,AGT0017,Life,2026-03-13,2027-03-28,5109.31,1266689.58,Annual,Active,0,2026-08-01
POL0006657,CUST005437,AGT0004,Motor,2025-06-15,2026-06-05,1637.96,174421.46,Monthly,Renewed,1,2026-08-01
POL0006658,CUST005312,AGT0069,Medical,2025-01-20,2026-02-14,4603.31,396832.28,Quarterly,Expired,0,2026-08-01
POL0006659,CUST005574,AGT0032,Medical,2026-04-09,2027-03-21,3782.82,317722.31,Monthly,Active,0,2026-08-01
POL0006660,CUST002983,AGT0011,Motor,2025-08-30,2026-09-10,2355.51,80719.0,Monthly,Active,0,2026-08-01
POL0006661,CUST001062,AGT0020,Home,2023-09-07,2024-09-15,801.87,598659.68,Monthly,Expired,0,2026-08-01
POL0006662,CUST003327,AGT0011,Life,2025-07-15,2026-07-19,3178.93,1211397.73,Annual,Renewed,1,2026-08-01
POL0006663,CUST000485,AGT0009,Motor,2025-06-23,2026-06-10,1898.41,146011.71,Semi-Annual,Cancelled,0,2026-08-01
POL0006664,CUST004236,AGT0006,Motor,2026-05-09,2027-05-20,2037.58,21308.73,Annual,Cancelled,0,2026-08-01
POL0006665,CUST001636,AGT0059,Travel,2023-01-09,2023-01-16,165.67,110951.25,Annual,Renewed,1,2026-08-01
POL0006666,CUST001188,AGT0047,Travel,2023-07-31,2023-09-19,185.47,46338.84,Quarterly,Expired,0,2026-08-01
POL0006667,CUST004862,AGT0074,Motor,2025-11-12,2026-11-16,2299.22,105298.62,Quarterly,Active,0,2026-08-01
POL0006668,CUST003956,AGT0078,Motor,2026-06-11,2027-06-03,1833.7,139272.97,Annual,Active,0,2026-08-01
POL0006669,CUST000583,AGT0050,Life,2024-01-02,2024-12-20,2528.29,1440902.12,Monthly,Expired,0,2026-08-01
POL0006670,CUST005239,AGT0044,Medical,2026-06-07,2027-05-11,2400.01,66210.81,Monthly,Active,0,2026-08-01
POL0006671,CUST003971,AGT0075,Medical,2023-02-21,2024-01-20,4433.66,197465.98,Annual,Renewed,1,2026-08-01
POL0006672,CUST001619,AGT0076,Medical,2025-07-07,2026-06-22,1889.71,77696.73,Semi-Annual,Expired,0,2026-08-01
POL0006673,CUST002396,AGT0014,Medical,2024-05-30,2025-05-09,3540.98,396932.79,Annual,Renewed,1,2026-08-01
POL0006674,CUST002748,AGT0048,Motor,2025-04-17,2026-04-27,1715.36,47547.47,Annual,Renewed,1,2026-08-01
POL0006675,CUST005474,AGT0062,Medical,2026-03-12,2027-03-06,5012.69,105938.61,Monthly,Active,0,2026-08-01
POL0006676,CUST003324,AGT0070,Motor,2025-01-15,2025-12-21,2171.85,35441.13,Monthly,Renewed,1,2026-08-01
POL0006677,CUST004921,AGT0033,Motor,2023-11-01,2024-11-02,2089.76,133637.55,Monthly,Cancelled,0,2026-08-01
POL0006678,CUST000191,AGT0051,Home,2026-05-31,2027-06-06,1429.44,153912.88,Monthly,Active,0,2026-08-01
POL0006679,CUST003047,AGT0040,Motor,2024-01-11,2025-01-07,2505.04,91723.04,Quarterly,Cancelled,0,2026-08-01
POL0006680,CUST000511,AGT0051,Motor,2024-10-17,2025-10-25,1261.28,45632.83,Monthly,Cancelled,0,2026-08-01
POL0006681,CUST002285,AGT0054,Travel,2023-08-08,2023-09-14,87.29,102063.99,Annual,Renewed,1,2026-08-01
POL0006682,CUST003304,AGT0047,Home,2026-02-17,2027-02-21,734.84,198281.14,Annual,Active,0,2026-08-01
POL0006683,CUST005008,AGT0063,Travel,2026-07-06,2026-08-24,780.63,50294.03,Monthly,Active,0,2026-08-01
POL0006684,CUST001666,AGT0006,Motor,2024-05-15,2025-05-21,2058.33,157134.86,Quarterly,Expired,0,2026-08-01
POL0006685,CUST001467,AGT0005,Life,2024-07-19,2025-08-10,2104.07,123426.3,Annual,Renewed,1,2026-08-01
POL0006686,CUST005108,AGT0067,Life,2024-08-30,2025-09-06,3170.39,148606.2,Monthly,Expired,0,2026-08-01
POL0006687,CUST003261,AGT0032,Travel,2026-05-23,2026-07-24,534.82,115418.54,Annual,Expired,0,2026-08-01
POL0006688,CUST004361,AGT0031,Motor,2025-03-09,2026-02-09,1093.35,53889.65,Monthly,Renewed,1,2026-08-01
POL0006689,CUST005590,AGT0062,Medical,2023-05-01,2024-05-09,3514.86,154375.66,Monthly,Expired,0,2026-08-01
POL0006690,CUST000283,AGT0044,Motor,2025-09-12,2026-09-28,933.3,21241.73,Quarterly,Active,0,2026-08-01
POL0006691,CUST003623,AGT0043,Life,2024-08-09,2025-08-09,5415.69,815122.24,Annual,Expired,0,2026-08-01
POL0006692,CUST000453,AGT0075,Medical,2023-03-30,2024-04-04,2261.9,228246.09,Monthly,Renewed,1,2026-08-01
POL0006693,CUST005581,AGT0028,Medical,2024-09-11,2025-08-14,2794.93,425013.42,Annual,Renewed,1,2026-08-01
POL0006694,CUST002643,AGT0022,Life,2023-03-25,2024-04-21,1281.23,245205.68,Quarterly,Expired,0,2026-08-01
POL0006695,CUST002653,AGT0004,Travel,2023-12-01,2023-12-25,569.29,149770.73,Monthly,Renewed,1,2026-08-01
POL0006696,CUST001142,AGT0076,Home,2025-08-22,2026-09-14,1328.93,125438.7,Monthly,Active,0,2026-08-01
POL0006697,CUST003776,AGT0001,Life,2024-10-12,2025-10-21,6267.87,408612.05,Monthly,Renewed,1,2026-08-01
POL0006698,CUST003256,AGT0034,Motor,2024-07-24,2025-08-05,2109.64,42387.73,Monthly,Expired,0,2026-08-01
POL0006699,CUST005643,AGT0035,Travel,2024-04-03,2024-04-22,594.36,120964.66,Annual,Expired,0,2026-08-01
POL0006700,CUST000022,AGT0075,Motor,2026-02-23,2027-02-05,1557.57,65393.75,Quarterly,Active,0,2026-08-01
POL0006701,CUST004424,AGT0039,Motor,2023-11-19,2024-11-04,930.67,23723.78,Monthly,Renewed,1,2026-08-01
POL0006702,CUST005740,AGT0001,Medical,2026-05-17,2027-04-29,3707.25,288753.97,Monthly,Active,0,2026-08-01
POL0006703,CUST005434,AGT0019,Life,2024-04-22,2025-05-03,1327.75,434147.86,Semi-Annual,Renewed,1,2026-08-01
POL0006704,CUST003750,AGT0041,Motor,2024-05-26,2025-05-01,1984.47,119122.15,Monthly,Expired,0,2026-08-01
POL0006705,CUST004993,AGT0064,Motor,2025-04-10,2026-04-23,934.65,91475.89,Annual,Expired,0,2026-08-01
POL0006706,CUST000251,AGT0005,Motor,2025-09-27,2026-09-01,906.98,33715.11,Monthly,Active,0,2026-08-01
POL0006707,CUST000467,AGT0058,Life,2024-09-03,2025-09-03,4489.63,1360263.35,Semi-Annual,Renewed,1,2026-08-01
POL0006708,CUST004189,AGT0014,Life,2025-04-12,2026-03-27,6536.97,417396.55,Monthly,Expired,0,2026-08-01
POL0006709,CUST001551,AGT0016,Medical,2024-06-18,2025-07-01,4037.61,53561.84,Monthly,Cancelled,0,2026-08-01
POL0006710,CUST004258,AGT0012,Medical,2025-10-11,2026-09-24,3941.84,312097.21,Annual,Cancelled,0,2026-08-01
POL0006711,CUST004449,AGT0016,Travel,2026-01-20,2026-02-28,687.72,127586.46,Semi-Annual,Expired,0,2026-08-01
POL0006712,CUST004009,AGT0050,Medical,2026-02-05,2027-02-27,2934.58,271739.85,Quarterly,Active,0,2026-08-01
POL0006713,CUST005341,AGT0070,Medical,2025-04-22,2026-04-20,4065.02,432261.3,Monthly,Cancelled,0,2026-08-01
POL0006714,CUST001302,AGT0006,Life,2023-12-31,2024-11-26,3973.62,203102.48,Monthly,Renewed,1,2026-08-01
POL0006715,CUST004814,AGT0074,Life,2025-04-12,2026-04-22,6708.34,499360.97,Monthly,Expired,0,2026-08-01
POL0006716,CUST004806,AGT0018,Travel,2025-03-26,2025-04-28,622.74,103429.08,Quarterly,Renewed,1,2026-08-01
POL0006717,CUST001879,AGT0079,Motor,2023-10-18,2024-09-12,1343.4,143703.68,Monthly,Renewed,1,2026-08-01
POL0006718,CUST001216,AGT0065,Travel,2026-01-21,2026-03-21,348.49,30190.56,Monthly,Renewed,1,2026-08-01
POL0006719,CUST003727,AGT0055,Medical,2025-09-07,2026-08-04,3685.45,325359.35,Monthly,Active,0,2026-08-01
POL0006720,CUST005329,AGT0040,Home,2024-07-31,2025-07-12,1012.47,711086.08,Annual,Expired,0,2026-08-01
POL0006721,CUST003969,AGT0075,Medical,2023-02-18,2024-02-22,1654.08,106958.68,Semi-Annual,Expired,0,2026-08-01
POL0006722,CUST000710,AGT0038,Medical,2025-07-31,2026-07-26,3660.36,116406.61,Quarterly,Renewed,1,2026-08-01
POL0006723,CUST002624,AGT0012,Motor,2023-10-07,2024-10-12,1913.62,101205.33,Quarterly,Expired,0,2026-08-01
POL0006724,CUST002372,AGT0027,Medical,2025-09-07,2026-08-30,1070.21,244666.89,Monthly,Active,0,2026-08-01
POL0006725,CUST003527,AGT0013,Medical,2024-06-23,2025-06-07,2603.82,241389.51,Monthly,Expired,0,2026-08-01
POL0006726,CUST003509,AGT0022,Travel,2025-07-23,2025-08-25,638.73,132777.97,Semi-Annual,Expired,0,2026-08-01
POL0006727,CUST005916,AGT0004,Travel,2026-03-08,2026-05-15,202.8,28522.39,Annual,Renewed,1,2026-08-01
POL0006728,CUST005052,AGT0038,Medical,2023-04-29,2024-04-28,4579.54,381078.92,Annual,Cancelled,0,2026-08-01
POL0006729,CUST003269,AGT0044,Travel,2023-02-06,2023-03-30,508.38,126339.8,Semi-Annual,Renewed,1,2026-08-01
POL0006730,CUST000852,AGT0041,Travel,2025-05-31,2025-08-09,381.45,69977.1,Annual,Renewed,1,2026-08-01
POL0006731,CUST001167,AGT0018,Home,2024-08-04,2025-08-19,1780.3,648038.09,Quarterly,Renewed,1,2026-08-01
POL0006732,CUST001028,AGT0022,Medical,2025-07-01,2026-07-20,3678.93,314103.6,Monthly,Renewed,1,2026-08-01
POL0006733,CUST003025,AGT0046,Motor,2023-06-06,2024-05-24,2466.43,62383.27,Semi-Annual,Cancelled,0,2026-08-01
POL0006734,CUST000923,AGT0027,Home,2026-02-09,2027-03-10,1798.64,499765.04,Annual,Cancelled,0,2026-08-01
POL0006735,CUST001055,AGT0001,Life,2023-10-28,2024-10-29,3862.91,180975.32,Monthly,Renewed,1,2026-08-01
POL0006736,CUST000904,AGT0058,Medical,2023-06-23,2024-06-23,2519.11,414344.75,Annual,Renewed,1,2026-08-01
POL0006737,CUST004130,AGT0043,Medical,2024-06-13,2025-07-12,4646.42,75163.6,Quarterly,Expired,0,2026-08-01
POL0006738,CUST001691,AGT0016,Motor,2025-12-05,2026-12-10,818.54,66607.16,Semi-Annual,Active,0,2026-08-01
POL0006739,CUST005412,AGT0072,Motor,2023-05-09,2024-05-07,1632.5,85520.82,Quarterly,Expired,0,2026-08-01
POL0006740,CUST002964,AGT0021,Motor,2024-10-16,2025-09-19,1959.29,99921.6,Quarterly,Expired,0,2026-08-01
POL0006741,CUST004056,AGT0059,Medical,2025-12-20,2026-12-19,4403.78,289846.2,Annual,Active,0,2026-08-01
POL0006742,CUST003171,AGT0004,Medical,2024-11-06,2025-10-23,3877.52,321560.77,Monthly,Renewed,1,2026-08-01
POL0006743,CUST005266,AGT0030,Medical,2023-04-19,2024-03-20,1084.51,462520.39,Annual,Expired,0,2026-08-01
POL0006744,CUST000770,AGT0020,Motor,2023-09-21,2024-09-20,2014.92,96408.84,Monthly,Renewed,1,2026-08-01
POL0006745,CUST004367,AGT0006,Motor,2025-02-04,2026-01-02,1975.22,124382.79,Quarterly,Expired,0,2026-08-01
POL0006746,CUST003470,AGT0035,Medical,2025-04-29,2026-05-25,1038.75,90139.58,Semi-Annual,Renewed,1,2026-08-01
POL0006747,CUST002625,AGT0020,Motor,2023-08-02,2024-08-26,1338.31,154652.18,Annual,Expired,0,2026-08-01
POL0006748,CUST004192,AGT0021,Travel,2024-05-25,2024-08-03,431.15,63928.33,Monthly,Expired,0,2026-08-01
POL0006749,CUST003230,AGT0041,Medical,2023-05-20,2024-06-10,3657.11,315930.07,Quarterly,Renewed,1,2026-08-01
POL0006750,CUST003761,AGT0070,Medical,2025-01-20,2026-02-08,3857.85,491364.3,Monthly,Renewed,1,2026-08-01
POL0006751,CUST003196,AGT0021,Medical,2024-08-27,2025-09-14,3283.1,390893.26,Quarterly,Expired,0,2026-08-01
POL0006752,CUST000724,AGT0013,Life,2025-05-04,2026-04-07,6960.03,667316.55,Annual,Cancelled,0,2026-08-01
POL0006753,CUST002355,AGT0063,Motor,2024-03-27,2025-04-26,2034.67,92225.24,Monthly,Renewed,1,2026-08-01
POL0006754,CUST005824,AGT0034,Life,2026-07-13,2027-06-23,2158.45,303975.15,Semi-Annual,Active,0,2026-08-01
POL0006755,CUST000558,AGT0075,Motor,2023-03-01,2024-01-31,2111.26,121015.99,Annual,Renewed,1,2026-08-01
POL0006756,CUST001382,AGT0057,Medical,2023-11-13,2024-12-04,1901.71,298787.99,Quarterly,Renewed,1,2026-08-01
POL0006757,CUST004211,AGT0015,Medical,2023-03-26,2024-04-09,1706.09,316769.83,Annual,Expired,0,2026-08-01
POL0006758,CUST000899,AGT0062,Life,2026-01-23,2027-01-27,4857.51,474609.52,Monthly,Active,0,2026-08-01
POL0006759,CUST000283,AGT0001,Life,2024-01-27,2024-12-29,4184.65,1094548.45,Annual,Renewed,1,2026-08-01
POL0006760,CUST004592,AGT0037,Travel,2023-02-09,2023-05-05,807.79,58807.81,Annual,Renewed,1,2026-08-01
POL0006761,CUST001225,AGT0007,Medical,2025-10-20,2026-10-26,3448.73,251200.22,Annual,Active,0,2026-08-01
POL0006762,CUST001323,AGT0062,Motor,2026-03-12,2027-03-23,1739.19,43884.36,Quarterly,Active,0,2026-08-01
POL0006763,CUST002724,AGT0065,Life,2026-01-17,2027-01-29,1990.83,1101117.44,Monthly,Active,0,2026-08-01
POL0006764,CUST005071,AGT0076,Medical,2023-10-01,2024-09-11,4618.38,129097.45,Monthly,Cancelled,0,2026-08-01
POL0006765,CUST005923,AGT0005,Life,2023-03-28,2024-04-06,3038.59,922204.33,Quarterly,Cancelled,0,2026-08-01
POL0006766,CUST001574,AGT0068,Medical,2024-01-17,2024-12-19,2750.5,421435.47,Monthly,Renewed,1,2026-08-01
POL0006767,CUST001842,AGT0060,Medical,2023-08-13,2024-07-25,3111.76,315479.03,Semi-Annual,Renewed,1,2026-08-01
POL0006768,CUST003101,AGT0069,Life,2025-09-29,2026-08-26,6747.68,946910.82,Monthly,Active,0,2026-08-01
POL0006769,CUST004769,AGT0033,Medical,2024-03-19,2025-04-11,2085.92,445910.32,Monthly,Renewed,1,2026-08-01
POL0006770,CUST000411,AGT0053,Travel,2024-08-08,2024-11-06,600.99,149650.13,Annual,Renewed,1,2026-08-01
POL0006771,CUST002517,AGT0035,Life,2025-04-29,2026-05-01,5292.33,373049.33,Annual,Renewed,1,2026-08-01
POL0006772,CUST000623,AGT0055,Medical,2024-08-02,2025-06-28,1104.78,264359.2,Monthly,Renewed,1,2026-08-01
POL0006773,CUST001330,AGT0059,Motor,2024-01-08,2025-02-01,1506.31,78001.17,Semi-Annual,Expired,0,2026-08-01
POL0006774,CUST003767,AGT0024,Motor,2023-10-11,2024-10-01,873.44,31166.62,Annual,Renewed,1,2026-08-01
POL0006775,CUST000160,AGT0026,Motor,2023-10-17,2024-10-10,1061.15,78698.15,Monthly,Renewed,1,2026-08-01
POL0006776,CUST005175,AGT0079,Motor,2023-06-18,2024-06-05,939.66,131920.92,Quarterly,Renewed,1,2026-08-01
POL0006777,CUST000531,AGT0065,Motor,2025-02-07,2026-01-25,1255.17,156229.14,Monthly,Renewed,1,2026-08-01
POL0006778,CUST004937,AGT0005,Life,2023-10-26,2024-10-10,5222.47,1251240.02,Monthly,Renewed,1,2026-08-01
POL0006779,CUST002501,AGT0008,Medical,2025-06-09,2026-07-03,1622.52,59091.34,Quarterly,Renewed,1,2026-08-01
POL0006780,CUST003383,AGT0064,Motor,2024-04-16,2025-03-17,1510.96,83200.87,Quarterly,Expired,0,2026-08-01
POL0006781,CUST002402,AGT0058,Medical,2024-09-29,2025-10-17,3406.07,476877.58,Annual,Renewed,1,2026-08-01
POL0006782,CUST002210,AGT0018,Travel,2026-01-05,2026-03-08,221.53,91935.38,Monthly,Renewed,1,2026-08-01
POL0006783,CUST003759,AGT0073,Medical,2025-05-23,2026-04-23,2085.51,491089.97,Quarterly,Cancelled,0,2026-08-01
POL0006784,CUST001901,AGT0002,Home,2024-01-16,2025-02-06,1133.59,362242.67,Annual,Renewed,1,2026-08-01
POL0006785,CUST000374,AGT0014,Travel,2023-01-06,2023-03-07,612.78,71978.86,Annual,Renewed,1,2026-08-01
POL0006786,CUST000068,AGT0045,Travel,2025-08-09,2025-10-22,435.86,79231.01,Monthly,Renewed,1,2026-08-01
POL0006787,CUST001704,AGT0045,Life,2024-03-04,2025-02-01,3306.22,1294261.76,Annual,Renewed,1,2026-08-01
POL0006788,CUST001316,AGT0018,Travel,2023-04-09,2023-05-25,731.29,57707.28,Semi-Annual,Renewed,1,2026-08-01
POL0006789,CUST000141,AGT0052,Medical,2025-03-07,2026-03-29,4499.74,246792.5,Semi-Annual,Renewed,1,2026-08-01
POL0006790,CUST000599,AGT0068,Life,2025-11-20,2026-11-01,2774.82,1199828.75,Semi-Annual,Active,0,2026-08-01
POL0006791,CUST005232,AGT0011,Motor,2025-04-30,2026-04-26,2089.63,72907.94,Quarterly,Cancelled,0,2026-08-01
POL0006792,CUST002978,AGT0063,Motor,2025-12-15,2026-11-20,1922.4,85243.7,Annual,Active,0,2026-08-01
POL0006793,CUST002386,AGT0044,Home,2023-09-12,2024-08-24,405.59,802076.27,Semi-Annual,Expired,0,2026-08-01
POL0006794,CUST005507,AGT0073,Medical,2026-01-21,2027-01-24,1264.91,208534.95,Annual,Active,0,2026-08-01
POL0006795,CUST003506,AGT0021,Motor,2024-03-09,2025-02-06,800.52,107551.78,Annual,Renewed,1,2026-08-01
POL0006796,CUST000763,AGT0055,Motor,2024-11-16,2025-12-01,1062.98,30830.44,Quarterly,Renewed,1,2026-08-01
POL0006797,CUST004264,AGT0061,Medical,2023-10-23,2024-10-06,1497.7,477820.78,Monthly,Expired,0,2026-08-01
POL0006798,CUST004259,AGT0029,Travel,2025-03-15,2025-05-09,140.72,106047.68,Monthly,Expired,0,2026-08-01
POL0006799,CUST001608,AGT0046,Travel,2026-03-20,2026-04-27,378.74,145165.5,Semi-Annual,Renewed,1,2026-08-01
POL0006800,CUST004023,AGT0059,Motor,2026-06-27,2027-07-09,2099.45,149937.07,Quarterly,Active,0,2026-08-01
POL0006801,CUST000810,AGT0033,Motor,2024-01-22,2025-02-19,1624.15,142149.05,Annual,Renewed,1,2026-08-01
POL0006802,CUST005944,AGT0053,Motor,2024-06-11,2025-06-19,1793.17,41619.07,Monthly,Cancelled,0,2026-08-01
POL0006803,CUST003482,AGT0060,Life,2026-02-26,2027-03-28,3149.02,781237.76,Monthly,Active,0,2026-08-01
POL0006804,CUST001701,AGT0020,Medical,2024-02-11,2025-02-22,3762.25,56900.27,Annual,Expired,0,2026-08-01
POL0006805,CUST005421,AGT0059,Life,2026-02-28,2027-02-23,3122.68,886179.66,Annual,Active,0,2026-08-01
POL0006806,CUST003039,AGT0048,Life,2024-12-05,2026-01-03,2998.44,1439734.75,Annual,Expired,0,2026-08-01
POL0006807,CUST005356,AGT0017,Motor,2024-11-18,2025-12-13,2500.83,81816.79,Quarterly,Renewed,1,2026-08-01
POL0006808,CUST000567,AGT0068,Motor,2026-05-08,2027-06-03,1590.49,75676.74,Annual,Active,0,2026-08-01
POL0006809,CUST001850,AGT0003,Medical,2026-02-12,2027-03-01,2876.68,178651.0,Monthly,Active,0,2026-08-01
POL0006810,CUST002584,AGT0049,Life,2026-04-15,2027-03-17,1621.36,905506.57,Annual,Active,0,2026-08-01
POL0006811,CUST001597,AGT0020,Life,2023-04-11,2024-04-25,6543.64,1366471.54,Monthly,Expired,0,2026-08-01
POL0006812,CUST003110,AGT0057,Home,2023-05-29,2024-05-08,852.78,562752.06,Monthly,Expired,0,2026-08-01
POL0006813,CUST002122,AGT0071,Motor,2023-06-14,2024-05-26,2024.37,140641.01,Monthly,Expired,0,2026-08-01
POL0006814,CUST005306,AGT0054,Home,2024-11-30,2025-12-16,1306.67,381917.9,Monthly,Renewed,1,2026-08-01
POL0006815,CUST001472,AGT0032,Motor,2024-06-15,2025-06-29,2394.52,79239.75,Quarterly,Renewed,1,2026-08-01
POL0006816,CUST001136,AGT0052,Medical,2023-10-15,2024-09-13,4690.96,156671.67,Quarterly,Expired,0,2026-08-01
POL0006817,CUST005788,AGT0017,Motor,2025-06-23,2026-07-23,1076.77,35486.96,Quarterly,Renewed,1,2026-08-01
POL0006818,CUST004281,AGT0007,Motor,2023-10-22,2024-10-31,995.97,153698.18,Monthly,Expired,0,2026-08-01
POL0006819,CUST000209,AGT0030,Motor,2026-06-22,2027-07-12,2400.5,136305.87,Monthly,Active,0,2026-08-01
POL0006820,CUST005089,AGT0050,Motor,2024-04-12,2025-05-06,1293.01,41021.71,Annual,Expired,0,2026-08-01
POL0006821,CUST001148,AGT0031,Life,2024-09-02,2025-09-02,6051.65,853001.6,Annual,Renewed,1,2026-08-01
POL0006822,CUST004102,AGT0009,Travel,2023-03-18,2023-05-08,381.88,101266.55,Annual,Renewed,1,2026-08-01
POL0006823,CUST000170,AGT0037,Life,2023-01-10,2023-12-06,3221.75,1310903.9,Semi-Annual,Renewed,1,2026-08-01
POL0006824,CUST001558,AGT0070,Travel,2023-07-29,2023-09-05,200.6,38318.34,Quarterly,Expired,0,2026-08-01
POL0006825,CUST005124,AGT0037,Life,2023-08-26,2024-08-14,6841.54,258408.83,Annual,Renewed,1,2026-08-01
POL0006826,CUST000156,AGT0037,Home,2023-05-04,2024-04-25,395.99,291194.57,Annual,Renewed,1,2026-08-01
POL0006827,CUST002830,AGT0024,Motor,2024-07-26,2025-08-03,1742.4,58201.79,Annual,Renewed,1,2026-08-01
POL0006828,CUST002391,AGT0039,Home,2025-07-06,2026-06-28,1378.23,200686.89,Monthly,Renewed,1,2026-08-01
POL0006829,CUST001369,AGT0024,Medical,2025-06-20,2026-05-25,2755.49,444793.09,Monthly,Renewed,1,2026-08-01
POL0006830,CUST000712,AGT0077,Medical,2025-11-12,2026-12-04,2241.42,497026.8,Quarterly,Active,0,2026-08-01
POL0006831,CUST002373,AGT0064,Life,2025-02-05,2026-01-27,2112.28,1017078.27,Monthly,Expired,0,2026-08-01
POL0006832,CUST002199,AGT0057,Motor,2023-07-02,2024-07-13,1151.11,141151.83,Monthly,Expired,0,2026-08-01
POL0006833,CUST000637,AGT0054,Motor,2026-02-19,2027-03-02,2500.82,103931.75,Annual,Active,0,2026-08-01
POL0006834,CUST004287,AGT0027,Medical,2026-01-09,2026-12-21,2733.82,331070.27,Annual,Active,0,2026-08-01
POL0006835,CUST000647,AGT0055,Travel,2023-12-14,2024-03-04,85.87,130584.28,Quarterly,Renewed,1,2026-08-01
POL0006836,CUST002292,AGT0077,Travel,2026-02-01,2026-02-17,368.99,135166.65,Monthly,Renewed,1,2026-08-01
POL0006837,CUST005682,AGT0016,Motor,2024-12-06,2025-12-17,1899.48,72175.54,Monthly,Renewed,1,2026-08-01
POL0006838,CUST002229,AGT0069,Motor,2024-05-18,2025-06-08,1912.77,147594.74,Annual,Expired,0,2026-08-01
POL0006839,CUST004177,AGT0080,Life,2023-07-08,2024-07-12,1746.3,122469.81,Monthly,Renewed,1,2026-08-01
POL0006840,CUST002774,AGT0005,Medical,2026-05-06,2027-04-21,2096.93,104783.63,Annual,Active,0,2026-08-01
POL0006841,CUST003833,AGT0007,Motor,2025-04-23,2026-04-02,2123.05,66915.08,Monthly,Renewed,1,2026-08-01
POL0006842,CUST004694,AGT0039,Medical,2024-07-25,2025-08-21,5142.45,271934.74,Annual,Renewed,1,2026-08-01
POL0006843,CUST002837,AGT0055,Life,2025-09-23,2026-10-02,4172.37,425470.07,Quarterly,Active,0,2026-08-01
POL0006844,CUST003926,AGT0042,Motor,2025-10-09,2026-10-06,954.8,159316.59,Quarterly,Active,0,2026-08-01
POL0006845,CUST002939,AGT0060,Motor,2024-11-02,2025-11-22,2374.63,106693.26,Annual,Expired,0,2026-08-01
POL0006846,CUST001881,AGT0066,Motor,2023-10-10,2024-10-11,1587.17,86147.42,Monthly,Renewed,1,2026-08-01
POL0006847,CUST004633,AGT0022,Medical,2024-08-08,2025-08-01,4082.22,407286.13,Monthly,Expired,0,2026-08-01
POL0006848,CUST002341,AGT0042,Motor,2025-03-08,2026-02-04,1240.85,132885.2,Monthly,Expired,0,2026-08-01
POL0006849,CUST000315,AGT0007,Life,2023-08-31,2024-09-22,6259.08,1155380.39,Monthly,Expired,0,2026-08-01
POL0006850,CUST001624,AGT0010,Travel,2023-06-08,2023-07-14,270.78,62082.21,Annual,Expired,0,2026-08-01
POL0006851,CUST004005,AGT0059,Motor,2026-05-05,2027-04-22,2048.96,70184.08,Monthly,Active,0,2026-08-01
POL0006852,CUST003974,AGT0072,Motor,2025-01-30,2026-02-03,1521.28,68006.01,Annual,Expired,0,2026-08-01
POL0006853,CUST003304,AGT0046,Motor,2025-03-03,2026-03-09,1458.7,146477.78,Annual,Expired,0,2026-08-01
POL0006854,CUST002688,AGT0059,Home,2024-07-29,2025-08-05,586.24,393131.38,Monthly,Renewed,1,2026-08-01
POL0006855,CUST001841,AGT0078,Medical,2025-12-01,2026-12-21,4525.11,105269.2,Monthly,Active,0,2026-08-01
POL0006856,CUST000283,AGT0007,Travel,2024-04-28,2024-07-26,408.27,85207.94,Annual,Cancelled,0,2026-08-01
POL0006857,CUST001295,AGT0059,Travel,2023-02-01,2023-02-17,389.01,47387.88,Semi-Annual,Expired,0,2026-08-01
POL0006858,CUST005971,AGT0050,Home,2025-09-29,2026-10-02,466.27,553123.59,Annual,Active,0,2026-08-01
POL0006859,CUST005171,AGT0075,Travel,2023-11-25,2023-12-14,172.95,88243.64,Annual,Renewed,1,2026-08-01
POL0006860,CUST000476,AGT0025,Motor,2025-09-21,2026-09-11,1465.65,63425.79,Monthly,Active,0,2026-08-01
POL0006861,CUST005590,AGT0051,Life,2024-09-22,2025-09-17,1450.16,1396103.52,Semi-Annual,Expired,0,2026-08-01
POL0006862,CUST004644,AGT0068,Home,2024-04-14,2025-04-10,1198.35,441084.22,Monthly,Renewed,1,2026-08-01
POL0006863,CUST000575,AGT0040,Life,2024-12-01,2025-12-28,2285.31,845020.16,Annual,Cancelled,0,2026-08-01
POL0006864,CUST002502,AGT0022,Travel,2024-07-27,2024-08-13,634.59,112845.41,Quarterly,Expired,0,2026-08-01
POL0006865,CUST001019,AGT0076,Home,2024-06-13,2025-06-08,1270.86,602885.61,Monthly,Renewed,1,2026-08-01
POL0006866,CUST004310,AGT0013,Life,2023-12-22,2024-11-24,3935.06,155949.93,Monthly,Renewed,1,2026-08-01
POL0006867,CUST004003,AGT0066,Life,2024-03-16,2025-02-09,2373.55,790188.54,Semi-Annual,Renewed,1,2026-08-01
POL0006868,CUST001310,AGT0068,Life,2024-03-10,2025-03-05,5690.82,1363188.67,Annual,Renewed,1,2026-08-01
POL0006869,CUST004645,AGT0003,Medical,2024-08-11,2025-08-07,5167.66,450045.24,Monthly,Cancelled,0,2026-08-01
POL0006870,CUST001752,AGT0029,Motor,2026-06-24,2027-06-08,2079.99,40656.25,Annual,Active,0,2026-08-01
POL0006871,CUST002949,AGT0047,Life,2024-04-23,2025-04-27,5410.58,516531.37,Monthly,Renewed,1,2026-08-01
POL0006872,CUST000673,AGT0009,Home,2025-03-25,2026-02-19,594.27,305564.03,Annual,Renewed,1,2026-08-01
POL0006873,CUST005562,AGT0012,Home,2023-02-22,2024-03-07,904.36,831067.82,Monthly,Cancelled,0,2026-08-01
POL0006874,CUST001116,AGT0027,Motor,2023-01-05,2023-12-28,949.35,174924.39,Monthly,Renewed,1,2026-08-01
POL0006875,CUST005239,AGT0076,Travel,2025-06-24,2025-07-01,125.0,77041.97,Monthly,Renewed,1,2026-08-01
POL0006876,CUST005077,AGT0035,Motor,2025-05-22,2026-06-17,1604.29,131279.41,Monthly,Expired,0,2026-08-01
POL0006877,CUST000758,AGT0055,Life,2025-10-05,2026-10-07,2652.0,333757.89,Annual,Active,0,2026-08-01
POL0006878,CUST000672,AGT0049,Home,2024-12-31,2025-12-27,1268.4,621068.21,Semi-Annual,Expired,0,2026-08-01
POL0006879,CUST000855,AGT0037,Home,2024-02-11,2025-02-15,1698.06,119312.25,Annual,Expired,0,2026-08-01
POL0006880,CUST005040,AGT0007,Life,2023-05-11,2024-05-11,3689.09,209573.27,Monthly,Expired,0,2026-08-01
POL0006881,CUST000516,AGT0077,Life,2026-06-16,2027-06-25,1932.65,651161.81,Monthly,Active,0,2026-08-01
POL0006882,CUST003666,AGT0043,Medical,2023-08-28,2024-09-08,1867.23,435611.95,Monthly,Cancelled,0,2026-08-01
POL0006883,CUST005253,AGT0027,Life,2026-07-13,2027-06-25,3853.71,117971.82,Annual,Active,0,2026-08-01
POL0006884,CUST001764,AGT0036,Motor,2023-12-23,2024-12-29,1633.44,72880.73,Monthly,Expired,0,2026-08-01
POL0006885,CUST003346,AGT0036,Motor,2025-01-13,2026-01-28,1782.65,121506.56,Semi-Annual,Expired,0,2026-08-01
POL0006886,CUST000481,AGT0079,Travel,2023-05-02,2023-06-24,772.54,59857.89,Monthly,Expired,0,2026-08-01
POL0006887,CUST005649,AGT0032,Motor,2025-11-03,2026-11-20,2440.46,21140.29,Quarterly,Active,0,2026-08-01
POL0006888,CUST003617,AGT0079,Life,2024-06-10,2025-05-28,4915.76,843255.52,Semi-Annual,Expired,0,2026-08-01
POL0006889,CUST004376,AGT0011,Medical,2024-12-14,2025-11-18,1648.98,105432.15,Monthly,Renewed,1,2026-08-01
POL0006890,CUST001506,AGT0017,Motor,2023-06-20,2024-06-30,1101.13,70443.46,Annual,Renewed,1,2026-08-01
POL0006891,CUST004393,AGT0012,Motor,2023-12-08,2024-12-22,1339.12,163879.27,Monthly,Expired,0,2026-08-01
POL0006892,CUST003760,AGT0076,Motor,2024-06-13,2025-06-14,2104.42,114938.12,Monthly,Renewed,1,2026-08-01
POL0006893,CUST000751,AGT0048,Motor,2023-04-02,2024-04-06,2313.04,137108.18,Annual,Expired,0,2026-08-01
POL0006894,CUST003420,AGT0040,Life,2025-08-23,2026-08-17,4995.19,322279.48,Annual,Active,0,2026-08-01
POL0006895,CUST000658,AGT0006,Life,2024-03-26,2025-03-19,6099.47,1147245.99,Monthly,Expired,0,2026-08-01
POL0006896,CUST004021,AGT0014,Medical,2025-08-18,2026-08-04,2006.46,126121.47,Quarterly,Active,0,2026-08-01
POL0006897,CUST005586,AGT0075,Travel,2023-08-31,2023-09-12,597.62,133954.49,Monthly,Renewed,1,2026-08-01
POL0006898,CUST005166,AGT0078,Life,2023-02-13,2024-02-10,2783.04,1065874.98,Monthly,Expired,0,2026-08-01
POL0006899,CUST002896,AGT0027,Life,2026-04-20,2027-03-24,5000.01,1038956.32,Monthly,Active,0,2026-08-01
POL0006900,CUST005311,AGT0057,Life,2023-10-16,2024-09-25,1364.11,408283.14,Annual,Expired,0,2026-08-01
POL0006901,CUST005964,AGT0026,Life,2026-06-23,2027-06-11,4736.84,704381.41,Annual,Active,0,2026-08-01
POL0006902,CUST002735,AGT0078,Motor,2025-06-28,2026-07-12,2402.72,26353.25,Annual,Renewed,1,2026-08-01
POL0006903,CUST001939,AGT0012,Motor,2024-11-25,2025-12-18,1271.4,75355.89,Annual,Expired,0,2026-08-01
POL0006904,CUST001126,AGT0008,Motor,2025-04-08,2026-03-14,2356.03,23642.6,Semi-Annual,Renewed,1,2026-08-01
POL0006905,CUST003729,AGT0029,Life,2025-01-06,2025-12-11,1516.34,108220.75,Monthly,Cancelled,0,2026-08-01
POL0006906,CUST002299,AGT0015,Medical,2024-05-06,2025-05-05,3753.07,131380.24,Monthly,Expired,0,2026-08-01
POL0006907,CUST003437,AGT0056,Home,2026-05-01,2027-05-27,929.37,635101.13,Annual,Active,0,2026-08-01
POL0006908,CUST005697,AGT0074,Motor,2023-03-20,2024-03-03,850.19,57341.52,Semi-Annual,Expired,0,2026-08-01
POL0006909,CUST000409,AGT0077,Medical,2025-09-03,2026-09-09,3694.63,455102.37,Quarterly,Active,0,2026-08-01
POL0006910,CUST001757,AGT0079,Motor,2025-03-18,2026-03-30,1087.9,108447.66,Semi-Annual,Renewed,1,2026-08-01
POL0006911,CUST003114,AGT0016,Travel,2023-07-31,2023-09-25,452.3,78357.93,Semi-Annual,Renewed,1,2026-08-01
POL0006912,CUST004335,AGT0005,Medical,2025-05-18,2026-05-07,2034.89,240596.74,Quarterly,Renewed,1,2026-08-01
POL0006913,CUST005547,AGT0015,Life,2026-05-29,2027-05-04,1919.57,728144.11,Monthly,Active,0,2026-08-01
POL0006914,CUST005230,AGT0061,Life,2024-01-18,2025-02-16,1846.91,394086.34,Monthly,Renewed,1,2026-08-01
POL0006915,CUST002724,AGT0012,Motor,2025-01-16,2025-12-15,1933.38,86939.55,Monthly,Renewed,1,2026-08-01
POL0006916,CUST003318,AGT0055,Travel,2024-05-11,2024-07-19,216.37,21800.67,Monthly,Renewed,1,2026-08-01
POL0006917,CUST002836,AGT0046,Travel,2023-01-28,2023-03-11,304.14,73994.91,Monthly,Renewed,1,2026-08-01
POL0006918,CUST000630,AGT0064,Life,2023-03-16,2024-02-19,2371.07,634563.45,Monthly,Renewed,1,2026-08-01
POL0006919,CUST004206,AGT0010,Motor,2023-09-14,2024-08-25,1027.61,26834.59,Monthly,Renewed,1,2026-08-01
POL0006920,CUST004921,AGT0036,Life,2025-04-09,2026-04-10,1215.92,951759.32,Monthly,Renewed,1,2026-08-01
POL0006921,CUST004685,AGT0008,Life,2025-11-07,2026-11-09,3992.1,1200358.47,Monthly,Active,0,2026-08-01
POL0006922,CUST002162,AGT0002,Home,2023-04-13,2024-05-12,1453.69,236575.7,Annual,Expired,0,2026-08-01
POL0006923,CUST004968,AGT0060,Motor,2023-06-16,2024-07-06,925.08,93754.38,Quarterly,Expired,0,2026-08-01
POL0006924,CUST001313,AGT0045,Home,2026-01-29,2027-02-18,558.28,828905.59,Monthly,Active,0,2026-08-01
POL0006925,CUST002712,AGT0064,Travel,2026-01-17,2026-04-14,762.38,136947.25,Monthly,Expired,0,2026-08-01
POL0006926,CUST001503,AGT0007,Motor,2024-11-26,2025-11-27,2443.52,61556.52,Monthly,Renewed,1,2026-08-01
POL0006927,CUST002665,AGT0026,Life,2025-10-24,2026-11-13,6774.61,408396.53,Monthly,Active,0,2026-08-01
POL0006928,CUST005552,AGT0011,Motor,2023-10-06,2024-10-16,1930.46,55063.57,Monthly,Renewed,1,2026-08-01
POL0006929,CUST002841,AGT0047,Motor,2023-02-16,2024-02-14,828.22,114248.97,Monthly,Expired,0,2026-08-01
POL0006930,CUST004531,AGT0045,Life,2026-04-01,2027-04-27,1941.28,1275444.08,Monthly,Active,0,2026-08-01
POL0006931,CUST005814,AGT0060,Motor,2024-03-08,2025-02-10,1195.75,58960.46,Semi-Annual,Expired,0,2026-08-01
POL0006932,CUST000921,AGT0008,Motor,2024-04-11,2025-04-01,1434.41,122824.59,Monthly,Renewed,1,2026-08-01
POL0006933,CUST005576,AGT0004,Life,2024-10-24,2025-10-11,3231.25,1093961.31,Monthly,Renewed,1,2026-08-01
POL0006934,CUST000683,AGT0069,Home,2025-03-04,2026-03-04,566.65,190071.11,Quarterly,Cancelled,0,2026-08-01
POL0006935,CUST003737,AGT0051,Motor,2023-04-10,2024-03-27,1118.46,34284.44,Monthly,Expired,0,2026-08-01
POL0006936,CUST002708,AGT0010,Motor,2025-02-05,2026-01-29,2518.42,34172.01,Quarterly,Expired,0,2026-08-01
POL0006937,CUST001706,AGT0023,Motor,2025-01-27,2026-02-26,962.99,92084.39,Annual,Expired,0,2026-08-01
POL0006938,CUST003834,AGT0033,Motor,2025-08-29,2026-09-12,834.48,61078.49,Monthly,Active,0,2026-08-01
POL0006939,CUST005403,AGT0033,Home,2026-07-05,2027-07-23,337.05,372499.11,Annual,Active,0,2026-08-01
POL0006940,CUST000418,AGT0059,Medical,2025-07-25,2026-07-13,3343.62,488913.56,Monthly,Renewed,1,2026-08-01
POL0006941,CUST001026,AGT0029,Life,2025-02-23,2026-02-09,2487.47,553487.73,Monthly,Renewed,1,2026-08-01
POL0006942,CUST003049,AGT0048,Medical,2026-03-06,2027-03-04,3017.22,197995.79,Monthly,Active,0,2026-08-01
POL0006943,CUST000641,AGT0058,Home,2024-10-07,2025-09-29,997.63,686973.43,Semi-Annual,Cancelled,0,2026-08-01
POL0006944,CUST001901,AGT0009,Medical,2023-03-12,2024-03-18,4795.55,473642.72,Annual,Renewed,1,2026-08-01
POL0006945,CUST002488,AGT0038,Home,2026-02-06,2027-01-19,542.49,609065.0,Semi-Annual,Active,0,2026-08-01
POL0006946,CUST002594,AGT0021,Life,2026-06-19,2027-05-24,3008.58,1177238.84,Quarterly,Active,0,2026-08-01
POL0006947,CUST004112,AGT0061,Home,2026-06-13,2027-06-04,1319.39,267015.22,Annual,Active,0,2026-08-01
POL0006948,CUST002772,AGT0011,Medical,2026-04-10,2027-04-29,3221.02,134315.31,Monthly,Active,0,2026-08-01
POL0006949,CUST000316,AGT0026,Travel,2026-03-23,2026-05-17,521.23,149686.42,Annual,Cancelled,0,2026-08-01
POL0006950,CUST003878,AGT0050,Medical,2025-06-19,2026-05-20,2957.41,484490.09,Monthly,Expired,0,2026-08-01
POL0006951,CUST001878,AGT0044,Life,2023-02-18,2024-03-09,5958.87,581711.8,Annual,Renewed,1,2026-08-01
POL0006952,CUST000055,AGT0004,Life,2025-09-04,2026-08-25,1900.52,1225791.53,Annual,Active,0,2026-08-01
POL0006953,CUST004705,AGT0073,Medical,2023-05-11,2024-05-10,5002.17,176947.93,Monthly,Expired,0,2026-08-01
POL0006954,CUST002570,AGT0007,Medical,2023-07-13,2024-07-27,1763.23,74272.17,Monthly,Renewed,1,2026-08-01
POL0006955,CUST003956,AGT0036,Motor,2025-03-15,2026-03-19,1136.49,131030.65,Monthly,Renewed,1,2026-08-01
POL0006956,CUST003928,AGT0005,Home,2026-04-22,2027-05-21,646.88,521518.61,Annual,Active,0,2026-08-01
POL0006957,CUST000507,AGT0047,Medical,2023-10-24,2024-09-30,4112.99,73638.81,Monthly,Expired,0,2026-08-01
POL0006958,CUST004992,AGT0029,Motor,2023-08-06,2024-08-24,1877.25,87753.56,Quarterly,Expired,0,2026-08-01
POL0006959,CUST001211,AGT0054,Life,2024-11-12,2025-11-06,1797.79,920239.01,Semi-Annual,Renewed,1,2026-08-01
POL0006960,CUST004492,AGT0051,Life,2024-04-07,2025-03-11,6265.35,652527.64,Monthly,Renewed,1,2026-08-01
POL0006961,CUST004352,AGT0073,Motor,2025-12-31,2026-12-26,2580.19,26964.81,Semi-Annual,Active,0,2026-08-01
POL0006962,CUST000737,AGT0004,Medical,2023-09-08,2024-09-05,3089.91,471514.69,Quarterly,Cancelled,0,2026-08-01
POL0006963,CUST000700,AGT0051,Life,2026-05-11,2027-04-12,1330.78,1399142.0,Annual,Active,0,2026-08-01
POL0006964,CUST005086,AGT0028,Travel,2023-12-09,2024-03-07,464.56,135281.41,Annual,Renewed,1,2026-08-01
POL0006965,CUST000059,AGT0049,Medical,2024-03-12,2025-02-07,3432.97,363873.66,Quarterly,Cancelled,0,2026-08-01
POL0006966,CUST001311,AGT0077,Motor,2025-05-26,2026-06-03,1152.93,164788.36,Quarterly,Expired,0,2026-08-01
POL0006967,CUST005957,AGT0067,Life,2026-01-14,2027-01-19,1398.39,1297744.47,Monthly,Active,0,2026-08-01
POL0006968,CUST000665,AGT0078,Motor,2024-09-20,2025-08-24,1676.97,107119.0,Monthly,Expired,0,2026-08-01
POL0006969,CUST003684,AGT0080,Travel,2024-10-20,2025-01-13,749.41,86561.1,Annual,Expired,0,2026-08-01
POL0006970,CUST002203,AGT0063,Travel,2025-04-19,2025-07-08,255.98,100306.17,Annual,Expired,0,2026-08-01
POL0006971,CUST002574,AGT0072,Travel,2025-05-10,2025-05-21,351.67,56862.59,Monthly,Cancelled,0,2026-08-01
POL0006972,CUST000771,AGT0055,Medical,2025-10-22,2026-10-02,4798.22,103461.94,Annual,Active,0,2026-08-01
POL0006973,CUST003583,AGT0010,Motor,2023-06-13,2024-07-06,1897.85,168653.5,Monthly,Expired,0,2026-08-01
POL0006974,CUST002004,AGT0072,Life,2026-06-01,2027-05-30,4501.97,788134.21,Annual,Active,0,2026-08-01
POL0006975,CUST004022,AGT0055,Motor,2023-03-24,2024-04-22,1390.92,33720.65,Quarterly,Expired,0,2026-08-01
POL0006976,CUST004743,AGT0070,Motor,2023-11-05,2024-10-05,2532.44,171298.45,Monthly,Renewed,1,2026-08-01
POL0006977,CUST002974,AGT0027,Medical,2025-10-16,2026-11-05,3933.24,413771.73,Annual,Active,0,2026-08-01
POL0006978,CUST000120,AGT0047,Medical,2024-01-03,2024-12-01,1429.56,340884.7,Annual,Cancelled,0,2026-08-01
POL0006979,CUST003949,AGT0034,Medical,2025-02-21,2026-01-18,1196.8,496035.79,Annual,Renewed,1,2026-08-01
POL0006980,CUST002984,AGT0001,Motor,2023-07-25,2024-06-30,1909.88,151364.37,Annual,Renewed,1,2026-08-01
POL0006981,CUST004252,AGT0052,Motor,2025-12-12,2026-11-27,1284.36,32726.34,Annual,Active,0,2026-08-01
POL0006982,CUST004735,AGT0025,Life,2024-01-28,2025-02-20,1827.16,1108357.65,Monthly,Cancelled,0,2026-08-01
POL0006983,CUST001077,AGT0012,Motor,2023-06-01,2024-06-16,2116.76,39124.73,Annual,Expired,0,2026-08-01
POL0006984,CUST000665,AGT0017,Life,2023-05-25,2024-04-23,6220.67,1184389.15,Quarterly,Cancelled,0,2026-08-01
POL0006985,CUST002543,AGT0056,Life,2023-08-13,2024-09-05,3805.94,477746.91,Monthly,Expired,0,2026-08-01
POL0006986,CUST005413,AGT0058,Life,2025-08-14,2026-07-25,2955.0,588278.41,Annual,Renewed,1,2026-08-01
POL0006987,CUST001828,AGT0024,Home,2023-03-24,2024-04-17,504.01,762381.01,Monthly,Renewed,1,2026-08-01
POL0006988,CUST002593,AGT0028,Home,2025-02-19,2026-01-28,1316.57,187808.94,Monthly,Renewed,1,2026-08-01
POL0006989,CUST004785,AGT0066,Motor,2025-04-29,2026-05-08,825.01,170994.84,Monthly,Expired,0,2026-08-01
POL0006990,CUST004851,AGT0038,Medical,2024-03-04,2025-03-10,3863.6,107081.38,Quarterly,Expired,0,2026-08-01
POL0006991,CUST004620,AGT0030,Travel,2025-03-15,2025-05-11,815.37,23288.05,Monthly,Renewed,1,2026-08-01
POL0006992,CUST005634,AGT0069,Travel,2024-01-19,2024-04-16,367.83,23327.96,Semi-Annual,Cancelled,0,2026-08-01
POL0006993,CUST004864,AGT0004,Motor,2024-07-10,2025-06-15,2109.31,149572.14,Semi-Annual,Expired,0,2026-08-01
POL0006994,CUST000952,AGT0055,Home,2023-02-08,2024-03-09,384.59,473409.96,Annual,Renewed,1,2026-08-01
POL0006995,CUST002625,AGT0048,Travel,2023-06-26,2023-08-07,329.52,86041.64,Annual,Expired,0,2026-08-01
POL0006996,CUST004671,AGT0032,Travel,2023-05-15,2023-05-28,420.94,128488.38,Semi-Annual,Expired,0,2026-08-01
POL0006997,CUST003452,AGT0060,Motor,2023-02-01,2024-01-02,1961.02,102093.19,Monthly,Expired,0,2026-08-01
POL0006998,CUST000874,AGT0023,Medical,2024-03-16,2025-04-09,2259.54,480618.57,Monthly,Cancelled,0,2026-08-01
POL0006999,CUST004234,AGT0050,Medical,2023-12-05,2024-11-18,3720.03,51793.02,Semi-Annual,Renewed,1,2026-08-01
POL0007000,CUST001038,AGT0021,Medical,2023-12-01,2024-12-28,4038.63,123143.16,Monthly,Renewed,1,2026-08-01
POL0007001,CUST001933,AGT0063,Motor,2023-01-04,2024-01-20,1079.17,146094.0,Monthly,Renewed,1,2026-08-01
POL0007002,CUST005849,AGT0034,Motor,2025-10-25,2026-11-23,2317.24,166465.34,Monthly,Active,0,2026-08-01
POL0007003,CUST005867,AGT0065,Travel,2026-05-25,2026-08-03,601.42,111794.32,Quarterly,Active,0,2026-08-01
POL0007004,CUST000138,AGT0047,Medical,2025-08-22,2026-09-04,5158.48,184166.35,Quarterly,Active,0,2026-08-01
POL0007005,CUST002272,AGT0004,Life,2023-08-11,2024-08-23,5706.24,1276801.27,Semi-Annual,Renewed,1,2026-08-01
POL0007006,CUST001907,AGT0050,Motor,2025-10-19,2026-11-12,2170.35,55204.57,Annual,Active,0,2026-08-01
POL0007007,CUST003223,AGT0001,Home,2023-12-13,2024-12-27,328.14,439689.72,Quarterly,Renewed,1,2026-08-01
POL0007008,CUST004987,AGT0059,Home,2024-01-30,2024-12-31,933.58,723168.67,Monthly,Expired,0,2026-08-01
POL0007009,CUST004961,AGT0018,Life,2025-11-09,2026-12-02,2987.61,665954.52,Quarterly,Active,0,2026-08-01
POL0007010,CUST000817,AGT0079,Medical,2023-10-02,2024-09-13,4249.11,421165.74,Annual,Expired,0,2026-08-01
POL0007011,CUST004483,AGT0018,Motor,2026-07-24,2027-08-21,1984.62,116541.85,Annual,Active,0,2026-08-01
POL0007012,CUST000186,AGT0037,Life,2026-01-24,2027-02-08,4162.9,1306267.72,Annual,Active,0,2026-08-01
POL0007013,CUST003010,AGT0046,Travel,2025-03-22,2025-04-22,346.75,50537.79,Annual,Expired,0,2026-08-01
POL0007014,CUST003406,AGT0012,Home,2024-10-22,2025-10-29,450.12,601137.29,Annual,Expired,0,2026-08-01
POL0007015,CUST002450,AGT0019,Motor,2023-11-28,2024-12-06,1363.38,125975.44,Quarterly,Renewed,1,2026-08-01
POL0007016,CUST005274,AGT0078,Medical,2025-05-05,2026-05-07,3533.4,236536.81,Monthly,Expired,0,2026-08-01
POL0007017,CUST003823,AGT0030,Medical,2024-08-14,2025-08-30,2235.53,244753.07,Annual,Renewed,1,2026-08-01
POL0007018,CUST005854,AGT0062,Medical,2025-04-28,2026-05-23,1486.91,462786.16,Monthly,Expired,0,2026-08-01
POL0007019,CUST002615,AGT0037,Life,2023-03-19,2024-02-24,1290.57,410190.07,Annual,Expired,0,2026-08-01
POL0007020,CUST002432,AGT0017,Medical,2024-04-28,2025-05-17,4814.18,93052.08,Quarterly,Renewed,1,2026-08-01
POL0007021,CUST003553,AGT0049,Travel,2023-05-23,2023-08-18,236.34,87075.13,Semi-Annual,Expired,0,2026-08-01
POL0007022,CUST001445,AGT0012,Motor,2024-06-24,2025-06-27,2478.54,160842.23,Monthly,Expired,0,2026-08-01
POL0007023,CUST004800,AGT0080,Medical,2025-07-16,2026-08-10,1094.57,489456.65,Quarterly,Active,0,2026-08-01
POL0007024,CUST001819,AGT0055,Medical,2023-05-29,2024-06-23,2792.03,454054.01,Annual,Expired,0,2026-08-01
POL0007025,CUST000731,AGT0056,Travel,2025-12-20,2026-01-11,450.7,120267.36,Quarterly,Renewed,1,2026-08-01
POL0007026,CUST002827,AGT0003,Travel,2025-12-16,2026-02-16,371.65,34139.7,Annual,Renewed,1,2026-08-01
POL0007027,CUST004185,AGT0022,Travel,2023-12-20,2023-12-30,137.41,100740.72,Monthly,Expired,0,2026-08-01
POL0007028,CUST003227,AGT0031,Medical,2023-09-11,2024-09-15,4679.52,342920.15,Annual,Renewed,1,2026-08-01
POL0007029,CUST000324,AGT0029,Motor,2025-08-23,2026-08-10,2453.79,99186.52,Annual,Active,0,2026-08-01
POL0007030,CUST000099,AGT0010,Life,2025-09-28,2026-09-07,5574.61,1279032.22,Annual,Active,0,2026-08-01
POL0007031,CUST004405,AGT0004,Home,2025-04-16,2026-03-18,462.01,885662.88,Quarterly,Renewed,1,2026-08-01
POL0007032,CUST005985,AGT0048,Motor,2023-07-12,2024-06-23,1253.26,175583.32,Quarterly,Expired,0,2026-08-01
POL0007033,CUST001255,AGT0034,Motor,2024-10-28,2025-11-03,1329.61,23262.21,Monthly,Expired,0,2026-08-01
POL0007034,CUST005786,AGT0020,Motor,2023-11-30,2024-12-16,2499.24,25742.65,Monthly,Cancelled,0,2026-08-01
POL0007035,CUST002961,AGT0048,Life,2024-01-14,2025-02-02,5838.13,174682.66,Annual,Renewed,1,2026-08-01
POL0007036,CUST000843,AGT0080,Medical,2025-01-26,2026-02-03,2831.38,190608.9,Monthly,Expired,0,2026-08-01
POL0007037,CUST001602,AGT0076,Motor,2026-07-11,2027-06-12,1707.52,139288.49,Monthly,Active,0,2026-08-01
POL0007038,CUST005789,AGT0071,Motor,2023-09-17,2024-09-27,2235.91,111956.9,Annual,Renewed,1,2026-08-01
POL0007039,CUST001932,AGT0022,Life,2023-11-21,2024-11-13,1560.82,780494.14,Monthly,Expired,0,2026-08-01
POL0007040,CUST005031,AGT0014,Medical,2023-11-18,2024-10-21,2648.18,380642.6,Annual,Expired,0,2026-08-01
POL0007041,CUST003773,AGT0020,Motor,2023-09-30,2024-10-08,892.97,61071.81,Annual,Cancelled,0,2026-08-01
POL0007042,CUST004843,AGT0025,Life,2026-05-17,2027-06-14,6494.2,1487909.62,Monthly,Active,0,2026-08-01
POL0007043,CUST002588,AGT0002,Motor,2023-05-24,2024-06-16,1594.88,59593.99,Monthly,Renewed,1,2026-08-01
POL0007044,CUST000692,AGT0026,Motor,2023-09-12,2024-09-27,1123.08,79548.55,Monthly,Renewed,1,2026-08-01
POL0007045,CUST002926,AGT0046,Motor,2025-05-11,2026-04-20,2562.58,156348.83,Monthly,Expired,0,2026-08-01
POL0007046,CUST005672,AGT0020,Motor,2024-04-03,2025-03-31,2379.94,146109.02,Semi-Annual,Renewed,1,2026-08-01
POL0007047,CUST005994,AGT0080,Motor,2026-03-23,2027-03-22,1714.73,44422.09,Annual,Active,0,2026-08-01
POL0007048,CUST002460,AGT0068,Motor,2025-02-13,2026-02-05,2464.14,29901.72,Quarterly,Expired,0,2026-08-01
POL0007049,CUST000730,AGT0030,Motor,2023-06-25,2024-05-21,1128.66,124655.65,Monthly,Expired,0,2026-08-01
POL0007050,CUST001289,AGT0033,Life,2024-09-23,2025-09-25,5634.76,1073728.96,Semi-Annual,Expired,0,2026-08-01
POL0007051,CUST002306,AGT0040,Travel,2023-05-17,2023-07-11,670.88,136037.55,Monthly,Renewed,1,2026-08-01
POL0007052,CUST005877,AGT0027,Motor,2024-07-11,2025-06-28,1866.38,24797.56,Monthly,Expired,0,2026-08-01
POL0007053,CUST003182,AGT0005,Life,2026-03-28,2027-03-15,3500.45,1316221.9,Annual,Active,0,2026-08-01
POL0007054,CUST002975,AGT0031,Motor,2024-09-18,2025-10-02,1305.72,73991.16,Annual,Cancelled,0,2026-08-01
POL0007055,CUST004883,AGT0046,Travel,2025-05-13,2025-07-01,568.38,67048.45,Annual,Renewed,1,2026-08-01
POL0007056,CUST001066,AGT0021,Motor,2024-05-21,2025-05-22,1381.03,123147.7,Semi-Annual,Expired,0,2026-08-01
POL0007057,CUST001695,AGT0017,Motor,2026-06-20,2027-05-25,1034.24,157593.0,Annual,Active,0,2026-08-01
POL0007058,CUST004490,AGT0042,Medical,2025-02-17,2026-03-15,4581.37,235971.04,Semi-Annual,Expired,0,2026-08-01
POL0007059,CUST002364,AGT0002,Motor,2025-07-17,2026-07-06,2238.74,21073.18,Quarterly,Expired,0,2026-08-01
POL0007060,CUST003566,AGT0060,Motor,2025-11-07,2026-12-02,1335.79,123686.95,Monthly,Active,0,2026-08-01
POL0007061,CUST004928,AGT0055,Medical,2025-10-05,2026-09-04,1033.33,299102.58,Monthly,Active,0,2026-08-01
POL0007062,CUST004447,AGT0078,Life,2026-05-16,2027-05-29,2580.79,1460054.33,Monthly,Active,0,2026-08-01
POL0007063,CUST003183,AGT0012,Motor,2024-08-26,2025-09-19,1819.38,104481.02,Quarterly,Renewed,1,2026-08-01
POL0007064,CUST000403,AGT0064,Motor,2023-07-31,2024-07-05,2037.61,120858.44,Monthly,Cancelled,0,2026-08-01
POL0007065,CUST005137,AGT0009,Travel,2023-11-08,2024-01-31,379.09,133578.57,Quarterly,Expired,0,2026-08-01
POL0007066,CUST000519,AGT0062,Motor,2023-11-10,2024-12-06,2343.42,63211.28,Semi-Annual,Renewed,1,2026-08-01
POL0007067,CUST000387,AGT0019,Motor,2025-01-13,2026-02-03,1271.12,22276.25,Annual,Renewed,1,2026-08-01
POL0007068,CUST001293,AGT0066,Medical,2023-04-25,2024-05-06,4962.73,387145.3,Quarterly,Renewed,1,2026-08-01
POL0007069,CUST001723,AGT0012,Motor,2024-04-13,2025-03-09,1965.24,129269.82,Semi-Annual,Expired,0,2026-08-01
POL0007070,CUST004761,AGT0065,Travel,2025-08-12,2025-10-01,651.97,134504.46,Quarterly,Expired,0,2026-08-01
POL0007071,CUST003347,AGT0050,Motor,2024-09-05,2025-08-23,1771.78,57290.3,Annual,Expired,0,2026-08-01
POL0007072,CUST005542,AGT0004,Motor,2024-03-13,2025-03-29,2599.91,88775.85,Annual,Expired,0,2026-08-01
POL0007073,CUST000732,AGT0022,Travel,2024-11-04,2024-12-01,190.03,26313.06,Quarterly,Renewed,1,2026-08-01
POL0007074,CUST005866,AGT0039,Travel,2023-06-18,2023-07-23,418.79,112659.87,Monthly,Renewed,1,2026-08-01
POL0007075,CUST002891,AGT0054,Life,2023-02-04,2024-01-21,2730.68,367138.94,Annual,Renewed,1,2026-08-01
POL0007076,CUST003589,AGT0059,Motor,2025-07-29,2026-08-18,1286.62,108641.83,Quarterly,Cancelled,0,2026-08-01
POL0007077,CUST000106,AGT0044,Medical,2025-03-06,2026-03-23,4411.01,277098.99,Monthly,Cancelled,0,2026-08-01
POL0007078,CUST004371,AGT0056,Home,2025-06-16,2026-07-05,1159.56,415107.26,Semi-Annual,Expired,0,2026-08-01
POL0007079,CUST003028,AGT0029,Medical,2024-04-13,2025-04-22,1435.53,71902.13,Monthly,Renewed,1,2026-08-01
POL0007080,CUST004491,AGT0027,Home,2023-10-18,2024-09-23,1694.04,576968.34,Annual,Renewed,1,2026-08-01
POL0007081,CUST005522,AGT0016,Life,2025-11-27,2026-11-04,2034.9,816131.34,Monthly,Active,0,2026-08-01
POL0007082,CUST001310,AGT0054,Travel,2025-08-16,2025-08-27,621.61,51488.37,Quarterly,Renewed,1,2026-08-01
POL0007083,CUST005690,AGT0054,Motor,2023-03-15,2024-02-13,2020.89,125932.34,Monthly,Renewed,1,2026-08-01
POL0007084,CUST002894,AGT0074,Home,2026-06-17,2027-07-03,1539.48,876887.78,Annual,Active,0,2026-08-01
POL0007085,CUST001915,AGT0042,Travel,2024-12-27,2025-01-24,563.94,140993.72,Quarterly,Expired,0,2026-08-01
POL0007086,CUST004243,AGT0050,Travel,2024-01-20,2024-04-04,361.08,135505.02,Monthly,Renewed,1,2026-08-01
POL0007087,CUST000021,AGT0058,Home,2024-04-15,2025-05-05,604.01,696365.44,Annual,Expired,0,2026-08-01
POL0007088,CUST004095,AGT0070,Travel,2024-12-17,2025-03-09,486.38,124093.14,Annual,Expired,0,2026-08-01
POL0007089,CUST005473,AGT0041,Life,2023-05-02,2024-05-07,1390.71,1098215.83,Monthly,Expired,0,2026-08-01
POL0007090,CUST001252,AGT0060,Life,2023-04-16,2024-05-15,4236.25,673393.0,Annual,Expired,0,2026-08-01
POL0007091,CUST003404,AGT0065,Travel,2024-06-24,2024-07-14,196.55,44474.11,Quarterly,Renewed,1,2026-08-01
POL0007092,CUST004707,AGT0047,Life,2026-06-03,2027-07-01,4940.66,1159922.57,Annual,Cancelled,0,2026-08-01
POL0007093,CUST003484,AGT0044,Life,2024-06-18,2025-06-19,3588.7,962878.51,Monthly,Cancelled,0,2026-08-01
POL0007094,CUST005568,AGT0054,Life,2026-01-26,2027-02-03,5603.35,1230628.34,Monthly,Active,0,2026-08-01
POL0007095,CUST004891,AGT0066,Travel,2025-09-11,2025-12-01,526.28,143969.43,Quarterly,Cancelled,0,2026-08-01
POL0007096,CUST001651,AGT0045,Motor,2026-01-12,2027-02-04,1697.83,82963.07,Quarterly,Active,0,2026-08-01
POL0007097,CUST002361,AGT0044,Life,2023-07-18,2024-08-02,5015.15,1365418.7,Monthly,Expired,0,2026-08-01
POL0007098,CUST004026,AGT0018,Life,2026-07-27,2027-08-14,2486.36,196543.6,Monthly,Active,0,2026-08-01
POL0007099,CUST002521,AGT0077,Travel,2025-12-21,2025-12-30,789.31,53217.8,Semi-Annual,Expired,0,2026-08-01
POL0007100,CUST002354,AGT0005,Motor,2026-01-26,2027-02-21,927.35,94770.51,Monthly,Active,0,2026-08-01
POL0007101,CUST005109,AGT0069,Medical,2023-03-04,2024-03-15,2442.99,472711.49,Monthly,Expired,0,2026-08-01
POL0007102,CUST000671,AGT0031,Motor,2023-12-15,2024-12-01,903.17,175624.67,Quarterly,Renewed,1,2026-08-01
POL0007103,CUST002950,AGT0021,Life,2024-11-05,2025-10-18,4599.05,815315.67,Monthly,Expired,0,2026-08-01
POL0007104,CUST002274,AGT0019,Travel,2025-04-04,2025-04-27,360.74,95777.65,Monthly,Expired,0,2026-08-01
POL0007105,CUST004415,AGT0059,Life,2025-04-28,2026-03-25,1530.24,729250.35,Annual,Cancelled,0,2026-08-01
POL0007106,CUST005903,AGT0024,Medical,2026-07-03,2027-07-26,3800.95,451766.92,Monthly,Active,0,2026-08-01
POL0007107,CUST005431,AGT0011,Medical,2023-01-19,2024-02-03,5024.27,434120.89,Quarterly,Expired,0,2026-08-01
POL0007108,CUST002117,AGT0037,Life,2023-11-24,2024-11-25,1820.36,454494.36,Monthly,Expired,0,2026-08-01
POL0007109,CUST002362,AGT0073,Travel,2023-04-01,2023-05-08,234.19,28744.55,Annual,Renewed,1,2026-08-01
POL0007110,CUST000737,AGT0070,Life,2024-11-28,2025-11-10,2781.24,202492.4,Monthly,Renewed,1,2026-08-01
POL0007111,CUST005334,AGT0028,Motor,2023-12-24,2025-01-22,2024.1,164108.2,Quarterly,Expired,0,2026-08-01
POL0007112,CUST001816,AGT0052,Medical,2025-03-16,2026-02-17,2622.97,377489.65,Semi-Annual,Expired,0,2026-08-01
POL0007113,CUST001965,AGT0039,Life,2024-05-13,2025-05-27,5577.13,340778.18,Annual,Renewed,1,2026-08-01
POL0007114,CUST002267,AGT0032,Medical,2023-11-29,2024-11-06,2944.17,366153.98,Monthly,Renewed,1,2026-08-01
POL0007115,CUST005578,AGT0002,Life,2024-03-28,2025-04-06,1336.02,673065.76,Semi-Annual,Expired,0,2026-08-01
POL0007116,CUST005953,AGT0013,Home,2025-04-05,2026-03-24,560.87,559048.36,Monthly,Renewed,1,2026-08-01
POL0007117,CUST001833,AGT0070,Travel,2026-06-23,2026-09-17,312.84,97805.87,Semi-Annual,Active,0,2026-08-01
POL0007118,CUST003883,AGT0078,Motor,2023-08-11,2024-07-23,1941.66,129094.81,Monthly,Renewed,1,2026-08-01
POL0007119,CUST001406,AGT0076,Medical,2023-08-07,2024-09-01,3859.43,177318.07,Monthly,Renewed,1,2026-08-01
POL0007120,CUST002759,AGT0077,Life,2026-06-12,2027-06-14,4912.4,1395083.9,Quarterly,Active,0,2026-08-01
POL0007121,CUST004325,AGT0038,Travel,2026-03-10,2026-05-23,108.76,134143.39,Monthly,Expired,0,2026-08-01
POL0007122,CUST003021,AGT0006,Motor,2026-03-11,2027-02-21,1464.4,21956.62,Monthly,Active,0,2026-08-01
POL0007123,CUST005532,AGT0016,Motor,2026-05-19,2027-05-31,1943.35,129835.64,Monthly,Active,0,2026-08-01
POL0007124,CUST003060,AGT0064,Life,2023-10-07,2024-09-17,4909.35,856276.47,Annual,Renewed,1,2026-08-01
POL0007125,CUST004609,AGT0056,Medical,2023-08-18,2024-08-19,3434.08,278276.38,Quarterly,Expired,0,2026-08-01
POL0007126,CUST002772,AGT0080,Motor,2025-05-04,2026-04-23,1566.93,38006.94,Semi-Annual,Expired,0,2026-08-01
POL0007127,CUST004441,AGT0024,Home,2025-09-18,2026-10-12,313.48,521323.14,Annual,Active,0,2026-08-01
POL0007128,CUST004938,AGT0032,Medical,2025-12-23,2026-12-08,3348.62,381652.65,Monthly,Active,0,2026-08-01
POL0007129,CUST005839,AGT0077,Motor,2026-07-28,2027-08-07,1270.92,22331.65,Monthly,Active,0,2026-08-01
POL0007130,CUST002028,AGT0074,Motor,2026-03-18,2027-02-22,1434.45,87816.62,Monthly,Active,0,2026-08-01
POL0007131,CUST003345,AGT0025,Motor,2023-11-20,2024-11-04,1875.36,119367.64,Semi-Annual,Renewed,1,2026-08-01
POL0007132,CUST004253,AGT0077,Motor,2024-01-19,2025-01-17,1661.29,43769.2,Annual,Renewed,1,2026-08-01
POL0007133,CUST005326,AGT0047,Medical,2024-10-19,2025-11-13,2815.94,494789.02,Quarterly,Renewed,1,2026-08-01
POL0007134,CUST000609,AGT0080,Motor,2024-01-25,2025-01-15,1530.08,130094.5,Monthly,Renewed,1,2026-08-01
POL0007135,CUST000223,AGT0004,Life,2025-09-18,2026-08-25,5636.03,1058025.45,Annual,Active,0,2026-08-01
POL0007136,CUST000506,AGT0047,Medical,2025-12-11,2027-01-03,3078.3,253230.94,Monthly,Active,0,2026-08-01
POL0007137,CUST000793,AGT0080,Life,2025-08-18,2026-07-28,4793.63,218602.26,Monthly,Expired,0,2026-08-01
POL0007138,CUST001652,AGT0077,Home,2023-01-12,2023-12-22,440.85,820045.36,Monthly,Expired,0,2026-08-01
POL0007139,CUST001629,AGT0047,Home,2025-12-24,2026-12-12,1215.33,126227.34,Annual,Active,0,2026-08-01
POL0007140,CUST000619,AGT0004,Medical,2024-01-11,2025-01-28,1239.68,400232.2,Annual,Expired,0,2026-08-01
POL0007141,CUST005677,AGT0079,Medical,2024-03-31,2025-03-20,4240.81,125961.34,Annual,Renewed,1,2026-08-01
POL0007142,CUST004868,AGT0013,Life,2025-01-01,2026-01-29,1260.91,1105990.55,Annual,Expired,0,2026-08-01
POL0007143,CUST001182,AGT0025,Medical,2023-06-07,2024-06-25,4127.34,270005.92,Monthly,Renewed,1,2026-08-01
POL0007144,CUST002385,AGT0071,Travel,2025-08-15,2025-09-29,478.11,78991.62,Quarterly,Renewed,1,2026-08-01
POL0007145,CUST002299,AGT0043,Life,2025-06-03,2026-05-27,5301.17,1498503.77,Semi-Annual,Expired,0,2026-08-01
POL0007146,CUST005083,AGT0021,Motor,2024-08-08,2025-08-27,1240.29,179586.84,Annual,Renewed,1,2026-08-01
POL0007147,CUST000214,AGT0002,Medical,2024-03-19,2025-04-10,3207.46,74548.69,Annual,Expired,0,2026-08-01
POL0007148,CUST005144,AGT0015,Travel,2024-01-07,2024-02-12,726.93,136545.92,Monthly,Renewed,1,2026-08-01
POL0007149,CUST000470,AGT0062,Medical,2025-04-24,2026-04-10,1893.04,52537.5,Annual,Renewed,1,2026-08-01
POL0007150,CUST003158,AGT0058,Life,2026-07-16,2027-06-18,1349.81,941243.2,Quarterly,Active,0,2026-08-01
POL0007151,CUST003496,AGT0014,Life,2024-09-10,2025-08-31,5567.39,1248417.36,Monthly,Expired,0,2026-08-01
POL0007152,CUST001260,AGT0073,Medical,2026-06-28,2027-06-24,3955.12,194741.04,Monthly,Active,0,2026-08-01
POL0007153,CUST000587,AGT0035,Motor,2024-08-22,2025-09-06,1070.28,132300.77,Annual,Cancelled,0,2026-08-01
POL0007154,CUST002571,AGT0056,Life,2023-01-06,2024-01-07,3183.3,947244.68,Annual,Cancelled,0,2026-08-01
POL0007155,CUST005396,AGT0054,Motor,2026-02-26,2027-02-07,1551.0,93486.17,Semi-Annual,Cancelled,0,2026-08-01
POL0007156,CUST003392,AGT0010,Life,2024-04-04,2025-03-19,1425.81,1291496.06,Semi-Annual,Renewed,1,2026-08-01
POL0007157,CUST005315,AGT0007,Motor,2025-04-17,2026-03-21,1485.89,129341.47,Semi-Annual,Expired,0,2026-08-01
POL0007158,CUST002098,AGT0050,Home,2024-09-05,2025-08-15,440.89,732233.83,Annual,Renewed,1,2026-08-01
POL0007159,CUST003734,AGT0063,Life,2025-03-27,2026-03-01,6961.67,206651.75,Monthly,Expired,0,2026-08-01
POL0007160,CUST005229,AGT0076,Motor,2025-09-24,2026-10-09,2567.03,53168.5,Monthly,Active,0,2026-08-01
POL0007161,CUST002378,AGT0065,Travel,2026-06-22,2026-07-27,507.59,97988.55,Quarterly,Renewed,1,2026-08-01
POL0007162,CUST005903,AGT0047,Life,2026-06-07,2027-05-06,3980.3,1254459.82,Monthly,Active,0,2026-08-01
POL0007163,CUST005327,AGT0043,Life,2023-12-19,2024-12-22,6802.89,1179608.21,Quarterly,Expired,0,2026-08-01
POL0007164,CUST003583,AGT0033,Medical,2023-01-29,2024-01-30,3803.26,260690.17,Annual,Renewed,1,2026-08-01
POL0007165,CUST002927,AGT0049,Medical,2025-06-18,2026-05-16,1555.77,419299.76,Monthly,Expired,0,2026-08-01
POL0007166,CUST001007,AGT0077,Life,2023-09-23,2024-10-02,2431.25,1341020.15,Semi-Annual,Cancelled,0,2026-08-01
POL0007167,CUST001144,AGT0008,Medical,2024-04-09,2025-04-17,3752.98,316762.98,Annual,Renewed,1,2026-08-01
POL0007168,CUST005286,AGT0039,Life,2025-09-11,2026-10-09,6697.16,309457.57,Quarterly,Active,0,2026-08-01
POL0007169,CUST002074,AGT0036,Motor,2025-02-21,2026-03-08,1398.32,116931.59,Monthly,Expired,0,2026-08-01
POL0007170,CUST005541,AGT0025,Travel,2025-02-21,2025-03-14,152.42,60788.4,Semi-Annual,Cancelled,0,2026-08-01
POL0007171,CUST002179,AGT0068,Home,2025-12-03,2026-12-17,1438.56,373422.78,Semi-Annual,Active,0,2026-08-01
POL0007172,CUST001531,AGT0044,Medical,2025-04-06,2026-04-13,1863.04,452127.01,Monthly,Renewed,1,2026-08-01
POL0007173,CUST003479,AGT0008,Medical,2026-04-21,2027-04-27,1404.56,493396.39,Semi-Annual,Active,0,2026-08-01
POL0007174,CUST001820,AGT0056,Motor,2023-09-16,2024-09-21,2041.68,133560.38,Annual,Renewed,1,2026-08-01
POL0007175,CUST002408,AGT0080,Travel,2024-07-12,2024-08-10,491.53,60753.64,Annual,Renewed,1,2026-08-01
POL0007176,CUST002786,AGT0016,Motor,2024-07-31,2025-07-02,1591.0,64784.02,Annual,Cancelled,0,2026-08-01
POL0007177,CUST004910,AGT0039,Travel,2025-12-23,2026-03-09,102.16,25480.74,Quarterly,Expired,0,2026-08-01
POL0007178,CUST005024,AGT0020,Travel,2025-12-27,2026-03-25,70.31,27765.85,Annual,Renewed,1,2026-08-01
POL0007179,CUST003760,AGT0002,Medical,2024-03-13,2025-02-11,2749.79,83609.24,Monthly,Renewed,1,2026-08-01
POL0007180,CUST005652,AGT0035,Travel,2026-04-16,2026-05-02,536.04,107932.05,Annual,Cancelled,0,2026-08-01
POL0007181,CUST001513,AGT0028,Medical,2025-05-13,2026-05-27,4682.5,135702.56,Monthly,Renewed,1,2026-08-01
POL0007182,CUST003927,AGT0073,Medical,2023-11-05,2024-10-16,3506.25,86806.77,Monthly,Cancelled,0,2026-08-01
POL0007183,CUST002413,AGT0041,Travel,2026-02-21,2026-04-22,445.06,148767.05,Quarterly,Renewed,1,2026-08-01
POL0007184,CUST002528,AGT0051,Medical,2023-08-13,2024-08-27,1738.7,371310.47,Monthly,Renewed,1,2026-08-01
POL0007185,CUST004340,AGT0077,Motor,2025-06-14,2026-07-03,1083.38,116387.04,Annual,Renewed,1,2026-08-01
POL0007186,CUST002002,AGT0043,Life,2026-05-03,2027-04-24,4745.68,866244.21,Monthly,Active,0,2026-08-01
POL0007187,CUST001454,AGT0057,Life,2025-07-11,2026-07-17,3258.14,1440302.26,Annual,Renewed,1,2026-08-01
POL0007188,CUST002869,AGT0043,Life,2024-10-17,2025-10-12,2103.65,961413.61,Annual,Expired,0,2026-08-01
POL0007189,CUST000550,AGT0047,Medical,2025-12-30,2026-12-04,2673.17,66263.99,Annual,Active,0,2026-08-01
POL0007190,CUST003384,AGT0017,Life,2023-09-05,2024-08-10,5468.14,925164.83,Quarterly,Renewed,1,2026-08-01
POL0007191,CUST004267,AGT0078,Motor,2023-11-26,2024-12-15,940.15,88906.5,Monthly,Renewed,1,2026-08-01
POL0007192,CUST000923,AGT0025,Medical,2025-04-22,2026-03-19,1558.7,499612.6,Quarterly,Expired,0,2026-08-01
POL0007193,CUST002440,AGT0024,Motor,2025-09-03,2026-08-04,1853.6,97651.72,Annual,Active,0,2026-08-01
POL0007194,CUST001668,AGT0028,Life,2023-12-25,2024-12-08,4392.46,1196227.36,Monthly,Renewed,1,2026-08-01
POL0007195,CUST000746,AGT0031,Travel,2025-04-13,2025-04-28,182.16,126390.63,Monthly,Renewed,1,2026-08-01
POL0007196,CUST000790,AGT0029,Motor,2025-10-28,2026-11-08,1882.85,28296.24,Annual,Active,0,2026-08-01
POL0007197,CUST002877,AGT0062,Motor,2024-12-14,2025-12-16,1938.03,174167.53,Quarterly,Expired,0,2026-08-01
POL0007198,CUST003284,AGT0058,Travel,2023-08-02,2023-08-16,125.55,87544.48,Monthly,Renewed,1,2026-08-01
POL0007199,CUST003362,AGT0048,Medical,2026-06-28,2027-06-02,4047.81,423293.81,Monthly,Active,0,2026-08-01
POL0007200,CUST000394,AGT0024,Medical,2024-04-12,2025-03-18,1472.79,338428.73,Annual,Expired,0,2026-08-01
POL0007201,CUST000155,AGT0018,Life,2024-06-23,2025-06-27,5598.74,731327.36,Monthly,Renewed,1,2026-08-01
POL0007202,CUST000722,AGT0055,Medical,2025-01-18,2026-01-06,2015.06,173252.89,Monthly,Cancelled,0,2026-08-01
POL0007203,CUST004747,AGT0061,Motor,2023-11-03,2024-11-03,1205.67,50077.43,Annual,Renewed,1,2026-08-01
POL0007204,CUST003866,AGT0033,Travel,2023-04-07,2023-04-25,589.34,112576.59,Annual,Expired,0,2026-08-01
POL0007205,CUST002950,AGT0022,Motor,2026-01-01,2026-12-17,1992.0,32411.78,Semi-Annual,Active,0,2026-08-01
POL0007206,CUST000187,AGT0037,Travel,2025-09-10,2025-12-06,273.32,51639.62,Semi-Annual,Expired,0,2026-08-01
POL0007207,CUST000154,AGT0045,Travel,2023-08-30,2023-09-17,822.81,88305.28,Monthly,Expired,0,2026-08-01
POL0007208,CUST002357,AGT0005,Motor,2024-11-04,2025-10-07,1498.96,55163.68,Quarterly,Renewed,1,2026-08-01
POL0007209,CUST005171,AGT0069,Life,2025-09-01,2026-08-05,3548.64,869713.55,Semi-Annual,Active,0,2026-08-01
POL0007210,CUST000666,AGT0058,Life,2026-07-09,2027-06-17,2363.59,605614.03,Monthly,Active,0,2026-08-01
POL0007211,CUST003512,AGT0023,Home,2026-04-28,2027-04-02,387.18,300779.13,Semi-Annual,Active,0,2026-08-01
POL0007212,CUST003434,AGT0067,Life,2023-03-28,2024-03-28,5951.68,1102194.37,Semi-Annual,Renewed,1,2026-08-01
POL0007213,CUST005780,AGT0061,Medical,2025-12-09,2026-11-19,2405.14,159149.77,Annual,Active,0,2026-08-01
POL0007214,CUST001787,AGT0041,Life,2023-07-05,2024-07-11,4043.7,376030.1,Monthly,Expired,0,2026-08-01
POL0007215,CUST001688,AGT0069,Life,2025-04-07,2026-04-29,5747.72,337538.68,Monthly,Expired,0,2026-08-01
POL0007216,CUST003620,AGT0017,Life,2025-02-12,2026-01-17,1822.08,383799.0,Monthly,Renewed,1,2026-08-01
POL0007217,CUST002476,AGT0026,Medical,2026-04-21,2027-03-27,3596.16,55663.63,Annual,Cancelled,0,2026-08-01
POL0007218,CUST001030,AGT0080,Travel,2025-01-31,2025-03-18,346.99,113000.8,Semi-Annual,Cancelled,0,2026-08-01
POL0007219,CUST003978,AGT0016,Motor,2024-10-01,2025-10-19,2303.51,110470.42,Annual,Renewed,1,2026-08-01
POL0007220,CUST005761,AGT0069,Home,2025-03-03,2026-04-01,883.63,119147.1,Semi-Annual,Cancelled,0,2026-08-01
POL0007221,CUST005484,AGT0070,Medical,2023-04-09,2024-04-24,5005.78,267169.08,Monthly,Expired,0,2026-08-01
POL0007222,CUST000608,AGT0031,Motor,2023-02-09,2024-02-19,1472.34,153598.67,Semi-Annual,Expired,0,2026-08-01
POL0007223,CUST004747,AGT0038,Motor,2025-08-18,2026-08-23,856.76,96695.01,Semi-Annual,Active,0,2026-08-01
POL0007224,CUST004203,AGT0076,Home,2024-10-11,2025-09-19,1120.88,899888.16,Annual,Renewed,1,2026-08-01
POL0007225,CUST003859,AGT0025,Travel,2025-07-25,2025-09-25,162.18,33307.86,Monthly,Renewed,1,2026-08-01
POL0007226,CUST002789,AGT0030,Medical,2024-09-24,2025-10-19,1584.48,326247.12,Semi-Annual,Cancelled,0,2026-08-01
POL0007227,CUST004774,AGT0001,Home,2026-02-05,2027-01-24,1022.85,511620.08,Monthly,Active,0,2026-08-01
POL0007228,CUST003421,AGT0029,Motor,2024-02-13,2025-01-09,1317.24,113715.37,Monthly,Expired,0,2026-08-01
POL0007229,CUST000570,AGT0016,Motor,2024-06-14,2025-05-24,1777.74,102905.98,Annual,Expired,0,2026-08-01
POL0007230,CUST000778,AGT0017,Motor,2023-12-13,2024-12-10,1986.79,109982.72,Quarterly,Expired,0,2026-08-01
POL0007231,CUST004346,AGT0042,Medical,2023-07-09,2024-07-18,4780.25,459384.04,Quarterly,Expired,0,2026-08-01
POL0007232,CUST002436,AGT0062,Medical,2023-06-03,2024-05-26,2207.21,213964.99,Quarterly,Expired,0,2026-08-01
POL0007233,CUST003472,AGT0067,Motor,2023-05-15,2024-05-09,1719.08,125597.46,Annual,Expired,0,2026-08-01
POL0007234,CUST004835,AGT0030,Motor,2023-05-11,2024-05-20,2170.22,55520.45,Semi-Annual,Renewed,1,2026-08-01
POL0007235,CUST001646,AGT0041,Medical,2024-03-27,2025-03-10,3447.54,209863.41,Monthly,Expired,0,2026-08-01
POL0007236,CUST005357,AGT0007,Motor,2024-08-05,2025-08-22,1449.93,106014.12,Quarterly,Expired,0,2026-08-01
POL0007237,CUST001432,AGT0023,Life,2025-11-02,2026-10-19,1699.55,1092227.57,Monthly,Active,0,2026-08-01
POL0007238,CUST002688,AGT0025,Medical,2025-12-13,2026-11-15,1798.03,461048.29,Monthly,Active,0,2026-08-01
POL0007239,CUST001730,AGT0075,Motor,2024-11-12,2025-10-17,866.31,132600.31,Monthly,Cancelled,0,2026-08-01
POL0007240,CUST004195,AGT0068,Motor,2025-02-13,2026-02-01,1906.41,130294.36,Monthly,Expired,0,2026-08-01
POL0007241,CUST000738,AGT0030,Life,2023-08-11,2024-07-08,4134.18,698730.4,Annual,Expired,0,2026-08-01
POL0007242,CUST002003,AGT0014,Travel,2023-12-09,2023-12-26,296.57,50788.68,Semi-Annual,Renewed,1,2026-08-01
POL0007243,CUST001640,AGT0014,Medical,2023-11-13,2024-11-05,4988.48,369517.89,Monthly,Renewed,1,2026-08-01
POL0007244,CUST004329,AGT0041,Life,2024-10-08,2025-11-04,4106.43,623233.28,Monthly,Renewed,1,2026-08-01
POL0007245,CUST000428,AGT0076,Home,2024-03-31,2025-04-29,1784.74,797277.01,Annual,Renewed,1,2026-08-01
POL0007246,CUST003868,AGT0048,Travel,2023-10-02,2023-10-31,350.51,132022.11,Monthly,Renewed,1,2026-08-01
POL0007247,CUST004037,AGT0032,Medical,2024-09-19,2025-10-16,3613.85,85301.98,Semi-Annual,Renewed,1,2026-08-01
POL0007248,CUST004360,AGT0067,Travel,2023-06-04,2023-06-17,304.92,24995.52,Annual,Cancelled,0,2026-08-01
POL0007249,CUST003074,AGT0039,Medical,2026-01-02,2026-12-06,4915.08,257324.37,Annual,Active,0,2026-08-01
POL0007250,CUST003881,AGT0018,Medical,2025-09-17,2026-09-25,2078.13,150945.25,Annual,Active,0,2026-08-01
POL0007251,CUST000767,AGT0067,Life,2026-07-20,2027-07-21,2338.6,435235.72,Semi-Annual,Active,0,2026-08-01
POL0007252,CUST003319,AGT0073,Medical,2023-12-18,2025-01-07,3674.52,234793.77,Semi-Annual,Expired,0,2026-08-01
POL0007253,CUST004184,AGT0024,Travel,2025-02-22,2025-04-07,317.2,121590.46,Quarterly,Expired,0,2026-08-01
POL0007254,CUST001486,AGT0079,Motor,2025-11-27,2026-12-16,2369.6,46446.29,Monthly,Active,0,2026-08-01
POL0007255,CUST001069,AGT0043,Medical,2024-05-23,2025-05-30,1510.34,478428.94,Semi-Annual,Renewed,1,2026-08-01
POL0007256,CUST001795,AGT0020,Motor,2026-05-06,2027-05-19,910.31,116952.22,Monthly,Active,0,2026-08-01
POL0007257,CUST002970,AGT0070,Life,2023-08-28,2024-07-24,1359.0,1171586.98,Quarterly,Expired,0,2026-08-01
POL0007258,CUST000287,AGT0012,Motor,2023-08-13,2024-09-09,1346.02,45298.46,Semi-Annual,Renewed,1,2026-08-01
POL0007259,CUST005521,AGT0021,Medical,2024-10-29,2025-10-29,4385.46,117507.02,Semi-Annual,Renewed,1,2026-08-01
POL0007260,CUST003917,AGT0030,Travel,2024-04-08,2024-06-14,788.53,61125.75,Annual,Renewed,1,2026-08-01
POL0007261,CUST004566,AGT0072,Motor,2025-03-12,2026-03-07,2425.92,163166.3,Semi-Annual,Expired,0,2026-08-01
POL0007262,CUST005094,AGT0076,Motor,2026-01-19,2026-12-23,2476.35,153904.67,Annual,Cancelled,0,2026-08-01
POL0007263,CUST003505,AGT0016,Life,2024-03-03,2025-03-05,2932.5,472401.95,Annual,Expired,0,2026-08-01
POL0007264,CUST004626,AGT0002,Medical,2025-08-25,2026-09-04,3319.55,237313.62,Monthly,Active,0,2026-08-01
POL0007265,CUST003510,AGT0069,Motor,2024-02-28,2025-02-02,1430.96,99965.99,Quarterly,Renewed,1,2026-08-01
POL0007266,CUST004627,AGT0043,Motor,2023-02-27,2024-02-16,2070.31,71940.9,Monthly,Expired,0,2026-08-01
POL0007267,CUST000386,AGT0032,Motor,2025-12-18,2026-12-23,2435.8,172021.59,Monthly,Active,0,2026-08-01
POL0007268,CUST004947,AGT0001,Motor,2024-11-14,2025-10-29,1096.73,128700.06,Quarterly,Renewed,1,2026-08-01
POL0007269,CUST002563,AGT0044,Travel,2025-05-12,2025-06-05,440.59,76063.52,Monthly,Renewed,1,2026-08-01
POL0007270,CUST002864,AGT0011,Motor,2024-05-02,2025-04-04,1607.78,21250.92,Quarterly,Renewed,1,2026-08-01
POL0007271,CUST001843,AGT0045,Medical,2024-08-11,2025-08-09,4812.62,76036.28,Quarterly,Renewed,1,2026-08-01
POL0007272,CUST002405,AGT0013,Motor,2025-12-06,2026-11-08,2394.55,107678.36,Annual,Active,0,2026-08-01
POL0007273,CUST002848,AGT0017,Home,2024-12-29,2026-01-20,1591.86,699523.53,Monthly,Renewed,1,2026-08-01
POL0007274,CUST002227,AGT0011,Travel,2023-07-13,2023-09-09,649.32,100146.13,Semi-Annual,Renewed,1,2026-08-01
POL0007275,CUST005709,AGT0014,Medical,2024-10-21,2025-09-22,4851.55,415118.87,Quarterly,Renewed,1,2026-08-01
POL0007276,CUST003072,AGT0057,Life,2023-06-25,2024-07-20,6982.37,1183573.44,Monthly,Expired,0,2026-08-01
POL0007277,CUST004720,AGT0057,Medical,2023-08-16,2024-08-06,1546.78,411511.61,Annual,Expired,0,2026-08-01
POL0007278,CUST005743,AGT0037,Motor,2026-07-11,2027-06-19,2441.28,117462.8,Annual,Active,0,2026-08-01
POL0007279,CUST003660,AGT0067,Medical,2026-02-11,2027-02-12,3319.64,438166.15,Semi-Annual,Active,0,2026-08-01
POL0007280,CUST002025,AGT0077,Life,2026-02-07,2027-01-09,2758.59,572156.79,Semi-Annual,Active,0,2026-08-01
POL0007281,CUST004229,AGT0011,Medical,2023-04-29,2024-04-20,3390.9,119261.21,Monthly,Renewed,1,2026-08-01
POL0007282,CUST000067,AGT0019,Medical,2026-07-27,2027-08-04,3084.25,410239.17,Annual,Active,0,2026-08-01
POL0007283,CUST004384,AGT0061,Life,2023-10-06,2024-10-01,4337.32,517475.93,Monthly,Expired,0,2026-08-01
POL0007284,CUST000053,AGT0048,Travel,2023-08-21,2023-09-30,354.07,49905.46,Annual,Renewed,1,2026-08-01
POL0007285,CUST002739,AGT0027,Travel,2025-01-04,2025-01-23,570.36,92355.98,Annual,Renewed,1,2026-08-01
POL0007286,CUST001660,AGT0047,Life,2024-05-12,2025-05-19,5127.65,886287.55,Annual,Expired,0,2026-08-01
POL0007287,CUST005199,AGT0048,Life,2024-08-25,2025-09-03,1558.92,205398.95,Monthly,Renewed,1,2026-08-01
POL0007288,CUST003869,AGT0048,Medical,2026-02-05,2027-02-15,4235.27,330951.17,Quarterly,Active,0,2026-08-01
POL0007289,CUST003704,AGT0043,Medical,2025-02-17,2026-02-13,3289.12,152519.15,Annual,Expired,0,2026-08-01
POL0007290,CUST003930,AGT0003,Life,2024-01-27,2024-12-28,6269.52,286549.22,Monthly,Renewed,1,2026-08-01
POL0007291,CUST004429,AGT0060,Motor,2026-04-17,2027-03-29,1971.49,174355.92,Monthly,Active,0,2026-08-01
POL0007292,CUST000957,AGT0016,Travel,2025-07-11,2025-09-13,844.95,57913.37,Monthly,Renewed,1,2026-08-01
POL0007293,CUST000067,AGT0044,Motor,2024-01-09,2024-12-21,2136.18,85849.49,Semi-Annual,Cancelled,0,2026-08-01
POL0007294,CUST005597,AGT0043,Motor,2023-03-12,2024-02-23,1596.6,42909.49,Monthly,Cancelled,0,2026-08-01
POL0007295,CUST003228,AGT0008,Motor,2023-07-16,2024-07-30,1229.83,171467.9,Monthly,Renewed,1,2026-08-01
POL0007296,CUST004019,AGT0024,Travel,2023-09-24,2023-12-01,560.13,22027.25,Annual,Renewed,1,2026-08-01
POL0007297,CUST002186,AGT0023,Motor,2023-06-08,2024-06-01,1695.22,21501.36,Semi-Annual,Renewed,1,2026-08-01
POL0007298,CUST005094,AGT0017,Life,2026-04-23,2027-04-20,3707.04,668023.12,Quarterly,Active,0,2026-08-01
POL0007299,CUST000333,AGT0032,Medical,2023-03-19,2024-03-04,4479.25,104433.98,Monthly,Renewed,1,2026-08-01
POL0007300,CUST002642,AGT0024,Life,2026-05-24,2027-05-30,6520.14,372455.47,Monthly,Active,0,2026-08-01
POL0007301,CUST003877,AGT0046,Life,2025-10-30,2026-11-09,3850.55,502661.8,Monthly,Active,0,2026-08-01
POL0007302,CUST002781,AGT0005,Home,2023-04-10,2024-03-08,346.41,464701.52,Monthly,Renewed,1,2026-08-01
POL0007303,CUST005573,AGT0014,Medical,2024-08-20,2025-08-18,4692.51,450494.29,Monthly,Renewed,1,2026-08-01
POL0007304,CUST000051,AGT0042,Medical,2023-01-10,2024-01-03,1182.92,239997.86,Quarterly,Expired,0,2026-08-01
POL0007305,CUST004397,AGT0027,Motor,2023-12-01,2024-11-24,1608.69,146267.39,Monthly,Renewed,1,2026-08-01
POL0007306,CUST005288,AGT0034,Medical,2023-12-20,2024-12-17,2393.56,482298.52,Monthly,Cancelled,0,2026-08-01
POL0007307,CUST000480,AGT0006,Travel,2025-05-31,2025-07-17,345.13,129720.48,Annual,Renewed,1,2026-08-01
POL0007308,CUST003847,AGT0021,Motor,2023-09-07,2024-09-23,1951.12,156504.23,Annual,Expired,0,2026-08-01
POL0007309,CUST000341,AGT0026,Home,2025-10-13,2026-11-06,1583.56,735241.61,Monthly,Active,0,2026-08-01
POL0007310,CUST003747,AGT0002,Motor,2025-07-10,2026-06-12,2096.08,38337.48,Annual,Renewed,1,2026-08-01
POL0007311,CUST002071,AGT0041,Travel,2026-05-09,2026-06-25,404.18,42212.15,Annual,Expired,0,2026-08-01
POL0007312,CUST004991,AGT0005,Life,2024-12-21,2025-12-23,5672.77,483979.87,Monthly,Cancelled,0,2026-08-01
POL0007313,CUST001432,AGT0075,Home,2024-06-06,2025-06-26,1269.34,633320.53,Semi-Annual,Renewed,1,2026-08-01
POL0007314,CUST002244,AGT0004,Medical,2025-07-29,2026-07-06,3062.54,238546.95,Annual,Renewed,1,2026-08-01
POL0007315,CUST000166,AGT0015,Life,2025-06-20,2026-05-28,3137.78,803599.59,Annual,Expired,0,2026-08-01
POL0007316,CUST004416,AGT0042,Motor,2023-10-02,2024-08-27,1677.86,150035.68,Monthly,Expired,0,2026-08-01
POL0007317,CUST000241,AGT0003,Medical,2023-12-20,2024-12-17,4303.21,64831.65,Quarterly,Expired,0,2026-08-01
POL0007318,CUST004022,AGT0050,Travel,2025-04-15,2025-06-27,601.61,132540.66,Quarterly,Expired,0,2026-08-01
POL0007319,CUST002071,AGT0031,Motor,2026-02-05,2027-03-04,2254.54,110291.42,Monthly,Active,0,2026-08-01
POL0007320,CUST005642,AGT0002,Travel,2024-11-16,2024-12-29,837.9,96893.38,Semi-Annual,Expired,0,2026-08-01
POL0007321,CUST000802,AGT0049,Motor,2026-04-02,2027-04-28,2546.76,64875.76,Monthly,Active,0,2026-08-01
POL0007322,CUST003827,AGT0006,Medical,2024-12-14,2025-11-26,4858.5,124188.67,Monthly,Renewed,1,2026-08-01
POL0007323,CUST001168,AGT0049,Life,2025-04-03,2026-03-01,5575.46,900784.55,Monthly,Renewed,1,2026-08-01
POL0007324,CUST000267,AGT0054,Motor,2024-04-22,2025-05-11,2587.82,154758.82,Annual,Expired,0,2026-08-01
POL0007325,CUST005218,AGT0028,Life,2025-05-11,2026-04-06,3954.25,1158012.61,Monthly,Expired,0,2026-08-01
POL0007326,CUST005296,AGT0049,Home,2023-04-11,2024-05-01,515.13,735750.3,Annual,Expired,0,2026-08-01
POL0007327,CUST005963,AGT0004,Motor,2025-05-12,2026-05-10,2253.04,73986.84,Annual,Expired,0,2026-08-01
POL0007328,CUST001124,AGT0070,Motor,2024-06-08,2025-06-11,1111.53,120604.04,Quarterly,Cancelled,0,2026-08-01
POL0007329,CUST004828,AGT0074,Motor,2025-02-12,2026-01-21,1723.44,110455.33,Monthly,Renewed,1,2026-08-01
POL0007330,CUST002942,AGT0014,Medical,2026-07-14,2027-06-26,4786.69,89964.37,Annual,Active,0,2026-08-01
POL0007331,CUST001397,AGT0041,Life,2024-07-27,2025-07-05,5750.12,854606.23,Semi-Annual,Cancelled,0,2026-08-01
POL0007332,CUST002362,AGT0034,Home,2025-06-04,2026-06-17,773.55,81317.27,Semi-Annual,Cancelled,0,2026-08-01
POL0007333,CUST001056,AGT0063,Medical,2025-08-25,2026-08-20,1980.59,380971.56,Quarterly,Active,0,2026-08-01
POL0007334,CUST003698,AGT0018,Motor,2023-08-08,2024-07-09,1895.24,162232.1,Monthly,Renewed,1,2026-08-01
POL0007335,CUST003471,AGT0032,Motor,2026-06-30,2027-05-29,2161.34,162032.67,Annual,Active,0,2026-08-01
POL0007336,CUST001032,AGT0030,Medical,2024-12-26,2026-01-07,4210.7,195744.61,Semi-Annual,Renewed,1,2026-08-01
POL0007337,CUST004704,AGT0067,Medical,2025-09-01,2026-09-10,4216.91,324764.93,Annual,Active,0,2026-08-01
POL0007338,CUST003389,AGT0042,Home,2023-06-15,2024-05-30,304.29,691821.58,Quarterly,Renewed,1,2026-08-01
POL0007339,CUST003945,AGT0063,Motor,2024-02-09,2025-01-27,2061.81,122466.77,Monthly,Renewed,1,2026-08-01
POL0007340,CUST000808,AGT0007,Travel,2026-05-12,2026-08-09,579.4,21784.91,Semi-Annual,Active,0,2026-08-01
POL0007341,CUST004823,AGT0008,Medical,2024-10-16,2025-09-15,2685.2,286125.9,Quarterly,Expired,0,2026-08-01
POL0007342,CUST002188,AGT0076,Travel,2023-01-29,2023-02-05,848.91,86939.09,Quarterly,Expired,0,2026-08-01
POL0007343,CUST002922,AGT0005,Travel,2025-02-19,2025-03-21,414.59,125232.11,Quarterly,Renewed,1,2026-08-01
POL0007344,CUST000938,AGT0054,Travel,2026-01-18,2026-03-09,115.54,124524.39,Annual,Renewed,1,2026-08-01
POL0007345,CUST005927,AGT0012,Medical,2023-04-18,2024-04-16,1250.53,346465.58,Annual,Renewed,1,2026-08-01
POL0007346,CUST003105,AGT0042,Medical,2023-09-06,2024-09-07,2789.18,119775.66,Annual,Expired,0,2026-08-01
POL0007347,CUST004722,AGT0066,Motor,2024-10-05,2025-10-30,1908.72,109526.39,Quarterly,Renewed,1,2026-08-01
POL0007348,CUST003667,AGT0038,Motor,2024-06-07,2025-06-11,2598.32,161767.92,Annual,Expired,0,2026-08-01
POL0007349,CUST000306,AGT0022,Life,2023-05-14,2024-04-08,3726.23,328082.23,Monthly,Expired,0,2026-08-01
POL0007350,CUST004177,AGT0014,Home,2023-09-09,2024-08-22,1160.09,783088.5,Monthly,Expired,0,2026-08-01
POL0007351,CUST002185,AGT0032,Life,2024-10-29,2025-11-01,6090.42,215977.05,Semi-Annual,Expired,0,2026-08-01
POL0007352,CUST003598,AGT0076,Medical,2025-02-22,2026-02-11,3980.93,483466.06,Annual,Expired,0,2026-08-01
POL0007353,CUST003358,AGT0047,Motor,2023-04-24,2024-04-19,2439.89,174404.49,Semi-Annual,Expired,0,2026-08-01
POL0007354,CUST004709,AGT0038,Life,2025-07-27,2026-08-23,4908.49,1477598.95,Annual,Active,0,2026-08-01
POL0007355,CUST001346,AGT0053,Motor,2024-04-17,2025-05-13,2488.26,74507.41,Quarterly,Expired,0,2026-08-01
POL0007356,CUST005819,AGT0043,Motor,2026-07-29,2027-07-11,1954.04,156566.97,Quarterly,Active,0,2026-08-01
POL0007357,CUST002421,AGT0035,Motor,2026-06-01,2027-05-08,1030.48,74935.64,Annual,Active,0,2026-08-01
POL0007358,CUST004316,AGT0014,Travel,2025-03-19,2025-05-09,331.39,33122.05,Quarterly,Expired,0,2026-08-01
POL0007359,CUST003778,AGT0036,Medical,2023-01-10,2024-01-11,2946.72,244027.35,Monthly,Expired,0,2026-08-01
POL0007360,CUST003392,AGT0022,Home,2023-06-15,2024-06-18,1501.35,737730.76,Monthly,Renewed,1,2026-08-01
POL0007361,CUST003314,AGT0027,Medical,2023-12-25,2024-11-30,2247.77,60996.45,Monthly,Expired,0,2026-08-01
POL0007362,CUST003671,AGT0025,Life,2024-07-29,2025-08-05,4058.24,717443.65,Monthly,Expired,0,2026-08-01
POL0007363,CUST005169,AGT0008,Travel,2024-04-30,2024-07-07,237.13,98372.51,Annual,Expired,0,2026-08-01
POL0007364,CUST001660,AGT0042,Travel,2025-10-10,2025-10-19,355.8,126027.02,Monthly,Renewed,1,2026-08-01
POL0007365,CUST001576,AGT0012,Motor,2025-02-10,2026-01-28,1304.36,59904.28,Monthly,Expired,0,2026-08-01
POL0007366,CUST005930,AGT0033,Motor,2024-01-23,2025-01-14,2491.11,37557.21,Annual,Renewed,1,2026-08-01
POL0007367,CUST005527,AGT0072,Motor,2026-06-15,2027-06-09,2427.88,52433.16,Annual,Active,0,2026-08-01
POL0007368,CUST002370,AGT0068,Medical,2026-03-15,2027-02-22,4067.91,325510.04,Monthly,Active,0,2026-08-01
POL0007369,CUST001933,AGT0078,Motor,2025-04-16,2026-04-26,1020.64,118888.27,Monthly,Expired,0,2026-08-01
POL0007370,CUST004486,AGT0012,Life,2023-10-13,2024-09-21,6665.6,603935.34,Monthly,Renewed,1,2026-08-01
POL0007371,CUST005523,AGT0067,Medical,2026-03-14,2027-02-24,1658.3,282814.96,Quarterly,Active,0,2026-08-01
POL0007372,CUST005689,AGT0066,Home,2025-08-12,2026-08-13,381.79,385860.8,Monthly,Active,0,2026-08-01
POL0007373,CUST001490,AGT0025,Travel,2023-08-01,2023-10-02,94.89,31796.17,Monthly,Renewed,1,2026-08-01
POL0007374,CUST001283,AGT0030,Life,2023-08-16,2024-09-04,2823.55,225977.38,Monthly,Expired,0,2026-08-01
POL0007375,CUST003046,AGT0015,Life,2024-01-13,2025-01-06,2134.23,811543.64,Annual,Renewed,1,2026-08-01
POL0007376,CUST001071,AGT0078,Motor,2025-04-03,2026-05-01,1107.14,168744.8,Semi-Annual,Renewed,1,2026-08-01
POL0007377,CUST005594,AGT0041,Motor,2026-03-05,2027-02-22,1311.12,90008.37,Annual,Active,0,2026-08-01
POL0007378,CUST002115,AGT0024,Medical,2023-07-01,2024-05-27,4704.57,284811.45,Annual,Cancelled,0,2026-08-01
POL0007379,CUST001665,AGT0008,Home,2023-01-07,2023-12-26,1657.45,743076.9,Annual,Renewed,1,2026-08-01
POL0007380,CUST005833,AGT0041,Motor,2025-06-11,2026-06-17,2431.17,107209.71,Monthly,Cancelled,0,2026-08-01
POL0007381,CUST005093,AGT0074,Medical,2024-08-16,2025-07-12,4286.24,74523.28,Annual,Renewed,1,2026-08-01
POL0007382,CUST005651,AGT0031,Travel,2023-04-13,2023-06-05,581.16,68892.19,Annual,Renewed,1,2026-08-01
POL0007383,CUST003008,AGT0062,Medical,2024-08-14,2025-08-30,3475.01,60017.59,Quarterly,Expired,0,2026-08-01
POL0007384,CUST004757,AGT0028,Home,2023-02-22,2024-03-16,1790.77,834095.54,Annual,Expired,0,2026-08-01
POL0007385,CUST002519,AGT0078,Home,2026-05-21,2027-06-03,768.44,883414.17,Annual,Active,0,2026-08-01
POL0007386,CUST000421,AGT0051,Motor,2026-02-01,2027-01-13,2121.57,55759.5,Annual,Active,0,2026-08-01
POL0007387,CUST003983,AGT0069,Life,2024-08-10,2025-08-21,1576.69,862693.59,Monthly,Expired,0,2026-08-01
POL0007388,CUST000479,AGT0049,Motor,2025-12-12,2026-12-28,958.07,32184.64,Annual,Active,0,2026-08-01
POL0007389,CUST001192,AGT0033,Medical,2026-03-30,2027-03-22,3457.32,149461.02,Monthly,Active,0,2026-08-01
POL0007390,CUST001780,AGT0004,Travel,2023-02-09,2023-02-21,737.09,31389.04,Annual,Cancelled,0,2026-08-01
POL0007391,CUST003953,AGT0026,Motor,2025-02-04,2026-02-01,2423.66,20631.17,Annual,Renewed,1,2026-08-01
POL0007392,CUST004667,AGT0019,Home,2023-10-18,2024-10-09,341.31,615636.25,Monthly,Expired,0,2026-08-01
POL0007393,CUST001060,AGT0067,Home,2024-01-28,2025-02-04,726.47,437752.37,Semi-Annual,Expired,0,2026-08-01
POL0007394,CUST004409,AGT0046,Life,2025-04-10,2026-05-09,6161.85,1073411.62,Annual,Renewed,1,2026-08-01
POL0007395,CUST004266,AGT0048,Medical,2023-07-13,2024-08-09,3312.5,486358.88,Monthly,Renewed,1,2026-08-01
POL0007396,CUST003583,AGT0079,Motor,2026-04-16,2027-03-13,1098.05,163328.44,Annual,Active,0,2026-08-01
POL0007397,CUST003664,AGT0071,Medical,2024-10-02,2025-09-15,2917.55,66231.02,Monthly,Renewed,1,2026-08-01
POL0007398,CUST002409,AGT0054,Motor,2026-02-10,2027-03-01,2220.02,85426.05,Quarterly,Active,0,2026-08-01
POL0007399,CUST000840,AGT0027,Motor,2023-01-24,2024-02-07,2198.87,169681.35,Annual,Cancelled,0,2026-08-01
POL0007400,CUST000803,AGT0009,Motor,2025-10-31,2026-11-13,2346.14,173979.4,Quarterly,Active,0,2026-08-01
POL0007401,CUST000605,AGT0044,Life,2024-03-14,2025-03-19,1324.5,1113036.4,Monthly,Renewed,1,2026-08-01
POL0007402,CUST002876,AGT0080,Motor,2025-07-11,2026-07-04,1355.34,60491.71,Quarterly,Renewed,1,2026-08-01
POL0007403,CUST003645,AGT0037,Motor,2024-11-14,2025-11-20,1345.69,88911.1,Monthly,Expired,0,2026-08-01
POL0007404,CUST000863,AGT0079,Life,2025-01-21,2026-02-09,2702.38,495049.88,Annual,Renewed,1,2026-08-01
POL0007405,CUST000729,AGT0015,Motor,2024-12-30,2025-12-01,1585.71,60617.63,Annual,Expired,0,2026-08-01
POL0007406,CUST004170,AGT0005,Medical,2024-09-22,2025-08-18,2740.73,166404.98,Annual,Expired,0,2026-08-01
POL0007407,CUST003751,AGT0044,Motor,2024-08-03,2025-08-18,1519.74,130256.07,Semi-Annual,Cancelled,0,2026-08-01
POL0007408,CUST005594,AGT0030,Motor,2026-06-25,2027-05-25,1584.68,132668.98,Annual,Active,0,2026-08-01
POL0007409,CUST005995,AGT0007,Motor,2026-06-13,2027-06-05,1361.87,111143.79,Monthly,Cancelled,0,2026-08-01
POL0007410,CUST005927,AGT0076,Motor,2025-02-07,2026-01-11,2566.1,170492.9,Monthly,Renewed,1,2026-08-01
POL0007411,CUST000738,AGT0030,Medical,2023-07-13,2024-06-28,3396.36,392436.4,Semi-Annual,Renewed,1,2026-08-01
POL0007412,CUST002192,AGT0021,Motor,2023-03-11,2024-02-16,1634.43,87264.01,Semi-Annual,Renewed,1,2026-08-01
POL0007413,CUST002843,AGT0043,Motor,2026-07-27,2027-07-20,1231.37,151715.01,Monthly,Active,0,2026-08-01
POL0007414,CUST004434,AGT0068,Life,2023-08-30,2024-07-25,2681.95,439260.02,Monthly,Renewed,1,2026-08-01
POL0007415,CUST005547,AGT0012,Life,2025-06-22,2026-07-14,5604.0,681677.83,Monthly,Renewed,1,2026-08-01
POL0007416,CUST004994,AGT0030,Medical,2025-07-17,2026-07-28,2744.61,73735.63,Monthly,Renewed,1,2026-08-01
POL0007417,CUST005623,AGT0061,Home,2025-12-14,2026-12-22,788.45,830300.87,Monthly,Active,0,2026-08-01
POL0007418,CUST000112,AGT0054,Travel,2024-02-05,2024-03-13,206.97,55876.72,Annual,Renewed,1,2026-08-01
POL0007419,CUST000180,AGT0016,Life,2025-04-09,2026-03-05,6966.34,243973.66,Quarterly,Expired,0,2026-08-01
POL0007420,CUST002467,AGT0003,Medical,2024-08-18,2025-08-18,2520.01,397740.03,Quarterly,Renewed,1,2026-08-01
POL0007421,CUST004849,AGT0059,Motor,2023-10-08,2024-09-17,1146.8,171176.32,Monthly,Renewed,1,2026-08-01
POL0007422,CUST001960,AGT0017,Medical,2025-08-09,2026-08-30,4097.81,427552.01,Annual,Active,0,2026-08-01
POL0007423,CUST001432,AGT0002,Medical,2025-09-08,2026-09-18,4792.79,195486.18,Monthly,Cancelled,0,2026-08-01
POL0007424,CUST001431,AGT0071,Home,2024-11-07,2025-10-08,1434.99,898152.45,Semi-Annual,Cancelled,0,2026-08-01
POL0007425,CUST004480,AGT0056,Home,2026-01-13,2027-02-04,858.35,306201.63,Monthly,Active,0,2026-08-01
POL0007426,CUST004723,AGT0037,Motor,2025-03-23,2026-03-27,2118.82,56853.26,Quarterly,Expired,0,2026-08-01
POL0007427,CUST002131,AGT0033,Home,2025-09-09,2026-09-09,778.61,244569.35,Monthly,Active,0,2026-08-01
POL0007428,CUST000345,AGT0070,Life,2025-09-07,2026-08-11,4028.24,120896.16,Quarterly,Active,0,2026-08-01
POL0007429,CUST001350,AGT0064,Life,2026-02-16,2027-02-20,1793.75,913337.91,Annual,Active,0,2026-08-01
POL0007430,CUST001737,AGT0043,Home,2025-04-13,2026-04-02,728.26,682882.44,Monthly,Renewed,1,2026-08-01
POL0007431,CUST002825,AGT0045,Medical,2023-03-25,2024-03-07,3134.49,323815.72,Monthly,Cancelled,0,2026-08-01
POL0007432,CUST002302,AGT0043,Medical,2026-06-10,2027-05-20,1308.44,289691.94,Monthly,Active,0,2026-08-01
POL0007433,CUST001056,AGT0031,Travel,2026-06-11,2026-07-10,639.81,103388.6,Monthly,Cancelled,0,2026-08-01
POL0007434,CUST005924,AGT0041,Motor,2025-08-09,2026-08-29,1543.2,159391.26,Monthly,Active,0,2026-08-01
POL0007435,CUST002546,AGT0054,Life,2026-05-12,2027-05-05,4274.66,532080.46,Annual,Active,0,2026-08-01
POL0007436,CUST001331,AGT0052,Travel,2023-09-27,2023-12-13,423.06,81881.73,Quarterly,Renewed,1,2026-08-01
POL0007437,CUST002369,AGT0032,Travel,2026-03-18,2026-05-25,621.57,137349.73,Semi-Annual,Renewed,1,2026-08-01
POL0007438,CUST004469,AGT0067,Motor,2023-06-18,2024-06-04,1945.06,63422.05,Annual,Renewed,1,2026-08-01
POL0007439,CUST005778,AGT0029,Life,2025-04-13,2026-04-15,5289.17,166155.14,Monthly,Renewed,1,2026-08-01
POL0007440,CUST002672,AGT0060,Motor,2024-10-31,2025-09-28,1218.1,73265.23,Monthly,Renewed,1,2026-08-01
POL0007441,CUST003253,AGT0035,Travel,2026-01-11,2026-02-01,555.99,106307.9,Monthly,Renewed,1,2026-08-01
POL0007442,CUST001807,AGT0076,Medical,2024-11-28,2025-12-06,3188.18,78441.57,Monthly,Expired,0,2026-08-01
POL0007443,CUST004183,AGT0057,Life,2025-03-01,2026-01-30,1631.32,374983.76,Monthly,Expired,0,2026-08-01
POL0007444,CUST004120,AGT0058,Travel,2024-02-18,2024-02-28,103.87,76038.67,Semi-Annual,Renewed,1,2026-08-01
POL0007445,CUST001050,AGT0050,Medical,2024-10-05,2025-09-22,3440.1,218803.45,Quarterly,Renewed,1,2026-08-01
POL0007446,CUST003294,AGT0015,Medical,2024-04-26,2025-04-28,3453.0,465081.47,Monthly,Cancelled,0,2026-08-01
POL0007447,CUST005984,AGT0074,Medical,2026-05-01,2027-05-18,4245.27,288375.41,Monthly,Active,0,2026-08-01
POL0007448,CUST001405,AGT0057,Life,2024-12-11,2025-12-08,5636.7,1343682.61,Quarterly,Expired,0,2026-08-01
POL0007449,CUST002987,AGT0001,Life,2023-09-29,2024-09-11,3842.93,660209.58,Monthly,Renewed,1,2026-08-01
POL0007450,CUST004030,AGT0024,Travel,2023-03-01,2023-05-05,398.82,95773.87,Monthly,Renewed,1,2026-08-01
POL0007451,CUST000452,AGT0013,Motor,2026-01-18,2027-01-28,1499.36,110350.91,Monthly,Active,0,2026-08-01
POL0007452,CUST003129,AGT0011,Medical,2025-03-26,2026-04-07,4958.94,122350.79,Quarterly,Expired,0,2026-08-01
POL0007453,CUST003656,AGT0040,Medical,2024-07-29,2025-07-11,3895.26,56677.62,Monthly,Renewed,1,2026-08-01
POL0007454,CUST003267,AGT0064,Motor,2024-01-08,2024-12-08,1428.08,63016.32,Monthly,Cancelled,0,2026-08-01
POL0007455,CUST001909,AGT0054,Life,2024-01-17,2024-12-27,5279.12,172135.6,Monthly,Expired,0,2026-08-01
POL0007456,CUST004831,AGT0075,Medical,2025-03-23,2026-04-05,3268.32,385556.01,Annual,Renewed,1,2026-08-01
POL0007457,CUST001764,AGT0008,Motor,2024-10-23,2025-10-01,1836.47,155273.18,Semi-Annual,Renewed,1,2026-08-01
POL0007458,CUST003063,AGT0051,Life,2024-11-28,2025-12-14,6505.97,577011.35,Quarterly,Expired,0,2026-08-01
POL0007459,CUST001903,AGT0024,Medical,2025-04-12,2026-04-05,3546.96,128942.65,Annual,Expired,0,2026-08-01
POL0007460,CUST005114,AGT0002,Life,2026-04-26,2027-04-11,6456.28,309308.04,Annual,Active,0,2026-08-01
POL0007461,CUST002703,AGT0080,Motor,2023-08-27,2024-08-08,1754.11,101495.6,Annual,Expired,0,2026-08-01
POL0007462,CUST002315,AGT0011,Motor,2025-04-02,2026-03-02,2179.11,90819.96,Quarterly,Renewed,1,2026-08-01
POL0007463,CUST001723,AGT0027,Motor,2025-09-08,2026-08-27,1750.49,171003.31,Quarterly,Active,0,2026-08-01
POL0007464,CUST003217,AGT0042,Medical,2024-10-01,2025-10-27,3375.18,458398.98,Annual,Expired,0,2026-08-01
POL0007465,CUST004673,AGT0031,Life,2024-05-30,2025-06-02,3695.21,1428667.11,Monthly,Renewed,1,2026-08-01
POL0007466,CUST003741,AGT0013,Life,2024-11-19,2025-12-05,5013.44,1013982.05,Quarterly,Renewed,1,2026-08-01
POL0007467,CUST001074,AGT0020,Motor,2025-07-08,2026-07-27,921.86,155805.37,Annual,Expired,0,2026-08-01
POL0007468,CUST000120,AGT0055,Life,2024-03-23,2025-04-03,5163.11,1230110.65,Annual,Renewed,1,2026-08-01
POL0007469,CUST000852,AGT0002,Medical,2023-07-25,2024-08-08,3192.44,184111.63,Quarterly,Renewed,1,2026-08-01
POL0007470,CUST005349,AGT0005,Travel,2023-04-20,2023-06-07,632.66,100037.56,Annual,Expired,0,2026-08-01
POL0007471,CUST000627,AGT0023,Motor,2023-03-15,2024-03-07,819.0,101010.64,Monthly,Renewed,1,2026-08-01
POL0007472,CUST001066,AGT0079,Life,2026-03-27,2027-03-19,2890.14,897240.68,Annual,Active,0,2026-08-01
POL0007473,CUST002463,AGT0013,Life,2023-07-31,2024-07-14,4488.72,715148.53,Quarterly,Cancelled,0,2026-08-01
POL0007474,CUST001119,AGT0053,Life,2025-05-12,2026-04-09,3890.94,449167.7,Annual,Expired,0,2026-08-01
POL0007475,CUST000678,AGT0031,Medical,2023-08-24,2024-08-31,1459.02,407970.04,Quarterly,Renewed,1,2026-08-01
POL0007476,CUST001123,AGT0041,Motor,2024-11-17,2025-11-24,896.77,44670.17,Semi-Annual,Expired,0,2026-08-01
POL0007477,CUST000151,AGT0019,Motor,2025-09-22,2026-09-15,1526.66,63205.52,Monthly,Active,0,2026-08-01
POL0007478,CUST003093,AGT0074,Travel,2023-07-11,2023-09-26,388.85,126030.23,Monthly,Renewed,1,2026-08-01
POL0007479,CUST001767,AGT0033,Life,2024-10-05,2025-10-19,3403.19,1356732.25,Quarterly,Cancelled,0,2026-08-01
POL0007480,CUST001733,AGT0004,Life,2024-07-08,2025-08-01,6647.41,1409507.44,Annual,Expired,0,2026-08-01
POL0007481,CUST005881,AGT0022,Medical,2025-09-25,2026-10-16,1864.06,479353.38,Monthly,Active,0,2026-08-01
POL0007482,CUST005501,AGT0026,Motor,2025-01-10,2025-12-28,2088.03,43176.02,Monthly,Renewed,1,2026-08-01
POL0007483,CUST000066,AGT0074,Medical,2025-09-03,2026-08-17,1763.1,292788.64,Monthly,Active,0,2026-08-01
POL0007484,CUST005445,AGT0003,Life,2025-02-06,2026-02-02,1459.65,350834.07,Semi-Annual,Renewed,1,2026-08-01
POL0007485,CUST000384,AGT0024,Motor,2023-11-17,2024-11-06,1918.39,97831.23,Monthly,Expired,0,2026-08-01
POL0007486,CUST003525,AGT0015,Home,2025-01-10,2026-01-19,1564.96,685525.44,Annual,Renewed,1,2026-08-01
POL0007487,CUST003499,AGT0016,Motor,2026-04-05,2027-03-02,1394.32,176038.55,Monthly,Active,0,2026-08-01
POL0007488,CUST003712,AGT0079,Life,2024-06-14,2025-05-27,4349.92,1456477.09,Quarterly,Renewed,1,2026-08-01
POL0007489,CUST002988,AGT0061,Motor,2025-10-02,2026-09-25,1934.57,112425.66,Annual,Active,0,2026-08-01
POL0007490,CUST004001,AGT0076,Travel,2025-05-19,2025-07-18,588.32,70979.28,Monthly,Renewed,1,2026-08-01
POL0007491,CUST000626,AGT0065,Travel,2023-04-22,2023-05-23,536.81,66718.87,Monthly,Expired,0,2026-08-01
POL0007492,CUST002699,AGT0069,Medical,2023-04-23,2024-03-28,4766.84,296022.18,Semi-Annual,Expired,0,2026-08-01
POL0007493,CUST005369,AGT0046,Medical,2025-01-18,2026-02-12,1768.39,102826.7,Monthly,Expired,0,2026-08-01
POL0007494,CUST003367,AGT0042,Home,2023-09-12,2024-08-13,1412.21,389518.23,Quarterly,Expired,0,2026-08-01
POL0007495,CUST004047,AGT0028,Life,2024-06-23,2025-06-14,6692.01,287024.51,Monthly,Renewed,1,2026-08-01
POL0007496,CUST000400,AGT0006,Motor,2024-08-06,2025-07-19,1429.26,29878.88,Quarterly,Renewed,1,2026-08-01
POL0007497,CUST002969,AGT0067,Travel,2024-08-23,2024-09-01,674.84,144902.78,Monthly,Expired,0,2026-08-01
POL0007498,CUST000596,AGT0031,Medical,2025-08-06,2026-08-19,3578.67,192902.54,Annual,Active,0,2026-08-01
POL0007499,CUST003263,AGT0054,Motor,2024-04-24,2025-04-10,1297.03,95675.83,Monthly,Renewed,1,2026-08-01
POL0007500,CUST002056,AGT0077,Travel,2023-05-14,2023-07-18,379.78,110485.57,Annual,Expired,0,2026-08-01
POL0007501,CUST004778,AGT0031,Home,2024-10-10,2025-09-11,1614.78,498078.83,Annual,Expired,0,2026-08-01
POL0007502,CUST004715,AGT0012,Motor,2026-02-05,2027-03-06,1665.57,163914.37,Annual,Active,0,2026-08-01
POL0007503,CUST000589,AGT0032,Medical,2024-04-09,2025-04-13,2231.37,459314.38,Annual,Cancelled,0,2026-08-01
POL0007504,CUST002236,AGT0077,Motor,2025-09-25,2026-10-20,2593.7,64464.79,Annual,Active,0,2026-08-01
POL0007505,CUST005600,AGT0001,Travel,2024-08-27,2024-09-30,298.44,75697.73,Annual,Renewed,1,2026-08-01
POL0007506,CUST000090,AGT0021,Travel,2023-09-11,2023-11-15,93.3,46026.68,Quarterly,Expired,0,2026-08-01
POL0007507,CUST000676,AGT0005,Home,2024-12-12,2025-12-11,598.94,843516.52,Annual,Expired,0,2026-08-01
POL0007508,CUST005606,AGT0062,Motor,2024-09-21,2025-09-04,2539.52,29628.41,Annual,Expired,0,2026-08-01
POL0007509,CUST002752,AGT0011,Motor,2025-08-12,2026-08-27,1359.68,149028.5,Annual,Active,0,2026-08-01
POL0007510,CUST003713,AGT0022,Medical,2025-06-17,2026-06-14,4615.94,423970.76,Semi-Annual,Renewed,1,2026-08-01
POL0007511,CUST001486,AGT0020,Motor,2023-07-17,2024-07-29,2369.55,160586.52,Annual,Renewed,1,2026-08-01
POL0007512,CUST002498,AGT0004,Motor,2023-03-16,2024-02-10,838.89,123996.94,Quarterly,Renewed,1,2026-08-01
POL0007513,CUST003992,AGT0075,Motor,2023-06-24,2024-05-26,2121.84,102531.06,Monthly,Expired,0,2026-08-01
POL0007514,CUST001862,AGT0031,Life,2025-05-22,2026-06-08,4351.72,944980.88,Monthly,Expired,0,2026-08-01
POL0007515,CUST005039,AGT0066,Life,2024-10-12,2025-10-04,4823.39,367823.81,Semi-Annual,Expired,0,2026-08-01
POL0007516,CUST005554,AGT0042,Travel,2024-05-08,2024-05-17,405.31,42815.05,Monthly,Expired,0,2026-08-01
POL0007517,CUST003701,AGT0004,Motor,2024-09-12,2025-09-29,1025.82,146780.73,Monthly,Expired,0,2026-08-01
POL0007518,CUST001576,AGT0015,Travel,2023-01-01,2023-03-07,169.47,90855.39,Monthly,Renewed,1,2026-08-01
POL0007519,CUST001344,AGT0002,Medical,2025-01-06,2025-12-02,1109.26,469467.73,Monthly,Renewed,1,2026-08-01
POL0007520,CUST000141,AGT0020,Medical,2023-07-31,2024-07-31,2098.07,170424.7,Annual,Expired,0,2026-08-01
POL0007521,CUST004677,AGT0047,Life,2025-03-12,2026-02-14,5000.95,495509.87,Monthly,Expired,0,2026-08-01
POL0007522,CUST005384,AGT0010,Travel,2023-07-26,2023-08-04,282.25,86348.11,Annual,Renewed,1,2026-08-01
POL0007523,CUST005656,AGT0031,Motor,2023-12-25,2024-12-16,1483.29,32625.02,Monthly,Cancelled,0,2026-08-01
POL0007524,CUST005865,AGT0003,Travel,2026-05-19,2026-08-17,525.02,116532.93,Monthly,Active,0,2026-08-01
POL0007525,CUST000966,AGT0065,Life,2025-04-26,2026-04-24,4883.53,333597.91,Annual,Renewed,1,2026-08-01
POL0007526,CUST004191,AGT0029,Life,2026-03-02,2027-02-08,6192.62,887255.27,Annual,Active,0,2026-08-01
POL0007527,CUST001522,AGT0078,Travel,2024-10-09,2025-01-06,344.73,32833.14,Semi-Annual,Expired,0,2026-08-01
POL0007528,CUST001047,AGT0027,Life,2025-08-04,2026-08-11,5428.06,672792.36,Monthly,Active,0,2026-08-01
POL0007529,CUST003178,AGT0040,Life,2024-10-10,2025-11-02,3202.21,882149.18,Monthly,Renewed,1,2026-08-01
POL0007530,CUST004057,AGT0040,Medical,2025-04-03,2026-03-07,3984.22,288605.78,Monthly,Expired,0,2026-08-01
POL0007531,CUST004439,AGT0015,Medical,2025-02-15,2026-03-01,4912.62,488841.54,Annual,Renewed,1,2026-08-01
POL0007532,CUST002951,AGT0060,Travel,2023-01-06,2023-01-20,325.44,107134.3,Quarterly,Cancelled,0,2026-08-01
POL0007533,CUST000762,AGT0072,Home,2025-03-11,2026-04-07,1042.9,517177.62,Annual,Expired,0,2026-08-01
POL0007534,CUST000410,AGT0069,Life,2023-06-20,2024-06-22,2641.36,1014821.13,Semi-Annual,Renewed,1,2026-08-01
POL0007535,CUST000304,AGT0034,Travel,2025-03-17,2025-04-28,472.87,116139.75,Annual,Expired,0,2026-08-01
POL0007536,CUST004602,AGT0062,Life,2023-06-06,2024-06-07,4201.72,1436575.18,Annual,Renewed,1,2026-08-01
POL0007537,CUST003402,AGT0034,Travel,2025-12-21,2026-01-20,701.56,39149.47,Monthly,Renewed,1,2026-08-01
POL0007538,CUST002053,AGT0012,Motor,2025-02-04,2026-01-07,2206.57,134262.33,Monthly,Expired,0,2026-08-01
POL0007539,CUST004784,AGT0057,Medical,2024-10-14,2025-09-15,2740.25,55773.96,Monthly,Expired,0,2026-08-01
POL0007540,CUST002138,AGT0033,Medical,2026-05-10,2027-05-10,1721.48,52855.15,Monthly,Active,0,2026-08-01
POL0007541,CUST001786,AGT0030,Medical,2026-05-14,2027-06-01,2063.65,371173.44,Monthly,Active,0,2026-08-01
POL0007542,CUST004845,AGT0006,Life,2024-01-01,2025-01-02,4111.83,875961.76,Annual,Expired,0,2026-08-01
POL0007543,CUST003498,AGT0019,Home,2026-05-21,2027-06-16,1754.92,735670.31,Monthly,Active,0,2026-08-01
POL0007544,CUST004063,AGT0034,Travel,2024-07-07,2024-08-13,596.39,69094.64,Quarterly,Expired,0,2026-08-01
POL0007545,CUST004821,AGT0060,Travel,2024-03-14,2024-04-02,271.41,39847.7,Annual,Renewed,1,2026-08-01
POL0007546,CUST001878,AGT0032,Travel,2026-05-15,2026-06-30,844.01,103646.05,Monthly,Renewed,1,2026-08-01
POL0007547,CUST000173,AGT0015,Travel,2026-02-25,2026-04-05,720.1,87698.98,Semi-Annual,Renewed,1,2026-08-01
POL0007548,CUST003983,AGT0032,Life,2026-01-21,2027-02-02,3768.34,517766.11,Quarterly,Active,0,2026-08-01
POL0007549,CUST002017,AGT0004,Motor,2024-07-04,2025-06-05,2031.37,94507.2,Annual,Expired,0,2026-08-01
POL0007550,CUST005823,AGT0037,Travel,2025-02-10,2025-04-16,150.99,91289.67,Annual,Renewed,1,2026-08-01
POL0007551,CUST001820,AGT0040,Motor,2026-06-27,2027-07-25,2569.4,52987.06,Annual,Active,0,2026-08-01
POL0007552,CUST004785,AGT0057,Life,2023-02-23,2024-02-02,2134.63,1127284.28,Monthly,Renewed,1,2026-08-01
POL0007553,CUST004339,AGT0003,Motor,2026-04-27,2027-03-28,2334.72,117190.45,Annual,Active,0,2026-08-01
POL0007554,CUST004247,AGT0051,Medical,2026-05-05,2027-05-28,3001.64,79664.34,Annual,Active,0,2026-08-01
POL0007555,CUST003998,AGT0064,Medical,2024-07-28,2025-08-21,4143.41,275233.51,Quarterly,Renewed,1,2026-08-01
POL0007556,CUST000450,AGT0065,Life,2023-02-19,2024-02-19,3109.4,477762.18,Semi-Annual,Renewed,1,2026-08-01
POL0007557,CUST004961,AGT0079,Travel,2024-04-01,2024-05-12,462.0,135537.94,Monthly,Renewed,1,2026-08-01
POL0007558,CUST001614,AGT0055,Motor,2023-05-19,2024-05-12,1872.72,92095.15,Annual,Expired,0,2026-08-01
POL0007559,CUST003292,AGT0076,Motor,2025-06-15,2026-07-11,1543.07,42982.48,Monthly,Expired,0,2026-08-01
POL0007560,CUST001542,AGT0028,Home,2024-04-09,2025-04-10,998.69,625992.82,Quarterly,Renewed,1,2026-08-01
POL0007561,CUST001368,AGT0012,Motor,2024-04-25,2025-04-03,2556.36,62272.8,Semi-Annual,Expired,0,2026-08-01
POL0007562,CUST002281,AGT0001,Life,2025-01-08,2026-01-18,3830.3,1443095.6,Annual,Expired,0,2026-08-01
POL0007563,CUST002599,AGT0075,Travel,2025-05-13,2025-07-11,186.85,24582.76,Annual,Expired,0,2026-08-01
POL0007564,CUST005452,AGT0010,Life,2023-06-20,2024-05-18,4021.59,283746.4,Semi-Annual,Renewed,1,2026-08-01
POL0007565,CUST002377,AGT0009,Motor,2024-07-04,2025-07-03,2429.35,178861.79,Monthly,Renewed,1,2026-08-01
POL0007566,CUST005682,AGT0059,Life,2023-05-03,2024-05-02,2665.38,1427431.16,Annual,Expired,0,2026-08-01
POL0007567,CUST004007,AGT0029,Home,2024-10-17,2025-11-01,757.98,130049.94,Monthly,Cancelled,0,2026-08-01
POL0007568,CUST003820,AGT0042,Medical,2024-03-09,2025-03-10,2131.55,220546.6,Annual,Renewed,1,2026-08-01
POL0007569,CUST005724,AGT0007,Life,2024-05-09,2025-04-17,3357.25,1416872.47,Monthly,Expired,0,2026-08-01
POL0007570,CUST005957,AGT0034,Motor,2023-08-25,2024-08-29,1650.4,63322.29,Quarterly,Expired,0,2026-08-01
POL0007571,CUST002747,AGT0066,Home,2025-11-07,2026-10-11,802.0,784737.89,Monthly,Active,0,2026-08-01
POL0007572,CUST002381,AGT0046,Motor,2024-01-02,2025-01-01,1135.63,103387.79,Semi-Annual,Expired,0,2026-08-01
POL0007573,CUST003834,AGT0018,Motor,2025-02-24,2026-02-04,1411.47,149226.15,Semi-Annual,Expired,0,2026-08-01
POL0007574,CUST001226,AGT0013,Motor,2025-04-23,2026-05-23,1547.2,126168.82,Monthly,Expired,0,2026-08-01
POL0007575,CUST001067,AGT0054,Home,2025-06-12,2026-06-26,1034.27,739629.86,Monthly,Expired,0,2026-08-01
POL0007576,CUST001879,AGT0057,Life,2023-01-10,2024-01-24,5001.26,582139.64,Annual,Renewed,1,2026-08-01
POL0007577,CUST003447,AGT0062,Motor,2025-12-08,2026-11-03,2130.11,177537.01,Monthly,Active,0,2026-08-01
POL0007578,CUST005989,AGT0010,Motor,2025-05-02,2026-04-25,2286.66,83286.18,Annual,Expired,0,2026-08-01
POL0007579,CUST004371,AGT0031,Travel,2025-11-06,2026-01-20,258.26,24962.71,Annual,Expired,0,2026-08-01
POL0007580,CUST001846,AGT0006,Motor,2025-08-24,2026-08-21,1907.44,142880.55,Monthly,Cancelled,0,2026-08-01
POL0007581,CUST004583,AGT0064,Life,2024-10-27,2025-09-28,2266.62,404716.01,Annual,Renewed,1,2026-08-01
POL0007582,CUST003096,AGT0021,Life,2025-08-29,2026-08-28,4796.03,229789.52,Monthly,Active,0,2026-08-01
POL0007583,CUST005842,AGT0027,Travel,2023-11-29,2023-12-10,786.04,109063.53,Monthly,Expired,0,2026-08-01
POL0007584,CUST003682,AGT0046,Life,2024-03-21,2025-04-02,6252.82,1191599.26,Monthly,Cancelled,0,2026-08-01
POL0007585,CUST005926,AGT0012,Travel,2024-04-19,2024-06-01,540.39,102316.3,Annual,Renewed,1,2026-08-01
POL0007586,CUST004667,AGT0062,Motor,2024-05-23,2025-05-26,1297.89,59245.97,Monthly,Expired,0,2026-08-01
POL0007587,CUST003093,AGT0037,Medical,2024-12-22,2026-01-15,1583.5,144378.95,Monthly,Cancelled,0,2026-08-01
POL0007588,CUST004700,AGT0045,Motor,2025-08-19,2026-09-16,1602.65,70106.01,Annual,Active,0,2026-08-01
POL0007589,CUST005164,AGT0057,Medical,2023-11-09,2024-10-24,2674.27,359607.67,Monthly,Expired,0,2026-08-01
POL0007590,CUST001249,AGT0053,Life,2024-03-04,2025-03-13,5113.54,182975.26,Monthly,Expired,0,2026-08-01
POL0007591,CUST004423,AGT0004,Life,2025-10-17,2026-11-11,1816.79,1305573.28,Annual,Active,0,2026-08-01
POL0007592,CUST005948,AGT0008,Home,2025-10-18,2026-09-18,369.13,869634.42,Annual,Active,0,2026-08-01
POL0007593,CUST003148,AGT0065,Home,2023-10-27,2024-10-28,1388.43,805683.48,Semi-Annual,Renewed,1,2026-08-01
POL0007594,CUST002721,AGT0071,Motor,2023-05-16,2024-05-29,1883.2,87755.02,Quarterly,Renewed,1,2026-08-01
POL0007595,CUST000181,AGT0021,Life,2024-03-14,2025-02-21,3253.49,838018.39,Annual,Cancelled,0,2026-08-01
POL0007596,CUST004435,AGT0002,Life,2023-06-05,2024-05-19,5518.05,819712.36,Quarterly,Expired,0,2026-08-01
POL0007597,CUST005863,AGT0055,Home,2025-04-06,2026-04-27,965.13,569660.13,Monthly,Expired,0,2026-08-01
POL0007598,CUST003695,AGT0079,Motor,2025-07-30,2026-07-06,2225.1,156772.02,Quarterly,Renewed,1,2026-08-01
POL0007599,CUST005792,AGT0010,Life,2025-06-30,2026-06-14,6057.87,1311728.37,Semi-Annual,Expired,0,2026-08-01
POL0007600,CUST000816,AGT0008,Medical,2024-03-20,2025-04-08,4135.51,189906.8,Quarterly,Expired,0,2026-08-01
POL0007601,CUST003109,AGT0032,Medical,2024-05-30,2025-06-04,4919.14,99935.81,Quarterly,Renewed,1,2026-08-01
POL0007602,CUST004654,AGT0050,Life,2024-09-25,2025-10-02,1617.65,878198.34,Annual,Expired,0,2026-08-01
POL0007603,CUST002067,AGT0038,Motor,2025-09-14,2026-09-14,1028.25,26169.44,Monthly,Active,0,2026-08-01
POL0007604,CUST005022,AGT0038,Motor,2026-05-28,2027-05-18,2224.4,128404.04,Monthly,Active,0,2026-08-01
POL0007605,CUST000671,AGT0038,Travel,2026-03-24,2026-06-18,636.04,112682.05,Monthly,Renewed,1,2026-08-01
POL0007606,CUST005170,AGT0080,Motor,2024-03-18,2025-03-02,1567.04,127419.98,Monthly,Expired,0,2026-08-01
POL0007607,CUST000331,AGT0022,Medical,2023-08-03,2024-07-14,3237.35,166328.69,Monthly,Renewed,1,2026-08-01
POL0007608,CUST000550,AGT0008,Life,2023-03-10,2024-03-04,2382.07,1139475.26,Monthly,Expired,0,2026-08-01
POL0007609,CUST004821,AGT0043,Life,2026-04-12,2027-03-16,3176.6,509886.07,Monthly,Active,0,2026-08-01
POL0007610,CUST005812,AGT0039,Life,2026-05-17,2027-05-23,1650.49,694160.24,Annual,Active,0,2026-08-01
POL0007611,CUST002457,AGT0023,Home,2024-12-04,2025-12-29,351.36,653284.14,Quarterly,Expired,0,2026-08-01
POL0007612,CUST001322,AGT0078,Medical,2023-03-31,2024-04-11,3767.05,189652.37,Annual,Renewed,1,2026-08-01
POL0007613,CUST003377,AGT0014,Motor,2024-08-09,2025-07-25,1866.91,161939.67,Annual,Cancelled,0,2026-08-01
POL0007614,CUST001709,AGT0011,Motor,2025-08-02,2026-07-04,2061.25,72165.89,Annual,Expired,0,2026-08-01
POL0007615,CUST001809,AGT0011,Medical,2025-11-06,2026-11-12,2618.58,437015.75,Semi-Annual,Active,0,2026-08-01
POL0007616,CUST000012,AGT0076,Medical,2025-10-17,2026-10-16,4381.63,473095.33,Quarterly,Active,0,2026-08-01
POL0007617,CUST003684,AGT0072,Home,2025-10-21,2026-11-12,865.04,387107.32,Annual,Active,0,2026-08-01
POL0007618,CUST000951,AGT0077,Medical,2023-05-05,2024-05-01,2293.56,73184.96,Monthly,Expired,0,2026-08-01
POL0007619,CUST004553,AGT0011,Medical,2025-06-11,2026-05-12,3512.39,164241.32,Monthly,Expired,0,2026-08-01
POL0007620,CUST001249,AGT0002,Travel,2026-07-20,2026-08-23,491.12,120130.64,Monthly,Active,0,2026-08-01
POL0007621,CUST005358,AGT0032,Travel,2024-06-17,2024-09-02,630.7,32377.44,Annual,Expired,0,2026-08-01
POL0007622,CUST004108,AGT0039,Life,2024-11-01,2025-11-16,3857.6,1325646.34,Monthly,Expired,0,2026-08-01
POL0007623,CUST002977,AGT0021,Medical,2023-12-16,2024-11-15,4980.05,319352.31,Annual,Expired,0,2026-08-01
POL0007624,CUST002533,AGT0050,Motor,2025-11-13,2026-12-11,1681.63,147520.61,Semi-Annual,Active,0,2026-08-01
POL0007625,CUST001802,AGT0050,Life,2024-04-15,2025-05-10,1294.51,1162755.9,Annual,Renewed,1,2026-08-01
POL0007626,CUST000419,AGT0054,Motor,2026-07-14,2027-06-13,1840.33,140482.04,Annual,Active,0,2026-08-01
POL0007627,CUST000461,AGT0028,Medical,2025-01-19,2026-02-15,4200.22,60997.7,Monthly,Renewed,1,2026-08-01
POL0007628,CUST003411,AGT0003,Travel,2024-03-22,2024-05-10,454.74,116061.04,Quarterly,Expired,0,2026-08-01
POL0007629,CUST005125,AGT0023,Medical,2025-01-07,2026-01-31,2290.34,354960.05,Monthly,Expired,0,2026-08-01
POL0007630,CUST004161,AGT0014,Motor,2023-02-22,2024-02-02,1790.73,116276.14,Monthly,Expired,0,2026-08-01
POL0007631,CUST005122,AGT0078,Motor,2026-04-22,2027-04-11,2015.67,157117.92,Semi-Annual,Active,0,2026-08-01
POL0007632,CUST004435,AGT0068,Travel,2024-08-21,2024-10-31,554.84,88768.02,Monthly,Renewed,1,2026-08-01
POL0007633,CUST002121,AGT0080,Motor,2024-08-19,2025-08-15,1533.48,111265.32,Quarterly,Expired,0,2026-08-01
POL0007634,CUST005606,AGT0061,Medical,2024-06-19,2025-07-01,2603.64,283001.8,Quarterly,Renewed,1,2026-08-01
POL0007635,CUST001244,AGT0011,Travel,2025-05-21,2025-06-04,700.32,116778.22,Monthly,Renewed,1,2026-08-01
POL0007636,CUST001643,AGT0037,Motor,2025-10-17,2026-11-08,1270.85,168894.56,Monthly,Active,0,2026-08-01
POL0007637,CUST004041,AGT0056,Life,2025-05-12,2026-06-04,3431.19,938838.03,Annual,Cancelled,0,2026-08-01
POL0007638,CUST000225,AGT0006,Motor,2023-06-14,2024-05-30,1992.16,76551.95,Monthly,Expired,0,2026-08-01
POL0007639,CUST004540,AGT0072,Life,2025-08-14,2026-07-10,3604.61,816216.93,Monthly,Renewed,1,2026-08-01
POL0007640,CUST001817,AGT0068,Motor,2025-04-22,2026-03-29,1514.42,171316.46,Monthly,Expired,0,2026-08-01
POL0007641,CUST004331,AGT0078,Motor,2026-07-19,2027-06-25,1024.68,49347.12,Semi-Annual,Active,0,2026-08-01
POL0007642,CUST004438,AGT0024,Motor,2023-12-14,2024-12-29,1725.03,165013.33,Quarterly,Expired,0,2026-08-01
POL0007643,CUST000428,AGT0024,Travel,2025-11-14,2026-01-24,841.37,128119.18,Monthly,Expired,0,2026-08-01
POL0007644,CUST001971,AGT0051,Medical,2026-02-19,2027-02-08,4594.78,215833.45,Monthly,Active,0,2026-08-01
POL0007645,CUST005906,AGT0063,Travel,2023-02-21,2023-04-19,679.37,134095.21,Semi-Annual,Renewed,1,2026-08-01
POL0007646,CUST005586,AGT0022,Life,2026-04-12,2027-03-12,4012.61,1148670.78,Monthly,Active,0,2026-08-01
POL0007647,CUST003268,AGT0027,Travel,2025-11-26,2025-12-03,709.91,143294.41,Semi-Annual,Renewed,1,2026-08-01
POL0007648,CUST002557,AGT0028,Medical,2025-11-15,2026-11-06,4833.51,278838.04,Monthly,Active,0,2026-08-01
POL0007649,CUST003651,AGT0050,Medical,2026-07-30,2027-07-08,1915.67,372529.82,Monthly,Active,0,2026-08-01
POL0007650,CUST004381,AGT0009,Life,2023-09-20,2024-09-05,4080.05,594566.9,Annual,Expired,0,2026-08-01
POL0007651,CUST000272,AGT0042,Motor,2023-02-19,2024-03-09,2342.06,81234.51,Quarterly,Expired,0,2026-08-01
POL0007652,CUST001903,AGT0020,Home,2025-03-13,2026-03-23,1532.71,227758.31,Monthly,Renewed,1,2026-08-01
POL0007653,CUST000071,AGT0057,Home,2025-02-19,2026-02-06,1625.16,551867.38,Monthly,Renewed,1,2026-08-01
POL0007654,CUST003038,AGT0060,Motor,2026-01-23,2027-02-14,2524.55,20605.55,Semi-Annual,Active,0,2026-08-01
POL0007655,CUST000759,AGT0074,Home,2025-02-22,2026-01-25,730.75,833286.93,Quarterly,Renewed,1,2026-08-01
POL0007656,CUST005384,AGT0029,Motor,2023-05-26,2024-06-17,1853.53,73038.83,Monthly,Expired,0,2026-08-01
POL0007657,CUST002346,AGT0010,Life,2024-11-17,2025-11-23,2123.96,971309.4,Semi-Annual,Cancelled,0,2026-08-01
POL0007658,CUST005307,AGT0019,Travel,2024-05-19,2024-06-25,475.06,146640.3,Semi-Annual,Renewed,1,2026-08-01
POL0007659,CUST005669,AGT0018,Motor,2026-02-18,2027-03-12,931.85,86968.74,Monthly,Cancelled,0,2026-08-01
POL0007660,CUST001633,AGT0001,Motor,2025-07-10,2026-06-14,1555.23,31435.48,Annual,Expired,0,2026-08-01
POL0007661,CUST004369,AGT0047,Life,2025-11-30,2026-12-03,4219.98,625474.86,Annual,Active,0,2026-08-01
POL0007662,CUST000290,AGT0053,Medical,2025-08-16,2026-08-19,3924.13,491201.43,Semi-Annual,Active,0,2026-08-01
POL0007663,CUST005996,AGT0029,Medical,2023-08-13,2024-09-11,1902.13,481028.33,Semi-Annual,Renewed,1,2026-08-01
POL0007664,CUST004536,AGT0023,Travel,2026-01-28,2026-04-15,753.28,108696.69,Monthly,Renewed,1,2026-08-01
POL0007665,CUST004080,AGT0045,Motor,2023-05-15,2024-06-05,849.56,128767.95,Monthly,Expired,0,2026-08-01
POL0007666,CUST003483,AGT0013,Motor,2023-12-12,2024-11-15,1906.4,97310.08,Annual,Expired,0,2026-08-01
POL0007667,CUST000599,AGT0063,Home,2023-08-06,2024-07-17,1668.84,493965.96,Annual,Renewed,1,2026-08-01
POL0007668,CUST001570,AGT0019,Life,2023-04-28,2024-03-25,6220.38,874339.63,Annual,Expired,0,2026-08-01
POL0007669,CUST004167,AGT0056,Life,2026-03-04,2027-02-18,4240.65,655017.36,Annual,Active,0,2026-08-01
POL0007670,CUST001281,AGT0054,Medical,2023-06-24,2024-07-05,1601.04,417642.9,Annual,Renewed,1,2026-08-01
POL0007671,CUST003848,AGT0062,Home,2023-05-09,2024-04-15,446.46,824851.75,Quarterly,Renewed,1,2026-08-01
POL0007672,CUST004989,AGT0043,Motor,2023-05-04,2024-04-02,2081.26,158031.44,Monthly,Renewed,1,2026-08-01
POL0007673,CUST005318,AGT0013,Motor,2025-04-24,2026-04-25,1024.56,65242.68,Annual,Renewed,1,2026-08-01
POL0007674,CUST000395,AGT0004,Medical,2023-10-27,2024-09-21,1250.7,140521.29,Annual,Expired,0,2026-08-01
POL0007675,CUST003266,AGT0003,Life,2025-06-12,2026-06-20,3799.19,1465955.22,Monthly,Renewed,1,2026-08-01
POL0007676,CUST000785,AGT0012,Motor,2023-12-13,2024-12-26,1132.95,45118.32,Monthly,Cancelled,0,2026-08-01
POL0007677,CUST001474,AGT0070,Medical,2023-10-13,2024-10-26,4389.64,217986.67,Semi-Annual,Expired,0,2026-08-01
POL0007678,CUST005283,AGT0009,Medical,2023-08-06,2024-07-07,3276.17,72634.78,Annual,Expired,0,2026-08-01
POL0007679,CUST004397,AGT0037,Life,2023-10-28,2024-10-26,6159.71,393927.53,Monthly,Expired,0,2026-08-01
POL0007680,CUST004053,AGT0039,Motor,2023-11-05,2024-10-21,1501.02,88364.11,Quarterly,Renewed,1,2026-08-01
POL0007681,CUST004521,AGT0051,Life,2025-12-28,2026-12-01,6547.14,185680.05,Quarterly,Active,0,2026-08-01
POL0007682,CUST000713,AGT0010,Medical,2024-11-26,2025-11-01,5104.47,308344.65,Quarterly,Renewed,1,2026-08-01
POL0007683,CUST003086,AGT0006,Medical,2024-07-03,2025-06-14,3319.65,243713.89,Quarterly,Renewed,1,2026-08-01
POL0007684,CUST001378,AGT0068,Motor,2026-03-24,2027-04-07,1136.73,88939.34,Monthly,Active,0,2026-08-01
POL0007685,CUST000569,AGT0057,Home,2024-10-14,2025-10-09,380.2,705392.37,Quarterly,Renewed,1,2026-08-01
POL0007686,CUST005490,AGT0049,Life,2026-02-18,2027-01-19,6525.97,653469.97,Monthly,Active,0,2026-08-01
POL0007687,CUST002483,AGT0009,Motor,2024-06-03,2025-05-16,1716.39,30946.49,Semi-Annual,Expired,0,2026-08-01
POL0007688,CUST001216,AGT0057,Medical,2026-07-06,2027-06-12,1847.63,357520.49,Quarterly,Active,0,2026-08-01
POL0007689,CUST005040,AGT0063,Motor,2023-08-28,2024-07-26,1474.51,131547.86,Monthly,Renewed,1,2026-08-01
POL0007690,CUST004238,AGT0068,Medical,2024-11-04,2025-11-26,4909.64,281220.59,Annual,Cancelled,0,2026-08-01
POL0007691,CUST001822,AGT0005,Life,2024-07-28,2025-08-20,6773.0,107688.52,Quarterly,Expired,0,2026-08-01
POL0007692,CUST004906,AGT0046,Motor,2026-03-07,2027-02-03,1171.16,171808.09,Monthly,Active,0,2026-08-01
POL0007693,CUST004390,AGT0007,Home,2023-12-19,2024-12-17,1057.97,329315.57,Quarterly,Expired,0,2026-08-01
POL0007694,CUST001603,AGT0027,Medical,2024-03-24,2025-04-14,4385.83,187732.61,Semi-Annual,Expired,0,2026-08-01
POL0007695,CUST001522,AGT0028,Motor,2024-01-28,2025-01-31,2100.19,49577.17,Annual,Renewed,1,2026-08-01
POL0007696,CUST001030,AGT0011,Motor,2025-03-22,2026-03-09,1980.05,121888.02,Annual,Renewed,1,2026-08-01
POL0007697,CUST001973,AGT0017,Motor,2023-09-21,2024-08-22,2291.42,115249.36,Annual,Renewed,1,2026-08-01
POL0007698,CUST001724,AGT0075,Travel,2024-09-15,2024-10-08,703.67,135502.88,Annual,Renewed,1,2026-08-01
POL0007699,CUST002023,AGT0079,Medical,2025-03-29,2026-04-23,3540.43,331419.45,Monthly,Expired,0,2026-08-01
POL0007700,CUST001201,AGT0042,Travel,2023-10-09,2023-11-26,447.97,55307.76,Monthly,Expired,0,2026-08-01
POL0007701,CUST000814,AGT0037,Motor,2024-01-10,2025-01-30,2273.45,145572.41,Monthly,Expired,0,2026-08-01
POL0007702,CUST004262,AGT0078,Medical,2023-07-03,2024-07-31,4207.67,180409.58,Monthly,Cancelled,0,2026-08-01
POL0007703,CUST002107,AGT0038,Medical,2023-08-05,2024-07-25,1823.39,453261.26,Semi-Annual,Expired,0,2026-08-01
POL0007704,CUST000608,AGT0035,Medical,2026-04-22,2027-05-03,3119.95,97812.06,Quarterly,Active,0,2026-08-01
POL0007705,CUST004342,AGT0004,Motor,2025-11-22,2026-10-31,1865.49,87895.96,Monthly,Cancelled,0,2026-08-01
POL0007706,CUST001377,AGT0012,Motor,2023-09-10,2024-09-18,2538.06,176780.67,Annual,Renewed,1,2026-08-01
POL0007707,CUST002408,AGT0040,Home,2025-01-22,2026-02-08,1016.92,699665.86,Annual,Renewed,1,2026-08-01
POL0007708,CUST005051,AGT0026,Life,2023-05-19,2024-05-18,2786.21,582250.44,Quarterly,Expired,0,2026-08-01
POL0007709,CUST001799,AGT0006,Motor,2026-01-27,2027-01-29,1144.76,139239.65,Monthly,Active,0,2026-08-01
POL0007710,CUST001104,AGT0059,Travel,2025-09-21,2025-10-06,796.11,21964.94,Annual,Expired,0,2026-08-01
POL0007711,CUST004205,AGT0051,Medical,2025-10-18,2026-11-06,3308.01,58017.89,Monthly,Active,0,2026-08-01
POL0007712,CUST000480,AGT0005,Travel,2024-02-13,2024-03-19,258.62,72639.81,Semi-Annual,Cancelled,0,2026-08-01
POL0007713,CUST003093,AGT0079,Home,2024-04-30,2025-04-26,932.38,865878.24,Monthly,Renewed,1,2026-08-01
POL0007714,CUST004914,AGT0021,Motor,2026-02-17,2027-02-07,853.33,110714.27,Monthly,Active,0,2026-08-01
POL0007715,CUST002616,AGT0027,Home,2025-01-04,2026-01-27,305.43,162755.62,Quarterly,Renewed,1,2026-08-01
POL0007716,CUST000946,AGT0014,Motor,2025-01-30,2025-12-31,1416.99,112418.61,Monthly,Expired,0,2026-08-01
POL0007717,CUST004777,AGT0065,Motor,2026-07-14,2027-07-26,2073.68,164361.96,Quarterly,Active,0,2026-08-01
POL0007718,CUST004370,AGT0077,Life,2025-12-10,2026-12-03,5450.88,903933.56,Annual,Active,0,2026-08-01
POL0007719,CUST002292,AGT0078,Life,2024-04-12,2025-03-31,1228.35,496379.46,Annual,Renewed,1,2026-08-01
POL0007720,CUST000909,AGT0008,Motor,2023-03-07,2024-02-28,2029.95,175706.61,Semi-Annual,Expired,0,2026-08-01
POL0007721,CUST003267,AGT0078,Motor,2023-11-10,2024-11-23,2165.71,170579.53,Monthly,Cancelled,0,2026-08-01
POL0007722,CUST004672,AGT0005,Motor,2025-09-15,2026-09-03,1216.92,95416.53,Monthly,Active,0,2026-08-01
POL0007723,CUST000191,AGT0060,Medical,2023-08-02,2024-07-18,1642.9,426851.7,Annual,Renewed,1,2026-08-01
POL0007724,CUST002931,AGT0053,Medical,2024-02-02,2025-03-03,3965.72,188131.67,Annual,Renewed,1,2026-08-01
POL0007725,CUST002037,AGT0070,Motor,2026-05-13,2027-05-06,1821.67,55297.82,Monthly,Active,0,2026-08-01
POL0007726,CUST002169,AGT0043,Home,2024-07-27,2025-08-13,895.14,450304.23,Quarterly,Renewed,1,2026-08-01
POL0007727,CUST001422,AGT0029,Travel,2023-11-23,2023-12-03,517.15,135685.63,Annual,Renewed,1,2026-08-01
POL0007728,CUST003904,AGT0053,Home,2024-12-17,2026-01-15,1515.44,707702.44,Annual,Cancelled,0,2026-08-01
POL0007729,CUST005315,AGT0047,Motor,2026-04-27,2027-04-19,967.6,179331.57,Quarterly,Cancelled,0,2026-08-01
POL0007730,CUST000566,AGT0015,Motor,2023-10-09,2024-09-27,1722.36,146086.48,Quarterly,Expired,0,2026-08-01
POL0007731,CUST000127,AGT0054,Medical,2025-02-12,2026-02-24,2161.78,403666.31,Quarterly,Expired,0,2026-08-01
POL0007732,CUST002359,AGT0056,Life,2025-11-04,2026-11-22,2850.82,1284492.22,Monthly,Active,0,2026-08-01
POL0007733,CUST004201,AGT0018,Life,2025-02-10,2026-01-22,5684.89,161740.06,Semi-Annual,Expired,0,2026-08-01
POL0007734,CUST000464,AGT0051,Motor,2026-02-24,2027-03-22,1969.15,134174.26,Quarterly,Active,0,2026-08-01
POL0007735,CUST004538,AGT0026,Travel,2024-06-07,2024-07-09,761.23,30188.47,Monthly,Renewed,1,2026-08-01
POL0007736,CUST004340,AGT0043,Medical,2025-11-01,2026-11-25,2538.08,274460.22,Monthly,Active,0,2026-08-01
POL0007737,CUST001996,AGT0029,Medical,2024-06-01,2025-05-30,3121.67,265037.86,Semi-Annual,Expired,0,2026-08-01
POL0007738,CUST001984,AGT0054,Medical,2023-03-20,2024-03-21,1605.65,389173.47,Semi-Annual,Renewed,1,2026-08-01
POL0007739,CUST001543,AGT0006,Motor,2024-02-24,2025-02-06,2334.97,170444.58,Annual,Renewed,1,2026-08-01
POL0007740,CUST004263,AGT0016,Motor,2023-07-07,2024-06-11,1913.47,47568.85,Monthly,Renewed,1,2026-08-01
POL0007741,CUST000990,AGT0037,Home,2025-08-11,2026-07-15,1665.77,844625.53,Monthly,Expired,0,2026-08-01
POL0007742,CUST002003,AGT0054,Medical,2024-06-08,2025-05-11,3655.03,369392.73,Annual,Renewed,1,2026-08-01
POL0007743,CUST001663,AGT0063,Motor,2025-08-23,2026-09-03,1041.35,117968.44,Monthly,Active,0,2026-08-01
POL0007744,CUST002247,AGT0016,Motor,2025-09-04,2026-09-09,1813.99,138277.59,Monthly,Cancelled,0,2026-08-01
POL0007745,CUST005484,AGT0052,Motor,2024-11-25,2025-11-29,2509.09,55044.45,Annual,Cancelled,0,2026-08-01
POL0007746,CUST000149,AGT0079,Home,2026-04-27,2027-05-23,551.67,130620.28,Monthly,Active,0,2026-08-01
POL0007747,CUST000261,AGT0051,Travel,2024-08-09,2024-09-18,319.27,47862.3,Quarterly,Renewed,1,2026-08-01
POL0007748,CUST002458,AGT0005,Medical,2025-06-21,2026-06-18,3712.07,208928.77,Annual,Renewed,1,2026-08-01
POL0007749,CUST002741,AGT0049,Home,2025-04-10,2026-04-24,1154.35,431911.46,Monthly,Cancelled,0,2026-08-01
POL0007750,CUST005970,AGT0031,Medical,2025-07-18,2026-06-18,1768.88,104251.61,Quarterly,Renewed,1,2026-08-01
POL0007751,CUST001587,AGT0002,Travel,2024-10-04,2024-12-31,187.16,118289.46,Annual,Expired,0,2026-08-01
POL0007752,CUST003360,AGT0033,Medical,2024-07-13,2025-07-06,1617.26,298340.75,Monthly,Expired,0,2026-08-01
POL0007753,CUST004176,AGT0001,Travel,2025-12-13,2026-01-02,483.19,105940.12,Annual,Renewed,1,2026-08-01
POL0007754,CUST004188,AGT0010,Home,2026-03-23,2027-03-13,1668.25,149848.33,Semi-Annual,Active,0,2026-08-01
POL0007755,CUST002004,AGT0014,Medical,2023-03-27,2024-03-04,3107.17,275169.47,Annual,Expired,0,2026-08-01
POL0007756,CUST005104,AGT0019,Motor,2026-07-02,2027-06-30,1537.65,159953.73,Monthly,Active,0,2026-08-01
POL0007757,CUST002076,AGT0074,Motor,2026-03-25,2027-03-24,1176.83,157657.83,Annual,Active,0,2026-08-01
POL0007758,CUST002597,AGT0020,Motor,2025-02-02,2026-01-05,2394.72,132192.19,Quarterly,Cancelled,0,2026-08-01
POL0007759,CUST000350,AGT0069,Motor,2024-11-16,2025-11-11,2575.97,116949.62,Annual,Expired,0,2026-08-01
POL0007760,CUST005979,AGT0014,Medical,2024-08-20,2025-08-05,3983.05,466038.91,Monthly,Renewed,1,2026-08-01
POL0007761,CUST005463,AGT0047,Medical,2024-10-27,2025-10-18,3165.5,98193.03,Monthly,Renewed,1,2026-08-01
POL0007762,CUST001475,AGT0027,Motor,2023-08-19,2024-09-11,2443.94,26494.66,Monthly,Expired,0,2026-08-01
POL0007763,CUST003130,AGT0031,Home,2024-05-26,2025-05-20,1087.64,676218.61,Annual,Renewed,1,2026-08-01
POL0007764,CUST005020,AGT0042,Motor,2026-05-22,2027-05-30,1421.71,76617.47,Quarterly,Active,0,2026-08-01
POL0007765,CUST000414,AGT0078,Motor,2024-11-26,2025-11-05,1136.56,41261.21,Quarterly,Renewed,1,2026-08-01
POL0007766,CUST004045,AGT0056,Motor,2024-04-19,2025-05-17,1047.79,169845.89,Monthly,Cancelled,0,2026-08-01
POL0007767,CUST004511,AGT0006,Home,2023-10-15,2024-10-06,973.51,96506.62,Monthly,Cancelled,0,2026-08-01
POL0007768,CUST003853,AGT0075,Medical,2025-10-04,2026-09-19,2635.44,405354.17,Monthly,Active,0,2026-08-01
POL0007769,CUST004681,AGT0008,Motor,2024-10-11,2025-09-08,1172.76,84460.26,Quarterly,Renewed,1,2026-08-01
POL0007770,CUST001346,AGT0038,Motor,2025-01-26,2026-02-15,1715.19,80847.15,Quarterly,Expired,0,2026-08-01
POL0007771,CUST002767,AGT0050,Medical,2024-06-04,2025-06-05,4060.62,235676.37,Annual,Renewed,1,2026-08-01
POL0007772,CUST003805,AGT0044,Home,2023-02-15,2024-01-20,1223.74,366674.15,Monthly,Renewed,1,2026-08-01
POL0007773,CUST005875,AGT0044,Medical,2024-01-20,2025-01-20,4247.38,98709.69,Monthly,Expired,0,2026-08-01
POL0007774,CUST000354,AGT0057,Medical,2025-02-13,2026-01-26,4398.6,369302.84,Quarterly,Renewed,1,2026-08-01
POL0007775,CUST001357,AGT0079,Medical,2023-10-05,2024-10-13,1570.76,282687.25,Quarterly,Renewed,1,2026-08-01
POL0007776,CUST001959,AGT0018,Motor,2024-10-23,2025-09-29,2585.48,83530.66,Semi-Annual,Renewed,1,2026-08-01
POL0007777,CUST005066,AGT0065,Medical,2026-01-29,2027-02-10,1687.14,289968.52,Annual,Active,0,2026-08-01
POL0007778,CUST004587,AGT0001,Medical,2023-09-04,2024-08-10,4102.31,265683.19,Quarterly,Renewed,1,2026-08-01
POL0007779,CUST005079,AGT0076,Life,2026-01-16,2027-01-25,4501.07,443888.3,Monthly,Active,0,2026-08-01
POL0007780,CUST003871,AGT0032,Motor,2023-07-02,2024-06-15,1733.06,44848.07,Annual,Expired,0,2026-08-01
POL0007781,CUST003128,AGT0058,Motor,2024-09-26,2025-10-14,2423.29,147957.71,Quarterly,Renewed,1,2026-08-01
POL0007782,CUST002403,AGT0021,Life,2025-04-28,2026-04-28,5779.37,1100453.65,Monthly,Expired,0,2026-08-01
POL0007783,CUST003241,AGT0075,Life,2023-10-30,2024-10-02,1530.45,369302.74,Monthly,Cancelled,0,2026-08-01
POL0007784,CUST000612,AGT0043,Medical,2023-10-29,2024-11-19,3635.23,104901.6,Quarterly,Cancelled,0,2026-08-01
POL0007785,CUST000674,AGT0055,Travel,2024-08-11,2024-11-08,450.81,91480.29,Annual,Cancelled,0,2026-08-01
POL0007786,CUST000424,AGT0019,Travel,2023-01-27,2023-04-23,386.66,104821.01,Monthly,Renewed,1,2026-08-01
POL0007787,CUST000800,AGT0043,Home,2026-04-24,2027-04-14,350.63,560029.65,Annual,Cancelled,0,2026-08-01
POL0007788,CUST001980,AGT0061,Medical,2023-12-03,2024-10-28,4687.99,173404.99,Monthly,Expired,0,2026-08-01
POL0007789,CUST002537,AGT0047,Home,2025-10-15,2026-10-24,790.67,680141.23,Semi-Annual,Active,0,2026-08-01
POL0007790,CUST005935,AGT0014,Life,2024-01-12,2025-01-05,6995.13,396513.43,Monthly,Cancelled,0,2026-08-01
POL0007791,CUST005509,AGT0073,Life,2025-11-21,2026-10-24,5927.16,817543.52,Monthly,Active,0,2026-08-01
POL0007792,CUST004626,AGT0020,Medical,2023-08-29,2024-09-04,4371.96,135574.15,Annual,Renewed,1,2026-08-01
POL0007793,CUST001288,AGT0009,Motor,2025-07-07,2026-06-16,1866.37,76036.57,Semi-Annual,Renewed,1,2026-08-01
POL0007794,CUST003169,AGT0051,Life,2025-07-30,2026-07-10,6011.8,798368.75,Annual,Expired,0,2026-08-01
POL0007795,CUST002851,AGT0046,Travel,2025-08-04,2025-10-16,258.32,94418.19,Monthly,Expired,0,2026-08-01
POL0007796,CUST003754,AGT0038,Home,2023-03-13,2024-03-26,1188.89,168733.1,Quarterly,Expired,0,2026-08-01
POL0007797,CUST000386,AGT0032,Medical,2023-07-15,2024-06-18,3450.35,210531.84,Monthly,Renewed,1,2026-08-01
POL0007798,CUST000372,AGT0002,Home,2026-02-11,2027-02-13,946.33,520916.08,Annual,Active,0,2026-08-01
POL0007799,CUST001796,AGT0054,Motor,2024-03-29,2025-03-24,1820.36,147625.1,Quarterly,Cancelled,0,2026-08-01
POL0007800,CUST000485,AGT0018,Home,2025-11-15,2026-10-20,1433.76,291938.45,Quarterly,Active,0,2026-08-01
POL0007801,CUST002233,AGT0049,Life,2025-12-23,2026-11-24,2285.03,1206490.17,Monthly,Active,0,2026-08-01
POL0007802,CUST002334,AGT0072,Life,2025-06-25,2026-07-17,6862.43,1450540.52,Monthly,Renewed,1,2026-08-01
POL0007803,CUST005778,AGT0032,Life,2023-08-20,2024-07-21,3919.94,1006023.77,Quarterly,Expired,0,2026-08-01
POL0007804,CUST004053,AGT0046,Home,2024-03-13,2025-03-17,1339.27,685500.77,Monthly,Renewed,1,2026-08-01
POL0007805,CUST001159,AGT0056,Motor,2023-04-09,2024-05-08,2431.85,148294.39,Monthly,Expired,0,2026-08-01
POL0007806,CUST003529,AGT0047,Medical,2023-01-08,2023-12-29,5067.88,439841.87,Annual,Renewed,1,2026-08-01
POL0007807,CUST000605,AGT0043,Travel,2026-01-11,2026-04-02,523.45,32701.16,Annual,Renewed,1,2026-08-01
POL0007808,CUST005840,AGT0037,Motor,2024-09-15,2025-09-09,2527.1,70489.2,Monthly,Renewed,1,2026-08-01
POL0007809,CUST000323,AGT0015,Life,2025-10-17,2026-10-23,4539.54,808854.87,Annual,Cancelled,0,2026-08-01
POL0007810,CUST001351,AGT0054,Medical,2023-07-24,2024-07-06,2071.29,200733.58,Annual,Expired,0,2026-08-01
POL0007811,CUST003133,AGT0052,Travel,2023-07-26,2023-10-05,495.74,48701.69,Annual,Expired,0,2026-08-01
POL0007812,CUST004118,AGT0034,Home,2025-01-06,2026-01-08,477.27,829941.08,Monthly,Expired,0,2026-08-01
POL0007813,CUST003117,AGT0003,Motor,2024-11-21,2025-10-27,2106.5,143163.49,Annual,Renewed,1,2026-08-01
POL0007814,CUST005629,AGT0002,Life,2024-06-24,2025-06-26,2559.84,412584.78,Semi-Annual,Expired,0,2026-08-01
POL0007815,CUST001176,AGT0066,Medical,2023-02-24,2024-02-29,2743.95,158475.67,Semi-Annual,Expired,0,2026-08-01
POL0007816,CUST005997,AGT0009,Life,2023-12-11,2025-01-08,3383.75,985426.43,Monthly,Renewed,1,2026-08-01
POL0007817,CUST001486,AGT0073,Motor,2023-07-14,2024-06-24,1224.82,94626.05,Quarterly,Renewed,1,2026-08-01
POL0007818,CUST004389,AGT0005,Motor,2023-08-05,2024-07-07,2096.02,69238.19,Monthly,Expired,0,2026-08-01
POL0007819,CUST001914,AGT0007,Medical,2023-12-03,2024-11-14,2339.7,425723.64,Annual,Renewed,1,2026-08-01
POL0007820,CUST004100,AGT0018,Motor,2025-05-21,2026-06-07,2495.25,169398.79,Monthly,Renewed,1,2026-08-01
POL0007821,CUST000057,AGT0021,Life,2025-07-09,2026-07-01,1238.58,607511.74,Annual,Renewed,1,2026-08-01
POL0007822,CUST004319,AGT0026,Motor,2025-11-14,2026-10-20,1616.21,123333.33,Annual,Active,0,2026-08-01
POL0007823,CUST004903,AGT0011,Home,2024-02-03,2025-01-12,996.45,354998.34,Monthly,Renewed,1,2026-08-01
POL0007824,CUST002043,AGT0009,Travel,2024-12-07,2024-12-31,521.77,144112.86,Quarterly,Expired,0,2026-08-01
POL0007825,CUST004637,AGT0062,Life,2025-11-25,2026-12-22,1895.85,666687.47,Semi-Annual,Active,0,2026-08-01
POL0007826,CUST003197,AGT0075,Travel,2024-09-29,2024-10-25,740.04,46969.67,Monthly,Renewed,1,2026-08-01
POL0007827,CUST001922,AGT0006,Home,2023-01-31,2024-02-03,633.1,406980.85,Quarterly,Expired,0,2026-08-01
POL0007828,CUST003498,AGT0050,Travel,2024-10-11,2024-10-19,362.46,61389.09,Monthly,Expired,0,2026-08-01
POL0007829,CUST003446,AGT0044,Life,2023-01-06,2023-12-06,4474.45,812906.53,Monthly,Renewed,1,2026-08-01
POL0007830,CUST002053,AGT0056,Medical,2024-05-20,2025-04-25,1019.86,91990.9,Semi-Annual,Renewed,1,2026-08-01
POL0007831,CUST001970,AGT0032,Travel,2024-01-27,2024-04-03,551.85,100348.42,Quarterly,Cancelled,0,2026-08-01
POL0007832,CUST002678,AGT0019,Life,2026-04-11,2027-03-11,2379.8,1183411.52,Annual,Active,0,2026-08-01
POL0007833,CUST000161,AGT0061,Medical,2025-08-13,2026-08-15,4193.95,168377.15,Annual,Active,0,2026-08-01
POL0007834,CUST003452,AGT0052,Medical,2025-05-10,2026-05-20,2207.82,162781.21,Monthly,Expired,0,2026-08-01
POL0007835,CUST003539,AGT0052,Motor,2026-05-28,2027-05-16,1882.69,73473.42,Semi-Annual,Active,0,2026-08-01
POL0007836,CUST003233,AGT0012,Travel,2026-05-16,2026-06-25,454.87,86720.02,Monthly,Expired,0,2026-08-01
POL0007837,CUST004330,AGT0044,Travel,2024-02-17,2024-03-17,756.08,33391.99,Quarterly,Expired,0,2026-08-01
POL0007838,CUST002964,AGT0075,Motor,2024-12-21,2026-01-02,1440.8,108409.37,Monthly,Expired,0,2026-08-01
POL0007839,CUST002004,AGT0041,Motor,2024-12-28,2025-12-27,1704.33,125685.5,Monthly,Renewed,1,2026-08-01
POL0007840,CUST004825,AGT0072,Home,2023-01-31,2024-01-02,1102.68,882833.32,Annual,Renewed,1,2026-08-01
POL0007841,CUST001449,AGT0063,Motor,2023-02-24,2024-02-04,999.36,174422.01,Monthly,Expired,0,2026-08-01
POL0007842,CUST000057,AGT0031,Life,2024-03-19,2025-04-16,4349.85,544965.22,Monthly,Expired,0,2026-08-01
POL0007843,CUST001586,AGT0039,Medical,2023-01-02,2024-01-02,3054.32,349937.62,Annual,Expired,0,2026-08-01
POL0007844,CUST004299,AGT0025,Medical,2025-06-20,2026-06-13,1718.12,379745.33,Monthly,Expired,0,2026-08-01
POL0007845,CUST002095,AGT0034,Motor,2023-01-21,2024-02-02,1919.1,153157.06,Quarterly,Expired,0,2026-08-01
POL0007846,CUST001006,AGT0015,Motor,2023-10-25,2024-10-04,1720.58,33720.54,Monthly,Expired,0,2026-08-01
POL0007847,CUST002806,AGT0003,Life,2023-05-08,2024-04-22,2018.77,281423.27,Monthly,Renewed,1,2026-08-01
POL0007848,CUST001149,AGT0059,Medical,2024-10-15,2025-10-05,3638.47,184255.03,Monthly,Renewed,1,2026-08-01
POL0007849,CUST004530,AGT0022,Travel,2026-02-16,2026-04-18,431.04,54779.15,Monthly,Renewed,1,2026-08-01
POL0007850,CUST000620,AGT0072,Home,2023-03-12,2024-03-06,1658.18,721538.43,Monthly,Renewed,1,2026-08-01
POL0007851,CUST001195,AGT0030,Travel,2025-04-18,2025-05-30,485.51,125972.36,Semi-Annual,Renewed,1,2026-08-01
POL0007852,CUST004693,AGT0052,Medical,2024-12-09,2025-12-05,2023.32,260447.44,Quarterly,Renewed,1,2026-08-01
POL0007853,CUST004239,AGT0047,Medical,2026-03-20,2027-03-04,4111.66,264029.12,Monthly,Active,0,2026-08-01
POL0007854,CUST001471,AGT0021,Motor,2025-02-17,2026-02-13,1562.93,102995.82,Monthly,Expired,0,2026-08-01
POL0007855,CUST005788,AGT0054,Life,2025-12-27,2027-01-22,6041.01,144710.97,Annual,Active,0,2026-08-01
POL0007856,CUST000385,AGT0036,Medical,2025-06-22,2026-06-08,2892.09,228850.82,Annual,Expired,0,2026-08-01
POL0007857,CUST001082,AGT0078,Travel,2025-09-26,2025-10-09,226.54,31895.71,Annual,Expired,0,2026-08-01
POL0007858,CUST001366,AGT0031,Life,2024-09-26,2025-09-22,4091.11,286470.39,Monthly,Expired,0,2026-08-01
POL0007859,CUST003046,AGT0023,Motor,2024-04-07,2025-03-08,985.98,129612.94,Quarterly,Expired,0,2026-08-01
POL0007860,CUST003066,AGT0002,Medical,2024-10-31,2025-10-09,2656.45,294948.26,Monthly,Cancelled,0,2026-08-01
POL0007861,CUST002168,AGT0044,Life,2023-06-25,2024-05-22,4480.41,709471.0,Quarterly,Renewed,1,2026-08-01
POL0007862,CUST001405,AGT0041,Travel,2025-07-19,2025-10-08,547.67,118667.81,Semi-Annual,Expired,0,2026-08-01
POL0007863,CUST003603,AGT0061,Medical,2023-05-16,2024-05-29,2580.34,311489.75,Quarterly,Renewed,1,2026-08-01
POL0007864,CUST002414,AGT0015,Life,2026-05-04,2027-04-09,2107.31,467727.84,Monthly,Active,0,2026-08-01
POL0007865,CUST005286,AGT0025,Motor,2023-02-02,2024-01-20,1376.26,126113.37,Quarterly,Renewed,1,2026-08-01
POL0007866,CUST000454,AGT0020,Home,2023-05-27,2024-04-28,1063.37,315528.27,Quarterly,Cancelled,0,2026-08-01
POL0007867,CUST005319,AGT0044,Life,2023-08-21,2024-09-04,4367.81,255321.54,Annual,Renewed,1,2026-08-01
POL0007868,CUST004912,AGT0022,Travel,2023-08-28,2023-10-12,724.48,144197.66,Monthly,Expired,0,2026-08-01
POL0007869,CUST002659,AGT0034,Medical,2023-01-26,2024-02-02,1223.23,425076.19,Quarterly,Cancelled,0,2026-08-01
POL0007870,CUST004197,AGT0075,Home,2026-07-11,2027-07-13,1104.43,528849.21,Annual,Active,0,2026-08-01
POL0007871,CUST004545,AGT0032,Life,2025-06-17,2026-07-01,2274.55,234060.03,Monthly,Expired,0,2026-08-01
POL0007872,CUST005309,AGT0078,Motor,2024-01-28,2025-02-17,2390.11,88066.95,Quarterly,Renewed,1,2026-08-01
POL0007873,CUST003068,AGT0006,Medical,2024-05-23,2025-06-17,3879.58,309105.57,Monthly,Renewed,1,2026-08-01
POL0007874,CUST000488,AGT0037,Motor,2023-10-24,2024-10-09,1287.11,73185.86,Semi-Annual,Expired,0,2026-08-01
POL0007875,CUST004633,AGT0002,Travel,2024-11-21,2025-02-15,519.08,45063.98,Monthly,Renewed,1,2026-08-01
POL0007876,CUST000925,AGT0045,Travel,2024-06-01,2024-06-29,743.95,85948.51,Annual,Cancelled,0,2026-08-01
POL0007877,CUST005307,AGT0024,Medical,2024-09-17,2025-08-22,1611.43,449079.35,Semi-Annual,Renewed,1,2026-08-01
POL0007878,CUST004923,AGT0015,Motor,2024-06-06,2025-06-29,1371.4,70807.23,Semi-Annual,Expired,0,2026-08-01
POL0007879,CUST004271,AGT0073,Travel,2024-01-06,2024-03-13,437.64,133382.83,Semi-Annual,Expired,0,2026-08-01
POL0007880,CUST002090,AGT0053,Travel,2024-10-21,2024-12-25,256.62,69381.49,Monthly,Cancelled,0,2026-08-01
POL0007881,CUST000365,AGT0016,Medical,2023-05-30,2024-05-16,1560.38,176551.21,Monthly,Renewed,1,2026-08-01
POL0007882,CUST002583,AGT0057,Life,2024-12-29,2025-12-21,2307.65,1310208.61,Monthly,Renewed,1,2026-08-01
POL0007883,CUST001472,AGT0006,Motor,2024-12-09,2025-12-27,1397.23,35011.38,Annual,Expired,0,2026-08-01
POL0007884,CUST005837,AGT0042,Medical,2023-06-06,2024-05-16,4190.94,393964.67,Monthly,Expired,0,2026-08-01
POL0007885,CUST004715,AGT0050,Home,2026-02-02,2027-02-01,1774.33,470112.86,Monthly,Active,0,2026-08-01
POL0007886,CUST001123,AGT0012,Life,2026-05-28,2027-05-18,2449.29,211081.11,Semi-Annual,Active,0,2026-08-01
POL0007887,CUST000118,AGT0077,Motor,2025-09-06,2026-08-13,2263.96,127865.95,Semi-Annual,Active,0,2026-08-01
POL0007888,CUST005521,AGT0007,Medical,2026-05-25,2027-05-27,2872.21,216548.32,Annual,Active,0,2026-08-01
POL0007889,CUST003108,AGT0005,Medical,2026-05-02,2027-05-12,1493.32,390610.65,Quarterly,Active,0,2026-08-01
POL0007890,CUST004351,AGT0040,Motor,2025-08-24,2026-08-04,1876.53,102307.48,Monthly,Active,0,2026-08-01
POL0007891,CUST003663,AGT0060,Home,2024-04-10,2025-04-19,886.77,740099.98,Quarterly,Renewed,1,2026-08-01
POL0007892,CUST001873,AGT0044,Motor,2023-09-30,2024-10-24,1353.14,23793.62,Monthly,Renewed,1,2026-08-01
POL0007893,CUST004920,AGT0009,Medical,2026-01-10,2027-02-03,2559.99,268306.49,Monthly,Active,0,2026-08-01
POL0007894,CUST001320,AGT0008,Travel,2024-09-29,2024-10-08,464.23,85004.8,Quarterly,Expired,0,2026-08-01
POL0007895,CUST004840,AGT0011,Motor,2025-08-02,2026-07-25,1697.95,156836.08,Monthly,Renewed,1,2026-08-01
POL0007896,CUST005813,AGT0079,Medical,2026-03-09,2027-03-19,2663.81,436222.18,Monthly,Active,0,2026-08-01
POL0007897,CUST000440,AGT0075,Life,2026-05-17,2027-05-30,1826.14,771783.58,Monthly,Active,0,2026-08-01
POL0007898,CUST004700,AGT0007,Medical,2025-06-11,2026-07-10,3172.09,174093.82,Quarterly,Renewed,1,2026-08-01
POL0007899,CUST004079,AGT0057,Medical,2024-01-12,2025-01-10,4774.01,248104.58,Monthly,Expired,0,2026-08-01
POL0007900,CUST004601,AGT0066,Medical,2023-04-17,2024-05-06,2662.45,376334.66,Annual,Expired,0,2026-08-01
POL0007901,CUST004742,AGT0045,Home,2025-11-16,2026-11-17,1112.68,143135.43,Semi-Annual,Active,0,2026-08-01
POL0007902,CUST005615,AGT0013,Travel,2023-02-01,2023-02-24,561.16,147056.26,Annual,Renewed,1,2026-08-01
POL0007903,CUST000633,AGT0014,Motor,2024-10-26,2025-10-13,1571.44,122040.27,Monthly,Renewed,1,2026-08-01
POL0007904,CUST001806,AGT0056,Life,2024-01-20,2024-12-19,5811.05,697263.61,Semi-Annual,Renewed,1,2026-08-01
POL0007905,CUST002913,AGT0045,Life,2024-07-24,2025-07-12,1396.18,931754.87,Annual,Renewed,1,2026-08-01
POL0007906,CUST005324,AGT0014,Medical,2026-02-22,2027-02-09,1493.62,452069.07,Monthly,Active,0,2026-08-01
POL0007907,CUST003897,AGT0005,Motor,2024-08-31,2025-09-17,849.03,84371.29,Annual,Renewed,1,2026-08-01
POL0007908,CUST003641,AGT0035,Life,2023-07-13,2024-07-22,6642.61,416994.54,Monthly,Expired,0,2026-08-01
POL0007909,CUST002055,AGT0032,Medical,2024-07-19,2025-07-25,1407.69,350593.7,Monthly,Renewed,1,2026-08-01
POL0007910,CUST000742,AGT0079,Home,2023-05-12,2024-04-18,1515.4,125059.17,Annual,Cancelled,0,2026-08-01
POL0007911,CUST002224,AGT0057,Motor,2026-02-20,2027-03-02,971.59,80121.67,Annual,Active,0,2026-08-01
POL0007912,CUST002864,AGT0034,Motor,2023-02-21,2024-03-02,1588.83,53346.71,Annual,Renewed,1,2026-08-01
POL0007913,CUST000618,AGT0046,Travel,2026-05-19,2026-06-18,489.54,117755.9,Monthly,Expired,0,2026-08-01
POL0007914,CUST000965,AGT0042,Travel,2023-10-17,2023-12-28,682.91,131660.37,Monthly,Expired,0,2026-08-01
POL0007915,CUST004647,AGT0055,Medical,2025-05-16,2026-05-26,1655.81,412354.04,Semi-Annual,Expired,0,2026-08-01
POL0007916,CUST001471,AGT0047,Life,2026-02-28,2027-01-29,4969.53,243380.49,Annual,Active,0,2026-08-01
POL0007917,CUST001423,AGT0010,Travel,2023-09-09,2023-10-29,746.09,38504.39,Quarterly,Expired,0,2026-08-01
POL0007918,CUST000616,AGT0042,Motor,2026-04-30,2027-05-18,2507.53,168814.42,Semi-Annual,Active,0,2026-08-01
POL0007919,CUST002610,AGT0061,Life,2024-07-03,2025-07-19,6903.55,968992.35,Quarterly,Expired,0,2026-08-01
POL0007920,CUST000265,AGT0073,Life,2024-10-28,2025-10-22,6577.96,483727.79,Quarterly,Cancelled,0,2026-08-01
POL0007921,CUST003099,AGT0077,Medical,2024-04-09,2025-04-02,2460.78,319328.61,Annual,Expired,0,2026-08-01
POL0007922,CUST000435,AGT0054,Home,2026-07-13,2027-06-10,595.13,678158.45,Annual,Active,0,2026-08-01
POL0007923,CUST000524,AGT0073,Home,2025-05-26,2026-05-21,933.26,632076.81,Semi-Annual,Cancelled,0,2026-08-01
POL0007924,CUST005855,AGT0002,Medical,2024-04-13,2025-04-25,1895.91,215222.47,Monthly,Expired,0,2026-08-01
POL0007925,CUST002587,AGT0008,Motor,2023-04-02,2024-04-30,2470.52,118934.31,Quarterly,Expired,0,2026-08-01
POL0007926,CUST001756,AGT0016,Home,2026-03-12,2027-02-12,989.69,152175.68,Semi-Annual,Active,0,2026-08-01
POL0007927,CUST000915,AGT0008,Medical,2025-05-04,2026-05-05,2301.37,461401.29,Monthly,Renewed,1,2026-08-01
POL0007928,CUST002695,AGT0053,Motor,2023-06-14,2024-05-25,2456.07,148128.2,Semi-Annual,Renewed,1,2026-08-01
POL0007929,CUST001396,AGT0042,Life,2024-09-02,2025-08-22,2933.2,1333726.95,Semi-Annual,Renewed,1,2026-08-01
POL0007930,CUST001341,AGT0044,Life,2023-12-13,2024-12-28,4081.0,464649.37,Semi-Annual,Expired,0,2026-08-01
POL0007931,CUST002138,AGT0042,Motor,2023-12-08,2024-11-05,1625.43,57993.69,Quarterly,Expired,0,2026-08-01
POL0007932,CUST000801,AGT0039,Motor,2024-09-18,2025-08-17,2309.23,109768.91,Quarterly,Renewed,1,2026-08-01
POL0007933,CUST002939,AGT0069,Travel,2023-03-25,2023-04-04,443.0,68779.49,Semi-Annual,Expired,0,2026-08-01
POL0007934,CUST002454,AGT0017,Home,2023-11-18,2024-10-29,828.15,242374.82,Monthly,Expired,0,2026-08-01
POL0007935,CUST002606,AGT0030,Medical,2023-03-11,2024-03-26,1522.31,408850.86,Annual,Renewed,1,2026-08-01
POL0007936,CUST004692,AGT0008,Motor,2026-05-13,2027-04-25,1771.01,33715.82,Monthly,Active,0,2026-08-01
POL0007937,CUST000430,AGT0042,Medical,2026-03-12,2027-04-07,3795.59,61915.59,Annual,Active,0,2026-08-01
POL0007938,CUST001614,AGT0028,Medical,2023-08-01,2024-08-29,2085.92,422925.91,Annual,Renewed,1,2026-08-01
POL0007939,CUST002103,AGT0017,Motor,2025-01-23,2026-02-08,1995.58,54894.39,Semi-Annual,Cancelled,0,2026-08-01
POL0007940,CUST002302,AGT0044,Life,2023-10-21,2024-10-16,3879.62,1327248.7,Annual,Renewed,1,2026-08-01
POL0007941,CUST000236,AGT0076,Motor,2024-12-21,2026-01-07,878.48,109240.67,Quarterly,Renewed,1,2026-08-01
POL0007942,CUST001523,AGT0062,Travel,2024-08-19,2024-09-14,94.76,98411.25,Monthly,Renewed,1,2026-08-01
POL0007943,CUST001505,AGT0010,Travel,2023-01-23,2023-03-14,106.91,22695.12,Quarterly,Expired,0,2026-08-01
POL0007944,CUST005484,AGT0029,Travel,2025-11-02,2025-11-25,388.09,77400.15,Annual,Renewed,1,2026-08-01
POL0007945,CUST000511,AGT0073,Motor,2025-10-04,2026-09-28,2275.87,166229.41,Semi-Annual,Active,0,2026-08-01
POL0007946,CUST002989,AGT0017,Life,2023-03-20,2024-04-12,3069.24,1143152.22,Annual,Renewed,1,2026-08-01
POL0007947,CUST001005,AGT0072,Medical,2023-10-03,2024-09-06,3641.38,165826.01,Annual,Expired,0,2026-08-01
POL0007948,CUST005851,AGT0072,Medical,2023-05-31,2024-05-01,4548.39,68315.98,Monthly,Renewed,1,2026-08-01
POL0007949,CUST003015,AGT0005,Life,2024-05-16,2025-05-21,4447.28,298864.78,Annual,Renewed,1,2026-08-01
POL0007950,CUST001953,AGT0080,Travel,2024-08-08,2024-09-15,789.6,123251.11,Monthly,Expired,0,2026-08-01
POL0007951,CUST005564,AGT0063,Travel,2025-04-25,2025-05-25,301.96,84224.3,Annual,Renewed,1,2026-08-01
POL0007952,CUST003869,AGT0040,Motor,2025-04-07,2026-05-07,1716.04,97893.44,Monthly,Expired,0,2026-08-01
POL0007953,CUST001169,AGT0028,Life,2023-06-25,2024-06-18,4361.1,1301792.31,Monthly,Renewed,1,2026-08-01
POL0007954,CUST004274,AGT0037,Motor,2024-09-18,2025-09-23,1115.24,92876.46,Monthly,Expired,0,2026-08-01
POL0007955,CUST004385,AGT0018,Life,2025-11-07,2026-11-25,4096.85,724473.9,Annual,Active,0,2026-08-01
POL0007956,CUST003050,AGT0063,Medical,2026-03-07,2027-02-12,3740.51,78721.39,Semi-Annual,Active,0,2026-08-01
POL0007957,CUST000263,AGT0033,Travel,2025-12-27,2026-02-17,138.69,122544.47,Monthly,Expired,0,2026-08-01
POL0007958,CUST004436,AGT0036,Home,2024-01-26,2025-02-14,1262.53,444831.07,Monthly,Renewed,1,2026-08-01
POL0007959,CUST002016,AGT0074,Motor,2024-11-09,2025-10-10,1745.52,170553.7,Annual,Renewed,1,2026-08-01
POL0007960,CUST000633,AGT0004,Travel,2023-07-07,2023-08-11,353.21,49285.56,Monthly,Expired,0,2026-08-01
POL0007961,CUST002409,AGT0032,Life,2024-04-22,2025-04-15,3412.09,365277.16,Annual,Renewed,1,2026-08-01
POL0007962,CUST002966,AGT0049,Life,2024-01-03,2025-01-19,6163.79,104523.93,Annual,Renewed,1,2026-08-01
POL0007963,CUST000651,AGT0020,Medical,2023-11-26,2024-11-19,5046.02,360343.09,Monthly,Expired,0,2026-08-01
POL0007964,CUST001306,AGT0014,Medical,2026-02-21,2027-03-19,2485.39,292317.35,Semi-Annual,Active,0,2026-08-01
POL0007965,CUST003821,AGT0042,Motor,2025-08-04,2026-07-28,1625.61,65301.14,Annual,Renewed,1,2026-08-01
POL0007966,CUST004024,AGT0015,Motor,2026-01-16,2027-01-12,1667.94,72934.38,Monthly,Cancelled,0,2026-08-01
POL0007967,CUST000875,AGT0033,Life,2024-03-21,2025-03-03,4990.77,524202.64,Annual,Renewed,1,2026-08-01
POL0007968,CUST001461,AGT0007,Motor,2024-06-01,2025-06-21,1233.47,81354.7,Monthly,Renewed,1,2026-08-01
POL0007969,CUST004805,AGT0002,Medical,2025-11-24,2026-11-21,2497.55,187946.89,Semi-Annual,Active,0,2026-08-01
POL0007970,CUST000536,AGT0059,Travel,2023-02-25,2023-04-07,170.25,76719.05,Semi-Annual,Renewed,1,2026-08-01
POL0007971,CUST003550,AGT0015,Life,2025-08-15,2026-08-27,1246.98,1284388.82,Monthly,Active,0,2026-08-01
POL0007972,CUST002503,AGT0003,Motor,2025-06-07,2026-06-22,1136.96,104939.9,Monthly,Expired,0,2026-08-01
POL0007973,CUST004448,AGT0002,Life,2024-04-06,2025-04-15,1461.57,1187299.19,Annual,Renewed,1,2026-08-01
POL0007974,CUST000215,AGT0046,Motor,2026-05-16,2027-04-21,1236.18,111590.44,Quarterly,Active,0,2026-08-01
POL0007975,CUST000986,AGT0042,Travel,2023-10-27,2024-01-14,344.61,55970.96,Semi-Annual,Expired,0,2026-08-01
POL0007976,CUST004928,AGT0047,Motor,2024-03-16,2025-04-04,915.28,175078.69,Monthly,Renewed,1,2026-08-01
POL0007977,CUST001903,AGT0052,Motor,2024-04-12,2025-04-25,2528.51,49430.11,Annual,Expired,0,2026-08-01
POL0007978,CUST002264,AGT0053,Home,2024-04-25,2025-04-26,502.26,858819.99,Annual,Renewed,1,2026-08-01
POL0007979,CUST004233,AGT0058,Motor,2024-03-23,2025-04-06,2341.25,169777.18,Quarterly,Expired,0,2026-08-01
POL0007980,CUST002820,AGT0069,Motor,2024-09-14,2025-09-25,2086.08,49498.82,Monthly,Renewed,1,2026-08-01
POL0007981,CUST002721,AGT0017,Motor,2026-06-04,2027-05-19,2184.41,45928.32,Monthly,Active,0,2026-08-01
POL0007982,CUST000350,AGT0008,Medical,2024-09-23,2025-09-18,1932.9,181665.85,Monthly,Renewed,1,2026-08-01
POL0007983,CUST003795,AGT0065,Travel,2025-03-30,2025-04-08,801.84,98947.59,Monthly,Expired,0,2026-08-01
POL0007984,CUST000834,AGT0006,Motor,2025-05-22,2026-04-17,1214.33,88748.92,Monthly,Expired,0,2026-08-01
POL0007985,CUST002481,AGT0033,Motor,2025-05-09,2026-05-07,839.56,156202.98,Monthly,Expired,0,2026-08-01
POL0007986,CUST002101,AGT0050,Travel,2024-03-09,2024-04-20,181.86,147468.36,Monthly,Renewed,1,2026-08-01
POL0007987,CUST004034,AGT0004,Motor,2024-01-06,2025-01-21,1430.6,90930.42,Semi-Annual,Expired,0,2026-08-01
POL0007988,CUST004060,AGT0078,Motor,2024-04-21,2025-05-10,944.96,22298.31,Monthly,Renewed,1,2026-08-01
POL0007989,CUST003850,AGT0075,Motor,2024-04-21,2025-04-12,2260.93,176329.17,Annual,Expired,0,2026-08-01
POL0007990,CUST003698,AGT0068,Travel,2025-12-14,2025-12-29,502.83,74720.45,Monthly,Expired,0,2026-08-01
POL0007991,CUST001798,AGT0056,Medical,2024-09-01,2025-09-19,4891.98,276001.49,Monthly,Expired,0,2026-08-01
POL0007992,CUST002086,AGT0064,Life,2026-05-02,2027-03-30,4607.25,977482.3,Monthly,Active,0,2026-08-01
POL0007993,CUST005291,AGT0046,Life,2026-06-30,2027-07-05,1568.73,1168231.66,Semi-Annual,Active,0,2026-08-01
POL0007994,CUST004262,AGT0061,Medical,2025-06-07,2026-05-28,3252.62,266429.64,Annual,Cancelled,0,2026-08-01
POL0007995,CUST004395,AGT0004,Travel,2025-05-22,2025-08-07,122.11,25040.51,Annual,Renewed,1,2026-08-01
POL0007996,CUST005220,AGT0017,Home,2023-06-13,2024-06-14,1708.19,590274.5,Semi-Annual,Renewed,1,2026-08-01
POL0007997,CUST000410,AGT0002,Life,2023-07-21,2024-07-07,5007.88,728838.62,Monthly,Expired,0,2026-08-01
POL0007998,CUST000011,AGT0010,Travel,2025-07-17,2025-08-04,334.87,90415.92,Annual,Expired,0,2026-08-01
POL0007999,CUST000227,AGT0046,Motor,2026-07-19,2027-07-29,1896.51,63915.2,Monthly,Active,0,2026-08-01
POL0008000,CUST003000,AGT0061,Medical,2025-11-16,2026-11-14,4158.1,52057.1,Monthly,Active,0,2026-08-01
POL0008001,CUST004297,AGT0071,Life,2023-12-18,2024-12-20,6650.77,283879.5,Semi-Annual,Renewed,1,2026-08-01
POL0008002,CUST005703,AGT0013,Motor,2025-06-05,2026-05-27,1927.74,112981.0,Annual,Renewed,1,2026-08-01
POL0008003,CUST003793,AGT0052,Motor,2025-03-23,2026-02-20,2014.77,123303.65,Annual,Renewed,1,2026-08-01
POL0008004,CUST004404,AGT0060,Motor,2023-03-12,2024-02-27,1522.0,39898.19,Monthly,Expired,0,2026-08-01
POL0008005,CUST005547,AGT0001,Motor,2026-02-17,2027-02-18,1204.77,89935.84,Monthly,Active,0,2026-08-01
POL0008006,CUST001021,AGT0027,Travel,2024-03-29,2024-04-07,338.28,101753.04,Annual,Renewed,1,2026-08-01
POL0008007,CUST004053,AGT0052,Motor,2025-03-15,2026-02-10,1991.16,88177.61,Annual,Expired,0,2026-08-01
POL0008008,CUST003994,AGT0011,Life,2024-03-18,2025-03-16,6257.43,1078137.6,Quarterly,Renewed,1,2026-08-01
POL0008009,CUST001250,AGT0028,Motor,2026-04-25,2027-04-26,1997.83,169463.84,Monthly,Active,0,2026-08-01
POL0008010,CUST002806,AGT0037,Life,2024-09-04,2025-09-26,6747.36,556791.36,Quarterly,Renewed,1,2026-08-01
POL0008011,CUST000253,AGT0010,Motor,2026-01-13,2027-02-08,2009.86,146889.1,Monthly,Active,0,2026-08-01
POL0008012,CUST002885,AGT0006,Motor,2026-05-13,2027-05-16,1932.27,57968.62,Quarterly,Active,0,2026-08-01
POL0008013,CUST003195,AGT0065,Medical,2023-02-15,2024-01-17,1052.52,310038.77,Monthly,Expired,0,2026-08-01
POL0008014,CUST002264,AGT0008,Motor,2024-07-05,2025-07-22,1897.86,159911.19,Semi-Annual,Renewed,1,2026-08-01
POL0008015,CUST002978,AGT0047,Medical,2025-06-16,2026-06-12,1305.25,445074.67,Annual,Cancelled,0,2026-08-01
POL0008016,CUST003804,AGT0034,Life,2026-01-06,2027-01-10,4228.65,683588.08,Semi-Annual,Active,0,2026-08-01
POL0008017,CUST005625,AGT0058,Home,2025-07-31,2026-08-16,1179.42,756949.83,Monthly,Active,0,2026-08-01
POL0008018,CUST002370,AGT0072,Life,2025-05-11,2026-05-17,4948.04,760275.92,Quarterly,Expired,0,2026-08-01
POL0008019,CUST004251,AGT0014,Medical,2024-04-30,2025-04-23,4658.97,341219.25,Semi-Annual,Renewed,1,2026-08-01
POL0008020,CUST002631,AGT0076,Medical,2023-08-03,2024-08-22,2986.5,289326.03,Annual,Expired,0,2026-08-01
POL0008021,CUST005401,AGT0010,Medical,2026-04-03,2027-03-22,3019.37,302126.21,Annual,Active,0,2026-08-01
POL0008022,CUST003376,AGT0071,Life,2023-02-27,2024-03-05,4382.44,194747.5,Quarterly,Cancelled,0,2026-08-01
POL0008023,CUST004540,AGT0042,Life,2025-11-12,2026-11-15,3140.25,1287645.53,Annual,Active,0,2026-08-01
POL0008024,CUST001741,AGT0004,Medical,2023-02-16,2024-03-06,2140.55,188675.49,Annual,Expired,0,2026-08-01
POL0008025,CUST003964,AGT0043,Travel,2024-04-24,2024-05-13,144.49,33989.63,Annual,Renewed,1,2026-08-01
POL0008026,CUST001521,AGT0071,Medical,2026-01-28,2027-01-08,4526.91,212572.07,Annual,Active,0,2026-08-01
POL0008027,CUST003379,AGT0047,Motor,2023-10-19,2024-11-09,875.15,32927.88,Semi-Annual,Renewed,1,2026-08-01
POL0008028,CUST001161,AGT0008,Life,2023-12-12,2024-12-14,6890.85,137887.26,Monthly,Expired,0,2026-08-01
POL0008029,CUST003481,AGT0060,Travel,2023-10-05,2023-11-30,288.42,68655.73,Quarterly,Renewed,1,2026-08-01
POL0008030,CUST001075,AGT0068,Travel,2025-06-09,2025-08-08,614.61,84680.27,Quarterly,Renewed,1,2026-08-01
POL0008031,CUST003045,AGT0054,Motor,2023-10-16,2024-11-12,2116.31,164157.65,Monthly,Renewed,1,2026-08-01
POL0008032,CUST002904,AGT0033,Life,2025-06-30,2026-07-05,3503.88,642522.93,Monthly,Expired,0,2026-08-01
POL0008033,CUST005034,AGT0055,Home,2025-02-09,2026-01-15,915.79,742498.71,Monthly,Expired,0,2026-08-01
POL0008034,CUST000627,AGT0027,Motor,2026-03-13,2027-03-10,1876.11,119740.99,Semi-Annual,Active,0,2026-08-01
POL0008035,CUST001408,AGT0014,Medical,2025-04-20,2026-03-29,1291.46,259084.05,Quarterly,Expired,0,2026-08-01
POL0008036,CUST004261,AGT0069,Motor,2024-06-10,2025-05-23,839.49,27598.48,Monthly,Renewed,1,2026-08-01
POL0008037,CUST005492,AGT0034,Travel,2023-07-14,2023-08-09,630.77,130784.78,Annual,Expired,0,2026-08-01
POL0008038,CUST004845,AGT0062,Medical,2024-08-02,2025-07-05,3181.76,327869.31,Monthly,Renewed,1,2026-08-01
POL0008039,CUST003357,AGT0048,Life,2024-12-17,2026-01-08,6990.16,403955.05,Quarterly,Renewed,1,2026-08-01
POL0008040,CUST001605,AGT0071,Motor,2026-05-04,2027-05-28,1337.89,64341.31,Semi-Annual,Active,0,2026-08-01
POL0008041,CUST002625,AGT0042,Motor,2023-11-24,2024-10-31,1471.26,139106.68,Annual,Renewed,1,2026-08-01
POL0008042,CUST005139,AGT0025,Motor,2024-05-14,2025-04-29,1942.68,150806.16,Monthly,Expired,0,2026-08-01
POL0008043,CUST001267,AGT0025,Motor,2026-04-04,2027-03-21,2037.43,136218.14,Monthly,Active,0,2026-08-01
POL0008044,CUST005912,AGT0042,Travel,2026-04-14,2026-05-26,365.23,47043.26,Quarterly,Expired,0,2026-08-01
POL0008045,CUST001657,AGT0076,Motor,2026-01-24,2026-12-25,1019.53,31745.16,Monthly,Active,0,2026-08-01
POL0008046,CUST002900,AGT0016,Motor,2023-08-23,2024-09-05,922.27,89974.66,Monthly,Renewed,1,2026-08-01
POL0008047,CUST003505,AGT0012,Travel,2023-06-01,2023-08-24,61.38,90126.75,Quarterly,Expired,0,2026-08-01
POL0008048,CUST001772,AGT0021,Medical,2024-05-06,2025-04-16,2555.61,293143.23,Annual,Expired,0,2026-08-01
POL0008049,CUST000911,AGT0078,Life,2023-11-26,2024-11-24,2816.42,871600.35,Quarterly,Expired,0,2026-08-01
POL0008050,CUST001862,AGT0050,Motor,2024-02-14,2025-01-25,838.7,133507.52,Monthly,Expired,0,2026-08-01
POL0008051,CUST000020,AGT0063,Home,2026-05-19,2027-05-22,1289.18,545658.66,Monthly,Active,0,2026-08-01
POL0008052,CUST003825,AGT0046,Medical,2024-12-04,2025-11-10,2490.41,156597.72,Quarterly,Renewed,1,2026-08-01
POL0008053,CUST001556,AGT0048,Motor,2024-01-26,2025-01-02,1780.99,26334.14,Quarterly,Renewed,1,2026-08-01
POL0008054,CUST002659,AGT0051,Life,2025-08-09,2026-08-29,6211.54,772004.5,Quarterly,Active,0,2026-08-01
POL0008055,CUST001825,AGT0011,Medical,2025-12-02,2026-11-15,2527.19,135233.78,Annual,Active,0,2026-08-01
POL0008056,CUST001205,AGT0051,Medical,2024-07-18,2025-07-02,1908.84,234060.17,Monthly,Cancelled,0,2026-08-01
POL0008057,CUST005648,AGT0046,Medical,2023-03-07,2024-03-20,2168.02,152893.89,Annual,Cancelled,0,2026-08-01
POL0008058,CUST002051,AGT0066,Medical,2024-09-02,2025-08-24,1166.72,267395.86,Annual,Renewed,1,2026-08-01
POL0008059,CUST003491,AGT0008,Life,2024-05-21,2025-04-23,2506.45,427154.45,Monthly,Cancelled,0,2026-08-01
POL0008060,CUST002038,AGT0041,Motor,2023-09-06,2024-09-20,2424.05,68136.61,Annual,Renewed,1,2026-08-01
POL0008061,CUST002435,AGT0075,Life,2025-03-14,2026-02-07,1929.78,366382.49,Monthly,Expired,0,2026-08-01
POL0008062,CUST001492,AGT0066,Motor,2025-08-20,2026-08-14,1394.85,115232.61,Quarterly,Active,0,2026-08-01
POL0008063,CUST005899,AGT0023,Life,2024-06-06,2025-05-27,1945.47,1057724.19,Monthly,Expired,0,2026-08-01
POL0008064,CUST003616,AGT0059,Motor,2024-05-14,2025-05-22,905.86,106188.29,Semi-Annual,Expired,0,2026-08-01
POL0008065,CUST002205,AGT0032,Medical,2025-10-30,2026-11-02,2591.0,498923.74,Quarterly,Active,0,2026-08-01
POL0008066,CUST003327,AGT0064,Life,2023-08-22,2024-08-24,5971.05,696437.54,Annual,Renewed,1,2026-08-01
POL0008067,CUST005749,AGT0051,Life,2026-07-04,2027-07-27,1421.18,357571.68,Annual,Active,0,2026-08-01
POL0008068,CUST003724,AGT0039,Travel,2024-07-01,2024-08-21,601.77,127243.68,Monthly,Renewed,1,2026-08-01
POL0008069,CUST005649,AGT0002,Medical,2024-11-02,2025-09-30,1209.17,254290.66,Monthly,Expired,0,2026-08-01
POL0008070,CUST003984,AGT0061,Travel,2025-02-11,2025-02-25,633.43,69402.51,Annual,Expired,0,2026-08-01
POL0008071,CUST004140,AGT0044,Home,2024-08-28,2025-08-15,1748.1,521378.2,Semi-Annual,Expired,0,2026-08-01
POL0008072,CUST002242,AGT0043,Home,2023-03-05,2024-01-29,714.4,190895.24,Annual,Expired,0,2026-08-01
POL0008073,CUST003152,AGT0058,Medical,2025-07-09,2026-07-30,2921.9,460641.47,Quarterly,Renewed,1,2026-08-01
POL0008074,CUST003626,AGT0073,Motor,2026-03-16,2027-03-31,1786.1,151592.04,Annual,Active,0,2026-08-01
POL0008075,CUST004931,AGT0017,Life,2025-09-12,2026-09-24,2519.71,1399552.52,Quarterly,Cancelled,0,2026-08-01
POL0008076,CUST004451,AGT0073,Motor,2025-06-18,2026-06-28,883.04,96020.74,Quarterly,Cancelled,0,2026-08-01
POL0008077,CUST001944,AGT0013,Travel,2023-03-20,2023-04-07,113.68,63108.25,Monthly,Expired,0,2026-08-01
POL0008078,CUST002578,AGT0052,Motor,2025-10-24,2026-10-11,1466.18,42450.01,Monthly,Active,0,2026-08-01
POL0008079,CUST002208,AGT0040,Travel,2024-07-25,2024-08-17,223.12,106440.76,Annual,Renewed,1,2026-08-01
POL0008080,CUST005912,AGT0061,Motor,2024-02-02,2025-01-05,1724.29,57647.04,Semi-Annual,Expired,0,2026-08-01
POL0008081,CUST001242,AGT0043,Travel,2024-10-15,2025-01-04,110.79,59470.5,Quarterly,Expired,0,2026-08-01
POL0008082,CUST003484,AGT0047,Life,2023-10-26,2024-10-06,5184.9,120461.58,Annual,Renewed,1,2026-08-01
POL0008083,CUST001533,AGT0036,Motor,2024-02-06,2025-03-06,1075.42,173903.28,Annual,Cancelled,0,2026-08-01
POL0008084,CUST000790,AGT0053,Medical,2025-11-25,2026-12-14,1141.29,429478.02,Quarterly,Active,0,2026-08-01
POL0008085,CUST000819,AGT0024,Medical,2025-09-19,2026-09-28,2058.14,372115.44,Annual,Active,0,2026-08-01
POL0008086,CUST000122,AGT0024,Travel,2025-01-01,2025-02-17,601.47,118381.18,Monthly,Renewed,1,2026-08-01
POL0008087,CUST005105,AGT0033,Medical,2026-03-05,2027-03-23,1481.11,424190.97,Monthly,Active,0,2026-08-01
POL0008088,CUST005003,AGT0017,Medical,2023-07-24,2024-07-14,4251.74,149463.53,Monthly,Renewed,1,2026-08-01
POL0008089,CUST000008,AGT0025,Medical,2026-01-09,2027-01-07,3630.64,260410.36,Monthly,Active,0,2026-08-01
POL0008090,CUST001606,AGT0007,Life,2024-09-15,2025-09-27,2984.58,713331.26,Annual,Renewed,1,2026-08-01
POL0008091,CUST002547,AGT0020,Motor,2025-04-08,2026-03-27,962.74,26937.7,Semi-Annual,Expired,0,2026-08-01
POL0008092,CUST000926,AGT0033,Home,2025-12-29,2026-12-27,1664.42,583005.68,Annual,Active,0,2026-08-01
POL0008093,CUST002186,AGT0038,Life,2025-11-04,2026-10-21,2551.4,281879.25,Quarterly,Active,0,2026-08-01
POL0008094,CUST005548,AGT0051,Travel,2026-07-18,2026-10-05,559.69,94270.07,Monthly,Cancelled,0,2026-08-01
POL0008095,CUST002327,AGT0032,Travel,2023-11-01,2023-11-10,605.99,117332.32,Monthly,Expired,0,2026-08-01
POL0008096,CUST003054,AGT0050,Motor,2023-08-10,2024-09-07,1757.34,36180.39,Monthly,Renewed,1,2026-08-01
POL0008097,CUST005063,AGT0035,Motor,2023-02-03,2024-01-29,1851.54,47800.57,Annual,Expired,0,2026-08-01
POL0008098,CUST000013,AGT0036,Motor,2025-05-29,2026-04-26,1333.22,159325.38,Quarterly,Renewed,1,2026-08-01
POL0008099,CUST004927,AGT0001,Motor,2024-11-02,2025-10-19,1857.45,136192.26,Quarterly,Expired,0,2026-08-01
POL0008100,CUST002730,AGT0063,Motor,2025-05-20,2026-06-12,2282.74,145312.48,Annual,Renewed,1,2026-08-01
POL0008101,CUST003981,AGT0056,Travel,2024-06-19,2024-07-11,673.63,40151.82,Semi-Annual,Expired,0,2026-08-01
POL0008102,CUST005751,AGT0005,Medical,2024-04-01,2025-03-14,1936.9,358346.23,Semi-Annual,Cancelled,0,2026-08-01
POL0008103,CUST004135,AGT0004,Life,2026-02-26,2027-03-28,5739.92,292515.72,Annual,Active,0,2026-08-01
POL0008104,CUST001809,AGT0059,Medical,2023-08-26,2024-07-29,3855.75,237524.43,Monthly,Cancelled,0,2026-08-01
POL0008105,CUST004822,AGT0017,Motor,2025-10-28,2026-10-21,1585.25,26617.19,Annual,Active,0,2026-08-01
POL0008106,CUST001433,AGT0072,Medical,2023-05-19,2024-05-15,3042.16,197309.23,Annual,Expired,0,2026-08-01
POL0008107,CUST002311,AGT0065,Motor,2024-05-14,2025-04-19,1729.39,174840.77,Quarterly,Renewed,1,2026-08-01
POL0008108,CUST003883,AGT0034,Travel,2023-03-04,2023-05-13,675.33,110440.8,Monthly,Renewed,1,2026-08-01
POL0008109,CUST002704,AGT0079,Life,2023-01-23,2024-01-30,4748.94,152317.08,Monthly,Renewed,1,2026-08-01
POL0008110,CUST005117,AGT0043,Motor,2023-02-16,2024-01-15,2325.78,142769.14,Monthly,Expired,0,2026-08-01
POL0008111,CUST001469,AGT0080,Life,2023-12-26,2024-12-16,5958.96,644553.31,Monthly,Renewed,1,2026-08-01
POL0008112,CUST003842,AGT0005,Medical,2026-05-17,2027-05-28,4838.25,181010.98,Monthly,Active,0,2026-08-01
POL0008113,CUST001429,AGT0048,Motor,2024-04-16,2025-04-19,2374.77,50691.5,Quarterly,Cancelled,0,2026-08-01
POL0008114,CUST003554,AGT0066,Motor,2025-03-13,2026-03-03,837.62,87365.57,Annual,Renewed,1,2026-08-01
POL0008115,CUST005608,AGT0021,Motor,2025-06-02,2026-07-02,1453.06,61388.26,Monthly,Expired,0,2026-08-01
POL0008116,CUST005831,AGT0067,Travel,2026-02-18,2026-05-17,355.18,139510.14,Monthly,Expired,0,2026-08-01
POL0008117,CUST004564,AGT0067,Travel,2026-03-26,2026-04-14,602.66,111141.42,Monthly,Renewed,1,2026-08-01
POL0008118,CUST003808,AGT0063,Life,2023-02-20,2024-02-27,4487.23,1377668.82,Monthly,Renewed,1,2026-08-01
POL0008119,CUST002718,AGT0053,Motor,2023-10-16,2024-09-29,2582.91,25606.55,Monthly,Renewed,1,2026-08-01
POL0008120,CUST001887,AGT0008,Medical,2025-10-01,2026-09-21,3597.1,69175.71,Monthly,Active,0,2026-08-01
POL0008121,CUST000234,AGT0079,Medical,2025-10-24,2026-11-22,3381.51,332545.37,Annual,Active,0,2026-08-01
POL0008122,CUST003048,AGT0071,Motor,2026-07-06,2027-06-15,2330.39,118502.32,Annual,Cancelled,0,2026-08-01
POL0008123,CUST004457,AGT0044,Life,2025-08-10,2026-08-19,5782.14,1105533.48,Annual,Active,0,2026-08-01
POL0008124,CUST005014,AGT0032,Motor,2024-12-01,2025-12-17,1088.8,110612.09,Monthly,Expired,0,2026-08-01
POL0008125,CUST005692,AGT0043,Motor,2024-04-06,2025-03-22,1671.12,25632.2,Annual,Expired,0,2026-08-01
POL0008126,CUST001095,AGT0079,Life,2024-09-07,2025-08-23,6952.17,1063558.02,Annual,Expired,0,2026-08-01
POL0008127,CUST005561,AGT0004,Motor,2023-01-22,2024-01-07,2074.19,152704.0,Semi-Annual,Expired,0,2026-08-01
POL0008128,CUST001666,AGT0039,Life,2025-06-14,2026-06-07,1336.35,1082411.36,Annual,Renewed,1,2026-08-01
POL0008129,CUST004285,AGT0016,Travel,2023-02-12,2023-03-27,108.61,126706.98,Annual,Renewed,1,2026-08-01
POL0008130,CUST004474,AGT0066,Life,2025-04-26,2026-05-10,5442.49,720680.72,Monthly,Expired,0,2026-08-01
POL0008131,CUST003887,AGT0054,Home,2025-03-20,2026-03-08,1459.97,165413.38,Quarterly,Expired,0,2026-08-01
POL0008132,CUST002517,AGT0074,Life,2026-07-11,2027-07-08,5952.91,1356714.91,Monthly,Active,0,2026-08-01
POL0008133,CUST000726,AGT0080,Travel,2026-01-12,2026-03-01,291.2,119381.77,Monthly,Renewed,1,2026-08-01
POL0008134,CUST003005,AGT0010,Life,2025-08-10,2026-07-06,5875.2,852178.11,Annual,Expired,0,2026-08-01
POL0008135,CUST000514,AGT0039,Travel,2025-04-05,2025-05-20,843.79,38409.65,Semi-Annual,Expired,0,2026-08-01
POL0008136,CUST003764,AGT0075,Medical,2024-01-24,2024-12-26,3419.74,126507.35,Quarterly,Expired,0,2026-08-01
POL0008137,CUST001592,AGT0003,Medical,2025-10-08,2026-09-15,3511.3,136960.65,Annual,Active,0,2026-08-01
POL0008138,CUST001163,AGT0070,Medical,2024-12-24,2026-01-14,2025.68,119243.99,Monthly,Renewed,1,2026-08-01
POL0008139,CUST003383,AGT0032,Life,2024-10-19,2025-09-29,2451.19,1248634.11,Annual,Expired,0,2026-08-01
POL0008140,CUST001491,AGT0043,Medical,2025-03-23,2026-04-20,1033.06,250695.42,Semi-Annual,Expired,0,2026-08-01
POL0008141,CUST005480,AGT0011,Home,2023-12-10,2024-12-31,622.59,318655.8,Monthly,Expired,0,2026-08-01
POL0008142,CUST000596,AGT0028,Life,2023-12-07,2024-11-25,2080.43,569964.18,Quarterly,Renewed,1,2026-08-01
POL0008143,CUST005227,AGT0077,Medical,2023-02-21,2024-01-23,3783.63,170733.19,Monthly,Renewed,1,2026-08-01
POL0008144,CUST004640,AGT0075,Medical,2024-05-20,2025-04-30,1172.65,288656.81,Monthly,Renewed,1,2026-08-01
POL0008145,CUST001837,AGT0012,Travel,2025-12-04,2026-02-06,825.09,78077.12,Semi-Annual,Renewed,1,2026-08-01
POL0008146,CUST003413,AGT0046,Travel,2023-04-21,2023-05-22,786.76,136881.74,Annual,Renewed,1,2026-08-01
POL0008147,CUST002198,AGT0010,Life,2024-09-11,2025-10-03,3029.38,343245.88,Semi-Annual,Cancelled,0,2026-08-01
POL0008148,CUST001433,AGT0080,Motor,2026-01-16,2027-01-04,2441.33,157048.15,Monthly,Active,0,2026-08-01
POL0008149,CUST001863,AGT0037,Travel,2026-02-19,2026-03-15,438.02,60680.4,Monthly,Renewed,1,2026-08-01
POL0008150,CUST002050,AGT0021,Home,2026-05-02,2027-05-11,1589.26,881078.61,Quarterly,Active,0,2026-08-01
POL0008151,CUST003182,AGT0044,Travel,2024-04-28,2024-07-20,603.77,109774.45,Monthly,Renewed,1,2026-08-01
POL0008152,CUST003480,AGT0017,Life,2024-03-14,2025-03-15,1738.89,1397876.61,Annual,Cancelled,0,2026-08-01
POL0008153,CUST004854,AGT0058,Motor,2023-12-27,2025-01-06,2084.04,164253.42,Monthly,Renewed,1,2026-08-01
POL0008154,CUST003428,AGT0028,Home,2024-06-26,2025-06-29,1259.79,480017.5,Annual,Renewed,1,2026-08-01
POL0008155,CUST004699,AGT0030,Motor,2025-05-21,2026-05-01,2250.65,88586.38,Monthly,Expired,0,2026-08-01
POL0008156,CUST005524,AGT0061,Motor,2025-06-06,2026-06-07,2178.34,47902.9,Monthly,Renewed,1,2026-08-01
POL0008157,CUST005318,AGT0072,Life,2025-02-28,2026-03-29,5447.94,584955.19,Monthly,Expired,0,2026-08-01
POL0008158,CUST002450,AGT0017,Medical,2024-08-28,2025-09-27,3711.88,186184.54,Annual,Renewed,1,2026-08-01
POL0008159,CUST003131,AGT0048,Life,2025-07-09,2026-07-28,6177.78,588522.04,Quarterly,Expired,0,2026-08-01
POL0008160,CUST004838,AGT0025,Life,2024-03-23,2025-03-21,5718.62,349402.96,Annual,Renewed,1,2026-08-01
POL0008161,CUST003949,AGT0004,Motor,2023-04-30,2024-03-28,2124.48,53777.96,Monthly,Renewed,1,2026-08-01
POL0008162,CUST000784,AGT0021,Life,2026-06-10,2027-06-03,1911.07,1232873.42,Monthly,Active,0,2026-08-01
POL0008163,CUST005724,AGT0003,Travel,2023-04-19,2023-07-17,828.0,123194.97,Monthly,Expired,0,2026-08-01
POL0008164,CUST004603,AGT0063,Travel,2026-01-16,2026-02-08,752.04,131994.63,Monthly,Renewed,1,2026-08-01
POL0008165,CUST004054,AGT0038,Motor,2025-01-16,2026-01-19,1763.88,48772.72,Monthly,Renewed,1,2026-08-01
POL0008166,CUST005938,AGT0044,Medical,2026-07-08,2027-06-04,4780.01,478569.55,Monthly,Active,0,2026-08-01
POL0008167,CUST001003,AGT0036,Motor,2024-12-17,2026-01-09,1768.58,60005.3,Quarterly,Renewed,1,2026-08-01
POL0008168,CUST005313,AGT0022,Life,2023-03-11,2024-03-30,4391.56,371784.58,Quarterly,Renewed,1,2026-08-01
POL0008169,CUST001962,AGT0037,Life,2023-05-02,2024-05-04,6086.15,285214.95,Quarterly,Renewed,1,2026-08-01
POL0008170,CUST004877,AGT0013,Medical,2023-04-23,2024-04-14,2625.21,111391.32,Semi-Annual,Renewed,1,2026-08-01
POL0008171,CUST000455,AGT0005,Motor,2024-07-16,2025-08-02,2095.13,63533.34,Monthly,Renewed,1,2026-08-01
POL0008172,CUST003337,AGT0013,Travel,2025-09-19,2025-12-07,694.62,147488.5,Quarterly,Expired,0,2026-08-01
POL0008173,CUST000663,AGT0005,Travel,2025-04-08,2025-06-30,770.39,113652.68,Annual,Expired,0,2026-08-01
POL0008174,CUST005693,AGT0045,Medical,2025-11-30,2026-11-16,3630.69,290224.14,Semi-Annual,Active,0,2026-08-01
POL0008175,CUST002952,AGT0005,Motor,2024-12-09,2025-12-26,1319.24,75582.04,Annual,Renewed,1,2026-08-01
POL0008176,CUST005130,AGT0032,Medical,2023-06-13,2024-06-21,4284.97,315703.81,Annual,Expired,0,2026-08-01
POL0008177,CUST004432,AGT0059,Travel,2023-09-01,2023-09-17,132.96,81099.79,Monthly,Expired,0,2026-08-01
POL0008178,CUST002898,AGT0047,Life,2023-07-29,2024-06-25,4966.92,1351963.09,Monthly,Renewed,1,2026-08-01
POL0008179,CUST001134,AGT0049,Life,2026-04-27,2027-05-05,5304.25,477722.08,Monthly,Active,0,2026-08-01
POL0008180,CUST002806,AGT0023,Motor,2025-11-14,2026-11-08,2376.12,50325.68,Quarterly,Active,0,2026-08-01
POL0008181,CUST001921,AGT0011,Medical,2023-02-14,2024-03-09,2659.7,173952.65,Annual,Expired,0,2026-08-01
POL0008182,CUST001525,AGT0013,Motor,2023-10-12,2024-10-27,2157.94,139760.58,Annual,Renewed,1,2026-08-01
POL0008183,CUST002020,AGT0035,Medical,2023-12-23,2025-01-17,3371.46,299599.17,Quarterly,Renewed,1,2026-08-01
POL0008184,CUST001380,AGT0072,Motor,2025-07-21,2026-06-28,1930.99,135671.63,Quarterly,Expired,0,2026-08-01
POL0008185,CUST005041,AGT0076,Medical,2023-03-30,2024-04-13,3876.9,271469.68,Annual,Expired,0,2026-08-01
POL0008186,CUST005455,AGT0011,Medical,2026-07-04,2027-06-28,1659.55,233007.11,Quarterly,Active,0,2026-08-01
POL0008187,CUST001105,AGT0006,Travel,2024-01-06,2024-03-05,644.5,53077.47,Monthly,Renewed,1,2026-08-01
POL0008188,CUST001274,AGT0038,Medical,2026-01-19,2027-01-08,1399.69,412769.32,Monthly,Active,0,2026-08-01
POL0008189,CUST000205,AGT0016,Motor,2025-06-14,2026-07-05,2553.41,76653.87,Quarterly,Expired,0,2026-08-01
POL0008190,CUST002511,AGT0011,Motor,2024-05-12,2025-05-12,1056.15,26596.04,Monthly,Renewed,1,2026-08-01
POL0008191,CUST003744,AGT0032,Motor,2023-02-01,2023-12-29,2575.2,67735.82,Monthly,Renewed,1,2026-08-01
POL0008192,CUST001583,AGT0077,Life,2024-12-20,2025-12-16,2653.77,319191.91,Monthly,Expired,0,2026-08-01
POL0008193,CUST003162,AGT0019,Life,2023-02-20,2024-03-06,3564.03,881893.2,Semi-Annual,Renewed,1,2026-08-01
POL0008194,CUST002015,AGT0007,Life,2025-07-27,2026-08-10,4508.93,799585.13,Quarterly,Active,0,2026-08-01
POL0008195,CUST000017,AGT0013,Travel,2023-09-27,2023-11-26,438.81,82335.62,Annual,Cancelled,0,2026-08-01
POL0008196,CUST001428,AGT0050,Motor,2026-05-26,2027-06-12,2072.31,60209.3,Semi-Annual,Active,0,2026-08-01
POL0008197,CUST004589,AGT0078,Medical,2023-02-06,2024-02-29,3841.08,95930.24,Monthly,Expired,0,2026-08-01
POL0008198,CUST005296,AGT0077,Motor,2024-03-31,2025-02-27,1460.38,39276.24,Quarterly,Renewed,1,2026-08-01
POL0008199,CUST002544,AGT0062,Motor,2024-05-24,2025-05-22,2180.36,76862.74,Semi-Annual,Renewed,1,2026-08-01
POL0008200,CUST003484,AGT0043,Medical,2025-10-01,2026-10-23,3052.53,332358.34,Annual,Active,0,2026-08-01
POL0008201,CUST003287,AGT0059,Life,2023-10-28,2024-10-19,4787.9,123965.76,Annual,Renewed,1,2026-08-01
POL0008202,CUST001818,AGT0005,Travel,2025-10-16,2025-11-13,617.23,20963.4,Quarterly,Renewed,1,2026-08-01
POL0008203,CUST004025,AGT0075,Motor,2024-02-26,2025-03-17,1907.98,40929.85,Monthly,Renewed,1,2026-08-01
POL0008204,CUST002444,AGT0063,Medical,2023-04-17,2024-03-24,1328.3,278173.25,Quarterly,Renewed,1,2026-08-01
POL0008205,CUST000309,AGT0015,Travel,2025-12-30,2026-02-24,657.16,63283.72,Monthly,Expired,0,2026-08-01
POL0008206,CUST002314,AGT0024,Travel,2023-09-09,2023-10-05,435.53,77632.73,Monthly,Renewed,1,2026-08-01
POL0008207,CUST001036,AGT0072,Life,2024-07-18,2025-07-15,1960.9,528833.08,Monthly,Renewed,1,2026-08-01
POL0008208,CUST002868,AGT0044,Medical,2025-03-02,2026-03-12,1801.53,358989.02,Semi-Annual,Expired,0,2026-08-01
POL0008209,CUST002779,AGT0079,Medical,2023-01-20,2024-02-09,1935.87,186530.54,Semi-Annual,Expired,0,2026-08-01
POL0008210,CUST002809,AGT0032,Life,2025-04-25,2026-04-26,6344.32,388000.54,Monthly,Expired,0,2026-08-01
POL0008211,CUST001032,AGT0047,Motor,2024-12-15,2025-11-10,1885.55,142156.4,Monthly,Expired,0,2026-08-01
POL0008212,CUST005684,AGT0001,Medical,2025-10-12,2026-11-02,1232.97,484299.21,Semi-Annual,Active,0,2026-08-01
POL0008213,CUST000700,AGT0073,Motor,2023-05-23,2024-05-10,2243.93,109856.27,Monthly,Renewed,1,2026-08-01
POL0008214,CUST001759,AGT0067,Life,2026-02-23,2027-02-11,5244.32,180511.2,Monthly,Active,0,2026-08-01
POL0008215,CUST001950,AGT0066,Life,2023-03-19,2024-04-06,4185.0,1222115.18,Quarterly,Renewed,1,2026-08-01
POL0008216,CUST002732,AGT0061,Motor,2026-05-11,2027-05-29,2286.54,88594.34,Monthly,Active,0,2026-08-01
POL0008217,CUST002560,AGT0026,Medical,2024-03-03,2025-03-26,4226.14,361717.05,Monthly,Cancelled,0,2026-08-01
POL0008218,CUST005925,AGT0003,Motor,2023-04-06,2024-04-30,1705.64,113319.03,Annual,Renewed,1,2026-08-01
POL0008219,CUST005100,AGT0027,Travel,2023-12-22,2024-02-16,642.28,85085.52,Annual,Renewed,1,2026-08-01
POL0008220,CUST000330,AGT0054,Home,2024-10-09,2025-09-15,334.64,381758.05,Annual,Expired,0,2026-08-01
POL0008221,CUST003570,AGT0055,Medical,2023-05-26,2024-05-19,3113.04,143398.22,Semi-Annual,Expired,0,2026-08-01
POL0008222,CUST003093,AGT0069,Motor,2024-01-26,2025-02-23,1465.6,81647.95,Monthly,Expired,0,2026-08-01
POL0008223,CUST005577,AGT0045,Travel,2024-01-26,2024-02-10,242.51,40962.47,Monthly,Expired,0,2026-08-01
POL0008224,CUST002049,AGT0028,Travel,2023-08-02,2023-10-12,423.98,107357.47,Quarterly,Expired,0,2026-08-01
POL0008225,CUST002744,AGT0031,Travel,2024-09-24,2024-10-05,370.02,31453.8,Quarterly,Expired,0,2026-08-01
POL0008226,CUST005572,AGT0079,Medical,2023-02-01,2024-03-01,1776.44,371948.4,Monthly,Cancelled,0,2026-08-01
POL0008227,CUST002835,AGT0004,Motor,2023-11-25,2024-11-26,2599.67,147739.6,Monthly,Renewed,1,2026-08-01
POL0008228,CUST003640,AGT0053,Home,2023-07-07,2024-07-10,377.99,583861.58,Annual,Expired,0,2026-08-01
POL0008229,CUST001869,AGT0002,Medical,2023-02-12,2024-02-03,4518.04,420751.49,Annual,Expired,0,2026-08-01
POL0008230,CUST004698,AGT0038,Medical,2024-09-21,2025-10-10,4167.15,204818.75,Monthly,Expired,0,2026-08-01
POL0008231,CUST000490,AGT0008,Travel,2026-03-12,2026-04-06,118.75,84974.38,Annual,Cancelled,0,2026-08-01
POL0008232,CUST005859,AGT0018,Life,2024-04-02,2025-03-15,3178.49,803791.12,Monthly,Renewed,1,2026-08-01
POL0008233,CUST001033,AGT0033,Motor,2025-05-01,2026-05-12,1905.97,121953.73,Monthly,Renewed,1,2026-08-01
POL0008234,CUST003460,AGT0026,Home,2023-07-14,2024-07-12,532.55,465550.81,Monthly,Expired,0,2026-08-01
POL0008235,CUST000407,AGT0003,Medical,2025-07-12,2026-07-24,4120.74,76829.02,Annual,Renewed,1,2026-08-01
POL0008236,CUST000580,AGT0063,Motor,2025-06-08,2026-06-01,1432.27,102394.28,Quarterly,Expired,0,2026-08-01
POL0008237,CUST004221,AGT0012,Motor,2024-06-17,2025-06-22,1054.95,24394.25,Semi-Annual,Expired,0,2026-08-01
POL0008238,CUST004719,AGT0057,Medical,2023-12-22,2024-12-28,3902.09,246387.73,Annual,Renewed,1,2026-08-01
POL0008239,CUST002095,AGT0078,Life,2025-01-19,2026-01-11,2655.92,145256.27,Semi-Annual,Renewed,1,2026-08-01
POL0008240,CUST000339,AGT0020,Motor,2025-03-01,2026-02-08,1432.83,97046.5,Monthly,Renewed,1,2026-08-01
POL0008241,CUST000190,AGT0037,Medical,2025-07-07,2026-06-08,2826.96,217188.07,Semi-Annual,Renewed,1,2026-08-01
POL0008242,CUST005608,AGT0052,Medical,2023-09-19,2024-10-17,2815.52,279278.51,Monthly,Expired,0,2026-08-01
POL0008243,CUST004514,AGT0075,Medical,2024-04-11,2025-04-17,4320.05,288674.01,Quarterly,Renewed,1,2026-08-01
POL0008244,CUST002318,AGT0031,Home,2025-12-14,2026-12-08,1270.52,730864.46,Annual,Active,0,2026-08-01
POL0008245,CUST001530,AGT0016,Motor,2025-12-22,2026-12-14,2335.11,170780.3,Annual,Active,0,2026-08-01
POL0008246,CUST004212,AGT0009,Travel,2025-11-27,2026-01-22,669.27,52139.74,Quarterly,Expired,0,2026-08-01
POL0008247,CUST005362,AGT0029,Medical,2025-10-06,2026-09-30,4933.03,460523.66,Semi-Annual,Active,0,2026-08-01
POL0008248,CUST003949,AGT0067,Motor,2023-04-19,2024-04-12,1428.38,80137.03,Annual,Expired,0,2026-08-01
POL0008249,CUST004939,AGT0054,Motor,2024-01-11,2025-02-04,1842.18,46249.82,Monthly,Renewed,1,2026-08-01
POL0008250,CUST005104,AGT0019,Home,2024-01-05,2024-12-29,1562.89,573535.29,Quarterly,Renewed,1,2026-08-01
POL0008251,CUST001823,AGT0080,Motor,2024-03-10,2025-03-22,2270.78,82696.1,Monthly,Expired,0,2026-08-01
POL0008252,CUST004395,AGT0052,Motor,2024-09-29,2025-09-26,2257.44,71275.14,Monthly,Expired,0,2026-08-01
POL0008253,CUST001415,AGT0056,Medical,2023-08-29,2024-09-13,2807.94,330665.35,Monthly,Expired,0,2026-08-01
POL0008254,CUST001339,AGT0001,Life,2025-10-27,2026-09-22,4019.37,1073972.56,Quarterly,Cancelled,0,2026-08-01
POL0008255,CUST005959,AGT0073,Medical,2024-10-18,2025-11-02,1333.7,251157.16,Monthly,Renewed,1,2026-08-01
POL0008256,CUST001963,AGT0006,Motor,2023-04-19,2024-03-28,1113.87,64401.53,Annual,Renewed,1,2026-08-01
POL0008257,CUST004918,AGT0004,Medical,2025-11-26,2026-11-19,2852.96,403796.88,Monthly,Active,0,2026-08-01
POL0008258,CUST002072,AGT0056,Travel,2024-02-13,2024-03-16,305.72,104127.5,Annual,Expired,0,2026-08-01
POL0008259,CUST005560,AGT0025,Travel,2025-01-07,2025-01-28,250.49,101882.7,Monthly,Expired,0,2026-08-01
POL0008260,CUST001669,AGT0075,Home,2024-07-01,2025-05-30,524.71,833667.85,Semi-Annual,Renewed,1,2026-08-01
POL0008261,CUST000103,AGT0071,Medical,2024-04-08,2025-04-08,4164.5,498490.71,Annual,Renewed,1,2026-08-01
POL0008262,CUST002779,AGT0044,Motor,2024-03-09,2025-02-10,2259.4,27424.13,Annual,Expired,0,2026-08-01
POL0008263,CUST003590,AGT0042,Motor,2024-06-20,2025-05-31,1683.82,60720.93,Annual,Renewed,1,2026-08-01
POL0008264,CUST002306,AGT0014,Travel,2023-03-31,2023-06-17,711.8,125382.75,Monthly,Expired,0,2026-08-01
POL0008265,CUST001600,AGT0014,Life,2025-06-24,2026-06-30,6504.12,240857.91,Quarterly,Expired,0,2026-08-01
POL0008266,CUST004968,AGT0001,Life,2025-04-26,2026-04-25,2083.8,139525.71,Annual,Renewed,1,2026-08-01
POL0008267,CUST002249,AGT0014,Medical,2024-11-03,2025-10-23,4489.19,198445.51,Monthly,Renewed,1,2026-08-01
POL0008268,CUST004202,AGT0036,Medical,2026-03-04,2027-02-02,1116.66,404454.13,Annual,Active,0,2026-08-01
POL0008269,CUST000547,AGT0061,Medical,2024-12-23,2025-11-21,1474.97,234775.53,Semi-Annual,Expired,0,2026-08-01
POL0008270,CUST005244,AGT0006,Medical,2024-05-23,2025-05-17,2727.11,146256.72,Monthly,Renewed,1,2026-08-01
POL0008271,CUST004491,AGT0013,Medical,2025-03-07,2026-04-05,3818.14,126624.04,Monthly,Renewed,1,2026-08-01
POL0008272,CUST001011,AGT0031,Motor,2025-11-10,2026-11-28,1680.63,108129.27,Annual,Active,0,2026-08-01
POL0008273,CUST003154,AGT0040,Motor,2025-08-23,2026-08-15,1176.55,76259.14,Monthly,Active,0,2026-08-01
POL0008274,CUST004500,AGT0034,Motor,2025-01-17,2025-12-26,1936.1,120701.39,Semi-Annual,Expired,0,2026-08-01
POL0008275,CUST004753,AGT0015,Home,2025-03-28,2026-03-16,1603.14,730056.88,Monthly,Expired,0,2026-08-01
POL0008276,CUST002524,AGT0061,Home,2026-07-08,2027-07-05,1492.63,83263.38,Annual,Active,0,2026-08-01
POL0008277,CUST000699,AGT0017,Life,2025-06-13,2026-06-19,2920.89,554184.49,Annual,Renewed,1,2026-08-01
POL0008278,CUST000358,AGT0010,Travel,2025-07-09,2025-08-31,772.64,91016.69,Annual,Expired,0,2026-08-01
POL0008279,CUST005984,AGT0032,Motor,2025-05-20,2026-05-14,1495.83,128155.62,Annual,Cancelled,0,2026-08-01
POL0008280,CUST000652,AGT0080,Motor,2026-06-02,2027-06-08,2417.77,68656.16,Annual,Active,0,2026-08-01
POL0008281,CUST002092,AGT0010,Motor,2026-04-25,2027-05-24,986.21,95808.88,Annual,Active,0,2026-08-01
POL0008282,CUST005138,AGT0011,Motor,2024-03-26,2025-03-18,2483.72,36869.9,Semi-Annual,Renewed,1,2026-08-01
POL0008283,CUST005709,AGT0053,Life,2025-08-20,2026-07-19,3218.96,236186.11,Monthly,Cancelled,0,2026-08-01
POL0008284,CUST002831,AGT0050,Motor,2025-05-02,2026-05-23,1590.4,157760.81,Monthly,Renewed,1,2026-08-01
POL0008285,CUST004059,AGT0014,Home,2024-12-15,2026-01-02,1556.96,522038.0,Monthly,Expired,0,2026-08-01
POL0008286,CUST003073,AGT0053,Life,2024-11-04,2025-11-07,5200.12,748064.83,Semi-Annual,Renewed,1,2026-08-01
POL0008287,CUST000654,AGT0061,Motor,2026-03-19,2027-02-13,1799.13,89977.32,Monthly,Active,0,2026-08-01
POL0008288,CUST002947,AGT0051,Travel,2026-04-06,2026-05-03,596.18,143921.57,Monthly,Expired,0,2026-08-01
POL0008289,CUST004692,AGT0042,Travel,2026-03-22,2026-04-22,471.74,74919.22,Quarterly,Renewed,1,2026-08-01
POL0008290,CUST003756,AGT0037,Life,2024-02-04,2025-03-03,1352.3,464751.83,Monthly,Expired,0,2026-08-01
POL0008291,CUST003364,AGT0028,Motor,2024-04-04,2025-03-11,1646.62,35311.94,Annual,Expired,0,2026-08-01
POL0008292,CUST004996,AGT0006,Medical,2023-04-27,2024-03-22,3539.22,411619.3,Annual,Renewed,1,2026-08-01
POL0008293,CUST001133,AGT0050,Medical,2025-11-18,2026-11-05,1551.91,475162.54,Monthly,Active,0,2026-08-01
POL0008294,CUST003406,AGT0064,Life,2025-06-17,2026-06-14,2509.72,1400933.53,Annual,Renewed,1,2026-08-01
POL0008295,CUST001124,AGT0033,Motor,2026-07-08,2027-07-30,1212.72,47108.47,Semi-Annual,Active,0,2026-08-01
POL0008296,CUST000375,AGT0059,Travel,2025-08-20,2025-11-12,487.39,103730.94,Quarterly,Renewed,1,2026-08-01
POL0008297,CUST005719,AGT0007,Motor,2023-09-28,2024-09-08,1205.88,105115.36,Annual,Expired,0,2026-08-01
POL0008298,CUST004670,AGT0008,Home,2024-01-21,2025-01-28,641.0,414564.53,Annual,Expired,0,2026-08-01
POL0008299,CUST005992,AGT0025,Motor,2024-06-02,2025-05-31,1565.82,150256.75,Annual,Renewed,1,2026-08-01
POL0008300,CUST002751,AGT0028,Travel,2025-09-18,2025-11-20,682.78,136866.69,Semi-Annual,Expired,0,2026-08-01
POL0008301,CUST003457,AGT0042,Motor,2024-06-26,2025-06-22,1303.02,41752.93,Annual,Expired,0,2026-08-01
POL0008302,CUST000370,AGT0003,Life,2026-06-18,2027-06-24,2659.05,107300.72,Quarterly,Active,0,2026-08-01
POL0008303,CUST001123,AGT0009,Travel,2025-03-09,2025-03-26,457.09,45393.34,Annual,Renewed,1,2026-08-01
POL0008304,CUST000506,AGT0059,Medical,2024-04-25,2025-04-15,2481.0,414299.95,Quarterly,Renewed,1,2026-08-01
POL0008305,CUST002042,AGT0059,Motor,2026-06-12,2027-06-07,2565.57,166594.59,Annual,Active,0,2026-08-01
POL0008306,CUST002444,AGT0062,Home,2024-12-10,2025-12-14,1509.7,637963.42,Annual,Expired,0,2026-08-01
POL0008307,CUST001272,AGT0029,Home,2024-02-04,2025-02-23,887.58,94418.69,Monthly,Expired,0,2026-08-01
POL0008308,CUST004668,AGT0054,Life,2024-05-26,2025-05-12,1894.5,909790.15,Quarterly,Renewed,1,2026-08-01
POL0008309,CUST003645,AGT0017,Medical,2025-09-12,2026-09-23,1915.12,239060.42,Annual,Active,0,2026-08-01
POL0008310,CUST002608,AGT0070,Motor,2023-04-21,2024-03-29,2210.05,144998.72,Monthly,Renewed,1,2026-08-01
POL0008311,CUST002402,AGT0001,Medical,2025-10-14,2026-10-04,2919.22,388683.93,Monthly,Active,0,2026-08-01
POL0008312,CUST003399,AGT0050,Life,2023-05-24,2024-04-23,2333.06,378262.18,Monthly,Expired,0,2026-08-01
POL0008313,CUST002269,AGT0007,Motor,2025-06-28,2026-06-10,1924.82,70652.38,Semi-Annual,Renewed,1,2026-08-01
POL0008314,CUST004638,AGT0067,Motor,2025-07-31,2026-08-17,1951.0,54563.01,Monthly,Active,0,2026-08-01
POL0008315,CUST004809,AGT0019,Home,2025-02-07,2026-02-06,793.88,513211.53,Annual,Expired,0,2026-08-01
POL0008316,CUST001105,AGT0002,Life,2023-08-30,2024-09-22,2035.79,214584.89,Quarterly,Renewed,1,2026-08-01
POL0008317,CUST005782,AGT0030,Life,2025-01-17,2025-12-27,4470.11,931660.07,Monthly,Renewed,1,2026-08-01
POL0008318,CUST002742,AGT0072,Home,2025-12-20,2026-12-13,1145.69,472505.82,Annual,Active,0,2026-08-01
POL0008319,CUST001183,AGT0013,Medical,2024-01-04,2024-12-09,2919.2,302282.23,Semi-Annual,Renewed,1,2026-08-01
POL0008320,CUST005101,AGT0022,Medical,2026-04-16,2027-03-31,5073.49,427281.8,Monthly,Active,0,2026-08-01
POL0008321,CUST002487,AGT0044,Home,2023-06-29,2024-05-26,780.77,479773.05,Annual,Expired,0,2026-08-01
POL0008322,CUST000892,AGT0070,Home,2026-03-12,2027-02-19,1054.21,725383.6,Annual,Active,0,2026-08-01
POL0008323,CUST003220,AGT0016,Motor,2024-03-12,2025-02-05,1943.68,169680.29,Annual,Renewed,1,2026-08-01
POL0008324,CUST002460,AGT0030,Medical,2025-07-04,2026-07-13,3900.28,90961.81,Semi-Annual,Expired,0,2026-08-01
POL0008325,CUST001476,AGT0077,Medical,2023-10-28,2024-11-25,4550.44,84625.35,Semi-Annual,Renewed,1,2026-08-01
POL0008326,CUST004362,AGT0056,Motor,2025-03-21,2026-02-17,1197.52,49517.88,Annual,Expired,0,2026-08-01
POL0008327,CUST002412,AGT0046,Motor,2025-05-02,2026-04-20,2352.23,136342.92,Semi-Annual,Cancelled,0,2026-08-01
POL0008328,CUST003166,AGT0029,Motor,2024-10-03,2025-10-26,982.29,121827.83,Monthly,Expired,0,2026-08-01
POL0008329,CUST000335,AGT0064,Life,2026-01-20,2026-12-18,1576.27,943893.11,Semi-Annual,Active,0,2026-08-01
POL0008330,CUST002214,AGT0076,Motor,2026-04-02,2027-04-14,2367.96,127724.72,Annual,Active,0,2026-08-01
POL0008331,CUST000248,AGT0034,Travel,2023-07-27,2023-09-05,316.82,79569.29,Quarterly,Renewed,1,2026-08-01
POL0008332,CUST001693,AGT0077,Life,2025-12-02,2026-12-21,5819.05,506739.31,Monthly,Active,0,2026-08-01
POL0008333,CUST004719,AGT0017,Medical,2025-05-11,2026-05-07,4250.99,133347.99,Annual,Expired,0,2026-08-01
POL0008334,CUST005553,AGT0068,Travel,2024-11-15,2025-01-15,593.62,142133.3,Quarterly,Renewed,1,2026-08-01
POL0008335,CUST002035,AGT0036,Life,2023-06-09,2024-06-10,2386.42,447320.77,Monthly,Renewed,1,2026-08-01
POL0008336,CUST004194,AGT0017,Life,2025-03-02,2026-03-30,3663.04,577599.65,Annual,Renewed,1,2026-08-01
POL0008337,CUST004245,AGT0033,Travel,2024-05-11,2024-07-18,699.39,113767.12,Semi-Annual,Renewed,1,2026-08-01
POL0008338,CUST004691,AGT0033,Travel,2023-02-19,2023-03-27,137.54,117606.86,Quarterly,Expired,0,2026-08-01
POL0008339,CUST000498,AGT0050,Travel,2023-08-15,2023-11-09,459.72,88642.57,Monthly,Renewed,1,2026-08-01
POL0008340,CUST001785,AGT0064,Life,2023-04-27,2024-04-23,2091.12,824935.44,Annual,Renewed,1,2026-08-01
POL0008341,CUST004025,AGT0073,Medical,2024-01-27,2025-02-09,1429.36,485019.5,Monthly,Expired,0,2026-08-01
POL0008342,CUST001771,AGT0011,Life,2023-08-18,2024-07-26,3760.49,747482.24,Quarterly,Cancelled,0,2026-08-01
POL0008343,CUST003921,AGT0019,Life,2026-01-27,2027-01-16,2995.28,1358283.01,Quarterly,Active,0,2026-08-01
POL0008344,CUST005389,AGT0067,Home,2024-01-10,2025-02-06,1531.19,889047.05,Annual,Expired,0,2026-08-01
POL0008345,CUST004929,AGT0008,Medical,2024-07-02,2025-08-01,3049.45,78468.53,Annual,Expired,0,2026-08-01
POL0008346,CUST002940,AGT0024,Motor,2025-08-29,2026-09-21,2133.92,125014.32,Semi-Annual,Active,0,2026-08-01
POL0008347,CUST001228,AGT0058,Medical,2023-05-22,2024-05-25,3777.59,483525.15,Semi-Annual,Renewed,1,2026-08-01
POL0008348,CUST001919,AGT0043,Medical,2024-04-09,2025-05-02,4995.48,249788.38,Quarterly,Renewed,1,2026-08-01
POL0008349,CUST003307,AGT0001,Medical,2023-09-18,2024-09-14,2092.09,220945.49,Monthly,Expired,0,2026-08-01
POL0008350,CUST004471,AGT0012,Life,2024-11-07,2025-12-07,5728.62,624257.88,Annual,Cancelled,0,2026-08-01
POL0008351,CUST005408,AGT0064,Home,2026-01-07,2026-12-26,581.44,704599.81,Annual,Active,0,2026-08-01
POL0008352,CUST005066,AGT0028,Motor,2024-12-14,2026-01-08,2352.11,127172.69,Annual,Renewed,1,2026-08-01
POL0008353,CUST001320,AGT0059,Home,2024-06-20,2025-06-20,1610.27,440145.38,Monthly,Expired,0,2026-08-01
POL0008354,CUST000666,AGT0054,Travel,2023-04-23,2023-07-05,705.77,96034.96,Monthly,Renewed,1,2026-08-01
POL0008355,CUST000750,AGT0067,Motor,2026-05-08,2027-05-04,1377.84,115834.08,Annual,Active,0,2026-08-01
POL0008356,CUST001318,AGT0047,Motor,2024-08-28,2025-09-20,1064.09,66697.67,Annual,Expired,0,2026-08-01
POL0008357,CUST002069,AGT0008,Home,2025-01-03,2026-01-02,1564.87,85077.72,Monthly,Renewed,1,2026-08-01
POL0008358,CUST000247,AGT0011,Travel,2024-10-18,2024-12-03,525.77,20490.24,Semi-Annual,Expired,0,2026-08-01
POL0008359,CUST005793,AGT0017,Motor,2024-10-24,2025-11-22,1606.42,91859.4,Annual,Expired,0,2026-08-01
POL0008360,CUST002085,AGT0015,Life,2023-05-12,2024-04-11,3593.16,1060951.94,Annual,Expired,0,2026-08-01
POL0008361,CUST000945,AGT0045,Motor,2024-08-19,2025-08-10,982.4,167539.65,Quarterly,Renewed,1,2026-08-01
POL0008362,CUST003193,AGT0037,Life,2024-07-03,2025-05-29,4952.34,1274949.48,Quarterly,Renewed,1,2026-08-01
POL0008363,CUST000717,AGT0027,Motor,2025-10-07,2026-09-20,1737.45,75357.41,Annual,Active,0,2026-08-01
POL0008364,CUST005115,AGT0046,Medical,2024-07-13,2025-06-11,5037.37,292730.18,Monthly,Renewed,1,2026-08-01
POL0008365,CUST005987,AGT0068,Medical,2025-12-28,2026-12-21,3835.27,252096.02,Annual,Active,0,2026-08-01
POL0008366,CUST005483,AGT0030,Medical,2025-05-06,2026-04-23,5055.65,143106.01,Monthly,Expired,0,2026-08-01
POL0008367,CUST002359,AGT0037,Motor,2023-06-16,2024-05-14,1051.71,53216.87,Annual,Renewed,1,2026-08-01
POL0008368,CUST003818,AGT0071,Life,2026-02-28,2027-02-18,5158.47,1279103.79,Annual,Active,0,2026-08-01
POL0008369,CUST000896,AGT0035,Travel,2024-06-17,2024-06-24,703.28,36192.97,Monthly,Renewed,1,2026-08-01
POL0008370,CUST000275,AGT0007,Life,2025-07-11,2026-06-07,4744.66,198107.77,Annual,Expired,0,2026-08-01
POL0008371,CUST003352,AGT0015,Home,2024-01-05,2025-01-29,1222.28,306434.88,Monthly,Expired,0,2026-08-01
POL0008372,CUST004480,AGT0022,Travel,2025-09-09,2025-09-24,183.05,83576.26,Quarterly,Expired,0,2026-08-01
POL0008373,CUST000084,AGT0045,Motor,2026-03-21,2027-02-27,1378.19,27537.63,Monthly,Active,0,2026-08-01
POL0008374,CUST005962,AGT0033,Motor,2023-02-06,2024-01-05,1938.59,74499.67,Monthly,Renewed,1,2026-08-01
POL0008375,CUST002554,AGT0028,Life,2025-08-18,2026-07-19,3943.45,1261748.0,Monthly,Expired,0,2026-08-01
POL0008376,CUST003710,AGT0067,Life,2025-09-05,2026-09-15,6205.6,618114.78,Monthly,Active,0,2026-08-01
POL0008377,CUST000218,AGT0037,Home,2024-01-18,2024-12-14,1465.93,567134.37,Annual,Renewed,1,2026-08-01
POL0008378,CUST005317,AGT0039,Motor,2024-06-02,2025-05-04,1762.89,173858.02,Annual,Expired,0,2026-08-01
POL0008379,CUST003393,AGT0022,Motor,2024-06-17,2025-06-24,1901.38,132575.02,Monthly,Expired,0,2026-08-01
POL0008380,CUST002878,AGT0038,Travel,2024-08-07,2024-09-06,578.53,108462.04,Annual,Cancelled,0,2026-08-01
POL0008381,CUST003749,AGT0049,Travel,2024-07-01,2024-09-04,577.62,146311.07,Monthly,Renewed,1,2026-08-01
POL0008382,CUST004997,AGT0074,Medical,2026-03-27,2027-04-07,3923.53,92029.99,Annual,Active,0,2026-08-01
POL0008383,CUST000022,AGT0068,Medical,2026-05-02,2027-05-11,3088.15,471390.24,Semi-Annual,Active,0,2026-08-01
POL0008384,CUST000298,AGT0001,Travel,2026-05-18,2026-08-10,157.81,39799.78,Semi-Annual,Cancelled,0,2026-08-01
POL0008385,CUST003077,AGT0002,Medical,2024-09-11,2025-09-18,5011.6,65963.68,Monthly,Renewed,1,2026-08-01
POL0008386,CUST004681,AGT0067,Travel,2025-06-28,2025-09-20,73.0,80498.48,Quarterly,Expired,0,2026-08-01
POL0008387,CUST005670,AGT0019,Home,2023-01-25,2024-02-12,324.87,805471.59,Quarterly,Expired,0,2026-08-01
POL0008388,CUST000557,AGT0003,Motor,2023-01-24,2024-02-19,2489.13,70132.72,Annual,Expired,0,2026-08-01
POL0008389,CUST002389,AGT0055,Motor,2025-08-12,2026-09-02,1689.89,34527.59,Semi-Annual,Active,0,2026-08-01
POL0008390,CUST004681,AGT0078,Home,2025-05-17,2026-06-11,1526.33,95621.37,Monthly,Expired,0,2026-08-01
POL0008391,CUST005728,AGT0057,Medical,2023-05-07,2024-04-23,2620.0,226165.7,Monthly,Expired,0,2026-08-01
POL0008392,CUST001531,AGT0011,Motor,2025-05-16,2026-04-27,1575.7,177545.79,Annual,Expired,0,2026-08-01
POL0008393,CUST005781,AGT0024,Medical,2025-04-04,2026-04-07,3962.58,355168.13,Monthly,Expired,0,2026-08-01
POL0008394,CUST004839,AGT0024,Life,2025-09-02,2026-08-10,4151.34,811894.01,Quarterly,Active,0,2026-08-01
POL0008395,CUST001442,AGT0023,Motor,2024-11-02,2025-11-10,2421.11,52847.08,Semi-Annual,Cancelled,0,2026-08-01
POL0008396,CUST004893,AGT0051,Life,2025-09-21,2026-10-21,5210.66,1430499.51,Semi-Annual,Active,0,2026-08-01
POL0008397,CUST003465,AGT0060,Motor,2025-09-23,2026-09-10,1749.08,26747.84,Monthly,Active,0,2026-08-01
POL0008398,CUST005066,AGT0024,Motor,2025-02-15,2026-02-02,2293.52,25554.81,Semi-Annual,Renewed,1,2026-08-01
POL0008399,CUST004982,AGT0045,Motor,2024-12-20,2025-12-26,1780.82,67752.2,Monthly,Renewed,1,2026-08-01
POL0008400,CUST001212,AGT0039,Medical,2025-11-08,2026-11-13,2258.41,254647.99,Quarterly,Active,0,2026-08-01
POL0008401,CUST004255,AGT0032,Travel,2023-08-18,2023-10-20,155.1,135641.12,Monthly,Expired,0,2026-08-01
POL0008402,CUST002750,AGT0015,Medical,2026-07-08,2027-06-29,2472.31,370357.71,Monthly,Active,0,2026-08-01
POL0008403,CUST004561,AGT0005,Travel,2026-03-14,2026-06-10,561.3,71426.28,Annual,Cancelled,0,2026-08-01
POL0008404,CUST000824,AGT0076,Motor,2024-11-28,2025-11-08,2567.04,124048.45,Monthly,Renewed,1,2026-08-01
POL0008405,CUST001566,AGT0053,Medical,2026-03-26,2027-02-24,4131.27,376120.7,Annual,Active,0,2026-08-01
POL0008406,CUST001380,AGT0068,Medical,2025-08-01,2026-07-07,3599.65,134195.75,Quarterly,Renewed,1,2026-08-01
POL0008407,CUST005510,AGT0024,Travel,2024-07-03,2024-08-22,219.89,64000.14,Annual,Renewed,1,2026-08-01
POL0008408,CUST002202,AGT0017,Life,2024-07-18,2025-06-19,5300.6,437816.98,Semi-Annual,Expired,0,2026-08-01
POL0008409,CUST001414,AGT0047,Travel,2025-03-07,2025-04-03,473.14,127902.51,Monthly,Expired,0,2026-08-01
POL0008410,CUST004407,AGT0056,Medical,2023-11-24,2024-11-01,4103.66,449406.18,Annual,Expired,0,2026-08-01
POL0008411,CUST003869,AGT0058,Home,2024-12-23,2025-12-21,848.22,813696.97,Semi-Annual,Renewed,1,2026-08-01
POL0008412,CUST003817,AGT0044,Travel,2024-06-21,2024-07-03,437.72,96989.31,Monthly,Expired,0,2026-08-01
POL0008413,CUST005309,AGT0038,Home,2024-11-29,2025-10-27,1089.04,371329.65,Monthly,Renewed,1,2026-08-01
POL0008414,CUST005432,AGT0046,Motor,2024-06-14,2025-07-08,1451.78,101275.33,Annual,Expired,0,2026-08-01
POL0008415,CUST002157,AGT0021,Motor,2023-04-28,2024-05-16,1841.69,160668.43,Quarterly,Expired,0,2026-08-01
POL0008416,CUST005769,AGT0013,Life,2025-07-25,2026-07-04,2802.95,1053769.74,Semi-Annual,Renewed,1,2026-08-01
POL0008417,CUST003313,AGT0018,Medical,2024-10-07,2025-10-08,1320.64,424838.79,Quarterly,Expired,0,2026-08-01
POL0008418,CUST005334,AGT0027,Travel,2023-09-14,2023-10-14,200.92,31425.23,Annual,Expired,0,2026-08-01
POL0008419,CUST004144,AGT0057,Motor,2023-10-22,2024-09-29,1689.5,104832.73,Monthly,Renewed,1,2026-08-01
POL0008420,CUST000485,AGT0070,Life,2024-11-05,2025-11-05,1589.27,1239279.89,Monthly,Expired,0,2026-08-01
POL0008421,CUST005571,AGT0072,Motor,2025-11-08,2026-11-29,1496.02,104945.19,Monthly,Active,0,2026-08-01
POL0008422,CUST003468,AGT0032,Medical,2023-11-29,2024-10-27,3837.89,187437.41,Quarterly,Expired,0,2026-08-01
POL0008423,CUST002689,AGT0079,Motor,2026-01-14,2026-12-17,1721.84,76294.34,Semi-Annual,Cancelled,0,2026-08-01
POL0008424,CUST002046,AGT0079,Home,2025-11-08,2026-11-28,1130.36,134064.94,Monthly,Active,0,2026-08-01
POL0008425,CUST003620,AGT0065,Motor,2023-01-25,2024-02-18,2103.99,160946.54,Annual,Renewed,1,2026-08-01
POL0008426,CUST005529,AGT0006,Life,2023-06-30,2024-07-08,1901.21,1074995.22,Annual,Renewed,1,2026-08-01
POL0008427,CUST000851,AGT0049,Motor,2025-08-20,2026-09-18,1274.86,164355.23,Quarterly,Active,0,2026-08-01
POL0008428,CUST001346,AGT0023,Motor,2024-12-22,2026-01-05,1560.55,46043.81,Quarterly,Expired,0,2026-08-01
POL0008429,CUST000392,AGT0070,Medical,2023-05-31,2024-06-07,2126.2,155164.59,Annual,Renewed,1,2026-08-01
POL0008430,CUST001183,AGT0018,Motor,2026-07-18,2027-06-14,1589.84,106956.27,Annual,Active,0,2026-08-01
POL0008431,CUST000129,AGT0032,Medical,2023-01-13,2024-02-02,4753.33,91755.9,Monthly,Renewed,1,2026-08-01
POL0008432,CUST001264,AGT0021,Motor,2024-06-11,2025-05-28,1006.0,119545.25,Monthly,Renewed,1,2026-08-01
POL0008433,CUST002860,AGT0071,Life,2023-01-18,2024-02-06,2908.74,553394.45,Quarterly,Renewed,1,2026-08-01
POL0008434,CUST004968,AGT0046,Travel,2026-03-31,2026-06-14,745.16,41885.8,Monthly,Cancelled,0,2026-08-01
POL0008435,CUST003275,AGT0035,Life,2024-09-01,2025-08-26,4476.98,576505.83,Monthly,Cancelled,0,2026-08-01
POL0008436,CUST001352,AGT0066,Motor,2025-03-23,2026-03-29,2545.98,170839.98,Annual,Expired,0,2026-08-01
POL0008437,CUST000519,AGT0048,Medical,2025-11-30,2026-11-03,1724.35,324588.65,Monthly,Active,0,2026-08-01
POL0008438,CUST005320,AGT0049,Motor,2023-12-08,2024-11-26,2160.3,119463.45,Quarterly,Expired,0,2026-08-01
POL0008439,CUST001087,AGT0014,Medical,2024-02-12,2025-01-12,4524.18,392380.83,Monthly,Expired,0,2026-08-01
POL0008440,CUST004604,AGT0031,Travel,2025-04-01,2025-05-20,817.24,128021.27,Annual,Renewed,1,2026-08-01
POL0008441,CUST001598,AGT0040,Motor,2026-04-23,2027-03-25,1084.02,112978.08,Quarterly,Active,0,2026-08-01
POL0008442,CUST003784,AGT0034,Motor,2023-09-02,2024-08-13,1764.35,92736.05,Monthly,Expired,0,2026-08-01
POL0008443,CUST005348,AGT0028,Travel,2024-07-04,2024-09-01,378.39,32695.95,Monthly,Renewed,1,2026-08-01
POL0008444,CUST005468,AGT0079,Medical,2023-12-13,2024-12-06,3545.07,398465.6,Semi-Annual,Renewed,1,2026-08-01
POL0008445,CUST000596,AGT0030,Motor,2023-09-04,2024-08-01,943.08,58852.6,Annual,Expired,0,2026-08-01
POL0008446,CUST003067,AGT0048,Home,2023-09-17,2024-10-04,1010.71,211627.13,Monthly,Expired,0,2026-08-01
POL0008447,CUST002939,AGT0048,Motor,2024-08-23,2025-08-19,852.16,169549.76,Monthly,Renewed,1,2026-08-01
POL0008448,CUST005280,AGT0017,Travel,2023-05-25,2023-08-16,304.48,106452.59,Annual,Expired,0,2026-08-01
POL0008449,CUST004735,AGT0071,Motor,2025-03-30,2026-03-13,2278.69,114730.97,Annual,Expired,0,2026-08-01
POL0008450,CUST000867,AGT0013,Home,2023-08-29,2024-07-30,1000.65,646522.32,Annual,Renewed,1,2026-08-01
POL0008451,CUST005222,AGT0067,Travel,2024-10-22,2024-12-29,732.54,65973.27,Monthly,Cancelled,0,2026-08-01
POL0008452,CUST002179,AGT0048,Motor,2023-11-02,2024-11-16,904.68,161531.87,Semi-Annual,Expired,0,2026-08-01
POL0008453,CUST004159,AGT0028,Home,2024-07-29,2025-06-29,1350.05,488655.41,Monthly,Cancelled,0,2026-08-01
POL0008454,CUST001071,AGT0022,Motor,2023-07-12,2024-08-03,907.93,106990.37,Monthly,Renewed,1,2026-08-01
POL0008455,CUST001594,AGT0059,Travel,2023-09-04,2023-10-26,182.75,63915.26,Quarterly,Renewed,1,2026-08-01
POL0008456,CUST000432,AGT0036,Life,2024-03-05,2025-03-15,5860.93,1470352.44,Monthly,Renewed,1,2026-08-01
POL0008457,CUST000729,AGT0044,Motor,2025-07-03,2026-06-03,835.47,98696.08,Quarterly,Renewed,1,2026-08-01
POL0008458,CUST005592,AGT0029,Medical,2024-07-08,2025-06-21,2598.4,65976.86,Monthly,Expired,0,2026-08-01
POL0008459,CUST000948,AGT0028,Motor,2024-04-02,2025-04-01,2485.34,163642.55,Annual,Expired,0,2026-08-01
POL0008460,CUST003745,AGT0022,Life,2025-01-22,2026-01-31,2100.22,682675.58,Monthly,Expired,0,2026-08-01
POL0008461,CUST004622,AGT0073,Life,2026-06-22,2027-06-09,6697.56,922042.98,Monthly,Active,0,2026-08-01
POL0008462,CUST000462,AGT0071,Medical,2025-11-24,2026-12-11,1821.98,169588.66,Annual,Active,0,2026-08-01
POL0008463,CUST001780,AGT0013,Travel,2024-06-07,2024-07-04,273.26,24207.08,Annual,Renewed,1,2026-08-01
POL0008464,CUST002881,AGT0011,Home,2024-10-28,2025-11-17,1257.15,157131.16,Annual,Renewed,1,2026-08-01
POL0008465,CUST002028,AGT0065,Medical,2023-10-17,2024-09-15,1027.42,178687.62,Quarterly,Cancelled,0,2026-08-01
POL0008466,CUST005284,AGT0029,Life,2025-08-10,2026-07-25,5312.6,1266286.92,Quarterly,Expired,0,2026-08-01
POL0008467,CUST001054,AGT0017,Motor,2026-01-28,2027-01-26,2426.35,178646.13,Monthly,Active,0,2026-08-01
POL0008468,CUST004349,AGT0018,Home,2026-01-30,2027-02-15,833.74,171096.52,Quarterly,Active,0,2026-08-01
POL0008469,CUST002608,AGT0072,Travel,2023-09-30,2023-11-25,538.24,103780.25,Monthly,Renewed,1,2026-08-01
POL0008470,CUST002329,AGT0022,Home,2025-09-05,2026-08-20,835.94,847741.44,Semi-Annual,Active,0,2026-08-01
POL0008471,CUST002008,AGT0058,Travel,2023-08-08,2023-09-16,606.61,60293.14,Annual,Expired,0,2026-08-01
POL0008472,CUST004058,AGT0037,Medical,2023-01-13,2023-12-11,3213.06,467234.41,Annual,Renewed,1,2026-08-01
POL0008473,CUST002143,AGT0038,Motor,2025-07-28,2026-06-26,1704.78,94636.11,Semi-Annual,Expired,0,2026-08-01
POL0008474,CUST003770,AGT0027,Medical,2024-07-09,2025-06-27,1219.61,205778.85,Monthly,Cancelled,0,2026-08-01
POL0008475,CUST000203,AGT0007,Motor,2024-01-25,2024-12-28,1990.96,150488.18,Annual,Cancelled,0,2026-08-01
POL0008476,CUST001647,AGT0007,Medical,2024-10-21,2025-10-06,3125.2,95763.2,Monthly,Renewed,1,2026-08-01
POL0008477,CUST002776,AGT0015,Medical,2024-06-29,2025-07-28,2347.72,269620.25,Semi-Annual,Renewed,1,2026-08-01
POL0008478,CUST001316,AGT0023,Life,2023-11-14,2024-11-05,3982.38,385549.92,Monthly,Renewed,1,2026-08-01
POL0008479,CUST000672,AGT0014,Life,2024-08-12,2025-08-09,3116.86,745945.38,Quarterly,Expired,0,2026-08-01
POL0008480,CUST001324,AGT0023,Motor,2023-02-16,2024-02-07,1287.96,104320.37,Semi-Annual,Renewed,1,2026-08-01
POL0008481,CUST003215,AGT0061,Life,2025-10-21,2026-11-01,1903.02,974093.21,Semi-Annual,Active,0,2026-08-01
POL0008482,CUST005744,AGT0001,Medical,2026-05-09,2027-04-29,1923.35,113813.35,Monthly,Active,0,2026-08-01
POL0008483,CUST004016,AGT0050,Motor,2025-01-20,2026-01-04,1033.43,148721.43,Semi-Annual,Expired,0,2026-08-01
POL0008484,CUST005428,AGT0042,Medical,2025-03-22,2026-02-16,1042.47,463384.97,Monthly,Renewed,1,2026-08-01
POL0008485,CUST003277,AGT0018,Motor,2025-08-26,2026-09-01,2127.97,161614.96,Semi-Annual,Active,0,2026-08-01
POL0008486,CUST000181,AGT0023,Medical,2024-09-26,2025-10-13,1396.65,308316.45,Annual,Expired,0,2026-08-01
POL0008487,CUST000879,AGT0030,Motor,2026-07-14,2027-07-06,1510.75,127888.18,Quarterly,Active,0,2026-08-01
POL0008488,CUST004558,AGT0022,Motor,2024-01-13,2024-12-28,1965.49,165050.91,Quarterly,Expired,0,2026-08-01
POL0008489,CUST003699,AGT0025,Motor,2025-07-18,2026-08-06,2073.87,37136.61,Quarterly,Cancelled,0,2026-08-01
POL0008490,CUST005047,AGT0034,Medical,2024-01-04,2025-01-30,1321.89,368079.11,Monthly,Expired,0,2026-08-01
POL0008491,CUST002477,AGT0053,Travel,2023-12-31,2024-03-28,756.37,93901.51,Quarterly,Renewed,1,2026-08-01
POL0008492,CUST005600,AGT0052,Motor,2024-07-20,2025-06-28,961.08,134891.18,Annual,Expired,0,2026-08-01
POL0008493,CUST002157,AGT0027,Medical,2025-09-29,2026-10-08,3155.66,138270.55,Annual,Active,0,2026-08-01
POL0008494,CUST005041,AGT0024,Motor,2024-06-17,2025-06-23,2280.04,67594.64,Monthly,Renewed,1,2026-08-01
POL0008495,CUST000893,AGT0062,Motor,2026-01-15,2027-01-01,1624.03,166670.21,Semi-Annual,Active,0,2026-08-01
POL0008496,CUST002710,AGT0062,Medical,2024-05-15,2025-06-02,5198.54,91997.88,Quarterly,Renewed,1,2026-08-01
POL0008497,CUST005966,AGT0056,Medical,2024-07-17,2025-06-25,3964.46,466490.58,Annual,Renewed,1,2026-08-01
POL0008498,CUST004772,AGT0056,Life,2024-11-10,2025-10-09,3165.14,1108954.87,Quarterly,Expired,0,2026-08-01
POL0008499,CUST002357,AGT0020,Travel,2025-05-12,2025-07-16,120.2,53410.83,Monthly,Renewed,1,2026-08-01
POL0008500,CUST005386,AGT0054,Home,2024-07-23,2025-08-06,1537.67,649232.35,Monthly,Cancelled,0,2026-08-01
POL0008501,CUST002739,AGT0026,Home,2024-10-02,2025-10-04,1605.74,817664.13,Annual,Expired,0,2026-08-01
POL0008502,CUST005662,AGT0043,Motor,2023-03-22,2024-03-31,1935.16,52262.52,Annual,Renewed,1,2026-08-01
POL0008503,CUST000567,AGT0044,Motor,2023-06-16,2024-06-12,1395.24,130631.02,Annual,Renewed,1,2026-08-01
POL0008504,CUST004961,AGT0064,Medical,2023-07-03,2024-06-04,3376.6,482469.97,Monthly,Renewed,1,2026-08-01
POL0008505,CUST004053,AGT0073,Life,2025-08-10,2026-08-21,1215.88,453286.94,Annual,Active,0,2026-08-01
POL0008506,CUST001065,AGT0034,Life,2024-04-26,2025-05-05,3620.77,1381796.17,Monthly,Expired,0,2026-08-01
POL0008507,CUST001696,AGT0009,Medical,2024-08-02,2025-08-22,5142.56,108095.08,Quarterly,Renewed,1,2026-08-01
POL0008508,CUST004905,AGT0002,Home,2024-12-03,2025-11-06,619.72,676489.08,Quarterly,Expired,0,2026-08-01
POL0008509,CUST004441,AGT0029,Medical,2024-03-28,2025-02-23,3868.26,71584.59,Monthly,Cancelled,0,2026-08-01
POL0008510,CUST001142,AGT0035,Home,2023-06-13,2024-05-27,457.43,513749.41,Semi-Annual,Expired,0,2026-08-01
POL0008511,CUST000403,AGT0048,Home,2024-09-03,2025-09-20,1394.85,124835.51,Monthly,Expired,0,2026-08-01
POL0008512,CUST001901,AGT0029,Medical,2024-03-25,2025-02-24,2847.99,489582.75,Annual,Renewed,1,2026-08-01
POL0008513,CUST001782,AGT0026,Motor,2025-01-30,2026-02-20,1413.39,154272.08,Quarterly,Renewed,1,2026-08-01
POL0008514,CUST003754,AGT0059,Medical,2025-04-02,2026-04-29,3123.47,437760.07,Monthly,Expired,0,2026-08-01
POL0008515,CUST004474,AGT0024,Medical,2025-09-16,2026-09-27,4438.37,466396.78,Quarterly,Active,0,2026-08-01
POL0008516,CUST001658,AGT0004,Travel,2024-11-02,2025-01-07,722.31,113637.9,Annual,Renewed,1,2026-08-01
POL0008517,CUST002377,AGT0035,Home,2026-04-02,2027-04-11,829.33,317981.44,Annual,Active,0,2026-08-01
POL0008518,CUST001119,AGT0050,Motor,2026-07-29,2027-06-29,1939.15,179985.07,Annual,Active,0,2026-08-01
POL0008519,CUST000206,AGT0016,Motor,2025-06-13,2026-07-09,1381.4,75995.8,Annual,Expired,0,2026-08-01
POL0008520,CUST005482,AGT0001,Travel,2026-05-02,2026-07-12,416.92,133157.94,Annual,Renewed,1,2026-08-01
POL0008521,CUST004738,AGT0049,Medical,2026-07-23,2027-08-15,3756.32,387890.18,Monthly,Cancelled,0,2026-08-01
POL0008522,CUST004740,AGT0016,Life,2025-12-27,2026-11-29,2683.05,989426.42,Monthly,Active,0,2026-08-01
POL0008523,CUST005794,AGT0071,Medical,2023-07-25,2024-07-13,2364.42,352422.86,Monthly,Renewed,1,2026-08-01
POL0008524,CUST000241,AGT0027,Motor,2025-05-29,2026-05-07,1098.65,20028.2,Quarterly,Renewed,1,2026-08-01
POL0008525,CUST002260,AGT0073,Motor,2023-07-21,2024-07-27,1882.75,111734.64,Monthly,Renewed,1,2026-08-01
POL0008526,CUST004456,AGT0007,Motor,2024-01-20,2025-01-24,2322.03,35172.39,Annual,Expired,0,2026-08-01
POL0008527,CUST003730,AGT0038,Medical,2025-10-30,2026-10-30,4856.05,499563.13,Monthly,Active,0,2026-08-01
POL0008528,CUST004713,AGT0034,Motor,2024-12-07,2025-11-12,2496.79,53725.37,Monthly,Expired,0,2026-08-01
POL0008529,CUST002236,AGT0024,Medical,2025-04-08,2026-03-11,4274.05,431985.2,Annual,Expired,0,2026-08-01
POL0008530,CUST000554,AGT0029,Travel,2024-06-02,2024-07-29,433.7,122840.08,Annual,Expired,0,2026-08-01
POL0008531,CUST003330,AGT0031,Motor,2026-01-31,2027-01-11,2262.49,127318.13,Monthly,Active,0,2026-08-01
POL0008532,CUST004440,AGT0005,Travel,2024-03-30,2024-04-06,262.02,94883.67,Monthly,Expired,0,2026-08-01
POL0008533,CUST004432,AGT0019,Motor,2025-06-06,2026-06-04,1719.66,88485.08,Monthly,Expired,0,2026-08-01
POL0008534,CUST001052,AGT0023,Life,2025-10-07,2026-09-03,6527.29,1167838.08,Monthly,Active,0,2026-08-01
POL0008535,CUST003798,AGT0048,Motor,2023-01-17,2024-01-11,1840.57,82151.9,Annual,Expired,0,2026-08-01
POL0008536,CUST003794,AGT0024,Travel,2026-01-10,2026-03-12,542.74,118147.77,Quarterly,Expired,0,2026-08-01
POL0008537,CUST001889,AGT0011,Motor,2025-05-29,2026-05-31,1918.35,49279.01,Quarterly,Cancelled,0,2026-08-01
POL0008538,CUST001561,AGT0056,Medical,2023-09-15,2024-10-11,4375.83,418486.03,Annual,Renewed,1,2026-08-01
POL0008539,CUST001172,AGT0026,Home,2023-10-04,2024-10-20,426.18,711447.79,Quarterly,Expired,0,2026-08-01
POL0008540,CUST000659,AGT0002,Motor,2023-04-01,2024-04-23,1472.72,141926.75,Monthly,Renewed,1,2026-08-01
POL0008541,CUST003267,AGT0014,Travel,2024-08-07,2024-10-11,799.85,73116.24,Annual,Expired,0,2026-08-01
POL0008542,CUST001886,AGT0045,Life,2023-03-15,2024-03-24,6797.59,1082905.92,Quarterly,Expired,0,2026-08-01
POL0008543,CUST003957,AGT0017,Medical,2025-06-22,2026-06-04,3347.25,279345.12,Monthly,Renewed,1,2026-08-01
POL0008544,CUST003534,AGT0075,Motor,2023-04-06,2024-04-11,1340.05,63069.83,Annual,Expired,0,2026-08-01
POL0008545,CUST003447,AGT0054,Travel,2025-05-07,2025-06-04,732.72,81022.74,Monthly,Cancelled,0,2026-08-01
POL0008546,CUST005784,AGT0024,Home,2025-08-14,2026-08-21,1636.31,408214.35,Annual,Active,0,2026-08-01
POL0008547,CUST000769,AGT0080,Motor,2024-05-14,2025-05-19,1335.1,45888.73,Monthly,Expired,0,2026-08-01
POL0008548,CUST000224,AGT0058,Travel,2024-04-01,2024-05-27,639.97,21962.62,Annual,Renewed,1,2026-08-01
POL0008549,CUST002131,AGT0055,Travel,2025-07-20,2025-07-31,811.43,105080.01,Quarterly,Renewed,1,2026-08-01
POL0008550,CUST000148,AGT0006,Life,2026-03-25,2027-03-09,3706.65,1137505.72,Monthly,Active,0,2026-08-01
POL0008551,CUST004468,AGT0020,Travel,2026-05-19,2026-07-13,124.4,60260.96,Monthly,Renewed,1,2026-08-01
POL0008552,CUST002228,AGT0049,Motor,2025-03-23,2026-03-09,2300.34,179511.09,Quarterly,Renewed,1,2026-08-01
POL0008553,CUST000881,AGT0033,Medical,2023-10-29,2024-11-03,3829.21,148829.41,Annual,Renewed,1,2026-08-01
POL0008554,CUST000498,AGT0069,Home,2024-04-04,2025-04-27,1437.33,579442.68,Quarterly,Expired,0,2026-08-01
POL0008555,CUST005301,AGT0051,Travel,2023-06-06,2023-07-07,581.41,126089.99,Semi-Annual,Cancelled,0,2026-08-01
POL0008556,CUST002259,AGT0007,Motor,2023-02-06,2024-01-27,1555.49,135221.13,Monthly,Expired,0,2026-08-01
POL0008557,CUST002800,AGT0070,Life,2023-06-26,2024-05-27,6794.28,655098.25,Monthly,Renewed,1,2026-08-01
POL0008558,CUST001014,AGT0075,Motor,2025-10-05,2026-09-11,1920.34,157118.78,Monthly,Active,0,2026-08-01
POL0008559,CUST004747,AGT0058,Motor,2024-08-21,2025-09-02,1745.52,139129.58,Monthly,Renewed,1,2026-08-01
POL0008560,CUST004428,AGT0062,Motor,2025-01-10,2025-12-13,1801.7,60931.21,Monthly,Expired,0,2026-08-01
POL0008561,CUST002045,AGT0012,Motor,2024-01-25,2025-01-10,2174.52,138080.96,Monthly,Expired,0,2026-08-01
POL0008562,CUST005105,AGT0060,Medical,2023-03-20,2024-02-22,3558.11,198731.27,Annual,Expired,0,2026-08-01
POL0008563,CUST002156,AGT0049,Motor,2024-09-02,2025-08-10,932.4,62123.53,Semi-Annual,Renewed,1,2026-08-01
POL0008564,CUST005422,AGT0011,Travel,2024-07-20,2024-09-27,279.23,69316.87,Monthly,Expired,0,2026-08-01
POL0008565,CUST005803,AGT0016,Travel,2023-04-21,2023-07-01,465.45,71921.8,Monthly,Cancelled,0,2026-08-01
POL0008566,CUST002777,AGT0044,Medical,2025-05-17,2026-05-14,1693.52,56215.96,Monthly,Expired,0,2026-08-01
POL0008567,CUST003405,AGT0030,Motor,2023-11-19,2024-11-28,2340.42,62095.96,Monthly,Expired,0,2026-08-01
POL0008568,CUST005028,AGT0047,Home,2024-10-22,2025-11-17,1464.91,640708.77,Quarterly,Expired,0,2026-08-01
POL0008569,CUST000612,AGT0078,Motor,2024-03-29,2025-04-06,2161.79,79739.1,Semi-Annual,Cancelled,0,2026-08-01
POL0008570,CUST002865,AGT0051,Medical,2023-05-05,2024-04-25,2964.14,334719.49,Quarterly,Renewed,1,2026-08-01
POL0008571,CUST005746,AGT0072,Motor,2026-05-05,2027-04-06,1321.97,124789.82,Monthly,Active,0,2026-08-01
POL0008572,CUST001207,AGT0003,Home,2025-03-30,2026-03-24,1556.88,882693.84,Quarterly,Cancelled,0,2026-08-01
POL0008573,CUST002250,AGT0021,Medical,2024-01-24,2025-01-31,2481.69,242156.37,Annual,Renewed,1,2026-08-01
POL0008574,CUST005109,AGT0072,Home,2023-10-25,2024-09-19,1137.76,565358.79,Quarterly,Expired,0,2026-08-01
POL0008575,CUST004262,AGT0059,Home,2023-03-04,2024-03-08,739.36,668451.95,Monthly,Expired,0,2026-08-01
POL0008576,CUST002938,AGT0029,Home,2025-10-11,2026-09-06,1773.88,634430.69,Quarterly,Active,0,2026-08-01
POL0008577,CUST000772,AGT0027,Travel,2024-02-11,2024-05-04,618.96,89011.19,Annual,Renewed,1,2026-08-01
POL0008578,CUST001089,AGT0060,Life,2023-10-15,2024-11-11,6795.55,1211959.32,Quarterly,Expired,0,2026-08-01
POL0008579,CUST005132,AGT0001,Home,2026-05-09,2027-04-09,1741.01,617063.72,Monthly,Active,0,2026-08-01
POL0008580,CUST003059,AGT0007,Motor,2026-07-29,2027-08-24,1176.65,127025.04,Annual,Active,0,2026-08-01
POL0008581,CUST005755,AGT0069,Travel,2024-07-12,2024-09-03,637.4,57169.23,Monthly,Renewed,1,2026-08-01
POL0008582,CUST000610,AGT0061,Motor,2025-02-21,2026-01-22,1638.29,146903.79,Monthly,Renewed,1,2026-08-01
POL0008583,CUST002298,AGT0066,Medical,2025-12-05,2026-12-23,3646.8,303656.6,Annual,Active,0,2026-08-01
POL0008584,CUST000563,AGT0039,Medical,2025-03-03,2026-02-16,2956.54,430105.24,Monthly,Renewed,1,2026-08-01
POL0008585,CUST000869,AGT0024,Home,2023-12-16,2024-12-09,385.66,208824.34,Monthly,Renewed,1,2026-08-01
POL0008586,CUST000064,AGT0032,Medical,2025-09-21,2026-10-20,3859.94,225288.24,Annual,Active,0,2026-08-01
POL0008587,CUST003346,AGT0062,Medical,2023-06-27,2024-07-20,3047.33,365228.13,Annual,Renewed,1,2026-08-01
POL0008588,CUST001420,AGT0020,Life,2024-12-16,2025-12-16,1975.08,1370781.5,Monthly,Renewed,1,2026-08-01
POL0008589,CUST000971,AGT0003,Life,2024-10-11,2025-10-21,4999.95,1312546.69,Annual,Renewed,1,2026-08-01
POL0008590,CUST005282,AGT0040,Motor,2025-02-15,2026-01-29,1086.85,117728.27,Monthly,Renewed,1,2026-08-01
POL0008591,CUST002653,AGT0044,Medical,2025-07-06,2026-06-04,4681.58,382052.49,Semi-Annual,Renewed,1,2026-08-01
POL0008592,CUST003244,AGT0034,Life,2023-03-19,2024-03-29,1322.46,675134.55,Annual,Expired,0,2026-08-01
POL0008593,CUST003736,AGT0079,Home,2026-01-09,2027-01-03,931.39,220981.7,Quarterly,Active,0,2026-08-01
POL0008594,CUST002605,AGT0049,Home,2024-02-02,2025-02-27,814.26,479461.09,Annual,Renewed,1,2026-08-01
POL0008595,CUST000836,AGT0064,Motor,2023-11-12,2024-10-26,2389.86,172758.63,Quarterly,Expired,0,2026-08-01
POL0008596,CUST002936,AGT0019,Motor,2024-11-27,2025-11-06,2138.62,79833.12,Monthly,Renewed,1,2026-08-01
POL0008597,CUST005689,AGT0047,Life,2026-07-13,2027-07-28,2733.95,839993.55,Monthly,Active,0,2026-08-01
POL0008598,CUST004116,AGT0029,Medical,2025-12-27,2026-12-27,2423.35,474369.48,Semi-Annual,Active,0,2026-08-01
POL0008599,CUST004234,AGT0030,Life,2024-10-01,2025-09-05,4891.3,241756.55,Quarterly,Renewed,1,2026-08-01
POL0008600,CUST003413,AGT0009,Travel,2025-02-07,2025-03-28,824.64,26753.17,Semi-Annual,Expired,0,2026-08-01
POL0008601,CUST002168,AGT0059,Motor,2024-10-18,2025-11-10,1531.56,119210.56,Semi-Annual,Expired,0,2026-08-01
POL0008602,CUST002807,AGT0037,Travel,2025-06-12,2025-07-14,719.38,65268.31,Monthly,Expired,0,2026-08-01
POL0008603,CUST002495,AGT0079,Motor,2026-01-27,2027-02-09,2092.12,126302.57,Monthly,Active,0,2026-08-01
POL0008604,CUST003495,AGT0047,Home,2023-07-04,2024-06-08,1359.45,404021.72,Quarterly,Renewed,1,2026-08-01
POL0008605,CUST005089,AGT0016,Medical,2024-06-16,2025-06-19,2002.98,279778.73,Quarterly,Renewed,1,2026-08-01
POL0008606,CUST000088,AGT0058,Travel,2025-01-12,2025-02-01,83.52,145545.39,Monthly,Expired,0,2026-08-01
POL0008607,CUST002857,AGT0004,Motor,2025-09-16,2026-09-18,1645.17,94784.17,Monthly,Cancelled,0,2026-08-01
POL0008608,CUST001599,AGT0060,Medical,2023-05-06,2024-05-31,3557.64,355121.69,Annual,Renewed,1,2026-08-01
POL0008609,CUST005923,AGT0031,Motor,2025-01-11,2026-02-07,1659.71,179471.91,Annual,Renewed,1,2026-08-01
POL0008610,CUST000877,AGT0004,Life,2025-10-09,2026-10-09,3428.95,657543.65,Annual,Active,0,2026-08-01
POL0008611,CUST000374,AGT0042,Home,2023-06-26,2024-07-17,732.75,87475.08,Monthly,Renewed,1,2026-08-01
POL0008612,CUST004217,AGT0039,Travel,2023-08-13,2023-09-10,738.92,111467.22,Quarterly,Renewed,1,2026-08-01
POL0008613,CUST001629,AGT0020,Life,2023-02-13,2024-03-09,2184.57,998720.63,Monthly,Renewed,1,2026-08-01
POL0008614,CUST001314,AGT0009,Motor,2026-01-16,2026-12-21,809.66,76745.04,Annual,Active,0,2026-08-01
POL0008615,CUST003111,AGT0050,Home,2026-05-06,2027-05-25,462.26,679847.66,Monthly,Active,0,2026-08-01
POL0008616,CUST005575,AGT0037,Medical,2024-09-05,2025-08-30,2859.75,394108.92,Semi-Annual,Expired,0,2026-08-01
POL0008617,CUST000816,AGT0025,Life,2026-02-06,2027-01-25,4448.77,422335.14,Quarterly,Active,0,2026-08-01
POL0008618,CUST003235,AGT0045,Motor,2025-02-16,2026-03-08,2055.55,50971.91,Monthly,Renewed,1,2026-08-01
POL0008619,CUST002138,AGT0079,Travel,2026-07-09,2026-08-02,503.1,108583.99,Semi-Annual,Active,0,2026-08-01
POL0008620,CUST001119,AGT0070,Medical,2023-05-22,2024-05-24,3665.86,241912.67,Monthly,Cancelled,0,2026-08-01
POL0008621,CUST003120,AGT0022,Medical,2025-05-31,2026-05-15,1490.84,106407.74,Semi-Annual,Expired,0,2026-08-01
POL0008622,CUST005771,AGT0030,Motor,2025-08-04,2026-07-17,1590.34,37892.54,Annual,Renewed,1,2026-08-01
POL0008623,CUST001566,AGT0065,Life,2025-04-23,2026-05-21,5315.76,109304.21,Monthly,Expired,0,2026-08-01
POL0008624,CUST001312,AGT0011,Motor,2024-10-08,2025-09-13,1383.63,32829.77,Annual,Expired,0,2026-08-01
POL0008625,CUST000988,AGT0078,Home,2023-09-30,2024-10-27,686.06,631763.39,Monthly,Renewed,1,2026-08-01
POL0008626,CUST003710,AGT0033,Travel,2023-08-10,2023-10-08,277.92,141881.08,Monthly,Renewed,1,2026-08-01
POL0008627,CUST001611,AGT0040,Home,2025-04-19,2026-03-28,868.78,732325.2,Annual,Expired,0,2026-08-01
POL0008628,CUST003554,AGT0078,Medical,2025-01-27,2026-01-16,1015.79,266558.62,Annual,Renewed,1,2026-08-01
POL0008629,CUST000496,AGT0016,Life,2024-09-30,2025-09-09,6444.25,1072572.46,Semi-Annual,Cancelled,0,2026-08-01
POL0008630,CUST004220,AGT0014,Medical,2023-02-21,2024-02-03,1864.87,315683.14,Monthly,Expired,0,2026-08-01
POL0008631,CUST001176,AGT0072,Home,2024-05-08,2025-05-16,1585.04,270192.94,Monthly,Expired,0,2026-08-01
POL0008632,CUST000524,AGT0058,Medical,2026-02-07,2027-01-06,1235.61,229725.85,Annual,Active,0,2026-08-01
POL0008633,CUST000367,AGT0033,Medical,2025-06-10,2026-06-11,2172.51,265245.42,Quarterly,Expired,0,2026-08-01
POL0008634,CUST004758,AGT0009,Medical,2025-09-20,2026-09-11,3282.09,172294.88,Monthly,Active,0,2026-08-01
POL0008635,CUST005716,AGT0044,Medical,2023-04-22,2024-04-23,1606.73,473084.55,Monthly,Renewed,1,2026-08-01
POL0008636,CUST002501,AGT0062,Travel,2024-08-14,2024-11-10,839.91,56174.92,Monthly,Expired,0,2026-08-01
POL0008637,CUST000967,AGT0004,Motor,2024-10-20,2025-11-13,1810.75,131129.06,Quarterly,Expired,0,2026-08-01
POL0008638,CUST004948,AGT0018,Life,2025-10-14,2026-09-30,5880.46,559497.91,Annual,Active,0,2026-08-01
POL0008639,CUST000008,AGT0028,Motor,2025-09-17,2026-09-18,1299.89,96567.57,Annual,Active,0,2026-08-01
POL0008640,CUST001916,AGT0023,Motor,2023-05-07,2024-04-29,1142.15,132947.33,Monthly,Renewed,1,2026-08-01
POL0008641,CUST005745,AGT0045,Home,2025-12-20,2026-12-23,1571.1,704431.72,Semi-Annual,Active,0,2026-08-01
POL0008642,CUST002347,AGT0079,Travel,2023-02-22,2023-03-04,234.41,50453.28,Annual,Renewed,1,2026-08-01
POL0008643,CUST004552,AGT0056,Home,2024-10-02,2025-10-10,874.62,529429.62,Annual,Renewed,1,2026-08-01
POL0008644,CUST002165,AGT0042,Medical,2023-11-20,2024-10-28,4110.19,337253.59,Quarterly,Renewed,1,2026-08-01
POL0008645,CUST001603,AGT0077,Life,2024-04-05,2025-04-03,2554.49,149025.26,Annual,Expired,0,2026-08-01
POL0008646,CUST001915,AGT0066,Life,2024-07-11,2025-08-01,4998.11,1160862.97,Monthly,Renewed,1,2026-08-01
POL0008647,CUST005274,AGT0047,Life,2025-01-18,2026-01-21,6745.07,975376.85,Annual,Expired,0,2026-08-01
POL0008648,CUST002692,AGT0005,Motor,2023-02-12,2024-01-21,1768.73,122401.38,Monthly,Expired,0,2026-08-01
POL0008649,CUST005230,AGT0022,Motor,2023-06-17,2024-06-30,1286.45,52537.23,Monthly,Expired,0,2026-08-01
POL0008650,CUST005947,AGT0075,Motor,2025-06-19,2026-06-05,2492.06,98819.45,Semi-Annual,Expired,0,2026-08-01
POL0008651,CUST004446,AGT0045,Life,2023-04-30,2024-05-24,6515.27,896292.67,Quarterly,Renewed,1,2026-08-01
POL0008652,CUST001782,AGT0075,Travel,2023-11-16,2024-02-12,553.33,65020.74,Quarterly,Renewed,1,2026-08-01
POL0008653,CUST003554,AGT0006,Life,2025-12-06,2027-01-01,5556.33,1057966.97,Annual,Active,0,2026-08-01
POL0008654,CUST002229,AGT0015,Motor,2023-10-05,2024-10-24,2153.58,26289.25,Monthly,Renewed,1,2026-08-01
POL0008655,CUST003509,AGT0012,Travel,2023-06-15,2023-08-08,411.63,85848.63,Annual,Renewed,1,2026-08-01
POL0008656,CUST004232,AGT0008,Motor,2024-09-17,2025-09-25,1277.31,29528.4,Monthly,Expired,0,2026-08-01
POL0008657,CUST005814,AGT0029,Travel,2024-06-29,2024-08-20,112.66,76917.79,Monthly,Renewed,1,2026-08-01
POL0008658,CUST004696,AGT0080,Medical,2023-06-13,2024-06-01,1199.33,451307.92,Annual,Renewed,1,2026-08-01
POL0008659,CUST002791,AGT0002,Life,2024-06-22,2025-07-14,1508.2,729201.47,Annual,Expired,0,2026-08-01
POL0008660,CUST005209,AGT0075,Motor,2026-01-14,2027-01-19,1230.33,177036.01,Monthly,Active,0,2026-08-01
POL0008661,CUST004852,AGT0007,Medical,2026-07-08,2027-07-18,1473.05,389472.34,Quarterly,Active,0,2026-08-01
POL0008662,CUST001740,AGT0002,Medical,2023-03-27,2024-03-05,1200.0,475990.11,Monthly,Renewed,1,2026-08-01
POL0008663,CUST000675,AGT0001,Medical,2025-07-10,2026-06-29,3449.71,443946.89,Quarterly,Renewed,1,2026-08-01
POL0008664,CUST002513,AGT0062,Motor,2025-06-18,2026-05-30,1411.73,157070.87,Annual,Expired,0,2026-08-01
POL0008665,CUST004205,AGT0015,Medical,2025-09-28,2026-10-04,5197.2,198515.78,Semi-Annual,Active,0,2026-08-01
POL0008666,CUST001463,AGT0009,Motor,2025-10-01,2026-09-30,2001.66,151631.39,Semi-Annual,Active,0,2026-08-01
POL0008667,CUST005938,AGT0067,Home,2025-05-25,2026-05-17,1708.48,356088.82,Annual,Expired,0,2026-08-01
POL0008668,CUST005824,AGT0052,Medical,2026-02-11,2027-02-26,1271.99,431420.1,Quarterly,Active,0,2026-08-01
POL0008669,CUST000060,AGT0029,Medical,2023-12-23,2025-01-11,2099.88,261087.33,Semi-Annual,Expired,0,2026-08-01
POL0008670,CUST002399,AGT0062,Life,2023-06-16,2024-07-11,5731.4,111685.3,Monthly,Expired,0,2026-08-01
POL0008671,CUST001548,AGT0073,Travel,2024-04-16,2024-06-03,548.44,138811.44,Quarterly,Expired,0,2026-08-01
POL0008672,CUST005220,AGT0043,Motor,2023-09-13,2024-09-08,1451.93,131481.21,Annual,Expired,0,2026-08-01
POL0008673,CUST004710,AGT0071,Life,2023-08-28,2024-08-21,6076.24,1061394.11,Quarterly,Expired,0,2026-08-01
POL0008674,CUST004026,AGT0028,Home,2023-02-27,2024-03-24,1050.69,798733.57,Quarterly,Renewed,1,2026-08-01
POL0008675,CUST004403,AGT0070,Medical,2024-12-09,2025-12-26,4849.05,482689.43,Monthly,Expired,0,2026-08-01
POL0008676,CUST004787,AGT0052,Motor,2025-12-12,2027-01-07,1785.18,142633.65,Monthly,Active,0,2026-08-01
POL0008677,CUST004406,AGT0017,Motor,2023-04-12,2024-03-20,1858.01,111190.32,Annual,Expired,0,2026-08-01
POL0008678,CUST004015,AGT0051,Home,2025-05-13,2026-05-13,764.58,226289.13,Monthly,Renewed,1,2026-08-01
POL0008679,CUST005895,AGT0028,Motor,2026-03-27,2027-03-29,943.99,134777.46,Semi-Annual,Active,0,2026-08-01
POL0008680,CUST003293,AGT0006,Motor,2024-09-18,2025-09-11,824.02,100255.09,Annual,Cancelled,0,2026-08-01
POL0008681,CUST000576,AGT0038,Home,2023-09-14,2024-09-07,733.05,511143.26,Monthly,Renewed,1,2026-08-01
POL0008682,CUST002553,AGT0005,Travel,2025-05-29,2025-08-14,731.68,104989.25,Monthly,Renewed,1,2026-08-01
POL0008683,CUST004051,AGT0035,Medical,2023-10-07,2024-09-25,2419.42,391450.67,Monthly,Expired,0,2026-08-01
POL0008684,CUST005248,AGT0072,Motor,2023-06-19,2024-06-12,2300.63,61710.99,Quarterly,Renewed,1,2026-08-01
POL0008685,CUST003848,AGT0007,Life,2024-09-25,2025-08-28,6947.95,544195.25,Monthly,Expired,0,2026-08-01
POL0008686,CUST001682,AGT0055,Travel,2023-01-19,2023-03-16,400.57,51316.59,Monthly,Expired,0,2026-08-01
POL0008687,CUST001235,AGT0020,Motor,2024-02-22,2025-01-17,1584.01,140795.43,Monthly,Cancelled,0,2026-08-01
POL0008688,CUST005036,AGT0048,Motor,2025-10-21,2026-11-04,2332.61,94253.16,Monthly,Active,0,2026-08-01
POL0008689,CUST001278,AGT0050,Home,2023-08-06,2024-08-10,1140.29,568286.09,Monthly,Renewed,1,2026-08-01
POL0008690,CUST000162,AGT0061,Travel,2024-11-05,2024-12-30,717.36,89162.14,Monthly,Renewed,1,2026-08-01
POL0008691,CUST003902,AGT0055,Medical,2026-07-12,2027-07-13,3949.28,431544.49,Annual,Active,0,2026-08-01
POL0008692,CUST003125,AGT0020,Home,2023-10-13,2024-10-24,861.78,557415.27,Annual,Expired,0,2026-08-01
POL0008693,CUST003928,AGT0030,Life,2024-01-01,2025-01-26,4944.16,1472086.24,Quarterly,Renewed,1,2026-08-01
POL0008694,CUST002768,AGT0046,Home,2025-07-06,2026-06-16,341.99,569425.2,Monthly,Renewed,1,2026-08-01
POL0008695,CUST003601,AGT0024,Motor,2025-08-24,2026-08-08,1702.4,100389.07,Quarterly,Cancelled,0,2026-08-01
POL0008696,CUST002104,AGT0068,Medical,2024-09-29,2025-09-28,1375.91,77921.41,Annual,Renewed,1,2026-08-01
POL0008697,CUST002772,AGT0047,Life,2025-08-06,2026-07-04,4399.37,693003.69,Annual,Expired,0,2026-08-01
POL0008698,CUST001014,AGT0055,Medical,2025-04-04,2026-03-15,4411.08,201013.53,Semi-Annual,Renewed,1,2026-08-01
POL0008699,CUST004124,AGT0054,Medical,2023-11-16,2024-11-10,1672.55,311983.73,Monthly,Expired,0,2026-08-01
POL0008700,CUST003555,AGT0029,Life,2025-12-11,2026-11-22,3493.05,588843.15,Monthly,Active,0,2026-08-01
POL0008701,CUST001932,AGT0057,Life,2023-12-29,2024-11-25,4367.84,533069.45,Annual,Expired,0,2026-08-01
POL0008702,CUST003429,AGT0052,Motor,2025-06-04,2026-06-18,1163.61,179834.05,Annual,Renewed,1,2026-08-01
POL0008703,CUST001415,AGT0065,Medical,2024-11-29,2025-11-11,1138.31,194041.02,Annual,Cancelled,0,2026-08-01
POL0008704,CUST004406,AGT0028,Life,2024-12-01,2025-10-28,1208.36,1291680.53,Monthly,Expired,0,2026-08-01
POL0008705,CUST003573,AGT0047,Life,2026-01-30,2027-02-08,2681.54,1233377.64,Monthly,Active,0,2026-08-01
POL0008706,CUST003924,AGT0072,Medical,2026-03-30,2027-03-09,2288.53,196022.76,Quarterly,Active,0,2026-08-01
POL0008707,CUST003704,AGT0031,Motor,2025-08-24,2026-08-19,1636.53,80849.31,Monthly,Active,0,2026-08-01
POL0008708,CUST005045,AGT0068,Motor,2025-02-19,2026-03-06,2327.12,138600.98,Monthly,Expired,0,2026-08-01
POL0008709,CUST004874,AGT0028,Travel,2024-02-01,2024-04-27,388.95,70164.64,Annual,Renewed,1,2026-08-01
POL0008710,CUST001644,AGT0011,Travel,2025-07-31,2025-10-15,125.95,25386.1,Monthly,Expired,0,2026-08-01
POL0008711,CUST002497,AGT0003,Life,2023-02-26,2024-03-14,3093.79,804539.64,Monthly,Renewed,1,2026-08-01
POL0008712,CUST003273,AGT0040,Life,2023-05-14,2024-05-26,2974.83,843347.02,Monthly,Renewed,1,2026-08-01
POL0008713,CUST004585,AGT0034,Motor,2025-03-04,2026-02-19,1825.81,73238.12,Annual,Expired,0,2026-08-01
POL0008714,CUST000239,AGT0021,Medical,2023-12-23,2024-12-13,3724.06,74030.74,Monthly,Renewed,1,2026-08-01
POL0008715,CUST005507,AGT0070,Medical,2024-09-13,2025-08-19,1002.12,247045.59,Quarterly,Renewed,1,2026-08-01
POL0008716,CUST001893,AGT0067,Medical,2026-05-16,2027-04-21,3267.42,482944.15,Annual,Active,0,2026-08-01
POL0008717,CUST002554,AGT0051,Motor,2024-03-25,2025-03-08,1243.27,168783.95,Annual,Renewed,1,2026-08-01
POL0008718,CUST001581,AGT0062,Motor,2024-07-05,2025-08-01,2170.71,153503.35,Semi-Annual,Cancelled,0,2026-08-01
POL0008719,CUST003256,AGT0048,Home,2025-04-24,2026-05-21,806.17,383408.19,Semi-Annual,Renewed,1,2026-08-01
POL0008720,CUST001632,AGT0052,Medical,2025-08-21,2026-09-11,4846.17,132521.12,Annual,Active,0,2026-08-01
POL0008721,CUST005462,AGT0018,Travel,2026-05-28,2026-07-19,373.91,146778.38,Monthly,Expired,0,2026-08-01
POL0008722,CUST001909,AGT0002,Life,2024-02-20,2025-02-23,3232.58,1302856.42,Monthly,Cancelled,0,2026-08-01
POL0008723,CUST001802,AGT0048,Travel,2026-03-26,2026-05-06,166.21,45392.51,Monthly,Expired,0,2026-08-01
POL0008724,CUST000117,AGT0010,Motor,2023-10-15,2024-09-27,1114.67,88109.75,Quarterly,Expired,0,2026-08-01
POL0008725,CUST004336,AGT0015,Motor,2025-05-20,2026-04-26,2013.37,116317.8,Annual,Expired,0,2026-08-01
POL0008726,CUST005500,AGT0042,Life,2023-04-15,2024-05-12,4514.68,952290.76,Quarterly,Renewed,1,2026-08-01
POL0008727,CUST003464,AGT0028,Medical,2026-06-07,2027-06-14,3310.81,340286.15,Monthly,Active,0,2026-08-01
POL0008728,CUST005452,AGT0032,Motor,2025-10-28,2026-11-08,1039.45,172058.6,Annual,Active,0,2026-08-01
POL0008729,CUST002484,AGT0047,Life,2024-06-01,2025-05-15,1813.99,316486.69,Monthly,Renewed,1,2026-08-01
POL0008730,CUST004160,AGT0068,Motor,2026-03-22,2027-04-20,1588.69,163163.05,Annual,Cancelled,0,2026-08-01
POL0008731,CUST005186,AGT0004,Motor,2023-05-13,2024-04-20,2515.99,64251.88,Annual,Renewed,1,2026-08-01
POL0008732,CUST004440,AGT0023,Home,2024-04-21,2025-03-29,930.73,532316.32,Quarterly,Cancelled,0,2026-08-01
POL0008733,CUST000941,AGT0025,Medical,2024-08-14,2025-08-17,4795.89,299155.53,Quarterly,Expired,0,2026-08-01
POL0008734,CUST005825,AGT0020,Medical,2025-05-12,2026-06-07,5063.75,363969.73,Monthly,Renewed,1,2026-08-01
POL0008735,CUST000213,AGT0008,Motor,2025-05-13,2026-05-28,999.94,76144.43,Quarterly,Expired,0,2026-08-01
POL0008736,CUST000702,AGT0022,Home,2023-03-10,2024-04-05,1686.68,174350.9,Semi-Annual,Expired,0,2026-08-01
POL0008737,CUST001243,AGT0014,Home,2025-11-13,2026-11-17,1382.19,773105.33,Annual,Cancelled,0,2026-08-01
POL0008738,CUST004321,AGT0071,Motor,2023-07-08,2024-06-18,971.21,48868.97,Monthly,Renewed,1,2026-08-01
POL0008739,CUST005258,AGT0029,Medical,2026-05-10,2027-05-07,4056.75,157879.74,Monthly,Active,0,2026-08-01
POL0008740,CUST003238,AGT0028,Life,2024-06-18,2025-06-15,4060.91,210914.71,Monthly,Renewed,1,2026-08-01
POL0008741,CUST002062,AGT0056,Motor,2024-11-06,2025-12-05,1051.56,101509.39,Annual,Renewed,1,2026-08-01
POL0008742,CUST002756,AGT0048,Medical,2024-05-26,2025-05-10,2000.03,322602.65,Quarterly,Renewed,1,2026-08-01
POL0008743,CUST004104,AGT0022,Motor,2024-05-02,2025-04-15,2075.08,103436.43,Annual,Renewed,1,2026-08-01
POL0008744,CUST001302,AGT0024,Motor,2024-08-11,2025-08-03,1374.48,33532.31,Monthly,Renewed,1,2026-08-01
POL0008745,CUST001386,AGT0002,Life,2024-01-04,2024-12-30,6721.41,1272656.29,Semi-Annual,Renewed,1,2026-08-01
POL0008746,CUST001760,AGT0018,Medical,2026-03-28,2027-03-31,4444.92,77972.48,Quarterly,Cancelled,0,2026-08-01
POL0008747,CUST002946,AGT0032,Medical,2025-03-04,2026-02-09,3326.72,491767.27,Annual,Renewed,1,2026-08-01
POL0008748,CUST004414,AGT0035,Motor,2024-08-15,2025-09-02,1926.41,79769.06,Quarterly,Renewed,1,2026-08-01
POL0008749,CUST003138,AGT0018,Medical,2025-06-24,2026-06-22,4859.59,306583.82,Semi-Annual,Expired,0,2026-08-01
POL0008750,CUST000573,AGT0070,Home,2023-03-17,2024-03-11,780.84,644998.18,Quarterly,Renewed,1,2026-08-01
POL0008751,CUST001473,AGT0063,Medical,2025-04-06,2026-04-03,4398.01,286986.25,Annual,Cancelled,0,2026-08-01
POL0008752,CUST000269,AGT0036,Medical,2023-08-10,2024-09-03,2884.9,428783.04,Annual,Renewed,1,2026-08-01
POL0008753,CUST002325,AGT0066,Medical,2023-09-13,2024-09-27,4659.61,401914.13,Quarterly,Expired,0,2026-08-01
POL0008754,CUST003037,AGT0026,Travel,2025-05-10,2025-06-23,111.51,95416.79,Monthly,Renewed,1,2026-08-01
POL0008755,CUST001571,AGT0054,Life,2024-08-06,2025-08-01,5363.95,121521.85,Quarterly,Expired,0,2026-08-01
POL0008756,CUST000268,AGT0064,Motor,2023-08-20,2024-07-30,2255.3,122217.49,Annual,Expired,0,2026-08-01
POL0008757,CUST000605,AGT0050,Motor,2023-04-08,2024-03-12,1903.93,146279.46,Annual,Cancelled,0,2026-08-01
POL0008758,CUST004142,AGT0026,Life,2025-03-07,2026-04-03,2902.4,1240084.1,Quarterly,Expired,0,2026-08-01
POL0008759,CUST002590,AGT0059,Travel,2024-11-11,2025-01-09,176.9,90748.25,Monthly,Renewed,1,2026-08-01
POL0008760,CUST005820,AGT0009,Motor,2023-11-07,2024-10-20,2130.36,74767.83,Monthly,Expired,0,2026-08-01
POL0008761,CUST003382,AGT0031,Medical,2023-10-07,2024-09-18,1538.14,211429.49,Monthly,Expired,0,2026-08-01
POL0008762,CUST001831,AGT0068,Life,2025-08-28,2026-09-18,6097.12,613373.07,Semi-Annual,Active,0,2026-08-01
POL0008763,CUST000541,AGT0053,Medical,2026-03-08,2027-02-17,3104.72,362114.31,Annual,Active,0,2026-08-01
POL0008764,CUST004420,AGT0029,Life,2026-05-09,2027-05-19,3416.0,1080287.36,Semi-Annual,Active,0,2026-08-01
POL0008765,CUST002148,AGT0034,Medical,2025-11-22,2026-12-16,1994.01,317325.49,Monthly,Active,0,2026-08-01
POL0008766,CUST003578,AGT0033,Life,2023-11-06,2024-12-01,1295.05,1172712.27,Monthly,Renewed,1,2026-08-01
POL0008767,CUST002777,AGT0035,Travel,2025-08-14,2025-09-14,775.17,82376.55,Annual,Cancelled,0,2026-08-01
POL0008768,CUST000491,AGT0019,Home,2024-05-19,2025-04-21,1206.58,518111.35,Annual,Renewed,1,2026-08-01
POL0008769,CUST005596,AGT0064,Life,2023-05-27,2024-06-18,5265.19,1314321.7,Monthly,Renewed,1,2026-08-01
POL0008770,CUST000713,AGT0008,Medical,2023-08-10,2024-07-18,5089.54,275198.67,Monthly,Expired,0,2026-08-01
POL0008771,CUST003662,AGT0064,Life,2024-08-06,2025-07-20,2468.37,519367.23,Monthly,Renewed,1,2026-08-01
POL0008772,CUST000863,AGT0045,Travel,2024-01-02,2024-03-13,109.55,74386.73,Annual,Expired,0,2026-08-01
POL0008773,CUST005654,AGT0033,Medical,2023-08-24,2024-07-22,3035.81,164414.46,Quarterly,Expired,0,2026-08-01
POL0008774,CUST001702,AGT0064,Medical,2025-10-04,2026-09-11,2768.46,151040.2,Monthly,Active,0,2026-08-01
POL0008775,CUST003147,AGT0075,Motor,2023-02-27,2024-02-20,914.75,117336.39,Quarterly,Cancelled,0,2026-08-01
POL0008776,CUST000470,AGT0034,Life,2026-06-02,2027-04-28,3939.39,122849.84,Annual,Active,0,2026-08-01
POL0008777,CUST004820,AGT0044,Medical,2024-06-10,2025-05-22,3273.8,189822.35,Monthly,Expired,0,2026-08-01
POL0008778,CUST001347,AGT0036,Motor,2024-03-03,2025-02-05,1010.23,122564.02,Annual,Cancelled,0,2026-08-01
POL0008779,CUST000578,AGT0039,Life,2024-02-15,2025-02-27,5232.44,398384.97,Annual,Expired,0,2026-08-01
POL0008780,CUST001699,AGT0029,Home,2025-05-31,2026-06-10,818.59,898230.19,Semi-Annual,Expired,0,2026-08-01
POL0008781,CUST003387,AGT0041,Motor,2026-04-15,2027-03-25,1815.82,120445.02,Monthly,Active,0,2026-08-01
POL0008782,CUST001963,AGT0002,Medical,2023-12-19,2025-01-09,3675.79,333087.21,Monthly,Renewed,1,2026-08-01
POL0008783,CUST002118,AGT0063,Home,2026-04-25,2027-03-26,837.31,517362.57,Monthly,Active,0,2026-08-01
POL0008784,CUST000454,AGT0008,Home,2026-04-02,2027-03-08,1403.23,708428.63,Annual,Active,0,2026-08-01
POL0008785,CUST004371,AGT0078,Medical,2026-05-06,2027-05-02,3752.21,362933.19,Annual,Active,0,2026-08-01
POL0008786,CUST002060,AGT0032,Motor,2025-03-18,2026-04-11,903.67,154015.5,Monthly,Renewed,1,2026-08-01
POL0008787,CUST005266,AGT0056,Medical,2023-01-19,2024-01-02,1563.39,165321.6,Monthly,Renewed,1,2026-08-01
POL0008788,CUST002409,AGT0003,Medical,2024-02-10,2025-03-09,1188.33,242254.74,Semi-Annual,Cancelled,0,2026-08-01
POL0008789,CUST004274,AGT0028,Medical,2024-11-09,2025-10-21,4652.73,290960.89,Quarterly,Renewed,1,2026-08-01
POL0008790,CUST001890,AGT0076,Life,2025-11-06,2026-11-12,3225.38,597481.28,Monthly,Active,0,2026-08-01
POL0008791,CUST000530,AGT0042,Travel,2023-01-24,2023-03-28,479.31,54083.09,Monthly,Cancelled,0,2026-08-01
POL0008792,CUST003838,AGT0037,Life,2025-01-30,2026-02-03,4264.22,124156.77,Monthly,Renewed,1,2026-08-01
POL0008793,CUST003727,AGT0025,Travel,2025-03-01,2025-03-14,433.67,68334.08,Monthly,Expired,0,2026-08-01
POL0008794,CUST005869,AGT0056,Life,2023-02-24,2024-02-05,3517.93,739016.28,Monthly,Expired,0,2026-08-01
POL0008795,CUST004465,AGT0053,Medical,2024-10-26,2025-10-20,2450.69,410846.62,Monthly,Expired,0,2026-08-01
POL0008796,CUST003783,AGT0042,Motor,2024-06-29,2025-06-15,1266.49,129701.74,Quarterly,Expired,0,2026-08-01
POL0008797,CUST000180,AGT0080,Travel,2024-07-16,2024-09-18,246.83,64193.6,Annual,Cancelled,0,2026-08-01
POL0008798,CUST004959,AGT0045,Life,2025-09-01,2026-08-29,4946.39,1131605.59,Monthly,Active,0,2026-08-01
POL0008799,CUST001019,AGT0070,Medical,2023-03-10,2024-03-09,3950.83,119620.91,Annual,Renewed,1,2026-08-01
POL0008800,CUST004390,AGT0038,Motor,2025-09-08,2026-08-13,1238.46,67803.54,Monthly,Active,0,2026-08-01
POL0008801,CUST004082,AGT0038,Life,2023-05-18,2024-05-21,1993.15,563250.71,Quarterly,Renewed,1,2026-08-01
POL0008802,CUST004829,AGT0048,Motor,2025-07-16,2026-07-29,2189.47,24366.98,Monthly,Expired,0,2026-08-01
POL0008803,CUST001890,AGT0028,Travel,2024-02-14,2024-03-13,118.32,133314.73,Monthly,Renewed,1,2026-08-01
POL0008804,CUST002982,AGT0064,Motor,2024-11-11,2025-10-20,1792.99,88421.39,Monthly,Renewed,1,2026-08-01
POL0008805,CUST000374,AGT0037,Life,2023-11-13,2024-10-11,4017.21,527660.68,Monthly,Expired,0,2026-08-01
POL0008806,CUST002139,AGT0022,Motor,2026-07-09,2027-06-18,2053.46,138882.08,Monthly,Active,0,2026-08-01
POL0008807,CUST005337,AGT0026,Medical,2023-08-22,2024-09-16,4344.17,289684.21,Monthly,Renewed,1,2026-08-01
POL0008808,CUST001210,AGT0027,Travel,2024-06-20,2024-07-26,788.41,135012.58,Monthly,Renewed,1,2026-08-01
POL0008809,CUST005714,AGT0080,Motor,2026-01-17,2026-12-27,1292.84,128916.5,Monthly,Active,0,2026-08-01
POL0008810,CUST000307,AGT0026,Motor,2024-05-10,2025-04-14,869.2,163119.96,Annual,Renewed,1,2026-08-01
POL0008811,CUST002241,AGT0017,Motor,2023-02-07,2024-02-26,1824.8,135413.86,Annual,Cancelled,0,2026-08-01
POL0008812,CUST002269,AGT0055,Motor,2023-09-20,2024-09-22,1489.39,144911.74,Monthly,Expired,0,2026-08-01
POL0008813,CUST005958,AGT0065,Medical,2023-10-12,2024-09-10,2865.17,243503.38,Semi-Annual,Expired,0,2026-08-01
POL0008814,CUST003260,AGT0034,Motor,2023-04-15,2024-03-25,2313.38,36773.78,Quarterly,Expired,0,2026-08-01
POL0008815,CUST005140,AGT0034,Medical,2026-04-13,2027-04-22,2516.22,267237.55,Quarterly,Cancelled,0,2026-08-01
POL0008816,CUST005099,AGT0049,Life,2025-12-17,2026-12-31,4328.15,858354.66,Monthly,Active,0,2026-08-01
POL0008817,CUST003336,AGT0053,Travel,2026-02-13,2026-02-21,167.15,52618.59,Semi-Annual,Renewed,1,2026-08-01
POL0008818,CUST004336,AGT0009,Motor,2024-12-20,2025-12-22,2226.71,56783.2,Monthly,Expired,0,2026-08-01
POL0008819,CUST004484,AGT0074,Travel,2024-04-09,2024-06-20,446.99,68029.42,Monthly,Expired,0,2026-08-01
POL0008820,CUST003022,AGT0030,Home,2026-01-23,2027-02-12,789.08,424240.8,Annual,Active,0,2026-08-01
POL0008821,CUST005618,AGT0048,Life,2025-11-17,2026-11-06,3735.5,969603.49,Annual,Active,0,2026-08-01
POL0008822,CUST002585,AGT0005,Life,2025-08-07,2026-09-04,2591.37,508537.11,Monthly,Active,0,2026-08-01
POL0008823,CUST004364,AGT0050,Medical,2023-07-18,2024-08-08,3362.24,81096.87,Monthly,Expired,0,2026-08-01
POL0008824,CUST002112,AGT0009,Motor,2026-01-06,2027-02-01,1205.97,73288.32,Monthly,Active,0,2026-08-01
POL0008825,CUST002025,AGT0003,Home,2025-04-17,2026-04-28,837.95,262563.63,Quarterly,Expired,0,2026-08-01
POL0008826,CUST002165,AGT0077,Home,2025-07-03,2026-06-20,429.97,587059.05,Quarterly,Cancelled,0,2026-08-01
POL0008827,CUST001159,AGT0011,Medical,2026-02-28,2027-03-07,2260.94,219676.83,Annual,Cancelled,0,2026-08-01
POL0008828,CUST004856,AGT0060,Motor,2023-12-16,2024-12-10,1487.05,113354.68,Semi-Annual,Expired,0,2026-08-01
POL0008829,CUST002591,AGT0044,Motor,2024-09-08,2025-10-04,2200.71,77703.65,Annual,Renewed,1,2026-08-01
POL0008830,CUST004028,AGT0020,Medical,2024-03-19,2025-04-12,3723.92,308276.73,Annual,Expired,0,2026-08-01
POL0008831,CUST001121,AGT0030,Home,2023-08-07,2024-07-06,477.1,82980.89,Annual,Renewed,1,2026-08-01
POL0008832,CUST004111,AGT0012,Motor,2024-10-27,2025-11-10,1883.58,115087.59,Annual,Renewed,1,2026-08-01
POL0008833,CUST000130,AGT0049,Life,2025-01-26,2026-02-09,3767.22,170254.09,Monthly,Renewed,1,2026-08-01
POL0008834,CUST003890,AGT0067,Travel,2023-12-18,2024-01-14,388.4,119513.71,Semi-Annual,Renewed,1,2026-08-01
POL0008835,CUST002736,AGT0031,Medical,2025-09-04,2026-10-02,1437.11,459347.09,Monthly,Active,0,2026-08-01
POL0008836,CUST000724,AGT0075,Life,2024-01-30,2024-12-30,4590.83,843669.21,Monthly,Renewed,1,2026-08-01
POL0008837,CUST001976,AGT0014,Medical,2026-02-05,2027-03-06,1733.54,60941.24,Annual,Active,0,2026-08-01
POL0008838,CUST000246,AGT0076,Motor,2025-08-21,2026-07-17,1302.52,69082.5,Annual,Expired,0,2026-08-01
POL0008839,CUST000572,AGT0064,Medical,2024-05-10,2025-04-16,4441.97,97574.94,Monthly,Expired,0,2026-08-01
POL0008840,CUST004880,AGT0006,Motor,2025-08-18,2026-08-25,903.23,31373.18,Monthly,Active,0,2026-08-01
POL0008841,CUST005229,AGT0068,Life,2024-01-07,2025-01-24,5721.96,995571.81,Annual,Renewed,1,2026-08-01
POL0008842,CUST004958,AGT0006,Medical,2025-02-19,2026-03-15,2636.68,350115.39,Monthly,Cancelled,0,2026-08-01
POL0008843,CUST000738,AGT0078,Travel,2025-06-15,2025-07-12,284.8,100891.72,Annual,Expired,0,2026-08-01
POL0008844,CUST003509,AGT0055,Life,2023-09-21,2024-10-09,4125.7,312427.05,Annual,Expired,0,2026-08-01
POL0008845,CUST003783,AGT0017,Home,2023-11-23,2024-12-02,698.53,226534.43,Annual,Renewed,1,2026-08-01
POL0008846,CUST002071,AGT0073,Life,2023-06-13,2024-06-03,6089.74,521469.38,Annual,Renewed,1,2026-08-01
POL0008847,CUST003416,AGT0025,Life,2023-11-14,2024-11-20,1459.76,672361.8,Quarterly,Expired,0,2026-08-01
POL0008848,CUST001630,AGT0010,Motor,2025-07-02,2026-06-23,2007.31,56742.79,Annual,Renewed,1,2026-08-01
POL0008849,CUST005874,AGT0023,Medical,2023-08-27,2024-08-21,4384.26,450560.27,Monthly,Expired,0,2026-08-01
POL0008850,CUST001483,AGT0070,Life,2026-03-03,2027-02-09,2444.78,137717.56,Monthly,Active,0,2026-08-01
POL0008851,CUST001524,AGT0075,Life,2024-04-25,2025-04-12,5671.88,776534.53,Semi-Annual,Expired,0,2026-08-01
POL0008852,CUST004603,AGT0075,Life,2024-01-28,2025-02-04,3816.15,1428660.93,Monthly,Renewed,1,2026-08-01
POL0008853,CUST001414,AGT0048,Motor,2024-07-28,2025-07-08,2580.24,177872.24,Semi-Annual,Renewed,1,2026-08-01
POL0008854,CUST005407,AGT0015,Motor,2025-04-09,2026-04-26,1478.26,71952.45,Semi-Annual,Renewed,1,2026-08-01
POL0008855,CUST003764,AGT0074,Motor,2025-08-05,2026-07-24,1379.53,120891.22,Semi-Annual,Renewed,1,2026-08-01
POL0008856,CUST005425,AGT0042,Motor,2025-06-01,2026-06-26,2407.31,148738.5,Monthly,Cancelled,0,2026-08-01
POL0008857,CUST003350,AGT0072,Travel,2023-05-21,2023-06-08,581.12,49586.34,Annual,Renewed,1,2026-08-01
POL0008858,CUST005784,AGT0008,Medical,2026-02-15,2027-02-03,4241.87,299625.14,Annual,Active,0,2026-08-01
POL0008859,CUST004871,AGT0020,Medical,2024-07-10,2025-06-24,2746.47,486291.52,Monthly,Expired,0,2026-08-01
POL0008860,CUST004838,AGT0019,Motor,2026-01-29,2027-01-31,1686.11,163002.34,Semi-Annual,Active,0,2026-08-01
POL0008861,CUST001039,AGT0035,Travel,2025-05-09,2025-06-07,836.0,135091.47,Monthly,Renewed,1,2026-08-01
POL0008862,CUST004813,AGT0069,Motor,2023-04-05,2024-03-04,1772.49,117330.78,Annual,Expired,0,2026-08-01
POL0008863,CUST001804,AGT0034,Motor,2024-12-13,2025-12-11,2143.98,119706.11,Quarterly,Expired,0,2026-08-01
POL0008864,CUST004994,AGT0049,Travel,2025-12-23,2026-02-23,833.76,50202.56,Monthly,Cancelled,0,2026-08-01
POL0008865,CUST000031,AGT0039,Life,2025-10-26,2026-10-29,5413.93,1233471.58,Annual,Active,0,2026-08-01
POL0008866,CUST000361,AGT0077,Motor,2025-08-06,2026-08-06,2086.4,143108.72,Monthly,Active,0,2026-08-01
POL0008867,CUST004330,AGT0080,Motor,2026-03-12,2027-03-24,1008.13,88911.17,Annual,Active,0,2026-08-01
POL0008868,CUST000391,AGT0070,Medical,2025-01-06,2026-01-18,1889.33,435661.23,Monthly,Renewed,1,2026-08-01
POL0008869,CUST001953,AGT0014,Life,2023-10-06,2024-09-07,5735.49,442905.06,Quarterly,Renewed,1,2026-08-01
POL0008870,CUST002783,AGT0069,Motor,2023-01-04,2024-01-11,2568.94,155618.15,Monthly,Cancelled,0,2026-08-01
POL0008871,CUST001417,AGT0062,Life,2026-04-02,2027-04-23,3715.79,975208.72,Quarterly,Active,0,2026-08-01
POL0008872,CUST004433,AGT0029,Medical,2025-04-26,2026-04-21,4198.3,70397.03,Annual,Renewed,1,2026-08-01
POL0008873,CUST003630,AGT0019,Life,2026-03-03,2027-02-20,1264.41,597270.74,Monthly,Active,0,2026-08-01
POL0008874,CUST003928,AGT0080,Life,2025-11-03,2026-11-02,1919.94,1061499.23,Annual,Active,0,2026-08-01
POL0008875,CUST001511,AGT0060,Travel,2024-04-20,2024-04-29,122.17,114121.66,Annual,Renewed,1,2026-08-01
POL0008876,CUST000132,AGT0021,Motor,2023-08-08,2024-08-01,990.96,78936.66,Semi-Annual,Expired,0,2026-08-01
POL0008877,CUST000341,AGT0017,Motor,2025-11-29,2026-11-05,903.88,56585.23,Quarterly,Cancelled,0,2026-08-01
POL0008878,CUST001504,AGT0048,Motor,2026-01-23,2027-01-11,844.59,47870.32,Quarterly,Active,0,2026-08-01
POL0008879,CUST001418,AGT0043,Motor,2024-11-04,2025-11-22,2007.19,176443.08,Semi-Annual,Expired,0,2026-08-01
POL0008880,CUST003682,AGT0067,Medical,2023-11-21,2024-12-15,2847.37,226820.56,Annual,Expired,0,2026-08-01
POL0008881,CUST005099,AGT0054,Motor,2025-11-25,2026-11-21,1775.9,84773.9,Monthly,Active,0,2026-08-01
POL0008882,CUST001696,AGT0065,Travel,2026-01-02,2026-02-24,329.19,41876.34,Annual,Renewed,1,2026-08-01
POL0008883,CUST003573,AGT0035,Travel,2025-09-04,2025-10-11,376.83,68836.9,Monthly,Renewed,1,2026-08-01
POL0008884,CUST005510,AGT0078,Life,2024-11-19,2025-10-31,2126.49,1470454.02,Quarterly,Renewed,1,2026-08-01
POL0008885,CUST002827,AGT0078,Medical,2026-06-11,2027-07-07,3697.54,275135.75,Quarterly,Active,0,2026-08-01
POL0008886,CUST001232,AGT0076,Life,2026-05-21,2027-05-27,1973.66,1089923.57,Monthly,Active,0,2026-08-01
POL0008887,CUST002949,AGT0057,Life,2023-10-16,2024-10-18,6310.87,1417906.1,Monthly,Expired,0,2026-08-01
POL0008888,CUST000382,AGT0031,Life,2024-02-13,2025-01-31,2838.27,1394294.06,Annual,Expired,0,2026-08-01
POL0008889,CUST005982,AGT0013,Motor,2025-08-20,2026-08-26,1269.86,160888.73,Annual,Active,0,2026-08-01
POL0008890,CUST005480,AGT0045,Travel,2023-07-21,2023-08-08,215.62,138048.44,Annual,Renewed,1,2026-08-01
POL0008891,CUST000189,AGT0030,Medical,2023-01-19,2023-12-31,1451.04,325005.95,Monthly,Renewed,1,2026-08-01
POL0008892,CUST001593,AGT0014,Motor,2024-11-04,2025-11-19,1251.6,158778.09,Monthly,Expired,0,2026-08-01
POL0008893,CUST000968,AGT0026,Medical,2026-04-19,2027-04-10,5190.17,406993.53,Monthly,Active,0,2026-08-01
POL0008894,CUST005251,AGT0065,Motor,2026-02-21,2027-02-09,843.49,178673.83,Semi-Annual,Active,0,2026-08-01
POL0008895,CUST005194,AGT0024,Home,2023-09-17,2024-09-01,1039.52,802194.82,Monthly,Expired,0,2026-08-01
POL0008896,CUST002055,AGT0008,Life,2023-10-24,2024-11-13,3255.58,853132.17,Semi-Annual,Renewed,1,2026-08-01
POL0008897,CUST003209,AGT0017,Travel,2024-05-03,2024-07-27,674.84,20318.87,Monthly,Renewed,1,2026-08-01
POL0008898,CUST003890,AGT0015,Home,2026-04-25,2027-04-18,1222.93,894762.41,Annual,Active,0,2026-08-01
POL0008899,CUST005971,AGT0015,Life,2026-01-06,2027-01-30,1373.52,847956.06,Monthly,Active,0,2026-08-01
POL0008900,CUST004931,AGT0035,Travel,2026-03-30,2026-06-01,123.43,142635.07,Annual,Renewed,1,2026-08-01
POL0008901,CUST004104,AGT0070,Home,2024-09-16,2025-08-20,1287.06,426063.71,Monthly,Renewed,1,2026-08-01
POL0008902,CUST002729,AGT0030,Motor,2023-04-13,2024-05-11,2042.19,123969.09,Monthly,Renewed,1,2026-08-01
POL0008903,CUST004341,AGT0080,Motor,2025-05-17,2026-04-17,1947.51,160648.0,Monthly,Renewed,1,2026-08-01
POL0008904,CUST003865,AGT0070,Medical,2026-03-24,2027-04-17,3751.99,120062.3,Monthly,Active,0,2026-08-01
POL0008905,CUST003479,AGT0013,Life,2024-04-17,2025-04-07,6045.61,611027.83,Semi-Annual,Expired,0,2026-08-01
POL0008906,CUST001271,AGT0049,Travel,2023-11-10,2023-12-06,362.29,133779.51,Quarterly,Renewed,1,2026-08-01
POL0008907,CUST000105,AGT0064,Medical,2024-12-26,2026-01-03,2338.01,273319.54,Quarterly,Expired,0,2026-08-01
POL0008908,CUST003109,AGT0057,Travel,2023-11-10,2023-12-10,708.39,105612.49,Semi-Annual,Expired,0,2026-08-01
POL0008909,CUST005449,AGT0019,Life,2026-01-10,2026-12-26,3134.21,860816.59,Semi-Annual,Cancelled,0,2026-08-01
POL0008910,CUST005966,AGT0057,Medical,2024-06-08,2025-05-12,5027.12,260711.85,Annual,Renewed,1,2026-08-01
POL0008911,CUST003139,AGT0042,Life,2026-03-12,2027-02-18,5379.51,602234.49,Quarterly,Active,0,2026-08-01
POL0008912,CUST005802,AGT0019,Travel,2025-02-27,2025-05-16,614.68,145120.47,Monthly,Renewed,1,2026-08-01
POL0008913,CUST000055,AGT0016,Medical,2024-08-19,2025-07-18,4810.79,375996.89,Monthly,Expired,0,2026-08-01
POL0008914,CUST004931,AGT0030,Medical,2024-08-17,2025-08-09,4219.82,478559.04,Monthly,Expired,0,2026-08-01
POL0008915,CUST001260,AGT0022,Life,2025-07-30,2026-08-18,1448.83,1306958.47,Monthly,Active,0,2026-08-01
POL0008916,CUST002143,AGT0044,Medical,2023-11-17,2024-11-06,2923.84,69788.12,Monthly,Renewed,1,2026-08-01
POL0008917,CUST002103,AGT0033,Motor,2024-09-02,2025-09-15,1480.25,158580.31,Annual,Renewed,1,2026-08-01
POL0008918,CUST001349,AGT0010,Travel,2026-02-03,2026-03-30,396.03,31546.02,Monthly,Expired,0,2026-08-01
POL0008919,CUST001718,AGT0057,Motor,2026-05-13,2027-05-20,1306.81,170550.66,Annual,Active,0,2026-08-01
POL0008920,CUST003277,AGT0005,Motor,2023-02-26,2024-02-25,1198.47,103173.82,Semi-Annual,Expired,0,2026-08-01
POL0008921,CUST000167,AGT0038,Travel,2025-08-08,2025-11-06,488.92,59089.07,Monthly,Renewed,1,2026-08-01
POL0008922,CUST001300,AGT0005,Life,2026-01-04,2027-01-13,5508.94,1033289.16,Annual,Active,0,2026-08-01
POL0008923,CUST001682,AGT0065,Medical,2024-07-17,2025-08-06,1773.51,457749.51,Annual,Renewed,1,2026-08-01
POL0008924,CUST000523,AGT0026,Medical,2023-11-01,2024-11-01,2159.33,495987.91,Annual,Renewed,1,2026-08-01
POL0008925,CUST005378,AGT0008,Motor,2024-10-13,2025-09-25,1996.59,55700.99,Monthly,Cancelled,0,2026-08-01
POL0008926,CUST002629,AGT0020,Motor,2026-03-23,2027-02-21,2002.73,138664.8,Monthly,Cancelled,0,2026-08-01
POL0008927,CUST003534,AGT0046,Home,2023-08-28,2024-09-13,429.2,255827.92,Annual,Expired,0,2026-08-01
POL0008928,CUST003495,AGT0063,Motor,2024-02-18,2025-01-26,939.54,26472.7,Annual,Renewed,1,2026-08-01
POL0008929,CUST001962,AGT0009,Motor,2026-05-14,2027-04-15,1695.24,46475.04,Semi-Annual,Active,0,2026-08-01
POL0008930,CUST001620,AGT0026,Life,2025-05-14,2026-05-07,6052.87,1175075.58,Annual,Renewed,1,2026-08-01
POL0008931,CUST000529,AGT0010,Travel,2023-11-30,2024-01-12,235.34,35906.82,Quarterly,Renewed,1,2026-08-01
POL0008932,CUST004926,AGT0020,Life,2025-06-06,2026-05-23,6990.35,1120480.06,Semi-Annual,Renewed,1,2026-08-01
POL0008933,CUST004508,AGT0025,Motor,2023-08-26,2024-08-27,2598.24,172594.0,Annual,Renewed,1,2026-08-01
POL0008934,CUST003931,AGT0048,Motor,2025-07-30,2026-07-25,1885.4,137509.46,Monthly,Expired,0,2026-08-01
POL0008935,CUST004311,AGT0009,Home,2024-08-13,2025-08-28,1740.9,300412.26,Monthly,Renewed,1,2026-08-01
POL0008936,CUST004840,AGT0049,Life,2026-02-28,2027-03-18,3478.58,1329703.8,Monthly,Active,0,2026-08-01
POL0008937,CUST000015,AGT0063,Travel,2025-08-07,2025-08-25,456.34,123536.6,Monthly,Expired,0,2026-08-01
POL0008938,CUST004030,AGT0076,Medical,2023-06-07,2024-05-30,3953.62,321532.21,Annual,Renewed,1,2026-08-01
POL0008939,CUST005961,AGT0041,Travel,2025-06-11,2025-08-08,115.83,146412.98,Annual,Renewed,1,2026-08-01
POL0008940,CUST004970,AGT0039,Home,2025-05-12,2026-05-23,1453.49,225935.96,Quarterly,Expired,0,2026-08-01
POL0008941,CUST001594,AGT0052,Medical,2023-11-29,2024-12-09,4934.05,53645.25,Monthly,Renewed,1,2026-08-01
POL0008942,CUST003538,AGT0080,Medical,2024-11-06,2025-10-19,3394.81,167896.87,Quarterly,Cancelled,0,2026-08-01
POL0008943,CUST001575,AGT0005,Motor,2023-12-13,2024-11-28,1194.27,66697.71,Quarterly,Renewed,1,2026-08-01
POL0008944,CUST000779,AGT0015,Life,2025-08-24,2026-09-05,1955.29,340377.29,Monthly,Active,0,2026-08-01
POL0008945,CUST001807,AGT0018,Motor,2023-11-04,2024-11-07,1191.97,108088.2,Monthly,Expired,0,2026-08-01
POL0008946,CUST002075,AGT0015,Motor,2024-06-17,2025-06-30,1162.54,37063.37,Monthly,Expired,0,2026-08-01
POL0008947,CUST005771,AGT0042,Life,2025-02-27,2026-01-23,6188.98,969717.46,Annual,Expired,0,2026-08-01
POL0008948,CUST002810,AGT0004,Life,2023-03-04,2024-03-26,1994.54,273633.82,Quarterly,Expired,0,2026-08-01
POL0008949,CUST005047,AGT0007,Medical,2026-06-04,2027-06-24,5074.34,227869.05,Semi-Annual,Active,0,2026-08-01
POL0008950,CUST005727,AGT0054,Home,2023-02-24,2024-03-18,1468.14,460803.1,Monthly,Renewed,1,2026-08-01
POL0008951,CUST003824,AGT0013,Motor,2026-03-08,2027-02-12,2118.4,45661.04,Monthly,Active,0,2026-08-01
POL0008952,CUST002952,AGT0027,Medical,2025-05-01,2026-05-03,3592.81,484508.77,Monthly,Renewed,1,2026-08-01
POL0008953,CUST002966,AGT0002,Life,2024-10-21,2025-10-26,1460.38,235924.32,Annual,Renewed,1,2026-08-01
POL0008954,CUST004712,AGT0062,Life,2024-09-30,2025-09-14,5368.59,378673.8,Monthly,Renewed,1,2026-08-01
POL0008955,CUST001963,AGT0073,Life,2024-05-08,2025-05-29,3419.02,638200.92,Monthly,Cancelled,0,2026-08-01
POL0008956,CUST002728,AGT0056,Life,2025-07-29,2026-06-27,1916.98,1244256.21,Semi-Annual,Expired,0,2026-08-01
POL0008957,CUST002011,AGT0035,Travel,2024-06-01,2024-08-10,717.28,90866.15,Semi-Annual,Cancelled,0,2026-08-01
POL0008958,CUST001553,AGT0032,Travel,2024-11-18,2025-02-04,323.42,66389.66,Annual,Renewed,1,2026-08-01
POL0008959,CUST001954,AGT0004,Home,2025-11-19,2026-11-15,1203.62,468875.58,Annual,Active,0,2026-08-01
POL0008960,CUST000595,AGT0021,Home,2025-05-01,2026-05-16,534.71,779641.98,Annual,Renewed,1,2026-08-01
POL0008961,CUST005176,AGT0037,Medical,2025-04-30,2026-04-28,1537.22,248091.94,Annual,Cancelled,0,2026-08-01
POL0008962,CUST005218,AGT0005,Life,2025-01-13,2025-12-13,3789.86,427170.8,Monthly,Cancelled,0,2026-08-01
POL0008963,CUST004088,AGT0072,Medical,2023-02-23,2024-02-16,1180.59,143586.06,Quarterly,Renewed,1,2026-08-01
POL0008964,CUST004522,AGT0050,Life,2023-03-30,2024-04-24,4763.84,1278592.48,Monthly,Cancelled,0,2026-08-01
POL0008965,CUST002441,AGT0016,Motor,2023-04-09,2024-03-06,941.83,59982.17,Quarterly,Renewed,1,2026-08-01
POL0008966,CUST003166,AGT0071,Medical,2023-12-21,2024-11-18,3195.45,290355.76,Annual,Expired,0,2026-08-01
POL0008967,CUST005962,AGT0020,Home,2024-09-21,2025-10-07,840.82,651995.94,Quarterly,Expired,0,2026-08-01
POL0008968,CUST000337,AGT0053,Life,2023-11-10,2024-10-12,3077.19,314887.17,Monthly,Expired,0,2026-08-01
POL0008969,CUST001065,AGT0079,Motor,2024-11-26,2025-12-24,2184.49,23138.97,Annual,Renewed,1,2026-08-01
POL0008970,CUST004952,AGT0030,Medical,2026-02-18,2027-02-18,2991.97,495154.35,Monthly,Active,0,2026-08-01
POL0008971,CUST000461,AGT0069,Medical,2026-06-09,2027-06-21,1812.96,416357.0,Monthly,Active,0,2026-08-01
POL0008972,CUST004661,AGT0074,Travel,2025-05-09,2025-06-22,365.91,143058.48,Quarterly,Expired,0,2026-08-01
POL0008973,CUST002209,AGT0044,Motor,2023-07-04,2024-07-27,1495.07,110636.15,Quarterly,Renewed,1,2026-08-01
POL0008974,CUST004246,AGT0053,Life,2025-08-31,2026-09-30,4268.4,413973.48,Monthly,Active,0,2026-08-01
POL0008975,CUST005892,AGT0015,Life,2025-11-21,2026-12-13,4950.15,830806.09,Monthly,Active,0,2026-08-01
POL0008976,CUST003446,AGT0068,Life,2025-10-22,2026-10-31,2976.65,1167232.13,Annual,Active,0,2026-08-01
POL0008977,CUST000145,AGT0018,Motor,2026-03-16,2027-03-04,1365.59,115670.22,Monthly,Active,0,2026-08-01
POL0008978,CUST003159,AGT0024,Travel,2023-01-06,2023-02-15,687.47,81705.23,Quarterly,Expired,0,2026-08-01
POL0008979,CUST000487,AGT0069,Travel,2024-05-08,2024-06-21,202.44,92629.94,Monthly,Renewed,1,2026-08-01
POL0008980,CUST005652,AGT0017,Medical,2025-02-10,2026-03-11,3747.94,150446.81,Quarterly,Expired,0,2026-08-01
POL0008981,CUST002049,AGT0055,Motor,2023-07-31,2024-07-25,2578.64,82116.35,Quarterly,Expired,0,2026-08-01
POL0008982,CUST005737,AGT0030,Life,2024-06-03,2025-05-01,5736.42,735025.33,Monthly,Expired,0,2026-08-01
POL0008983,CUST005925,AGT0029,Medical,2023-11-18,2024-10-19,2121.27,392205.9,Monthly,Cancelled,0,2026-08-01
POL0008984,CUST001924,AGT0074,Medical,2023-10-12,2024-10-12,1141.48,289997.61,Quarterly,Renewed,1,2026-08-01
POL0008985,CUST002061,AGT0003,Medical,2025-05-16,2026-04-13,2213.57,252005.1,Monthly,Expired,0,2026-08-01
POL0008986,CUST005219,AGT0060,Medical,2025-05-20,2026-05-30,1013.5,478758.26,Monthly,Renewed,1,2026-08-01
POL0008987,CUST004069,AGT0011,Travel,2023-04-02,2023-05-03,522.51,47299.1,Annual,Renewed,1,2026-08-01
POL0008988,CUST003017,AGT0065,Home,2025-06-11,2026-06-20,988.24,744004.75,Monthly,Renewed,1,2026-08-01
POL0008989,CUST005185,AGT0059,Life,2026-03-03,2027-03-02,4686.45,105862.28,Quarterly,Cancelled,0,2026-08-01
POL0008990,CUST001543,AGT0050,Motor,2023-02-22,2024-03-02,2224.29,82714.75,Quarterly,Renewed,1,2026-08-01
POL0008991,CUST004024,AGT0052,Medical,2025-09-15,2026-09-15,1972.7,137046.39,Annual,Active,0,2026-08-01
POL0008992,CUST002082,AGT0002,Motor,2025-07-07,2026-06-28,1470.0,96881.82,Monthly,Renewed,1,2026-08-01
POL0008993,CUST000539,AGT0029,Life,2025-11-04,2026-10-05,3874.69,789801.76,Annual,Active,0,2026-08-01
POL0008994,CUST002126,AGT0059,Life,2026-06-13,2027-06-17,5660.91,646627.16,Annual,Active,0,2026-08-01
POL0008995,CUST000892,AGT0048,Home,2025-08-25,2026-08-01,982.9,124794.26,Monthly,Active,0,2026-08-01
POL0008996,CUST005964,AGT0016,Medical,2024-04-14,2025-05-07,1886.55,154037.85,Annual,Renewed,1,2026-08-01
POL0008997,CUST001554,AGT0061,Motor,2023-06-18,2024-06-30,2412.59,61780.42,Annual,Renewed,1,2026-08-01
POL0008998,CUST005594,AGT0024,Life,2026-03-28,2027-04-24,1563.68,750195.92,Semi-Annual,Active,0,2026-08-01
POL0008999,CUST004776,AGT0052,Medical,2025-08-13,2026-08-13,3685.42,240586.01,Monthly,Active,0,2026-08-01
POL0009000,CUST002212,AGT0051,Motor,2024-08-06,2025-08-31,1349.91,52262.86,Annual,Renewed,1,2026-08-01
